tree
version=v4
num_class=1
num_tree_per_iteration=1
label_index=0
max_feature_idx=57
objective=binary sigmoid:1
feature_names=title_cov params_cov title_jacc filter_cov exact_phrase_title same_loc log_geo log_km log_reviews rating log_price phone_hidden message_forbidden log_title_len log_params_len log_desc_len microcat item_category category_match query_words query_has_filter query_seen query_hist_rows query_loc_type geo2_logp geo2_logp_item geo2_nloc geo2_km geo2_ntrans core_cov service_cov n_services n_prices list_price has_price experience where_online where_home where_visit no_visit n_keys vid_filter_match tip_filter_match tip_auto_filter_match n_filters e5_cosine c0_score c0_score_gap c0_rank c1_score c1_score_gap c1_rank c2_score c2_score_gap c2_rank c3_score c3_score_gap c3_rank
feature_infos=[0:1] [0:1] [0:1] [0:1] [0:1] [0:1] [-13.815510749816895:0] [0:15] [0:9.8142194747924805] [0:5] [0:25.214469909667969] [0:1] [0:1] [1.0986123085021973:4.6151204109191895] [2.397895336151123:9.7836904525756836] [0:9.0472326278686523] [0:2304173] [9:116] [0:1] [1:10] [0:1] [0:1] [0:8.408717155456543] [0:8] [-16.118095397949219:-0.01321124006062746] [-23.44291877746582:-1.216394305229187] [1:19543] [0:13489.85546875] [0:28009] [0:1] [0:1] [0:4.2484951019287109] [0:4.2626800537109375] [0:25.218669891357422] [0:1] [0:22.951681137084961] [0:1] [0:1] [0:1] [0:1] [0.69314718246459961:3.7135720252990723] [-1:1] [-1:1] [-1:1] [0:13] [0.67149919271469116:0.93754023313522339] [-100:42.912723541259766] [-162.36236572265625:0] [1:2001] [-100:47.767032623291016] [-157.96627807617188:0] [1:2001] [-100:0.92807191610336304] [-100.93865966796875:0] [1:2001] [-100:0.9375] [-100.947265625:0] [1:2001]
tree_sizes=3469 3500 3496 3504 3480 3510 3489 3508 3530 3523 3519 3525 3519 3531 3542 3515 3536 3520 3539 3531 3530 3541 3524 3553 3543 3541 3552 3530 3541 3562 3524 3553 3536 3560 3546 3544 3541 3543 3553 3565 3564 3570 3561 3573 3579 3535 3561 3545 3576 3583 3516 3538 3578 3580 3537 3557 3559 3581 3583 3572 3574 3570 3574 3577 3560 3580 3577 3589 3564 3552 3587 3540 3554 3554 3549 3563 3595 3597 3547 3590 3598 3570 3554 3563 3568 3566 3551 3573 3568 3579 3587 3581 3571 3592 3566 3541 3573 3548 3576 3574 3593 3589 3576 3590 3571 3578 3590 3574 3575 3582 3592 3585 3574 3618 3555 3600 3566 3579 3547 3562 3536 3562 3609 3575 3561 3557 3600 3564 3602 3590 3556 3573 3577 3570 3587 3589 3557 3575 3587 3587 3608 3573 3570 3536 3564 3611 3574 3584 3567 3516 3590 3581 3571 3574 3564 3578 3566 3558 3586 3578 3583 3553 3571 3548 3552 3607 3567 3591 3572 3561 3513 3567 3557 3598 3524 3582 3581 3535 3607 3557 3588 3590 3587 3543 3576 3602 3586 3532 3605 3496 3533 3552 3529 3563 3573 3552 3551 3581 3544 3543

Tree=0
num_leaves=31
num_cat=0
split_feature=51 53 53 51 41 25 25 51 51 50 51 41 53 53 50 49 53 51 25 50 27 49 57 46 50 41 47 42 25 50
split_gain=4.13971e+06 221987 169747 76169.8 69007.4 66117.6 65421.1 57812.6 43591.8 30210.3 25364.6 15975.4 13948.3 12399.8 12001.1 11910.9 10983.9 11403.3 10714.1 9853.22 8007.93 7731.84 6541.57 6494.01 5739.36 5710.06 5233.91 4810.72 4451.31 4389.99
threshold=16.500000000000004 -0.033686310052871697 -0.02392366528511047 33.500000000000007 -1.0000000180025095e-35 -12.236631870269774 -11.845333576202391 84.500000000000014 8.5000000000000018 -4.3811669349670401 8.5000000000000018 -1.0000000180025095e-35 -0.045021444559097283 -1.0000000180025095e-35 -1.0000000180025095e-35 4.8458251953125009 -0.037638455629348748 127.50000000000001 -12.611005306243895 -7.5366191864013663 36.399560928344734 3.6118586063385014 262.50000000000006 3.8917894363403325 -9.4020805358886701 -1.0000000180025095e-35 -5.4076528549194327 -1.0000000180025095e-35 -7.7946922779083243 -9.7833590507507306
decision_type=2 2 2 2 2 2 2 2 2 2 2 2 2 2 2 2 2 2 2 2 2 2 2 2 2 2 2 2 2 2
left_child=1 4 3 9 -1 -6 26 18 14 12 21 -11 -2 19 -8 -12 -5 -18 -4 -9 -14 -7 -20 -13 -17 -10 -3 -23 -21 -29
right_child=2 6 7 16 5 10 8 13 25 11 15 23 20 -15 -16 24 17 -19 22 28 -22 27 -24 -25 -26 -27 -28 29 -30 -31
leaf_value=-3.2322850584650835 -3.1822786637303007 -3.1282695477362905 -3.0983749332051951 -3.2764047474513904 -3.2454411840534125 -3.2683695338839489 -2.0030261106190244 -3.1758965694886481 -3.155832462433509 -3.2774876794057746 -3.1551439080725672 -3.1248816090567804 -2.7982853676581136 -2.3533424551349467 -1.8355812740408179 -2.9449088153123508 -3.0775474140741137 -3.2434270119973734 -2.4759847601184966 -2.9831022852991591 -3.2105793352032683 -3.1212786733446132 -2.7348293721750738 -2.5163082119773068 -2.467719221080801 -2.2826628298815712 -2.5917291364608941 -2.8977309583267958 -2.5456424262284889 -2.1584698596764778
leaf_weight=417.40607102960348 1734.3395468443632 149.29471963271499 132.96848889440298 248664.00970909372 291.14497271180153 19.937902558594942 3519.2793718092144 1426.4629515632987 23.918112326413393 116.75281941890717 103.15376948937774 60.735052570700645 571.2338083833456 62.983134243637323 2906.1796531118453 94.382566604763269 1562.4903060086071 6256.7423174381256 821.87646322324872 251.74826721474528 189.72333161532879 17.616113550961018 534.41686824336648 537.07034199312329 688.17089806124568 1153.5606115944684 84.137211997061968 30.293818734586239 98.768168285489082 1210.6471393331885
leaf_count=10972 44033 3638 3166 6732066 7723 541 15079 36051 590 3168 2563 1471 10547 588 3697 1971 36734 165702 10425 5474 4912 419 9250 7181 8616 10663 1192 586 1323 8487
internal_value=-3.22288 -2.16314 -3.26605 -3.27105 -2.57851 -2.46758 -2.01137 -2.8761 -1.98351 -3.00499 -2.36312 -2.69088 -3.09582 -3.08293 -1.92627 -2.59596 -3.27439 -3.21021 -2.6219 -3.11116 -2.90033 -2.20489 -2.57581 -2.57681 -2.52314 -2.30004 -2.92571 -2.18793 -2.85205 -2.17514
internal_weight=273731 10709.1 263022 259693 2872.75 2455.35 7836.37 3329.22 7602.94 3209.85 2164.2 714.558 2495.3 1839.96 6425.46 885.707 256483 7819.23 1489.26 1776.98 760.957 1278.49 1356.29 597.805 782.553 1177.48 233.432 1258.56 350.516 1240.94
internal_count=7148828 76737 7072091 7005814 41878 30906 34859 66277 30029 71312 23183 11820 59492 43436 18776 13150 6934502 202436 22841 42848 15459 10033 19675 8652 10587 11253 4830 9492 6797 9073
is_linear=0
shrinkage=1


Tree=1
num_leaves=31
num_cat=0
split_feature=51 54 41 6 50 51 53 53 54 27 27 49 53 50 54 6 53 50 50 41 54 8 47 26 49 49 6 6 26 49
split_gain=1.49637e+06 80331.1 37982.6 23853.4 19239.9 16741.4 12677.6 10259.9 7064.26 6203.55 5730.61 5400.78 4886.73 4375.11 4047.64 4120.15 3796.1 3894.37 3724.39 4208.9 3185.1 2928.98 2844.61 2737.53 2693.95 2544.07 2506.42 2418.87 2112.95 2090.66
threshold=25.500000000000004 27.500000000000004 -1.0000000180025095e-35 -4.6701767444610587 -9.4020805358886701 59.500000000000007 -0.039364784955978387 -0.060546636581420891 7.5000000000000009 79.180526733398452 87.841522216796889 7.2336952686309823 -0.027831792831420895 -5.45890188217163 7.5000000000000009 -7.4760391712188712 -0.043940216302871697 -9.7833590507507306 -7.1366455554962149 -1.0000000180025095e-35 27.500000000000004 4.9163179397583017 -8.3319778442382795 1148.0000000000002 6.2722833156585702 3.480473637580872 -1.4566280245780943 -0.04608530364930629 8319.5000000000018 3.2466089725494389
decision_type=2 2 2 2 2 2 2 2 2 2 2 2 2 2 2 2 2 2 2 2 2 2 2 2 2 2 2 2 2 2
left_child=2 4 12 9 10 6 18 11 23 -4 14 -5 -1 -10 -2 -16 -7 -18 -3 -20 -9 -17 -8 -6 -23 -22 -25 -24 -27 -21
right_child=1 5 3 7 8 16 22 20 13 -11 -12 -13 -14 -15 15 21 17 -19 19 29 25 24 27 26 -26 28 -28 -29 -30 -31
leaf_value=-0.022066334937225627 0.28388872428374201 -0.028358876599021789 0.39831312149304737 0.066820728433864052 0.58654569113708033 -0.054715590855954024 0.091243199718037904 0.39605783138376449 0.1376266383048913 0.022789035827392015 -0.034326414648121008 0.30298330348049241 0.24207073834272602 0.34297500858856633 0.82418817542815004 0.044533977729640163 -0.041145945213052065 0.028976018502948772 -0.056482059395567441 -0.054936857287277333 0.083599214623015269 0.077803993639659216 0.32565215350344523 -0.051716767721904575 0.50939120560165441 0.38445907253427114 0.39379316431071737 0.073045309568710082 0.30802874388741225 0.1874804909001947
leaf_weight=841.48750031366944 429.58201117813587 3445.5182586945593 157.53847765550017 418.45809610560536 266.32340317219496 226505.63309147954 417.73187133669853 22502.33374061808 735.67162841930985 737.97717845439911 870.60125133767724 998.64963058382273 277.86663427203894 558.27827906608582 17.787477381527424 1146.6004001796246 9918.2643225565553 3154.3937968760729 441.31669082120061 123.84911116957664 113.21503331512213 94.830263573676348 558.73386862874031 40.661670807749033 79.802018616348505 2759.3272612988949 432.79322526603937 148.24828150123358 2115.2051715292037 727.47189815714955
leaf_count=21218 5964 94450 965 7637 1174 6449969 8349 36587 13263 17472 22911 7807 1470 5543 114 27198 273180 78921 12374 3433 2079 2275 7260 876 770 12005 3475 2756 12749 14640
internal_value=-0.00187672 -0.0465028 0.359032 0.370844 0.179279 -0.050805 0.0409911 0.379505 0.306225 0.0906957 0.0810633 0.233727 0.0442875 0.227204 0.137801 0.0900516 -0.0530522 -0.0242211 0.00151459 0.0809446 0.386976 0.077098 0.206554 0.441987 0.283716 0.345649 0.355391 0.273568 0.351643 0.152099
internal_weight=281036 250114 30922.1 29802.7 4672.93 245441 5862.87 28907.2 2033.73 895.516 2639.2 1417.11 1119.35 1293.95 1768.6 1339.02 239578 13072.7 4738.16 1292.64 27490.1 1321.23 1124.71 739.778 174.632 4987.75 473.455 706.982 4874.53 851.321
internal_count=7148884 7028895 119989 97301 83563 6945332 143262 78864 24331 18437 59232 15444 22688 18806 36321 30357 6802070 352101 124897 30447 63420 30243 18365 5525 3045 26833 4351 10016 24754 18073
is_linear=0
shrinkage=0.055


Tree=2
num_leaves=31
num_cat=0
split_feature=51 54 50 41 53 49 25 25 50 54 53 53 51 57 25 8 51 51 42 48 25 41 51 25 28 15 31 6 25 23
split_gain=1.06177e+06 46755.7 29929.2 12046.8 9543.86 9021.47 8672.86 6962.13 6722.09 6451.41 4687.07 4405.42 4396.34 4222.83 4202.82 2873 2725.51 2533.44 2221.16 2178.93 2140.32 2112.5 1943.85 1824.52 3502.35 2028.43 2216.21 1811.51 2025.04 1706.19
threshold=33.500000000000007 27.500000000000004 -7.1366455554962149 -1.0000000180025095e-35 -0.057616114616394036 8.9140625000000018 -12.432396888732908 -11.845333576202391 -9.6054368019103986 7.5000000000000009 -0.043940216302871697 -0.027831792831420895 228.50000000000003 413.50000000000006 -10.405081272125242 1.7005987167358401 127.50000000000001 68.500000000000014 -1.0000000180025095e-35 17.500000000000004 -6.4721848964691153 -1.0000000180025095e-35 25.500000000000004 -11.234835624694822 3275.5000000000005 7.7215702533721933 2.5249279737472539 -12.073047161102293 -13.315961360931395 2.5000000000000004
decision_type=2 2 2 2 2 2 2 2 2 2 2 2 2 2 2 2 2 2 2 2 2 2 2 2 2 2 2 2 2 2
left_child=2 6 4 11 -1 10 -2 -6 -7 -8 -3 -4 19 -9 27 -10 21 -11 -16 -12 -19 -17 -15 -23 -25 26 -26 -5 -29 -21
right_child=1 5 3 14 7 8 9 13 15 17 12 -13 -14 22 18 16 -18 20 -20 29 -22 23 -24 24 25 -27 -28 28 -30 -31
leaf_value=0.013554411437855358 -0.025279359990636806 -0.054456010778705391 -0.027449100517556686 0.55092851433004586 -0.0033297164714616414 -0.029710956329943135 0.26121836563728335 0.2693434145919974 -0.0494571213085215 0.18886033523127438 0.39228533276951366 0.21891887747519656 -0.037719960355786078 0.16763385014407156 0.12915220887136988 -0.054083550849306258 -0.013006426715369127 0.050734208113488402 0.27733914629891149 -0.0074442845029029023 0.28819317883696549 0.036710852139752316 -0.0047043732151151414 0.6640831077461834 0.086505986876611374 0.34274679212585968 0.38209759455024095 0.030373856847947293 0.19881384568594315 0.077305846939851097
leaf_weight=1605.7733206264675 929.89660426974297 216246.77998399362 555.37104695290327 33.427869714796543 547.82399921864271 1938.0184719823301 1297.5935257598758 1614.6038017310202 234.79124888777733 799.97614966332912 46.912958424538374 357.06899579614401 9900.977689139545 991.67271826043725 321.33295813575387 89.775381073355675 225.97551961988211 1501.9948349185288 34990.537295889109 1521.1112377941608 119.78738849237561 137.90829211100936 246.72345523163676 54.852440811693668 374.45837212726474 259.34467734768987 93.152526080608368 277.67363957315683 998.30877210572362 1355.6156105995178
leaf_count=35523 24040 6475736 14566 370 12979 55870 9683 7104 5948 9152 555 1326 280640 8920 2107 2596 6248 31879 59362 38094 1946 3138 4710 609 7870 4142 1287 5472 5929 30695
internal_value=-0.00237201 -0.0477637 0.250627 0.267481 0.124135 -0.0512183 0.124848 0.176251 0.0375614 0.162366 -0.05254 0.0696308 -0.020224 0.210679 0.2724 0.126037 0.159453 0.108971 0.276009 0.0389899 0.0691052 0.197932 0.133418 0.222691 0.255055 0.219867 0.14881 0.174397 0.16242 0.0325578
internal_weight=279669 237129 42540.3 37533.7 5006.6 232480 4649.25 3400.82 3408.28 3719.35 229071 912.44 12824.6 2853 36621.3 1470.26 1235.47 2421.76 35311.9 2923.64 1621.78 1009.49 1238.4 919.716 781.808 726.956 467.611 1309.41 1275.98 2876.73
internal_count=7148496 6990128 158368 89132 69236 6913428 76700 33713 87708 52660 6825720 15892 349984 20734 73240 31838 25890 42977 61469 69344 33825 19642 13630 17046 13908 13299 9157 11771 11401 68789
is_linear=0
shrinkage=0.055


Tree=3
num_leaves=31
num_cat=0
split_feature=51 54 53 25 41 47 54 50 50 26 48 8 51 26 41 27 46 57 41 50 49 42 42 25 9 22 47 9 3 26
split_gain=830000 34147 28637 13662.4 6259.33 6236.59 6186.4 5979.56 5658.54 5421.39 3684.6 4427.86 2746.85 2515.06 2505.96 2503.9 2343.31 2272.04 1813.27 1811.21 1885.28 1717.65 1716.15 1868.14 1675.91 1662.76 1545 1432.87 1421.67 1421.38
threshold=42.500000000000007 27.500000000000004 -0.060546636581420891 -13.315961360931395 -1.0000000180025095e-35 -4.3433227539062491 86.500000000000014 -9.2042102813720685 -9.7833590507507306 219.50000000000003 8.5000000000000018 3.0677825212478642 8.5000000000000018 4076.5000000000005 -1.0000000180025095e-35 87.841522216796889 11.787520408630373 11.500000000000002 -1.0000000180025095e-35 -4.3811669349670401 4.8458251953125009 -1.0000000180025095e-35 1.0000000180025095e-35 -10.575509071350096 4.9573214054107675 0.89587974548339855 -2.5976817607879634 4.7728502750396737 0.97368422150611889 334.50000000000006
decision_type=2 2 2 2 2 2 2 2 2 2 2 2 2 2 2 2 2 2 2 2 2 2 2 2 2 2 2 2 2 2
left_child=2 7 5 26 12 16 8 15 -3 24 -6 29 -5 18 -7 17 28 -2 -9 -8 -21 -13 -11 -24 -10 -25 -4 -20 -1 -12
right_child=1 6 3 4 10 14 19 13 9 22 11 21 -14 -15 -16 -17 -18 -19 27 20 -22 -23 23 25 -26 -27 -28 -29 -30 -31
leaf_value=-0.018072890828076719 0.32210398259596185 -0.030067426482712451 -0.019817463516194903 0.16874528492696447 0.22412808122713829 -0.018266606175129135 -0.054135253861163413 -0.018302299921990148 0.078532130662965605 0.029510542633358571 0.25241804191995265 -0.023467258506217999 -0.023395502255952019 0.096808369392579585 0.21013448326086417 -0.035266793368476858 0.15291716447494441 0.067227869668617726 0.11019618759256282 -0.033998520033256194 0.086227884465989266 0.21690168874561161 -0.054668307982916782 0.080975617371930875 0.66777349651860229 0.34272561714961514 0.2845916905481623 0.28229520739621955 0.075768133096565243 0.14199439877705169
leaf_weight=2215.7182685919106 107.74356352910399 6814.9612246975303 876.55487161502242 418.12095759436488 32175.740734424442 172.68462127447128 209367.65849124268 81.13152663782239 21.281088653951883 1473.8643558770418 385.42502654716372 89.948612820357084 478.5922204554081 709.58263848721981 886.93031855672598 761.4962657392025 347.5839303098619 1859.631930232048 188.72069523483515 1446.7363333441317 536.79936665296555 8538.2775173038244 93.014845363795757 139.21964554861188 54.537592712789774 160.34218995645642 48.496626894921064 820.83054986968637 621.03322974219918 4942.1310023963451
leaf_count=50985 592 202945 20988 2312 26105 4957 6575342 1164 423 33652 1724 1157 10536 7912 3943 21035 3710 33289 1782 44023 12754 34727 2290 2503 584 2192 325 5133 11252 28673
internal_value=-0.00277884 -0.0486861 0.194775 0.206894 0.211011 0.0577541 -0.0517628 0.100728 -0.00646047 0.0762356 0.21381 0.189949 0.0666351 0.178409 0.173001 0.0492483 0.0191936 0.0819673 0.230814 -0.0536397 -0.00132694 0.214384 0.056977 0.158427 0.517474 0.224405 -0.00241437 0.250825 0.00256834 0.150212
internal_weight=276835 224638 52197.2 47953.3 47028.2 4243.95 220108 4529.14 8757.22 1942.26 46131.5 13955.8 896.713 1800.27 1059.61 2728.87 3184.34 1967.38 1090.68 211351 1983.54 8628.23 1866.44 392.577 75.8187 299.562 925.051 1009.55 2836.75 5327.56
internal_count=7149009 6947615 201394 126547 105234 74847 6876708 70907 244589 41644 92386 66281 12848 15991 8900 54916 65947 33881 8079 6632119 56777 35884 40637 6985 1007 4695 21313 6915 62237 30397
is_linear=0
shrinkage=0.055


Tree=4
num_leaves=31
num_cat=0
split_feature=51 53 53 41 54 50 48 51 53 46 27 9 48 28 41 23 26 49 8 50 26 26 7 6 57 57 50 27 6 15
split_gain=686866 31518.3 20313.6 9370.12 7361.13 5299.83 4593.65 4555.17 4136.19 4387.17 3531.68 2582.2 2312.25 2174.24 2151.08 1984.6 1851.35 1823.86 1758.4 1727.93 2193.9 1650.26 3125.52 1883.05 1556.03 1505.67 1501.95 1630.34 1338.03 1316.25
threshold=42.500000000000007 -0.03105869889259338 -0.04761987924575805 -1.0000000180025095e-35 14.500000000000002 -8.562098026275633 8.5000000000000018 136.50000000000003 -0.048724085092544549 7.6884434223175058 65.529228210449233 4.4013888835906991 219.50000000000003 6668.0000000000009 -1.0000000180025095e-35 4.5000000000000009 4076.5000000000005 13.28848457336426 4.610145330429078 -9.7833590507507306 155.50000000000003 46.500000000000007 3.9563271999359135 -7.7166702747344962 3.5000000000000004 343.50000000000006 -6.1361060142517081 93.603496551513686 -3.2532060146331783 8.4662156105041522
decision_type=2 2 2 2 2 2 2 2 2 2 2 2 2 2 2 2 2 2 2 2 2 2 2 2 2 2 2 2 2 2
left_child=2 8 3 -1 16 13 -4 12 -2 19 11 -8 -6 -5 28 24 26 -7 -15 21 -21 22 23 -10 -12 -20 27 -3 -13 -11
right_child=1 4 6 5 7 17 10 -9 9 29 15 14 -14 18 -16 -17 -18 -19 25 20 -22 -23 -24 -25 -26 -27 -28 -29 -30 -31
leaf_value=-0.051890550800439278 -0.054328143100948099 0.16435714338417851 0.18743439086992505 -0.013599751642043799 0.074387036611831131 0.11434477266918666 0.067890373495129205 -0.012803668030976855 0.93988938532785271 0.075502753923661278 0.24600421870960684 0.42684206103288747 0.26434259951780803 0.046563356481556822 0.16726128879727795 0.16115770325491952 0.079679852844880508 0.18712516468997575 0.51074245499055415 0.29785376383413359 -0.0032953779538566494 -0.043971627051974854 -0.00085124165475328694 0.10929747235860102 -0.035924461124831664 0.1502707640062205 0.25753250396994282 -0.055433736400176924 -0.030926877039727539 0.34914136797452167
leaf_weight=1320.4500082973391 191397.09267728776 929.70944768562913 35887.029427306727 1226.0256616510451 1267.2758869342506 3212.8289322778583 910.99075140245259 3114.121646091342 15.14607164822519 827.17772296443582 60.898476295173168 15.983216393738983 225.76670881360769 342.76376461237669 12927.981662813574 309.89874037727714 900.38779287412763 1574.9206366874278 47.537806250154972 69.932376397773623 3121.549792824313 12036.631148716435 117.89158726111054 16.524168098345399 579.62251319363713 127.01441188156605 506.66117836534977 112.17805716395378 238.09143096022308 52.470714969560504
leaf_count=37683 6335290 7798 26939 28048 18185 25786 5676 82656 102 18686 900 111 2965 6575 44052 2463 10594 5009 137 1012 84952 378032 3634 399 12272 1634 1126 2757 4409 856
internal_value=-0.00257431 -0.0481808 0.164 0.081579 0.0661012 0.108583 0.176697 0.0250872 -0.0520656 -0.0254204 0.15103 0.157952 0.103897 0.0263808 0.164148 0.0481018 0.143052 0.138456 0.120357 -0.032263 0.00375905 -0.0416946 0.137052 0.580515 -0.00742183 0.259931 0.179524 0.140541 0.0055523 0.0937063
internal_weight=273493 214711 58782 7851.54 7056.1 6531.09 50930.5 4607.16 207654 16257.3 15043.5 14093 1493.04 1743.34 13182.1 950.42 2448.94 4787.75 517.316 15377.7 3191.48 12186.2 149.562 31.6702 640.521 174.552 1548.55 1041.89 254.075 879.648
internal_count=7150738 6949044 201694 104872 126081 67189 96822 103806 6822963 487673 69883 54248 21150 36394 48572 15635 22275 30795 8346 468131 85964 382167 4135 501 13172 1771 11681 10555 4520 19542
is_linear=0
shrinkage=0.055


Tree=5
num_leaves=31
num_cat=0
split_feature=51 54 54 25 50 53 51 25 41 48 41 54 50 42 9 25 42 41 25 49 50 57 57 1 50 16 1 25 52 50
split_gain=583361 27974.3 15693.8 8496.22 5050.04 4695.59 5452.91 4666.27 3119.78 3051.01 3034.97 2995.85 2174.57 1600.37 1521.38 1501.72 1974.78 1424.96 1510.41 1353.52 2291.19 1334.74 1316.41 1508.37 1274.35 1251.13 1298.82 1254.76 1255.77 1206.35
threshold=42.500000000000007 40.500000000000007 180.50000000000003 -13.315961360931395 -7.1366455554962149 -0.048724085092544549 127.50000000000001 -12.432396888732908 -1.0000000180025095e-35 8.5000000000000018 -1.0000000180025095e-35 7.5000000000000009 -13.487413883209227 -1.0000000180025095e-35 4.6205301284790048 -12.798509597778319 1.0000000180025095e-35 -1.0000000180025095e-35 -6.4721848964691153 13.28848457336426 -6.7188162803649893 413.50000000000006 362.50000000000006 0.23611111193895343 -2.6792641878128047 1178214.5000000002 0.61250001192092907 -9.4656548500061017 0.86918920278549205 -6.1361060142517081
decision_type=2 2 2 2 2 2 2 2 2 2 2 2 2 2 2 2 2 2 2 2 2 2 2 2 2 2 2 2 2 2
left_child=2 7 3 -1 -4 19 15 -2 -6 -5 -11 -9 -13 -12 29 -7 21 -14 22 -3 -21 -17 23 -19 -23 -18 27 28 -27 -15
right_child=1 5 4 9 8 6 -8 11 -10 10 13 12 17 14 -16 16 25 18 -20 20 -22 24 -24 -25 -26 26 -28 -29 -30 -31
leaf_value=-0.0092663337777687572 -0.027005780222349847 -0.054438044252370414 -0.010901070719423134 0.16227862685366548 -0.036055391305908562 -0.048235069558046129 -0.037155606660305526 0.14474156760887785 0.11343448974223372 -0.022497874400548547 -0.025180365074181213 0.00050357668918338803 -0.043129734387336686 0.010595531915993292 0.14489156020345736 0.16215394820926568 0.1011931649396748 0.20498465936721796 0.24680212404218571 -0.016173048470954684 0.34955692685268114 0.0024571492791664895 0.041635454622067657 0.072069857841717502 0.16536288286747863 0.52666335342050141 0.020199005695498394 -0.044422889465182309 -0.042613468607584436 0.11779319109348044
leaf_weight=981.83149061910808 1473.6223024316132 180905.65586277097 2114.2481977753341 39800.502557514235 480.15923309698701 396.10002260282636 14261.088616661727 1662.2528765536845 3378.2521632090211 363.70954354666173 178.90638918429613 1364.5609108991921 230.04430340975523 445.10469844564795 15144.254879835993 228.23412996344268 316.71497337147593 449.46423135884106 189.7272900082171 245.76353993825614 60.526233036071062 1315.9390920754522 1043.6000474039465 618.9369096364826 158.30464820005 85.770798876881599 40.419181857258081 16.854606460779905 12.638669991865752 1112.4967919066548
leaf_count=22061 41109 6306147 48940 27483 14354 11267 456005 8747 18577 7450 1972 33635 4808 4431 52309 3763 5263 4604 2094 7979 975 31222 17232 7687 2388 906 685 425 208 4023
internal_value=-0.00259208 -0.0478326 0.142367 0.151105 0.0574109 -0.0516607 -0.0238632 0.0599364 0.0948087 0.153866 0.134409 0.082989 0.0564924 0.137795 0.139548 0.0497982 0.0677222 0.0866084 0.0996404 -0.054242 0.060553 0.0398659 0.0858687 0.12868 0.0204498 0.166645 0.292505 0.383183 0.455026 0.087292
internal_weight=269076 205076 63999.5 58026.8 5972.66 198044 16832.1 7032.21 3858.41 57045 17244.5 5558.59 3896.33 16880.8 16701.9 2570.98 2174.88 2531.77 2301.73 181212 306.29 1702.48 2112 1068.4 1474.24 472.398 155.683 115.264 98.4095 1557.6
internal_count=7148749 6947149 201600 119729 81871 6827233 512132 119916 32931 97668 70185 78807 70060 62735 60763 56127 44860 36425 31617 6315101 8954 37373 29523 12291 33610 7487 2224 1539 1114 8454
is_linear=0
shrinkage=0.055


Tree=6
num_leaves=31
num_cat=0
split_feature=51 53 50 50 25 41 54 54 51 3 26 50 49 55 25 51 3 25 55 25 49 47 49 6 10 54 33 57 31 25
split_gain=504740 26507.4 13457.1 6190.63 5821.9 5913.64 2865.55 2857.06 2710.97 2959.74 3021.35 2939.78 2509.57 2055.77 1999.07 1635.99 1623.7 1609.21 1581.5 2054.18 2829.96 1528.18 1366.17 1236.84 1206.4 1179.45 1319.18 1152.62 1001.29 975.722
threshold=42.500000000000007 -0.035749942064285271 -5.45890188217163 -13.487413883209227 -12.236631870269774 -1.0000000180025095e-35 139.50000000000003 14.500000000000002 127.50000000000001 0.88194444775581371 174.50000000000003 -7.5366191864013663 8.9140625000000018 0.84399414062500011 -7.1768500804901114 8.5000000000000018 0.97368422150611889 -8.6950330734252912 0.84008789062500011 -13.083847999572752 1.3868551850318911 -24.61296463012695 6.2722833156585702 -0.036652201786637299 6.2176032066345224 107.50000000000001 0.89587974548339855 18.500000000000004 3.113268375396729 -9.9694399833679181
decision_type=2 2 2 2 2 2 2 2 2 2 2 2 2 2 2 2 2 2 2 2 2 2 2 2 2 2 2 2 2 2
left_child=2 8 4 14 -1 -6 17 29 9 -2 21 -12 13 -7 -3 -8 -17 27 22 -20 25 -11 -9 -16 -24 26 -21 -4 -13 -5
right_child=1 3 6 7 5 12 15 18 -10 10 11 28 -14 -15 23 16 -18 -19 19 20 -22 -23 24 -25 -26 -27 -28 -29 -30 -31
leaf_value=-0.028245798723415528 -0.041650283647659422 -0.028945177075857479 0.14843806563691303 0.06130310033482881 -0.033709917876267557 0.048259819725627581 0.12908364951937693 -0.0050932538166592141 -0.053745838702337477 -0.049129137946524737 -0.019984803871837344 0.10317724429895639 0.12643370267579912 0.12982848739441963 0.28937772811281692 0.012272624247622849 0.1113994378663456 0.14786559650411851 -0.019506083464234339 0.40129412841471357 0.092335276702969302 0.37458884536197817 0.16818174048299733 0.031981631533992812 0.03194471953740248 0.62229021170868981 0.013164293797603465 0.11616051477788107 0.40637557737952412 0.14104992126210475
leaf_weight=1454.5895918551832 8328.2644805237651 3588.4794202242047 5035.7593376971781 661.83542485907674 1079.0412907786667 3310.1636104751378 1884.3024404980242 2065.124723078683 174438.73689961806 32.494964515790343 1973.746398979798 509.53491771779954 5569.8046051934361 1304.0766357369721 90.209354039281607 1096.3579213283956 915.91183333285153 36052.238258644938 393.89183531329036 60.008101081475616 991.45445938408375 102.05327314697206 286.2183100041002 142.33608531579375 615.15205706097186 34.22269838117063 45.296491643413901 10665.511366948485 31.153158621862531 1647.4373504966497
leaf_count=34703 288598 100940 3777 6892 28362 36050 5499 49659 6372050 1152 65222 11724 21406 3881 878 14303 4396 25780 10068 445 12729 1178 3717 2756 10523 328 960 23177 423 7685
internal_value=-0.00236005 -0.0472366 0.126313 0.0372491 0.0752214 0.0885905 0.137981 0.0687054 -0.0520772 -0.0255493 0.0250544 0.011207 0.101559 0.0714283 -0.0187532 0.0922663 0.0575558 0.141414 0.0430634 0.0884939 0.126028 0.274162 0.0196011 0.13582 0.0758941 0.353964 0.242506 0.126557 0.12421 0.118376
internal_weight=264405 196038 68367.8 10621.7 12717.7 11263.1 55650.1 6800.64 185416 10977.2 2648.98 2514.43 10184 4614.24 3821.02 3896.57 2012.27 51753.5 4491.37 1524.87 1130.98 134.548 2966.5 232.545 901.37 139.527 105.305 15701.3 540.688 2309.27
internal_count=7149261 6947927 201334 207580 124402 89699 76932 103006 6740347 368297 79699 77369 61337 39931 104574 24198 18699 52734 88429 24530 14462 2330 63899 3634 14240 1733 1405 26954 12147 14577
is_linear=0
shrinkage=0.055


Tree=7
num_leaves=31
num_cat=0
split_feature=51 53 50 41 25 54 49 50 50 54 8 53 41 41 57 26 27 57 54 26 49 53 50 51 50 3 53 51 3 13
split_gain=439590 24885.9 10596.4 4662.28 4909.73 4398.85 3645.53 3284.15 3234.74 3060.12 2321.67 1913.08 1788.97 1623.55 1618.13 1543.87 2152.9 2456.48 1525.51 1267.05 1201.27 1393.91 1174.31 1147.15 1129.22 1400.57 1047.12 1018.38 1036.41 982.238
threshold=42.500000000000007 -0.033686310052871697 -5.45890188217163 -1.0000000180025095e-35 -13.083847999572752 7.5000000000000009 7.2336952686309823 -14.16268730163574 -6.1361060142517081 27.500000000000004 3.113268375396729 -0.048724085092544549 -1.0000000180025095e-35 -1.0000000180025095e-35 100.50000000000001 219.50000000000003 60.404479980468757 33.500000000000007 253.50000000000003 1033.5000000000002 4.5746545791625985 -0.041014283895492547 -4.3811669349670401 127.50000000000001 -13.33339738845825 0.97368422150611889 -0.056640416383743279 8.5000000000000018 0.78019323945045482 2.9174053668975835
decision_type=2 2 2 2 2 2 2 2 2 2 2 2 2 2 2 2 2 2 2 2 2 2 2 2 2 2 2 2 2 2
left_child=2 6 3 -1 -5 -3 11 -7 -8 -4 14 -2 -11 -9 -6 16 17 -13 26 -15 21 -12 -17 -21 -19 -26 -10 -14 -29 -30
right_child=1 5 9 4 10 7 8 13 18 12 20 15 27 19 -16 22 -18 24 -20 23 -22 -23 -24 -25 25 -27 -28 28 29 -31
leaf_value=-0.035504569243324569 -0.054228111674734604 0.11233227433622799 0.12985863091647468 -0.030714960990295054 0.11499786045481669 -0.031272458661767304 -0.022177600419665926 -0.050398525468033653 0.41312356517982746 0.00062643820397785045 -0.031735521566139999 0.59096700069769048 0.1181646865305699 0.12371393032612857 0.039557439555111477 -0.038936423735007553 -0.04523194206403628 -0.053880023461102364 0.017180735655174459 0.071921714987984484 0.11914939263397462 0.11539318590827237 0.068423368712301855 0.010282783407227342 0.022651716603356398 0.34839394780063304 0.14246783273979319 0.056531990888377091 -0.041291192067650612 0.11151303817903381
leaf_weight=1175.1553657017648 161074.78865241632 2028.0174550991505 45921.807158831507 1117.6690337583423 1162.7762981858104 2434.9157112371176 3999.9527349676937 465.37468821182847 48.028499286621809 533.61472432874143 366.81223585829139 31.009135115891695 6609.5863209068775 720.91188833117485 3303.8442217968404 11423.259567787871 304.19908007606864 88.969487577676773 307.91247184947133 2016.6676801033318 5886.8162017688155 406.26194863393903 312.33086888305843 1669.525600714609 79.87041088193655 76.36003446392715 315.65880855359137 2210.7927534785122 130.14911276474595 3169.7525554448366
leaf_count=32137 6214582 10191 32547 28557 2981 72531 135791 11087 476 11955 6938 238 8877 9334 28301 394892 10458 2978 8065 22212 24119 1633 8089 39140 1711 587 4575 11951 883 11026
internal_value=-0.00236998 -0.0467489 0.11314 0.0690135 0.0790552 0.0407681 -0.0513383 0.0208437 -0.00338995 0.123243 0.0900906 -0.05263 0.0991917 0.046893 0.0593031 -0.0317152 0.0555156 0.165304 0.107844 0.0572121 0.110679 0.0458275 -0.0360512 0.0440564 0.100738 0.18773 0.183328 0.103529 0.0858838 0.105433
internal_weight=259393 187398 71995 13419.3 12244.2 9335.41 178062 7307.4 4671.55 58575.7 11126.5 173391 12653.9 4872.48 4466.62 12316 580.408 276.209 671.6 4407.11 6659.89 773.074 11735.6 3686.19 245.2 156.23 363.687 12120.3 5510.69 3299.9
internal_count=7148842 6946937 201905 124666 92529 164495 6782442 154304 148907 77239 63972 6633535 44692 81773 31282 418953 15972 5514 13116 70686 32690 8571 402981 61352 5276 2298 5051 32737 23860 11909
is_linear=0
shrinkage=0.055


Tree=8
num_leaves=31
num_cat=0
split_feature=51 53 50 53 48 50 41 25 53 51 55 26 49 7 57 49 42 42 8 26 26 27 26 26 46 50 7 50 55 25
split_gain=381449 18177.1 15978 5420 3655.63 3286.91 3263.2 3082.83 2685.25 2026.48 1874.69 1722.96 1632.94 1473.27 1459.77 1451.09 1390.69 1284.27 1227.11 1316.42 1197.66 1634.88 1178.53 1137.26 1771.07 1215.04 1142.63 1109.27 1207.86 1105.39
threshold=59.500000000000007 -0.033686310052871697 -6.1361060142517081 -0.057616114616394036 8.5000000000000018 -18.866843223571774 -1.0000000180025095e-35 -12.798509597778319 -0.051756858825683587 170.50000000000003 0.83715820312500011 356.50000000000006 6.7131190299987802 2.6572058200836186 319.50000000000006 6.2722833156585702 -1.0000000180025095e-35 1.0000000180025095e-35 3.9981586933135991 8319.5000000000018 46.500000000000007 70.16290664672853 4076.5000000000005 779.50000000000011 0.47750996053218847 -4.3811669349670401 2.5825104713439946 -7.1366455554962149 0.85620117187500011 -13.083847999572752
decision_type=2 2 2 2 2 2 2 2 2 2 2 2 2 2 2 2 2 2 2 2 2 2 2 2 2 2 2 2 2 2
left_child=2 8 3 12 -4 -3 -6 -5 -2 23 15 -7 -1 14 -13 -9 -8 -16 19 -18 21 -11 27 24 -10 -25 -27 -15 -29 -14
right_child=1 5 4 7 6 11 16 10 9 20 -12 13 29 22 17 -17 18 -19 -20 -21 -22 -23 -24 25 -26 26 -28 28 -30 -31
leaf_value=-0.038047164126123696 -0.054014250264266442 -0.029405623771701802 0.11887364778233604 -0.028496652306085925 -0.035947941111067326 0.15105347219877632 -0.046486269850362305 0.0055130029947793001 -0.0030828189905731619 0.29947279173645824 0.10037065383285272 0.11400722417038051 -0.056197954698748186 0.016484206310229746 0.016075498044176507 0.073405873722561257 0.099599458944878691 0.1163068211665811 0.11328224772120248 0.060043345783407621 -0.040918677139101016 -0.027833244258998135 -0.023711994980004019 -0.015858345344511679 0.22214695512770993 0.20615162970267156 -0.054527411064765691 0.0133568409118155 0.23601561633350018 0.053105860210299359
leaf_weight=2317.8055107519031 151284.1312642917 2004.7473061364144 44845.676026254892 918.38610471226275 601.29170409590006 480.56102358922362 207.82993129082024 1447.0619102530181 239.8744137249887 69.365430258214474 4871.0094048362225 1227.5325577948242 343.0218209438026 696.10158382728696 1693.4579624049366 2785.0468852706254 6382.4437557347119 496.96764032915235 7210.5318206194788 4287.9716750886291 13187.487076202407 119.74452981539071 1359.9954802859575 1962.9639490991831 183.49492178112268 145.84862527623773 74.089108116924763 127.84472516924143 171.06754918396473 1435.5704406648874
leaf_count=70073 6140612 59122 28651 24441 16519 3376 2269 19596 6357 1007 15795 7633 10392 14538 32912 18201 18171 5935 17819 18178 491319 4465 28323 59986 3132 2360 1599 1732 921 23221
internal_value=-0.00291264 -0.0478158 0.0985813 0.0456333 0.110342 0.031824 0.0898447 0.0674119 -0.0517486 -0.0302933 0.0770982 0.0514607 -0.00766362 0.0430468 0.0660842 0.0502255 0.094035 0.0390293 0.0956808 0.0837392 -0.0389356 0.096844 0.00954209 0.0140526 0.0959888 -0.00202179 0.119078 0.0548854 0.142571 0.0319269
internal_weight=253179 175525 77653.6 14117.9 63535.7 8258.28 18690.1 10021.5 167267 15982.9 9103.12 6253.53 4096.4 5772.97 3417.96 4232.11 18088.8 2190.43 17880.9 10670.4 13376.6 189.11 2355.01 2606.27 423.369 2182.9 219.938 995.014 298.912 1778.59
internal_count=7148655 6865329 283326 181719 101607 154492 72956 78033 6710837 570225 53592 95370 103686 91994 46480 37797 56437 38847 54168 36349 496791 5472 45514 73434 9489 63945 3959 17191 2653 33613
is_linear=0
shrinkage=0.055


Tree=9
num_leaves=31
num_cat=0
split_feature=48 54 54 50 50 3 48 49 27 57 41 25 8 49 42 25 25 50 26 23 41 56 16 52 25 49 29 29 26 49
split_gain=321162 27340.3 12578 7826.02 6103.17 6699.99 4967.44 3794.27 2074.55 4109.44 2035.9 2172.34 1782.84 1767.98 1526.42 1571.55 1342.66 1292.1 1079.37 1632.53 1074.12 1024.18 1021.84 1014.23 1175.74 990.633 986.965 982.974 973.147 944.539
threshold=51.500000000000007 86.500000000000014 225.50000000000003 -10.322669506072996 -7.1366455554962149 0.86607143282890331 8.5000000000000018 7.2336952686309823 102.69549942016603 33.500000000000007 -1.0000000180025095e-35 -12.798509597778319 3.113268375396729 7.2336952686309823 -1.0000000180025095e-35 -9.6511645317077619 -5.7882626056671134 -8.7809662818908674 2136.5000000000005 2.5000000000000004 1.0000000180025095e-35 -100.86303710937499 759.50000000000011 0.81779158115386974 -6.6345360279083243 6.7131190299987802 0.18333333730697635 1.0000000180025095e-35 779.50000000000011 4.3431277275085458
decision_type=2 2 2 2 2 2 2 2 2 2 2 2 2 2 2 2 2 2 2 2 2 2 2 2 2 2 2 2 2 2
left_child=2 3 6 8 -3 13 -1 -4 9 -2 -8 -12 23 -6 -5 28 22 -9 19 -7 21 29 -11 -13 -25 -24 -21 -27 -16 -17
right_child=1 4 7 14 5 18 10 17 -10 16 11 12 -14 -15 15 20 -18 -19 -20 26 -22 -23 25 24 -26 27 -28 -29 -30 -31
leaf_value=0.1091098526297504 0.18075333743849181 -0.053036239358950542 -0.027630755181290035 -0.058795123613900005 -0.042940966036209532 0.09379460235073489 -0.027954055584600391 -0.026419593109150215 -0.044868259304784365 0.16010022005489782 -0.021275984382090295 -0.0078842215212941054 0.095877969965121934 0.044271197473384545 0.13321900019880856 -0.036474986578284276 0.17297952278594464 0.07429321421551012 0.074069877303924211 0.57832325841636678 0.12140404746008271 0.10681842732842639 -0.021913825399198877 0.059743077314533086 0.12410015156848789 0.15360706385297707 0.21029030544272975 0.0024894666917031961 0.0332238881638676 0.10048048563820564
leaf_weight=46891.229929644614 398.60247234813869 150546.09620817564 3001.7327835820615 262.25289850123227 4752.4279651232064 205.90296463668346 538.43737443350255 449.68442862294614 3088.0593949742615 102.40685609541833 619.3131295684725 568.56674076244235 12842.841624954715 820.92181190475821 329.23874619230628 436.95350396819413 123.33762135729194 2598.5969481747597 1334.6267468798906 36.806780487298965 2381.9520260170102 678.03951924480498 3742.3980057220906 6601.00755228661 989.42388103529811 196.46727794036269 68.210080014541745 368.60556066036224 2538.1161983460188 227.52245726063848
leaf_count=30468 2752 6368228 84182 5604 184342 4149 12614 11014 112144 2536 13897 6754 40293 12800 2444 9472 1656 14756 22240 229 13114 3929 112037 28496 2600 3136 866 7206 33404 1850
internal_value=-0.00264428 -0.043947 0.0922975 0.0273286 -0.0506675 -0.0012657 0.0989597 0.0162409 -0.00955466 0.01258 0.0774614 0.0800924 0.083086 -0.030067 0.0704609 0.075644 -0.00239021 0.0594171 0.0960777 0.187879 0.0992073 0.0595206 -0.00748539 0.0629041 0.0682083 -0.0116506 0.359701 0.0559172 0.0449176 0.01082
internal_weight=247740 172639 75100.8 14874 157765 7218.9 69050.8 6050.01 8019.88 4931.82 22159.6 21621.2 21001.8 5573.35 6854.08 6591.82 4533.22 3048.28 1645.55 310.92 3724.47 1342.52 4409.88 8159 7590.43 4307.47 105.017 565.073 2867.35 664.476
internal_count=7149212 6904138 245074 311284 6592854 224626 135122 109952 241467 129323 104654 92040 78143 197142 69817 64213 126571 25770 27484 5244 28365 15251 124915 37850 31096 122379 1095 10342 35848 11322
is_linear=0
shrinkage=0.055


Tree=10
num_leaves=31
num_cat=0
split_feature=51 53 51 41 25 50 53 51 8 26 42 47 45 26 41 8 50 25 3 25 7 26 27 32 47 50 8 13 30 48
split_gain=305979 17382.7 10224.5 6340.08 4175.7 2987.97 2441.46 2864.78 2204.43 1584.82 1369.01 1360.73 1267.41 1233.31 1252.84 1208.53 1137.16 1131.57 1260.57 1098.14 976.699 957.205 2118.7 953.743 1092.74 966.895 930.3 867.279 840.691 1266.8
threshold=50.500000000000007 -0.035749942064285271 8.5000000000000018 -1.0000000180025095e-35 -12.798509597778319 -13.487413883209227 -0.058592796325683587 178.50000000000003 3.113268375396729 204.00000000000003 -1.0000000180025095e-35 -1.0000000180025095e-35 0.79919466376304638 137.50000000000003 -1.0000000180025095e-35 3.8393945693969731 -7.5366191864013663 -12.432396888732908 0.88194444775581371 -7.6501560211181632 2.2930061817169194 46.500000000000007 70.16290664672853 3.65057384967804 -12.805934906005858 -7.5366191864013663 2.0126758813858037 3.860674381256104 0.92857143282890331 668.50000000000011
decision_type=2 2 2 2 2 2 2 2 2 2 2 2 2 2 2 2 2 2 2 2 2 2 2 2 2 2 2 2 2 2
left_child=2 6 11 -4 -5 19 -2 9 16 15 -10 -1 -12 -7 -15 -8 -6 -11 28 -3 -16 22 26 25 -25 -20 -9 -17 -19 -30
right_child=1 5 3 4 8 13 7 21 10 17 12 -13 -14 14 20 27 -18 18 23 -21 -22 -23 -24 24 -26 -27 -28 -29 29 -31
leaf_value=0.092473898400781199 -0.054099743493354162 -0.030149061267559656 -0.045214694716476905 -0.027342928017978305 0.017418054854024225 0.14935350457713989 0.051020449196754823 -0.047896778454036004 -0.061544727752891513 -0.056219057215817506 0.017941795789143702 0.11086228161582574 0.088754144895799303 -0.04090345602588414 0.067486202055289407 0.1751713582024787 0.060684931264611858 -0.017926220805679887 0.01066771769446051 0.068589541503101439 0.023596912096040763 -0.045150947806724413 -0.041962501493977761 0.67084815407770237 -0.039045297094377228 0.11944997384522552 0.33658674662407861 0.57182516889466828 -0.044639428141902422 0.64831201299175745
leaf_weight=30378.992121450603 129305.29972247779 3147.1671205349267 1665.6930706612766 1393.8165443148464 2452.936123073101 307.98576147668064 174.16406047344208 23.160055942833424 191.83403221331537 851.12064168974757 809.8828222323209 20720.3630359862 14590.264707909897 560.73467321693897 2954.3869300466031 65.862746955826879 7380.6059182435274 1694.8051999248564 608.54209979064763 377.26971244998276 3201.4470482971519 18103.888880025595 243.88202118873596 11.259124172851445 10.121798302978275 412.48689180612564 78.734653225168586 21.653965696692467 16.518517153337601 9.4378109462559205
leaf_count=33549 5805709 98082 51968 35649 27001 1107 3511 652 2572 32920 10995 4818 45522 13694 32295 919 27996 57639 19194 6073 50254 766958 10455 153 252 6981 943 233 393 108
internal_value=-0.00310584 -0.0464495 0.0852187 0.0587966 0.0652637 0.0218088 -0.0511988 -0.0343885 0.0703448 0.00858668 0.0832146 0.0999404 0.0850372 0.0425326 0.0375269 0.137976 0.0499065 -0.000958996 0.0161332 -0.0194975 0.0446985 -0.0434168 0.0467291 0.0637104 0.391077 0.0549827 0.251043 0.298914 -0.0127894 0.271338
internal_weight=241764 162180 79584.4 28485 26819.3 10549 151631 22325.6 25425.5 3875.97 15592 51099.4 15400.1 7024.55 6716.57 261.681 9833.54 3614.29 2763.17 3524.44 6155.83 18449.7 345.777 1042.41 21.3809 1021.03 101.895 87.5167 1720.76 25.9563
internal_count=7148595 6908525 240070 201703 149735 201505 6707020 901311 114086 122303 59089 38367 56517 97350 96243 4663 54997 117640 84720 104155 82549 779008 12050 26580 405 26175 1595 1152 58140 501
is_linear=0
shrinkage=0.055


Tree=11
num_leaves=31
num_cat=0
split_feature=51 53 50 48 53 50 25 41 53 57 25 50 41 26 25 26 13 41 16 50 42 8 8 15 16 25 8 8 48 6
split_gain=278542 15533.5 11255.4 3716.99 3605.98 2772.29 2623.4 2446.27 1851.5 1653.78 1860.74 1645.66 1596.33 1804.4 1524.61 1288.27 1175.25 1441.37 1325.87 1818.47 1174.27 1124.13 1112.95 1105.19 1077.69 1036.2 947.615 978.144 939.267 934.411
threshold=59.500000000000007 -0.037638455629348748 -6.7188162803649893 8.5000000000000018 -0.06445217132568358 -18.866843223571774 -12.798509597778319 -1.0000000180025095e-35 -0.05370736122131347 232.50000000000003 -13.52442407608032 -7.5366191864013663 1.0000000180025095e-35 1804.5000000000002 -6.4721848964691153 46.500000000000007 3.8393945693969731 1.0000000180025095e-35 2301617.5000000005 -9.6054368019103986 -1.0000000180025095e-35 1.2424533367156985 3.2384861707687382 6.9674382209777841 759.50000000000011 -11.234835624694822 2.8617925643920903 3.7954261302948002 127.50000000000001 -12.073047161102293
decision_type=2 2 2 2 2 2 2 2 2 2 2 2 2 2 2 2 2 2 2 2 2 2 2 2 2 2 2 2 2 2
left_child=2 8 4 -4 -1 24 -6 -5 -2 10 -7 15 -13 23 16 -10 -11 -18 -19 -20 -9 -22 -8 -14 -3 29 -25 -28 -17 -23
right_child=1 5 3 7 6 9 22 20 11 14 -12 12 13 -15 -16 28 17 18 19 -21 21 25 -24 26 -26 -27 27 -29 -30 -31
leaf_value=-0.022039972170404123 -0.053544748610064065 0.1807533420858741 0.095620727031701061 -0.037130889426739394 -0.039683913677242451 -0.019742777683842465 0.033495287016984822 -0.048797178427556272 0.083945831646776645 -0.009631499100259986 0.08763049840713559 -0.025796460922688818 0.087426985523196984 0.038361898574114567 0.097781595238344801 0.0099432321012717494 -0.012383422436926394 0.086923988095849211 0.56237516884515826 -0.048502768951110047 0.030279691541032751 0.19738104506381143 0.072196983426066369 -0.040359240082086162 -0.037389450999462288 0.079849115046092586 0.64932051199936081 0.16893580300113997 -0.045391313308568729 0.012454960106356839
leaf_weight=2941.3002757783979 127884.72571530379 65.408363930881023 48172.219221498817 642.63288066349924 953.1347001157701 616.65858663059771 3886.9971303325146 239.38116329163313 250.26116570830345 3923.5842821840197 2309.8349890969694 747.67376603372395 63.376997206360102 410.55159386619925 578.95276447013021 1006.7334353327751 459.89841230772436 443.70762002654374 38.026061486452818 21.292528573423624 1730.2697671111673 84.499330062419176 5374.2579861301929 11.484455216675995 2687.0114138908684 18402.421236757189 37.333120096474886 24.951697329059243 11612.706188740209 1093.50226354599
leaf_count=83851 6042731 1592 29731 19414 27979 17314 30514 2714 6860 83554 16979 26129 1107 10789 5154 33721 11181 7140 432 417 7844 393 27632 308 92825 44764 186 297 505433 8332
internal_value=-0.00249648 -0.0465486 0.0783023 0.0870326 0.0315919 0.0159722 0.0470387 0.0683735 -0.051454 0.0316789 0.0650102 -0.0325665 0.0264427 0.0973438 0.0137885 -0.0385139 0.00374727 0.0580293 0.121893 0.356375 0.0715276 0.0728903 0.0559805 0.266348 -0.0318872 0.076647 0.404757 0.48373 -0.0409747 0.0264981
internal_weight=236715 153194 83520.6 70364.9 13155.7 11144.4 10214.4 22192.7 142050 8391.96 2926.49 14165.1 1295.37 547.698 5465.46 12869.7 4886.51 962.925 503.026 59.3186 21550.1 21310.7 9261.26 137.146 2752.42 19580.4 73.7693 62.2848 12619.4 1178
internal_count=7147317 6864149 283168 113192 169976 236588 86125 83461 6627561 142171 34293 584830 38816 12687 107878 546014 102724 19170 7989 849 64047 61333 58146 1898 94417 53489 791 483 539154 8725
is_linear=0
shrinkage=0.055


Tree=12
num_leaves=31
num_cat=0
split_feature=51 54 51 41 54 52 50 27 7 42 47 54 53 50 26 8 26 15 41 56 29 44 28 54 49 14 28 47 15 54
split_gain=249232 14025.9 11710.1 6721.88 3562.36 3049.29 1986.73 1958.43 1936.71 1781.44 1743.11 1674.97 1658.52 1783.73 1626.21 2144.9 1124.79 1380.37 1074.22 1072.8 969.422 1231.5 1134.67 1072.19 915.894 779.166 1117.16 922.04 709.497 762.523
threshold=68.500000000000014 86.500000000000014 8.5000000000000018 -1.0000000180025095e-35 14.500000000000002 0.81727692484855663 -9.4020805358886701 70.16290664672853 12.151627063751222 -1.0000000180025095e-35 -11.747257232666014 7.5000000000000009 -0.051756858825683587 -7.1366455554962149 292.50000000000006 2.9174053668975835 779.50000000000011 7.4238667488098153 1.0000000180025095e-35 -0.027587890624999997 0.13392857462167743 1.5000000000000002 7168.5000000000009 47.500000000000007 3.2466089725494389 4.7833075523376474 6084.5000000000009 -110.13536453247069 7.3673927783966073 120.50000000000001
decision_type=2 2 2 2 2 2 2 2 2 2 2 2 2 2 2 2 2 2 2 2 2 2 2 2 2 2 2 2 2 2
left_child=2 4 11 -4 -2 6 -5 9 -9 -7 25 -1 -3 -14 -11 -16 18 -18 -12 -15 21 22 -19 -23 -8 26 -6 -28 29 -26
right_child=1 12 3 5 10 7 24 8 -10 14 16 -13 13 19 15 -17 17 20 -20 -21 -22 23 -24 -25 28 -27 27 -29 -30 -31
leaf_value=0.095541690791058453 0.063230170447340778 -0.053686460897141283 -0.045248837060794848 -0.035097837113984141 -0.050554402169120848 -0.047511464280875347 -0.023069893989217657 -0.040543062025554945 0.080673368722725722 0.13135763443762757 0.021904656534511319 0.07502179872212289 -0.039927321533667799 0.015424796604180864 0.038620706929765207 0.074818793086276439 -0.015765238775777471 -0.05531773285442914 0.18501007354734836 0.24354993046861653 0.016411498751351009 0.047131603759855228 0.19622815442746724 0.47021429494206374 0.074975262497133099 -0.025445991351870017 -0.040143534045634123 0.5138389289710642 0.075130078569557127 -0.013702803990581682
leaf_weight=32846.897572427988 2994.8247981034219 121264.30484052561 2260.043126611039 1669.6253018975258 42.005689552053809 418.7192666772753 610.82684442214668 1089.2907356768847 622.28356339596212 1113.5282212644815 238.88724906928837 19213.326533431187 10808.858073199168 1329.3557152673602 7288.9984732605517 15564.657420922071 1453.0925103742629 97.679816825315356 248.24837740883231 60.488167200237513 324.89832035452127 28.417075803503394 112.27825701236725 51.677249858155847 465.10437319986522 5791.8872828315943 12.175755754113196 24.348412981256843 1602.3220538776368 776.75189981050789
leaf_count=11895 24470 6038214 80200 47447 1689 5907 11705 29242 4554 2207 4370 26424 463327 35882 34131 48641 30219 2497 1907 411 5711 407 1572 560 2104 210460 467 308 12105 9641
internal_value=-0.00278354 -0.0467352 0.0716559 0.0462702 0.0117604 0.052901 0.0140964 0.0605168 0.00363467 0.0645076 -0.00656081 0.0879766 -0.0517409 -0.0323866 0.0664741 0.0632847 0.0313187 0.0134998 0.10606 0.0261906 0.0822208 0.154409 0.0806356 0.331696 0.0378858 -0.023061 0.143835 0.346566 0.0509944 0.0196767
internal_weight=230426 144883 85542.4 33482.2 11420.4 31222.1 5124.63 26097.5 1711.57 24385.9 8425.6 52060.2 133463 12198.7 23967.2 22853.7 2555.18 2068.04 487.136 1389.84 614.951 290.052 209.958 80.0943 3455.01 5870.42 78.5299 36.5242 2844.18 1241.86
internal_count=7148674 6822471 326203 287884 284637 207684 83002 124682 33796 90886 260167 38319 6537834 499620 84979 82772 47243 40966 6277 36293 10747 5036 4069 967 35555 212924 2464 775 23850 11745
is_linear=0
shrinkage=0.055


Tree=13
num_leaves=31
num_cat=0
split_feature=51 54 54 50 25 41 50 3 42 26 47 49 25 49 47 9 6 15 26 7 42 57 46 29 32 13 47 57 26 7
split_gain=228766 18083.5 8233.03 4447.16 3769.8 2045.79 1875.42 3512.32 1488.94 1487.9 1451.77 1310.66 1283.19 1416.59 1175.59 1097.61 1095.1 1092.99 1219.97 1088.93 984.004 921.147 893.548 839.837 975.996 816.348 784.715 744.857 2065.22 1055.17
threshold=50.500000000000007 86.500000000000014 14.500000000000002 -7.1366455554962149 -12.611005306243895 -1.0000000180025095e-35 -7.1366455554962149 0.86607143282890331 -1.0000000180025095e-35 219.50000000000003 -13.839278697967528 -0.2289975434541702 -13.083847999572752 7.2336952686309823 -1.0000000180025095e-35 4.8890287876129159 -6.7248334884643546 8.2352285385131854 1804.5000000000002 2.6979467868804936 1.0000000180025095e-35 33.500000000000007 4.6263937950134286 1.0000000180025095e-35 2.4414010047912602 2.8617925643920903 -5.4076528549194327 3.5000000000000004 18.500000000000004 8.4631814956665057
decision_type=2 2 2 2 2 2 2 2 2 2 2 2 2 2 2 2 2 2 2 2 2 2 2 2 2 2 2 2 2 2
left_child=2 4 14 12 -2 -6 27 -8 -5 -7 17 21 -4 16 -1 26 -14 18 -9 -10 -18 -11 -15 25 -25 -17 -13 28 29 -3
right_child=1 6 3 8 5 9 7 10 19 11 -12 15 13 22 -16 23 20 -19 -20 -21 -22 -23 -24 24 -26 -27 -28 -29 -30 -31
leaf_value=0.077677290081277869 -0.038096225413533517 -0.030244112317803978 -0.049360426136230137 -0.017934028545600389 -0.039908565728367588 0.11856012140851555 -0.041807151590208355 0.37096611822711045 0.068195061130077367 0.13247839961918748 0.04773434928042547 -0.0074802420886046503 0.27587489468665244 0.13048416996619741 0.095291498629542795 -0.0083648755049061801 -0.02581244345451647 0.57455159747409246 -0.051017287643532569 0.042157700233004587 0.078751517567551138 -0.027222198400367492 0.033898634663701452 0.011998846662581003 0.088537850751141581 0.090228841271327881 0.072412483687241264 -0.052634369051840338 -0.02088206498043917 0.81516327257139276
leaf_weight=30442.51562413387 2996.4620389956981 5.7951534446328905 917.26100236363709 727.01676950417459 1070.8661336489022 675.87659023143351 4291.3771389573812 33.791770074516535 19705.716830587015 114.16511593200266 1001.4616192504764 1653.098520649597 34.994485421106219 313.06087592616677 18673.334979936481 284.49709633365273 2411.7359928116202 21.557185146957636 42.249023634940386 6492.9974217135459 301.91977304778993 1314.3302176129073 3374.7265868335962 1730.8722327947617 707.14590823091567 2306.6616244465113 474.57107404619455 123272.06187010556 96.318014740943909 10.441341556608675
leaf_count=36607 116127 272 30911 12082 32147 5533 194944 214 47398 1056 23367 32196 290 2318 3312 4656 53522 332 1373 25431 2258 43984 26030 25731 7839 32517 2619 6379569 4706 72
internal_value=-0.00236716 -0.0448047 0.0699437 0.0492455 0.0161755 0.031926 -0.0511166 -0.0193382 0.0595968 0.0402492 0.0681858 0.0340188 0.0113293 0.0200098 0.084383 0.0436146 -0.0098698 0.265487 0.147826 0.0617513 -0.0140553 -0.0140414 0.0422635 0.0576136 0.0343347 0.0794085 0.0104676 -0.0525041 0.0863003 0.577342
internal_weight=225499 142104 83395.3 34279.4 13328.5 10332.1 128775 5390.44 26925.7 9261.22 1099.06 8585.34 7353.7 6436.44 49115.9 7156.85 2748.65 97.598 76.0408 26198.7 2713.66 1428.5 3687.79 5029.18 2438.02 2591.16 2127.67 123385 112.555 16.2365
internal_count=7149413 6909254 240159 200240 304405 188278 6604849 220230 84911 156131 25286 150598 115329 84418 39919 105558 56070 1919 1587 72829 55780 45040 28348 70743 33570 37173 34815 6384619 5050 344
is_linear=0
shrinkage=0.055


Tree=14
num_leaves=31
num_cat=0
split_feature=51 53 48 41 50 25 45 42 47 8 48 41 26 57 25 3 13 31 33 7 49 49 53 26 49 55 49 8 45 46
split_gain=206810 13514.7 10487.8 5282.9 3374.64 2947.59 1971.93 1772.89 1439.24 1316.1 1173.87 1133.27 1014.57 983.445 862.771 1248.2 965.308 1035.06 787.982 784.49 770.665 766.003 760.344 1705.65 2296.01 1467.3 905.176 925.641 862.249 1362.7
threshold=68.500000000000014 -0.043940216302871697 8.5000000000000018 -1.0000000180025095e-35 -8.9893836975097638 -12.611005306243895 0.79919466376304638 -1.0000000180025095e-35 -1.0000000180025095e-35 2.5249279737472539 261.50000000000006 -1.0000000180025095e-35 2259.5000000000005 18.500000000000004 -8.6950330734252912 0.97368422150611889 3.9219243526458745 1.4978661537170412 1.0000000180025095e-35 1.8266440629959109 4.3431277275085458 7.2336952686309823 -0.058592796325683587 13.500000000000002 -2.0226588249206539 0.85522460937500011 5.4652485847473153 4.9732735157012948 0.84560769796371471 3.3109549283981328
decision_type=2 2 2 2 2 2 2 2 2 2 2 2 2 2 2 2 2 2 2 2 2 2 2 2 2 2 2 2 2 2
left_child=2 22 8 -4 10 13 20 -8 -1 -9 18 -6 -13 -5 -12 -16 17 -17 21 -14 -7 -3 -2 24 -24 -26 -25 -28 29 -29
right_child=1 4 3 5 11 6 7 9 -10 -11 14 12 19 -15 15 16 -18 -19 -20 -21 -22 -23 23 26 25 -27 27 28 -30 -31
leaf_value=0.071662928560552466 -0.053614733106979486 0.032278390558799441 -0.043128716544592112 0.065134131758051203 -0.037607813446615262 -0.045505174505974903 -0.054618475615781675 0.035365782891772106 0.090553156959069847 0.061970093757751664 -0.035353349204996588 0.084217809010084646 0.0743131358750906 -0.036925322639587518 -0.02557910334135485 0.10371376951273009 0.31529329056296351 -0.043171383009084484 -0.0031244515050627155 0.0094897624894265641 0.023784875007898092 0.15676363614813985 0.044778921391293122 -0.046260516224912895 0.91996362266951881 -0.032240907067846929 -0.017461153731123058 0.63375790403315801 -0.017793896055295851 0.11683548839293194
leaf_weight=29516.686057049781 104365.36077630892 563.6318869329989 2131.5995953697711 341.18508040718734 484.98452269285917 765.99127838760614 447.52239599637687 7565.9952043741941 21048.4523200728 22206.192135969177 5703.6681833285838 1674.5907400548458 811.91176220029593 1632.9246505200863 1198.4569554869086 391.25563840568066 39.874417662620544 225.42424139007926 1449.5345404222608 1835.363231761381 1306.6461189221591 200.43394577130675 93.587608175352216 12006.403671966866 12.177560023963453 6.386285424232482 1132.4506628662348 14.517180129885672 86.444273402914405 91.646187352016568
leaf_count=32982 5753477 11465 79090 6675 13961 21633 7426 37290 5022 73305 224428 14552 10417 48111 39746 8867 665 6432 32625 31110 14854 2622 3604 613812 48 250 47602 266 3444 3460
internal_value=-0.00256181 -0.0458446 0.0633285 0.040807 0.00410753 0.0460339 0.0500221 0.0535809 0.0795344 0.0552162 -0.014451 0.0418126 0.0507581 -0.0191664 -0.0247639 0.00780355 0.0684721 0.0501053 0.0207403 0.0294735 -0.00187076 0.0657409 -0.0520263 -0.0396793 0.169441 0.655055 -0.0415014 0.0016334 0.111502 0.212848
internal_weight=219351 132388 86963.2 36398.1 14579.1 34266.5 32292.3 30219.7 50565.1 29772.2 9772.28 4806.85 4321.87 1974.11 7558.68 1855.01 656.554 616.68 2213.6 2647.27 2072.64 764.066 117809 13443.6 112.151 18.5638 13331.5 1325.06 192.608 106.163
internal_count=7149241 6822853 326388 288384 396890 209294 154508 118021 38004 110595 326850 70040 56079 54786 280138 55710 15964 15299 46712 41527 36487 14087 6425963 672486 3902 298 668584 54772 7170 3726
is_linear=0
shrinkage=0.055


Tree=15
num_leaves=31
num_cat=0
split_feature=51 53 51 41 52 54 25 53 50 54 42 51 8 50 28 26 26 8 2 26 27 57 13 28 42 30 15 56 50 40
split_gain=189154 11589.8 10496.5 5596.56 2940.98 2210.57 2180.55 1756.88 1643.34 1494.78 1405.86 1277.98 1192.23 1056.81 892.609 827.853 818.412 754.333 817.905 718.144 1154.83 1115.2 673.942 670.527 950.284 1000.57 825.124 939.684 868.525 694.683
threshold=76.500000000000014 -0.035749942064285271 8.5000000000000018 -1.0000000180025095e-35 0.81727692484855663 14.500000000000002 -12.798509597778319 -0.057616114616394036 -9.4020805358886701 7.5000000000000009 -1.0000000180025095e-35 178.50000000000003 2.5249279737472539 -13.487413883209227 2952.0000000000005 972.50000000000011 13.500000000000002 3.7256208658218388 0.47222222387790685 30.500000000000004 79.180526733398452 80.500000000000014 3.1567740440368657 20.500000000000004 1.0000000180025095e-35 0.92857143282890331 7.6589355468750009 -100.91137695312499 -10.704397678375242 2.9700856208801274
decision_type=2 2 2 2 2 2 2 2 2 2 2 2 2 2 2 2 2 2 2 2 2 2 2 2 2 2 2 2 2 2
left_child=2 7 9 -4 8 -3 -6 -2 -5 -1 -8 16 14 -7 -12 -15 -9 -10 -19 20 21 -13 -14 -18 25 -25 -26 28 -28 -27
right_child=1 5 3 4 6 13 10 11 17 -11 12 19 22 15 -16 -17 23 18 -20 -21 -22 -23 -24 24 26 29 27 -29 -30 -31
leaf_value=0.082461071037967903 -0.053295952794987479 0.054861400962201191 -0.045515897828944947 -0.038222452120023065 -0.022237049776443085 -0.032239483482317616 -0.047026357374294871 0.29548908250929473 0.004262885980291127 0.063117124540653602 0.061434139781688206 0.36826216764411002 0.035183774241738838 0.065360122414480915 0.02005525960789863 0.0012375163783319714 -0.05600220319295144 0.048349683293171637 0.31575517837212974 -0.04192286253807883 -0.033656552391040616 -0.049413012213647925 0.064677318420338012 -0.010172230203194294 0.041896495486834322 -0.042546857399748124 0.63478757838363631 0.02398550804422352 0.16317605763944606 0.41848527797725482
leaf_weight=32132.106125414371 99598.984300438315 2791.1263204887509 2341.2237846292555 1771.184071501717 1232.442494109273 2435.3258256800473 419.61138908937573 23.506283272057772 2079.4220835659653 19555.403835663572 2407.1033147349954 49.018648883327842 2726.8368434049189 758.35323123261333 4578.7453110180795 3014.15343734622 520.5440173856914 1576.2759639769793 30.590684907510877 14034.595237826928 151.6672341004014 28.453752337023616 17598.837053349242 1574.9344534687698 224.76434810087085 13.900983992964028 19.253215169534087 38.815860586240888 32.756893541663885 23.243265954777598
leaf_count=11982 5780857 19455 93618 56658 35602 93518 6792 147 25334 26377 9100 178 10230 10406 22481 63608 23417 14073 104 721638 6844 751 52403 55671 5450 399 286 1098 315 203
internal_value=-0.00241225 -0.0458724 0.05917 0.036696 0.0422936 0.0142552 0.0492711 -0.050524 0.00525178 0.0751493 0.0524526 -0.034016 0.0539893 -0.00403129 0.0343469 0.014197 0.00249094 0.0261637 0.0544041 -0.0403409 0.0553819 0.221165 0.0607302 -0.00091877 0.0140623 -0.00312678 0.100546 0.235924 0.37812 0.261369
internal_weight=213783 125333 88449.8 36762.3 34421 8998.96 28963.6 116334 5457.47 51687.5 27731.1 16735.5 27311.5 6207.83 6985.85 3772.51 2471.72 3686.29 1606.87 14263.7 229.14 77.4724 20325.7 2448.21 1927.67 1612.08 315.59 90.826 52.0101 37.1442
internal_count=7148995 6784241 364754 326395 232777 186987 136608 6597254 96169 38359 101006 816397 94214 167532 31581 74014 86986 39511 14177 729411 7773 929 62633 86839 63422 56273 7149 1699 601 602
is_linear=0
shrinkage=0.055


Tree=16
num_leaves=31
num_cat=0
split_feature=51 54 51 41 27 25 45 47 26 42 53 26 8 26 50 56 57 46 7 25 54 49 10 25 42 48 51 13 50 54
split_gain=174287 11684.8 9794.34 5161.26 2899.18 2475.86 2050.78 1684.18 1638.75 1409.3 1350.17 1405.78 1301.69 1396.52 1190.75 1760.24 1185.67 1239.23 1066.36 1061.74 1033.79 960.181 872.456 898.971 827.301 814.561 811.05 883.153 785.459 780.977
threshold=76.500000000000014 86.500000000000014 8.5000000000000018 -1.0000000180025095e-35 79.180526733398452 -12.798509597778319 0.79919466376304638 -1.0000000180025095e-35 900.50000000000011 -1.0000000180025095e-35 -0.057616114616394036 13.500000000000002 3.7726949453353886 714.00000000000011 -9.7833590507507306 -0.019775390624999997 229.50000000000003 9.0574235916137713 2.2930061817169194 -10.405081272125242 388.50000000000006 -7.3704357147216788 1.0000000180025095e-35 -9.9694399833679181 -1.0000000180025095e-35 409.50000000000006 42.500000000000007 3.7726949453353886 -11.100204944610594 7.5000000000000009
decision_type=2 2 2 2 2 2 2 2 2 2 2 2 2 2 2 2 2 2 2 2 2 2 2 2 2 2 2 2 2 2
left_child=2 4 7 -4 8 -5 -7 19 24 -8 -3 21 13 -11 -13 -16 22 -18 -19 -1 -17 -12 -10 -24 -2 -14 -27 -28 -15 -21
right_child=1 10 3 5 -6 6 9 -9 16 12 11 14 25 28 15 20 17 18 -20 29 -22 -23 23 -25 -26 26 27 -29 -30 -31
leaf_value=0.017287502792212545 -0.058167526720689269 -0.053461857938743147 -0.046396524668424963 -0.022702727558378603 -0.040718307158440666 -0.0095781494310812863 -0.047880060767131333 0.0836622112846893 0.15664653527331404 0.074848153562458358 -0.0056727618819738786 -0.045626989665740456 0.058196289289529357 -0.013412869630294316 -0.014469332287983567 0.14662672186725204 -0.011650001286292386 0.18406820109463481 -0.020347687450995165 0.074359890111728985 0.70525208216388269 0.29086851166682426 -0.0048358480842960877 0.076456482370301657 0.080945488251093239 0.085034078920618247 0.06401173549763875 0.37044311952576947 0.034716543758768773 0.056475696696087922
leaf_weight=1446.9128459878266 136.27816229313612 93715.573455620557 2241.2582577727735 1823.5494563505054 2663.7635539248586 2093.9681747388095 466.1665934342891 20635.649725276977 197.91185844689608 2591.8249129913747 65.509718123823404 11808.674952942878 13337.571397796273 1110.9103380832821 3333.7994110602885 58.666183648630977 4110.8460976984352 184.39372008852661 128.77491693198681 15196.437354363501 8.351301806047557 61.237085660919547 828.51908915489912 811.4675160292536 1723.1558944918215 304.43311214074492 49.067203754559159 71.889959251508117 13009.090508202091 14618.877767154947
leaf_count=7386 3568 5734936 93649 58106 113753 43534 8509 4852 1286 9051 2879 637068 43213 14367 130077 716 117821 1751 2190 7499 31 545 12920 5137 19026 1033 716 554 53728 18728
internal_value=-0.00228431 -0.0455836 0.0560182 0.034431 0.00902398 0.0396338 0.0430777 0.0714452 0.0253542 0.0466423 -0.0509844 -0.0358325 0.0480958 0.0377586 -0.037371 -0.00867898 0.0118669 -0.0035697 0.101014 0.0633689 0.26037 0.143201 0.0489332 0.0354978 0.0706212 0.0606295 0.135358 0.253612 0.0309265 0.065602
internal_weight=208835 119837 88997.6 37099.7 10785.1 34858.5 33034.9 51897.9 8121.35 30941 109052 15336.2 30474.8 16711.8 15209.5 3400.82 6261.91 4424.01 313.169 31262.2 67.0175 126.747 1837.9 1639.99 1859.43 13763 425.39 120.957 14120 29815.3
internal_count=7148629 6783704 364925 326460 277452 232811 174705 38465 163699 131171 6506252 771316 122662 77146 767892 130824 141105 121762 3941 33613 747 3424 19343 18057 22594 45516 2303 1270 68095 26227
is_linear=0
shrinkage=0.055


Tree=17
num_leaves=31
num_cat=0
split_feature=51 51 54 41 52 27 25 47 57 53 47 41 9 54 16 49 57 7 49 16 8 8 42 14 54 49 26 7 26 26
split_gain=155751 11298.1 10451.9 4742.99 2451.07 2352.76 1754.77 1524.96 1345.82 1321.26 1116.31 1072.66 1060.64 1055.66 2323.22 972.502 1234.02 824.977 805.331 936.483 947.884 804.387 795.594 773.333 763.296 728.599 721.73 704.856 721.609 878.961
threshold=84.500000000000014 8.5000000000000018 86.500000000000014 -1.0000000180025095e-35 0.82936045527458202 102.69549942016603 -13.52442407608032 -1.0000000180025095e-35 138.50000000000003 -0.051756858825683587 -110.57129669189452 -1.0000000180025095e-35 4.6007614135742196 53.500000000000007 4140.5000000000009 7.2336952686309823 7.5000000000000009 2.1613165140151982 4.123436927795411 2303808.0000000005 5.6784632205963144 3.7494349479675297 -1.0000000180025095e-35 4.9089648723602304 7.5000000000000009 10.47168016433716 1642.0000000000002 2.3910751342773442 581.50000000000011 440.00000000000006
decision_type=2 2 2 2 2 2 2 2 2 2 2 2 2 2 2 2 2 2 2 2 2 2 2 2 2 2 2 2 2 2
left_child=1 7 5 -3 15 8 -6 24 13 -4 -10 -12 -8 -2 -15 16 -5 25 -11 20 -20 -17 -14 -19 -1 -13 -24 -23 29 -29
right_child=2 3 9 4 6 -7 12 -9 10 18 11 17 22 14 -16 21 -18 23 19 -21 -22 27 26 -25 -26 -27 -28 28 -30 -31
leaf_value=0.069551499716782594 0.053254782319079742 -0.04578383900684263 -0.052871308516588812 0.26025008570627423 -0.038287744494921311 -0.040219781231939929 0.01006532308092003 0.080326435883981584 -0.037630543859132615 -0.03876834169476312 -0.04686486893450259 0.04344330532264537 -0.040449825986460852 0.7581286398148992 0.10494967842665781 0.0036474046169116901 -0.010804311326343321 0.21837968532323052 -0.013234805831482514 0.329028366714612 0.1535661800083773 0.076684908760648804 0.066908813469403444 -0.0042565936054592959 0.052288979861599291 0.17197104811815081 0.044025967216098215 -0.021397399983015059 -0.0031478646862566685 0.35008371164529539
leaf_weight=15399.542928509414 1591.2475555744022 2407.1162323150784 93132.05878444761 46.363271037116647 790.25985516794026 2408.9034328144044 2425.100350022316 19933.213372170925 1199.9077926408499 8387.58854303509 607.3274869993329 2471.1360328253359 298.22143778204918 15.574235359206794 94.453323066234589 2063.987578401342 4732.3786712046713 43.521730657666922 1531.6690992694348 21.257263086736202 105.46782148256898 1320.2676240634173 5482.6435189880431 1722.0618119165301 15838.203228868544 136.87918573990464 17764.244809795171 35.802152065560222 783.63100242987275 35.393043907359242
leaf_count=9249 12298 107230 5984079 463 26294 108491 12370 4876 46406 431595 20034 41225 4839 114 1602 22189 102842 653 56344 290 2892 6191 13390 38935 24375 1036 58558 532 10014 119
internal_value=-0.00278515 0.0515249 -0.0455544 0.0288798 0.0339088 0.0072974 0.0422644 0.0684188 0.0218357 -0.050826 0.00988992 0.0213639 0.0447224 0.0650794 0.226342 0.00910392 -0.00790528 0.030881 -0.0318477 0.00316581 -0.00205427 0.0282652 0.0482891 0.00183259 0.0608088 0.0505051 0.049436 0.0515636 0.0125437 0.17413
internal_weight=202825 89356.4 113469 38185.4 35778.3 10291 26760.5 51171 7882.11 103178 6180.83 4980.93 25970.2 1701.28 110.028 9017.82 4778.74 4373.6 10046 1658.39 1637.14 4239.08 23545.1 1765.58 31237.7 2608.02 23246.9 2175.09 854.826 71.1952
internal_count=7149525 403531 6745994 365031 257801 270794 115451 38500 162303 6475200 148289 101883 89157 14014 1716 142350 103305 81849 491121 59526 59236 39045 76787 39588 33624 42261 71948 16856 10665 651
is_linear=0
shrinkage=0.055


Tree=18
num_leaves=31
num_cat=0
split_feature=51 54 48 53 27 53 50 50 25 42 42 56 52 57 49 26 27 8 54 50 57 16 53 25 10 52 3 44 52 47
split_gain=147240 10482.5 8720.96 3685.85 2200 1503.7 1469.25 1458.39 1359.22 1349.83 1284.02 1251.86 1644.37 1227.55 1144.52 1033.52 1212.07 901.046 841.179 762.844 686.917 682.019 1049.88 858.16 1014.55 677.089 671.352 826.226 757.65 762.046
threshold=76.500000000000014 86.500000000000014 8.5000000000000018 -0.065429449081420885 87.841522216796889 -0.057616114616394036 -11.955196380615233 -1.0000000180025095e-35 -12.236631870269774 -1.0000000180025095e-35 1.0000000180025095e-35 -0.024658203124999997 0.80055186152458202 232.50000000000003 4.8458251953125009 37.500000000000007 79.180526733398452 2.5249279737472539 7.5000000000000009 -108.83885192871092 36.500000000000007 4140.5000000000009 -0.03105869889259338 -9.4656548500061017 0.89587974548339855 0.83430850505828869 0.86607143282890331 2.5000000000000004 0.79461631178855907 -8.3319778442382795
decision_type=2 2 2 2 2 2 2 2 2 2 2 2 2 2 2 2 2 2 2 2 2 2 2 2 2 2 2 2 2 2
left_child=2 4 7 14 10 -3 15 18 20 -10 13 26 -13 21 -4 16 19 -11 -1 -7 -5 22 -2 24 -23 -12 -8 28 29 -28
right_child=1 5 3 8 -6 6 11 -9 9 17 25 12 -14 -15 -16 -17 -18 -19 -20 -21 -22 23 -24 -25 -26 -27 27 -29 -30 -31
leaf_value=0.06756970362488221 0.34073573236351584 -0.053023071611870073 -0.046197827549786338 0.04091630233424997 -0.039016647073239409 -0.048186955184940643 -0.029285374433014742 0.078023902191574179 -0.043232966032434948 0.026357885041289331 0.21222345006380683 0.72946673899080638 0.08302141833923482 -0.0070254955930103141 0.0076484360766295679 -0.049168785003871403 -0.032522364472622675 0.047515075636874564 0.048986970855606181 0.30797642616000798 -0.03139537736011376 0.13707489066028025 0.023255486471678001 0.091176665402580709 -0.011660007161985737 0.052274212632447657 -0.039886914044742296 0.21470321292119923 0.0012943746688637544 0.5067901700015186
leaf_weight=15278.711052149534 53.451668340712786 84558.792990031652 1861.7908437661827 579.65514422208071 2436.4235909339041 22.70787756703794 3105.2694090921432 19309.906793601811 566.96155514195561 8210.5894346255809 79.36780727095902 7.9522771909832946 178.22837345488369 4532.8488559629768 3310.5145991053432 9243.2850216655061 143.85528661683202 23818.820363786072 14410.330347320065 66.93104762583971 1236.2801004163921 156.28537435270846 70.079984409734607 578.31838608905673 988.03067783080041 1874.7182654328644 12.278409420512618 55.353349456563592 1441.1973805604503 13.06519225053489
leaf_count=9084 638 5734778 82433 11135 112798 632 150820 4562 13905 42071 964 123 3897 121010 65019 550658 7139 78638 24331 474 33584 1257 571 2046 15109 23230 673 655 55964 269
internal_value=-0.00200561 -0.0446192 0.0507264 0.0315203 0.00690572 -0.0502328 -0.0337094 0.0662376 0.0380262 0.0406059 0.0203478 -0.00895104 0.128989 0.00837974 -0.0117596 -0.046273 0.0669902 0.0420965 0.0585599 0.219972 -0.00826418 0.0461207 0.168539 0.0368796 0.00916147 0.0592958 -0.0146345 0.0152572 0.00702529 0.279007
internal_weight=198202 109618 88583.6 39584.6 10769.5 98848.9 14290.1 48998.9 34412.3 32596.4 8333.1 4813.34 186.181 6379.01 5172.31 9476.78 233.494 32029.4 29689 89.6389 1815.94 1846.17 123.532 1722.63 1144.32 1954.09 4627.16 1521.89 1466.54 25.3436
internal_count=7148467 6783705 364762 326785 277623 6506082 771304 37977 179333 134614 164825 212401 4020 140631 147452 558903 8245 120709 33415 1106 44719 19621 1209 18412 16366 24194 208381 57561 56906 942
is_linear=0
shrinkage=0.055


Tree=19
num_leaves=31
num_cat=0
split_feature=51 51 54 45 54 25 50 42 26 53 25 50 56 26 23 16 4 31 9 25 14 55 26 3 55 32 53 14 53 23
split_gain=132587 10076.2 8323.72 3483.01 2907.89 1733.13 1651.67 1557.83 1415 1272.75 1098.38 1054.38 1169.71 996.096 941.846 894.596 828.151 816.299 746.551 737.501 770.587 709.909 699.362 693.634 838.892 696.017 759.522 1402.28 653.459 660.324
threshold=101.50000000000001 16.500000000000004 86.500000000000014 0.81773495674133312 7.5000000000000009 -12.611005306243895 -9.7833590507507306 -1.0000000180025095e-35 4.5000000000000009 -0.051756858825683587 -8.6950330734252912 -11.955196380615233 -0.019775390624999997 263.50000000000006 2.5000000000000004 4140.5000000000009 1.0000000180025095e-35 3.6242519617080693 4.9480743408203134 -7.0576219558715811 7.0062420368194589 0.87182617187500011 37.500000000000007 0.97368422150611889 0.85375976562500011 3.1567740440368657 -0.06347560882568358 8.035440921783449 -0.02392366528511047 1.0000000180025095e-35
decision_type=2 2 2 2 2 2 2 2 2 2 2 2 2 2 2 2 2 2 2 2 2 2 2 2 2 2 2 2 2 2
left_child=1 4 6 17 -1 8 15 -7 -5 -4 14 22 -13 -9 -6 18 23 -3 -2 -17 -21 -14 -11 24 -15 -25 27 -27 -10 -30
right_child=2 3 9 5 10 7 -8 13 28 11 -12 12 21 16 -16 19 -18 -19 -20 20 -22 -23 -24 25 -26 26 -28 -29 29 -31
leaf_value=0.069048528002027529 -0.054971927868767374 -0.023112194466069578 -0.052640292662983749 0.42845311849410006 -0.012978758206319364 -0.04840441829444328 0.0362336099018358 0.087185657984311132 -0.039103233816605049 0.072906047293924095 0.053911966572163524 -0.0121907316599699 0.28173017153169078 0.0021685537795516079 0.037568826650212141 -0.024373731707110959 0.079218684416178811 0.14567896439373251 0.12234713667173705 0.075204675253047304 -0.058191636555471729 0.0068744525992377398 -0.047885996600369976 0.034448062438334176 0.04301493550967643 0.68298451788117687 0.072552554766484742 0.08515981927869859 0.25349768398845957 0.014996837491971201
leaf_weight=33801.509910071269 96.677456847392023 5494.9525298122317 83185.891604598612 15.877870676107703 1248.7582217268646 687.56856428924948 3151.8324571438134 1066.3537356238812 1656.7780085895211 144.4689440894872 17813.00736585632 3142.7313390839845 62.117494132369757 4514.2101865559816 10242.709506653249 5274.4265206921846 1083.0551641648635 83.134749338962138 249.53539472352713 461.9310787897557 177.85515784658492 49.754381688311696 5747.0582974050194 10119.039851848967 2289.2957326872274 13.199142387136815 724.35663962364197 39.21866344101727 38.026251584291458 195.02792698703706
leaf_count=16620 3464 194036 5923669 124 11852 24160 35834 4056 68506 3676 28682 133598 428 46597 19761 199651 2419 1799 6228 8627 4578 1254 343605 53070 6957 93 2663 350 531 3014
internal_value=-0.00231991 0.0458641 -0.0454755 0.018413 0.0580504 0.0280796 0.00379422 0.0327356 -0.0220488 -0.0504979 0.0453548 -0.0309944 -0.00585584 0.0355578 0.0320727 -0.0125534 0.0326043 -0.0204684 0.0727544 -0.0176045 0.0379579 0.165013 -0.0448647 0.0297303 0.0159344 0.0383334 0.0884041 0.282062 -0.0269544 0.0584188
internal_weight=192870 91126.1 101744 28020.1 63106 22442 9412.26 20536.3 1905.71 92332 29304.5 9146.13 3254.6 19848.7 11491.5 6260.43 18782.4 5578.09 346.213 5914.21 639.786 111.872 5891.53 17699.3 6803.51 10895.8 776.774 52.4178 1889.83 233.054
internal_count=7149902 485290 6664612 408375 76915 212540 258382 140365 72175 6406230 60295 482561 135280 116205 31613 222548 112149 195835 9692 212856 13205 1682 347281 109730 53554 56176 3106 443 72051 3545
is_linear=0
shrinkage=0.055


Tree=20
num_leaves=31
num_cat=0
split_feature=51 51 53 54 53 50 41 54 50 7 23 26 28 32 3 23 46 41 26 26 27 6 7 35 53 22 45 29 35 54
split_gain=121053 10036.2 8804.87 3741.78 2657.27 2497.37 1544.39 1317.92 1129.04 970.687 951.655 855.78 872.046 901.587 847.963 1064.16 1100.93 812.248 849.562 741.332 4557.79 3166.22 1819.67 1199.51 1240.33 1971.5 687.778 809.16 808.909 683.582
threshold=101.50000000000001 25.500000000000004 -0.043940216302871697 7.5000000000000009 -0.06640529632568358 -9.7833590507507306 -1.0000000180025095e-35 27.500000000000004 -1.0000000180025095e-35 2.7351288795471196 2.5000000000000004 247.00000000000003 28.500000000000004 2.6020033359527592 0.97368422150611889 6.5000000000000009 3.7101294994354252 -1.0000000180025095e-35 2259.5000000000005 30.500000000000004 79.180526733398452 -8.5349602699279767 3.1964696645736699 2.2242581844329838 -0.051756858825683587 3.3140207529067998 0.85707646608352672 0.18333333730697635 1.8317808508872988 827.50000000000011
decision_type=2 2 2 2 2 2 2 2 2 2 2 2 2 2 2 2 2 2 2 2 2 2 2 2 2 2 2 2 2 2
left_child=1 3 19 -1 14 7 -5 -4 9 -8 -11 -6 -13 26 -3 -16 -17 -7 -19 20 21 22 -2 24 25 -24 28 -28 -14 -15
right_child=2 4 5 6 11 17 8 -9 -10 10 -12 12 13 29 15 16 -18 18 -20 -21 -22 -23 23 -25 -26 -27 27 -29 -30 -31
leaf_value=0.066020929691694541 1.175044888865159 -0.044428201349200482 0.017282449547266737 -0.024328788606701214 0.069021702312114172 -0.036819405427728401 0.044660277766788659 -0.034662891165289554 0.069935062294766454 -0.012091854297631112 0.033089437578288416 -0.024943150399425219 0.019579057222628881 0.046824027624853728 -0.0011150085816170909 0.45656494166310102 0.018335128521251329 0.067384391846470632 0.016839641072464592 -0.051867119574388075 -0.042930066188371925 -0.012519704751368751 0.23856948094553157 0.049149349100574405 0.15967035629707749 1.1595861731991695 0.060020564808060527 0.012402754721932922 -0.021904550845047555 0.24352665208597324
leaf_weight=34415.733485398814 5.9501218097284427 3190.3612874224782 2034.4495809767395 1066.8132496513426 954.49917041230947 469.76981159299612 24010.138495748863 5367.1149741513655 4091.5791516415775 1856.1216151099652 5836.387291457504 1454.9611804550514 3053.3982193572447 2162.1962895803154 786.48084037285298 27.567020477727056 38.030302931554615 1805.2847938388586 2274.2759835124016 83442.957746595144 1809.0598727520555 73.186549964360893 18.160776656121019 28.098543639294803 24.80419435352087 11.509184151887892 1626.5146155524999 3201.167504709214 2652.3797728167847 50.15894119348377
leaf_count=19454 181 165442 34435 22071 7506 15726 43804 263538 1944 18099 14716 43153 38035 15085 26463 432 717 16674 42709 6152890 132732 3623 714 1260 28 170 6657 17021 43180 1011
internal_value=-0.00233232 0.0434696 -0.0448931 0.0529759 0.00817033 -0.000675814 0.0407889 -0.0203828 0.0427328 0.0392116 0.0221869 0.0187385 0.0153357 0.0199416 -0.0314245 0.0172393 0.221792 0.0313737 0.0392618 -0.0510794 -0.0176816 0.257591 0.469637 0.354618 0.494805 0.711546 0.0132241 0.0284914 0.000292752 0.0518228
internal_weight=187839 90474.5 97364.6 71276.8 19197.7 11950.9 36861 7401.56 35794.2 31702.6 7692.51 15155.3 14200.8 12745.8 4042.44 852.078 65.5973 4549.33 4079.56 85413.7 1970.77 161.709 88.5228 82.5727 54.4742 29.67 10533.5 4827.68 5705.78 2212.36
internal_count=7149470 484790 6664680 120088 364702 373082 100634 297973 78563 76619 32815 171648 164142 120989 193054 27612 1149 75109 59383 6291598 138708 5976 2353 2172 912 884 104893 23678 81215 16096
is_linear=0
shrinkage=0.055


Tree=21
num_leaves=31
num_cat=0
split_feature=51 51 53 41 25 47 49 3 55 41 31 26 26 26 25 6 47 7 25 23 57 30 25 8 49 57 42 41 45 10
split_gain=111766 9631.96 7841.64 3961.2 1869.3 1705.14 1688.13 1323.36 1784.46 1133.21 1096.05 988.341 975.402 786.053 4017.54 2902.58 1337.02 1577.58 761.61 710.201 1546.08 1023.48 700.484 699.611 680.517 637.031 619.578 700.87 1220.05 796.506
threshold=101.50000000000001 8.5000000000000018 -0.043940216302871697 -1.0000000180025095e-35 -12.798509597778319 -1.0000000180025095e-35 -0.14625225961208341 0.97368422150611889 0.82934570312500011 -1.0000000180025095e-35 2.2499048709869389 4.5000000000000009 4076.5000000000005 30.500000000000004 -13.315961360931395 -8.8804230690002424 -112.73738861083983 3.9563271999359135 -8.4344043731689435 6.5000000000000009 66.500000000000014 0.22500000149011615 -11.234835624694822 4.7664294242858896 8.9140625000000018 33.500000000000007 -1.0000000180025095e-35 1.0000000180025095e-35 0.83019039034843456 6.9092540740966806
decision_type=2 2 2 2 2 2 2 2 2 2 2 2 2 2 2 2 2 2 2 2 2 2 2 2 2 2 2 2 2 2
left_child=1 5 13 -3 11 18 25 8 10 -8 24 -5 26 14 19 16 -16 -18 -1 -2 21 -21 -19 -12 -6 -4 -11 -28 29 -29
right_child=2 3 6 4 7 -7 9 -9 -10 12 23 -13 -14 -15 15 -17 17 22 -20 20 -22 -23 -24 -25 -26 -27 27 28 -30 -31
leaf_value=0.038881993365745028 -0.052436917147472048 -0.043034650112798223 0.024273554255432331 0.29919471159367389 -0.020477316111132942 0.071319943350770229 -0.046002176480911081 0.038561837542638401 0.037864933202002814 -0.059041267733262882 0.022701030408062792 -0.028834543866001889 -0.0017811955321360715 -0.051732781635642412 0.10054565093481847 0.00073728708413627487 0.85752755176507411 -0.040787733813725892 0.056901985461205049 0.12280725541137018 -0.050759956328532981 0.87982899377001167 0.4041980245422423 0.10895015524465947 0.014561921308467259 -0.037953304541415135 0.01345347043001102 0.26561548324538969 0.051403699267209016 0.03511496448618423
leaf_weight=11641.430910177529 1649.6446719421074 2663.1241560010239 568.88695602491498 23.193506048992276 4744.9076720457524 18124.851196218282 857.53249402996153 20204.129131998867 7262.656194393523 174.09848300460726 1456.6552231209353 2053.179818389006 3023.0996672147885 79340.559299048036 36.44708676636219 112.37634037993848 24.160920470952988 13.119359618052838 18403.049345526844 14.690355719067158 51.129095339216292 5.8777069365605703 37.867553109303117 349.87629476934671 2587.1197542045265 3807.6637863907963 1241.4290089122951 137.40544057358056 1866.8841098649427 69.032732696272433
leaf_count=18343 125607 137424 19164 131 91727 4823 34598 84840 19358 4436 16594 78179 79044 6152142 1245 5783 177 881 15322 553 4005 197 354 2457 16045 180797 27344 2654 23228 2162
internal_value=-0.00260285 0.0412693 -0.0448161 0.0217917 0.0262598 0.0579834 -0.00280859 0.0291397 0.0175248 0.0132578 0.00134803 -0.0244605 0.0210908 -0.0508857 -0.0162932 0.200235 0.392483 0.518969 0.0499274 -0.044965 0.119164 0.468891 0.296282 0.0396598 -0.00811216 -0.0298463 0.0408836 0.0462129 0.0657485 0.191189
internal_weight=182546 89514.2 93031.9 41344.8 38681.7 48169.3 11746 36605.3 16401.2 7369.48 9138.56 2076.37 6511.95 81285.9 1945.31 223.971 111.595 75.1478 30044.5 1721.34 71.6972 20.5681 50.9869 1806.53 7332.03 4376.55 3488.85 3314.75 2073.32 206.438
internal_count=7149614 485243 6664371 446755 309331 38488 373427 231021 146181 173466 126823 78310 138868 6290944 138802 8440 2657 1412 33665 130362 4755 750 1235 19051 107772 199961 59824 55388 28044 4816
is_linear=0
shrinkage=0.055


Tree=22
num_leaves=31
num_cat=0
split_feature=50 54 54 49 27 49 50 3 57 57 26 29 50 15 3 47 26 27 6 24 57 54 3 57 55 40 10 27 26 6
split_gain=97100.8 17049.5 6474.57 2769.35 2632.46 1977.17 1859.9 1526.45 1271.01 1242.96 1124.35 999.398 911.4 877.016 824.875 805.378 695.245 2351.54 1072.2 1664.29 1041.84 693.048 685.68 672.571 1227.72 1633.61 1449.66 658.929 693.362 651.568
threshold=-7.5366191864013663 107.50000000000001 27.500000000000004 3.9281036853790288 168.23635101318362 6.7131190299987802 -1.0000000180025095e-35 0.86607143282890331 241.50000000000003 425.50000000000006 912.00000000000011 0.18333333730697635 -9.4020805358886701 6.688976764678956 0.97368422150611889 -7.1798448562622061 30.500000000000004 224.37039947509768 -12.073047161102293 -11.537818431854246 3.5000000000000004 7.5000000000000009 0.86607143282890331 3.5000000000000004 0.89086914062500011 3.0201274156570439 6.8992187976837167 23.651226997375492 219.50000000000003 -7.4760391712188712
decision_type=2 2 2 2 2 2 2 2 2 2 2 2 2 2 2 2 2 2 2 2 2 2 2 2 2 2 2 2 2 2
left_child=1 4 6 7 8 16 21 9 29 -4 -5 -9 -7 -12 15 -10 17 18 19 -3 -19 -2 -15 24 25 -6 -27 28 -16 -1
right_child=2 5 3 10 23 12 -8 11 14 -11 13 -13 -14 22 27 -17 -18 20 -20 -21 -22 -23 -24 -25 -26 26 -28 -29 -30 -31
leaf_value=0.11894992459380692 0.054886906847015852 -0.0047629995188492912 0.13829228647404754 0.062937417421364661 0.031912548777696434 -0.026725292653214508 0.070298052413735337 0.091233139666061155 -0.017539075158136169 -0.040014460654625397 6.6473235917886774e-05 -0.016662291345945612 0.034245114223740394 0.017857698016943185 0.10626804053451 0.059705652635736836 -0.051762460931765474 0.27373348240039502 0.0095831463368370364 0.34968770834036766 -0.05129263293648028 0.039402476488747153 0.040918822148571038 -0.043187845322501354 -0.055560491446070795 0.71002166422143975 -0.039078272211431668 -0.059680877272722983 0.020536548637619317 0.033328351166045447
leaf_weight=277.81898107100278 19564.584805717692 64.848937370814383 117.62529283110052 2715.4464781535789 67.339851713739336 2607.807924262248 16527.866623774171 559.07604453153908 4479.0427277302369 3468.7257658392191 3461.6643547294661 478.80076198745519 1030.8337432732806 7057.8759557530284 300.6430926695466 444.32382267899811 75054.287848483771 25.516854575835168 145.18350543268025 99.322082676924765 1548.5004403088242 15958.147001171485 8748.979291816242 3059.3735344121233 133.25066560041159 21.154982686042789 10.43138271011412 282.60450999438763 4404.6460102722049 5857.5976131623611
leaf_count=2231 16701 4771 1369 6393 1697 135236 3888 9703 132246 200791 31895 9960 23999 67073 1131 3291 6028567 432 6280 1406 124780 28733 31309 155809 5345 260 353 9646 66077 37496
internal_value=-0.00194618 -0.0379307 0.0437618 0.0216861 0.00844424 -0.0490604 0.0550436 -0.0169877 0.017636 -0.033982 0.029823 0.0416168 -0.00942898 0.0251412 0.00545122 -0.0105144 -0.050934 -0.0178688 0.119568 0.213674 -0.0451734 0.0479372 0.0306308 -0.0363255 0.0531032 0.195101 0.4911 0.021205 0.0261213 0.0372991
internal_weight=178573 99914.5 78658.8 26608.2 19338.2 80576.3 52050.6 4624.23 16046.7 3586.35 21984 1037.88 3638.64 19268.5 9911.26 4923.37 76937.7 1883.37 309.355 164.171 1574.02 35522.7 15806.9 3291.55 232.177 98.9262 31.5864 4987.89 4705.29 6135.42
internal_count=7148868 6741053 407815 358493 415582 6325471 49322 221823 252118 202160 136670 19663 159235 130277 212391 135537 6166236 137669 12457 6177 125212 45434 98382 163464 7655 2310 613 76854 67208 39727
is_linear=0
shrinkage=0.055


Tree=23
num_leaves=31
num_cat=0
split_feature=51 48 54 41 50 50 25 50 3 42 16 8 46 22 52 26 25 16 29 48 54 56 27 42 54 9 21 10 15 8
split_gain=94160.2 8777.82 8164.75 3353.18 1640.82 1484.62 1449.41 1332.78 1556.25 1119.47 1062 1059.62 1037.97 1126.96 917.85 891.957 846.871 790.688 700.842 696.301 801.755 689.826 687.55 686.443 678.192 635.925 680.974 633.38 611.123 808.841
threshold=101.50000000000001 8.5000000000000018 86.500000000000014 -1.0000000180025095e-35 -1.0000000180025095e-35 -10.322669506072996 -12.611005306243895 -7.1366455554962149 0.88194444775581371 1.0000000180025095e-35 4140.5000000000009 0.89587974548339855 1.449754059314728 3.5114340782165532 0.82139611244201671 73.500000000000014 -10.575509071350096 2301563.5000000005 0.92857143282890331 93.500000000000014 40.500000000000007 -0.030517578124999997 200.44151306152347 -1.0000000180025095e-35 7.5000000000000009 4.9211070537567148 1.0000000180025095e-35 1.0000000180025095e-35 7.5789122581481942 2.7403194904327397
decision_type=2 2 2 2 2 2 2 2 2 2 2 2 2 2 2 2 2 2 2 2 2 2 2 2 2 2 2 2 2 2
left_child=1 4 6 21 16 14 -2 -4 18 10 25 -7 13 28 -5 -12 -1 -17 -9 -19 -21 -3 -16 -13 -18 -8 -27 -23 -10 -30
right_child=2 3 7 5 -6 11 9 8 12 -11 15 23 -14 -15 22 17 24 19 -20 20 -22 27 -24 -25 -26 26 -28 -29 29 -31
leaf_value=-0.00095150061158650635 -0.03788152226885972 -0.048243686151913504 -0.050982801394937972 -0.032562625277110874 0.06793435259215494 -0.0084648324933948461 -0.055697393579893777 -0.038718102582962211 0.13862649843556987 0.053847790540607045 0.1243303129445926 -0.044173971135058276 0.0050453223596953175 -0.053325152089159486 0.022151304025179213 -0.020440276477095794 0.056749547322812711 0.11990091234266405 0.14083300084790398 0.043235089519576324 -0.043350969207182392 0.33324592678462162 -0.044440008031749051 0.031258526410766554 0.039341557409494576 0.19997712471168208 0.0073753822375001868 0.017522010920811782 -0.040169589730116029 0.44976962611357973
leaf_weight=1105.0680687949061 1884.1381309134886 2389.0442923950031 73212.334402054548 1968.2519300561398 16882.302346419543 2270.5934800216928 60.059010666795075 2298.4849510239437 127.629105405882 1793.5470370249823 159.10078890994191 365.00236448552459 364.52103914413601 60.233292580582201 3487.4154072059318 3533.0805999906734 13777.365046281368 203.46299711149186 62.879376706667244 892.64204862900078 501.00662370398641 20.808981513604522 537.04634461645037 31778.692967879586 13449.146544606425 171.51455893367529 81.594252947717905 77.727165440097451 11.682257512584327 47.577117953449488
leaf_count=4468 101822 134940 6221288 82375 4541 17651 1639 164143 3025 22881 1004 7851 11687 1928 31900 92986 7799 1840 2137 12046 20527 79 24279 146432 21277 2385 1344 1098 437 1082
internal_value=-0.00245453 0.0374415 -0.0435841 0.019615 0.0543495 0.0234317 0.00512111 -0.0495168 -0.0133908 0.0160943 0.00397077 0.0278305 0.0644606 0.150264 -0.00183091 -0.00189789 0.0462439 -0.0059298 -0.0336495 0.0261334 0.0120643 -0.0423044 0.0132209 0.0303952 0.0481593 0.101563 0.139234 0.0970703 0.215559 0.357574
internal_weight=173574 88108.5 85465.5 42894.6 45213.9 40407 9280.15 76185.3 2973.01 7396.01 5602.46 34414.3 611.643 247.122 5992.71 5289.29 28331.6 5130.19 2361.36 1597.11 1393.65 2487.58 4024.46 32143.7 27226.5 313.168 253.109 98.5361 186.888 59.2594
internal_count=7148891 484690 6664201 446605 38085 310488 258474 6405727 184439 156652 133771 171934 18159 6472 138554 128403 33544 127399 166280 34413 32573 136117 56179 154283 29076 5368 3729 1177 4544 1519
is_linear=0
shrinkage=0.055


Tree=24
num_leaves=31
num_cat=0
split_feature=51 53 51 41 50 50 9 54 54 26 27 47 49 26 28 2 27 50 52 23 57 53 51 48 56 41 31 15 15 7
split_gain=87122.3 8635.67 8050.9 2927.87 1682.08 1646.06 1501.31 1334.94 1212.16 894.866 3015.88 892.732 848.464 819.477 962.68 781.929 730.055 725.134 752.906 677.472 912.483 671.818 834.141 667.048 647.143 606.283 593.27 676.214 887.113 730.451
threshold=101.50000000000001 -0.043940216302871697 8.5000000000000018 -1.0000000180025095e-35 -9.7833590507507306 -1.0000000180025095e-35 4.6007614135742196 27.500000000000004 27.500000000000004 30.500000000000004 224.37039947509768 -5.4076528549194327 2.9650939702987675 263.50000000000006 10.500000000000002 0.10555555671453477 12.669766902923586 -115.02012252807616 0.81339988112449657 6.5000000000000009 66.500000000000014 -0.062499344348907464 186.50000000000003 433.50000000000006 -0.030517578124999997 -1.0000000180025095e-35 3.6242519617080693 8.187716484069826 8.2352285385131854 1.2641811370849612
decision_type=2 2 2 2 2 2 2 2 2 2 2 2 2 2 2 2 2 2 2 2 2 2 2 2 2 2 2 2 2 2
left_child=2 9 5 24 8 16 11 -8 -3 10 15 -5 -9 -14 -15 -2 25 -17 -19 -12 -21 -11 26 -16 -4 -1 27 -23 29 -29
right_child=1 4 3 6 -6 -7 7 12 -10 21 19 -13 13 14 23 17 -18 18 -20 20 -22 22 -24 -25 -26 -27 -28 28 -30 -31
leaf_value=-0.0097302999771636655 0.021743561168902498 0.018850081613622675 -0.046225410013521644 -0.033318731550541637 0.027102621394727119 0.065794031989811042 0.036818182019405919 -0.022633973965705167 -0.030915341808420874 -0.053267586046043348 -0.055439612322505223 0.018677353757440816 0.08476892316938793 -0.044257733567425461 0.017275772893734959 -0.049013225062465068 0.013409075355751681 0.29650556891652036 0.042496251316815434 0.31659499143754061 -0.050109884886342965 -0.016819630409953074 -0.043572012057619208 0.070784175296817756 0.092345553129104876 0.047827479204946864 0.20457923136097372 0.68309887175531736 0.042501549879735492 0.059255497840738823
leaf_weight=563.87242054566741 123.69867917709053 2128.9324316671118 2299.4543467322364 2178.0929558165371 4611.6948653832078 16808.618342369795 17403.820365266874 1604.9441475113854 4836.0532090850174 57749.592692192644 1364.0295147364959 1836.9411047585309 552.4831712404266 737.73381244856864 14535.160173263401 30.114192475564778 2167.7972340006381 141.00083575863391 49.014646728523076 30.810471726581454 45.419308752752841 1001.1394923748448 9640.8309353264049 736.41652458533645 102.12630240805447 26402.101618513465 38.715973901562393 8.7472870629280823 97.798711153678596 11.459206117317079
leaf_count=3792 6983 34334 135972 38850 75079 4920 44243 54364 263799 5293846 121903 6966 3616 32342 119562 1960 8067 2044 1138 784 4112 62343 788880 9411 1167 21549 869 148 5626 510
internal_value=-0.00185044 -0.0426632 0.0361682 0.0187562 0.00135443 0.0520774 0.0223347 0.025933 -0.0157013 -0.0499081 -0.0114163 -0.00953606 0.0154976 0.0191986 0.01691 0.13377 0.0441537 0.194841 0.233753 -0.046419 0.108469 -0.050909 -0.038277 0.0198783 -0.0401531 0.0466223 0.00580951 -0.00194613 0.119793 0.411245
internal_weight=169839 81909.1 87929.6 41987.2 11576.7 45942.4 39585.6 35570.6 6964.99 70332.4 1784.09 4015.03 18166.7 16561.8 16009.3 343.828 29133.8 220.13 190.015 1440.26 76.2298 68548.3 10798.7 15271.6 2401.58 26966 1157.86 1119.14 118.005 20.2065
internal_count=7149179 6664358 484821 446493 373212 38328 309354 263538 298133 6291146 138924 45816 219295 164931 161315 12125 33408 5142 3182 126799 4896 6152222 858376 128973 137139 25341 69496 68627 6284 658
is_linear=0
shrinkage=0.055


Tree=25
num_leaves=31
num_cat=0
split_feature=51 51 53 41 50 50 9 54 47 16 54 53 54 48 48 7 26 49 54 26 31 6 7 9 23 7 54 26 54 40
split_gain=80995.5 7827.81 7726.26 3001.25 1737.09 1381.77 1327.11 1148.66 1040.78 940.412 884.195 813.152 767.486 732.747 686.793 613.75 853.895 674.643 613.379 610.649 602.575 597.946 594.905 593.393 561.423 552.146 644.981 612.667 588.681 588.905
threshold=101.50000000000001 8.5000000000000018 -0.043940216302871697 -1.0000000180025095e-35 -1.0000000180025095e-35 -8.9893836975097638 4.7647428512573251 21.500000000000004 -5.4076528549194327 759.50000000000011 40.500000000000007 -0.058592796325683587 7.5000000000000009 110.50000000000001 995.50000000000011 2.5825104713439946 814.50000000000011 6.2722833156585702 7.5000000000000009 13.500000000000002 2.9700856208801274 -0.025607702322304245 1.6665540337562563 4.9480743408203134 6.5000000000000009 1.8266440629959109 1137.5000000000002 1099.5000000000002 375.50000000000006 2.6735538244247441
decision_type=2 2 2 2 2 2 2 2 2 2 2 2 2 2 2 2 2 2 2 2 2 2 2 2 2 2 2 2 2 2
left_child=1 4 11 -3 12 9 8 -8 20 23 22 -2 -1 -13 18 17 24 21 -7 -15 -5 -9 -11 -4 -17 26 -20 28 -27 -30
right_child=2 3 5 6 -6 14 7 15 -10 10 -12 13 -14 19 -16 16 -18 -19 25 -21 -22 -23 -24 -25 -26 27 -28 -29 29 -31
leaf_value=0.05134523843792993 -0.051990447583383913 -0.043713248425911358 -0.05345420030328113 -0.030321294408314714 0.064306351358069197 0.057518096609885723 0.036937805192353797 0.022770039621330188 0.021803900385567291 0.040917939409435444 -0.033406455061133003 0.043142508248946103 0.033305044986731105 0.069976640112444449 0.072215762537707687 0.037307610646270736 -0.0043684638636709433 0.030907099191014305 0.026669419368098354 -0.039176182487940373 0.059838037285722935 -0.027552084056391427 -0.011819218359167522 0.15625931846346439 0.1791959070547845 0.021376653315101298 0.38315049352527369 -0.040041369721820333 0.45261763811830158 -0.038701383139768904
leaf_weight=13808.580518603325 58656.173359106295 2300.9372583236545 52.767292957752943 3052.9190226495266 16777.401184760034 749.44035530462861 14295.113936439157 1608.7386058317497 2810.0379494084045 960.25753391347826 4426.4180149808526 356.60526512842625 14863.296063208953 153.79211690463126 761.2904500644654 872.50278157740831 6021.5304477773607 9382.2803965928033 974.99761035107076 7774.9198409542441 237.38917260151356 1276.5139196719974 1958.3160641826689 148.23906625621021 89.126460200175643 300.85098696686327 10.64008020237088 1123.8907425720245 14.877361726015808 10.572684042155741
leaf_count=9236 5642725 137380 2017 51636 4989 1427 32885 30750 9763 11740 251608 18031 24164 3800 11011 11933 94643 46507 15279 625347 2174 28263 45961 3080 406 3914 219 26253 156 409
internal_value=-0.00198452 0.0344284 -0.0425578 0.0172918 0.0502409 -0.000895734 0.0208374 0.0251279 -0.00275777 -0.0146854 -0.0179247 -0.0497098 0.0420008 -0.0335422 0.0254559 0.0163509 0.00333105 0.0237579 0.0141845 -0.0370162 -0.0237356 0.00049702 0.00557246 0.101245 0.0513171 0.000761369 0.0324321 -0.0208015 0.0450715 0.27567
internal_weight=165830 87396.4 78434 41947.1 45449.3 11492.6 39646.2 33545.8 6100.35 7546 7344.99 66941.5 28671.9 8285.32 3946.56 19250.7 6983.16 12267.5 3185.27 7928.71 3290.31 2885.25 2918.57 201.006 961.629 2435.83 985.638 1450.19 326.301 25.45
internal_count=7147706 484729 6662977 446340 38389 373074 308960 245387 63573 314406 309309 6289903 33400 647178 58668 212502 106982 105520 47657 629147 53810 59013 57701 5097 12339 46230 15498 30732 4479 565
is_linear=0
shrinkage=0.055


Tree=26
num_leaves=31
num_cat=0
split_feature=50 54 54 41 25 48 48 3 6 50 47 3 42 57 54 26 13 52 46 41 50 15 26 56 7 32 6 16 10 48
split_gain=69902.2 13365.8 5409.32 4190.13 1919.63 1324.07 1016.98 989.947 984.749 889.306 886.379 835.435 788.117 766.086 744.246 581.283 561.673 558.461 535.934 535.289 1022.89 1092.9 891.073 827.507 2024.51 2036.38 802.301 705.766 699.901 910.004
threshold=-7.5366191864013663 107.50000000000001 7.5000000000000009 -1.0000000180025095e-35 -13.52442407608032 67.500000000000014 8.5000000000000018 0.97368422150611889 -7.1844375133514395 -110.66150283813475 -1.0000000180025095e-35 0.86607143282890331 -1.0000000180025095e-35 3.5000000000000004 133.50000000000003 1155.0000000000002 3.6242519617080693 0.82032141089439403 9.0574235916137713 1.0000000180025095e-35 -12.992023468017576 8.6133213043212908 672.50000000000011 -100.88305664062499 1.4542155861854555 0.89587974548339855 -0.061356576159596436 2303705.5000000005 7.1712725162506112 401.50000000000006
decision_type=2 2 2 2 2 2 2 2 2 2 2 2 2 2 2 2 2 2 2 2 2 2 2 2 2 2 2 2 2 2
left_child=1 4 10 -4 -1 7 -5 -3 -6 -10 -2 14 -11 -7 -8 17 -13 -9 -17 -15 -21 22 28 -24 25 26 -25 -26 -22 -30
right_child=2 5 3 6 8 13 11 15 9 12 -12 16 -14 19 -16 18 -18 -19 -20 20 21 -23 23 24 27 -27 -28 -29 29 -31
leaf_value=-0.038786001609385223 0.046354514717054728 -0.033386974253963107 -0.041442033797610432 0.039571141449836554 0.10774470510472976 0.10153711696941545 0.020108383690356026 0.020109681874053858 -0.040495003315900301 -0.044814575561222786 0.065360532682737879 0.01857092854983234 0.015815648618726686 -0.052590361992792427 -0.010112857916226651 -0.035909583172114436 0.040296118295525221 0.18053144985642519 0.057663262116490636 -0.046754796624086568 0.0049385146459301546 0.19343228108602106 -0.040766827667855762 -0.023789421385645788 -0.015071755612170881 -0.044401583858180584 0.82885797929720062 0.35035355989520928 0.02095055071065403 0.3851196229631571
leaf_weight=2649.6279249135405 18387.220728546381 2371.6001092605293 2760.8795332126319 15619.537623991258 311.34136071428657 96.995767793618143 7938.6070774812251 131.26887218281627 994.7765508973971 674.48393830936402 12554.601547181606 6542.1967242397368 14349.583756618202 47993.502858251333 3570.410859237425 402.92075695190579 8040.527180925943 129.19237887766212 334.13457045983523 13126.790761999786 105.51818362250924 74.313498637638986 1711.6738214176148 3.5938333105295923 320.43411811534315 17.65368318092078 17.671109356917441 11.814167637377976 39.328757637180388 40.44360158033669
leaf_count=154926 16661 116855 173470 16578 2895 4406 31580 2756 49393 24944 2839 34718 183131 4746508 97715 11650 34264 1064 3725 1270232 6078 3021 133341 208 20347 1075 464 265 1695 2220
internal_value=-0.00222373 -0.0361437 0.0364164 0.0241253 0.00459378 -0.0476956 0.0284696 -0.01407 0.011642 0.00974113 0.0540755 0.0218175 0.0130797 -0.0494767 0.0107326 0.0317936 0.0305593 0.101583 0.00661317 -0.0497155 -0.0407822 -0.00728407 -0.0142714 -0.0246266 0.0493581 0.400305 0.707661 0.00292378 0.0997198 0.217405
internal_weight=161323 85908.7 75414 44472.2 18979.8 66928.9 41711.3 3369.12 16330.2 16018.8 30941.8 26091.7 15024.1 63559.7 11509 997.517 14582.7 260.461 737.055 63462.7 15469.2 2342.44 2268.13 2082.84 371.167 38.9186 21.2649 332.248 185.291 79.7724
internal_count=7149024 6741199 407825 388325 415289 6325910 214855 136050 260363 257468 19500 198277 208075 6189860 129295 19195 68982 3820 15375 6185454 1438946 168714 165693 155700 22359 1747 672 20612 9993 3915
is_linear=0
shrinkage=0.055


Tree=27
num_leaves=31
num_cat=0
split_feature=51 53 51 41 47 54 54 50 3 26 25 6 15 16 25 30 25 47 48 26 6 56 14 54 13 32 12 48 50 54
split_gain=68250.6 7246.56 7085.96 2232.08 1772.21 1284.64 1092.35 1020.56 843.992 840.778 3146.78 1175.15 805.207 892.058 740.002 718.424 714.174 673.15 788.517 622.614 764.558 622.105 613.767 601.129 587.965 580.109 570.651 556.306 542.717 705.056
threshold=101.50000000000001 -0.048724085092544549 8.5000000000000018 -1.0000000180025095e-35 -1.0000000180025095e-35 27.500000000000004 27.500000000000004 -11.955196380615233 0.97368422150611889 30.500000000000004 -13.315961360931395 -8.5349602699279767 8.4662156105041522 86469.500000000015 -9.9711747169494611 0.92857143282890331 -12.611005306243895 -9.2239475250244123 788.50000000000011 1883.0000000000002 -8.8804230690002424 -0.030517578124999997 6.138805866241456 7.5000000000000009 3.1567740440368657 2.3502402305603032 1.0000000180025095e-35 34.500000000000007 -115.02012252807616 750.50000000000011
decision_type=2 2 2 2 2 2 2 2 2 2 2 2 2 2 2 2 2 2 2 2 2 2 2 2 2 2 2 2 2 2
left_child=2 9 4 21 14 -3 24 27 15 10 -2 28 19 17 -1 -8 -10 18 -14 -9 22 -4 -21 -16 -5 -15 -26 -7 -12 -30
right_child=1 5 3 6 -6 7 8 12 16 -11 11 -13 13 25 23 -17 -18 -19 -20 20 -22 -23 -24 -25 26 -27 -28 -29 29 -31
leaf_value=0.010298158999749552 -0.04509476722802061 0.020030969708749936 -0.046388943019107627 0.0071534895777561891 0.061690971982461693 0.2360931810974311 -0.0066582134203597692 0.029123367794110951 -0.027949641217166702 -0.050910099110250677 -0.043599959652070593 -0.01412533723384865 0.53826184512481923 -0.054805331741056 0.050066824956817517 0.059760495707264452 0.023475907132674566 -0.04440692618264018 0.12216698045328082 0.41878797520728617 -0.020764854261238915 0.088464836183084442 0.029995723781638863 0.033175051254738165 0.033018773098217651 0.19288458368672787 -0.069676381103578766 -0.034068680909747857 0.14860965569692475 0.38944419684819048
leaf_weight=2563.6551821548492 1275.8690226329491 4181.9761930210516 2034.3790955021977 3547.2535738600418 15451.437101338059 18.23398454580456 8874.3364666048437 1311.343572517857 883.23833846673369 56966.298859628849 17.102090540342033 77.884511755779386 25.884228758513927 92.644936369732022 12339.383311085403 516.58390777930617 10278.304933033884 16.675660716369748 31.879552544094622 16.348936120979488 2723.9992635175586 104.49078204482794 30.927748411893845 13297.965311996639 15600.546819453128 35.507406367920339 160.90918002743274 5185.6954401433468 85.820288362912834 76.237447595223784
leaf_count=8576 129357 47307 136072 11633 4846 262 152740 37070 37969 5979244 1066 5004 367 3377 7093 4103 62564 555 482 160 102675 1164 570 17891 39538 864 983 354588 880 1137
internal_value=-0.00200318 -0.041404 0.0311962 0.0150659 0.0467124 -0.00535017 0.0180043 -0.0165406 0.00917592 -0.0498285 -0.00959787 0.164094 0.00333689 0.109005 0.0384962 -0.00297474 0.0193958 0.253863 0.336647 -0.00203359 -0.0168027 -0.0396099 0.191641 0.0413133 0.0273964 0.0184885 0.0319486 -0.0328963 0.239849 0.270171
internal_weight=157823 72170.3 85652.5 42000 43652.4 13671.1 39861.2 9489.14 20552.5 58499.2 1532.91 257.044 4285.21 202.592 28201 9390.92 11161.5 74.4394 57.7638 4082.62 2771.28 2138.87 47.2767 25637.3 19308.7 128.152 15761.5 5203.93 179.16 162.058
internal_count=7150137 6664965 485172 446766 38406 548277 309530 500970 257376 6116688 137444 8087 146120 5645 33560 156843 100533 1404 849 140475 103405 137236 730 24984 52154 4241 40521 354850 3083 2017
is_linear=0
shrinkage=0.055


Tree=28
num_leaves=31
num_cat=0
split_feature=51 51 53 41 50 50 8 53 26 25 25 54 26 25 26 2 23 57 57 57 3 57 25 54 7 3 25 47 25 56
split_gain=63256 7104.02 5997.8 2577.02 1869.48 1538.36 1241.78 1039.42 999.654 887.644 855.553 784.404 751.24 2353.37 725.454 694.76 675.027 644.238 625.525 598.963 905.206 588.311 912.674 1070.42 973.148 605.778 941.25 682.515 575.938 570.295
threshold=127.50000000000001 8.5000000000000018 -0.048724085092544549 -1.0000000180025095e-35 -1.0000000180025095e-35 -9.7833590507507306 3.7256208658218388 -0.078798651695251451 124.50000000000001 -13.52442407608032 -10.405081272125242 277.50000000000006 30.500000000000004 -13.315961360931395 13.500000000000002 0.10555555671453477 6.5000000000000009 232.50000000000003 66.500000000000014 33.500000000000007 0.78019323945045482 33.500000000000007 -13.52442407608032 731.50000000000011 5.9911189079284677 0.97368422150611889 -8.4344043731689435 -11.033621788024901 -6.6345360279083243 -0.030517578124999997
decision_type=2 2 2 2 2 2 2 2 2 2 2 2 2 2 2 2 2 2 2 2 2 2 2 2 2 2 2 2 2 2
left_child=1 4 12 14 10 21 7 -5 -9 -8 -1 -12 13 16 -3 -15 -2 -7 -18 -10 -21 22 23 -4 -25 -23 -27 -28 -19 -16
right_child=2 3 5 6 -6 17 9 8 19 -11 11 -13 -14 15 29 -17 18 28 -20 20 -22 25 -24 24 -26 26 27 -29 -30 -31
leaf_value=-0.0040351675055538081 -0.055303580765123185 0.29871084252724617 -0.045219313022406234 -0.03586718301094094 0.060334327118125794 0.053898392740447804 -0.029034752011535846 0.067801189279175167 0.035437827824278484 0.029830871262847586 0.040746872172258135 -0.0041482826557358524 -0.051198786310959241 0.0093114671390160612 -0.04795027967415446 0.1900927024544786 0.25576674923563231 -0.0031173040345326428 -0.048866257609046983 -0.0097915390797665494 0.015247260573056653 -0.042312827271759119 0.075043122997056372 0.87931682172681869 -0.030958719350054072 -0.027566101391136466 0.011500331294964503 0.12659209693840193 0.064869823488557882 0.075767303190522772
leaf_weight=1504.4549469780177 1158.0983856497332 14.076616972684858 493.3941083047539 1511.0788667602465 15197.591942507774 1142.7880437774584 806.37619684170932 900.96369739528745 2261.7114246618003 17774.198048036546 24742.771856084466 1235.1183800436556 53114.506545376964 97.521742985583842 2452.9770629247651 186.89868496637791 37.342541138641536 2821.8232712196186 36.727224512957036 7163.6364496396855 11174.678444045596 3824.9186128182337 448.3968730987981 2.3510093884542567 6.2457749089226127 2322.3970416048542 613.2731691012159 204.52525174152106 429.95871479436755 113.76833528000861
leaf_count=7204 124587 195 29964 69618 4924 7918 38111 4379 11184 107822 21747 4558 5874145 5535 184696 2426 758 78241 4012 79050 75404 239673 3771 57 519 141771 18283 2869 5079 1284
internal_value=-0.00211817 0.028848 -0.0422946 0.0133841 0.0448495 -0.00760912 0.0166945 0.00815233 0.0112536 0.027269 0.036277 0.0386119 -0.0501089 -0.0118952 -0.0398958 0.129338 -0.044887 0.0184717 0.111177 0.0087646 0.00546616 -0.0220913 0.018425 -0.0323898 0.449791 -0.027629 -0.00970454 0.0408783 0.00595791 -0.04233
internal_weight=153795 86853.4 66941.2 44173.5 42679.9 12310.1 41592.6 23012.1 21501 18580.6 27482.3 25977.9 54631.1 1516.59 2580.82 284.42 1232.17 4394.57 74.0698 20600 18338.3 7915.5 950.388 501.991 8.59678 6965.11 3140.2 817.798 3251.78 2566.75
internal_count=7149784 610176 6539608 571743 38433 528145 385568 239635 170017 145933 33509 26305 6011463 137318 186175 7961 129357 91238 4770 165638 154454 436907 34311 30540 576 402596 162923 21152 83320 185980
is_linear=0
shrinkage=0.055


Tree=29
num_leaves=31
num_cat=0
split_feature=51 51 53 41 47 54 8 7 23 25 26 25 26 53 42 50 15 6 0 23 26 30 50 3 14 25 53 26 54 16
split_gain=58278.1 6919.52 6364.78 2327.48 1742.86 1281.44 1153.67 872.159 881.537 741.118 693.966 2033.41 681.077 662.315 654.8 647.744 648.361 611.149 605.629 604.729 595.112 594.242 1181.52 586.351 814.661 591.515 577.664 569.299 565.608 563.157
threshold=127.50000000000001 8.5000000000000018 -0.048724085092544549 -1.0000000180025095e-35 -1.0000000180025095e-35 27.500000000000004 2.5249279737472539 2.7351288795471196 2.5000000000000004 -10.405081272125242 30.500000000000004 -13.315961360931395 1804.5000000000002 -0.06445217132568358 -1.0000000180025095e-35 -11.955196380615233 8.5478196144104022 -8.5349602699279767 0.81666666269302379 6.5000000000000009 13.500000000000002 0.92857143282890331 -8.7809662818908674 0.97368422150611889 4.7833075523376474 -7.1768500804901114 -0.080727070569992052 124.50000000000001 277.50000000000006 2097894.5000000005
decision_type=2 2 2 2 2 2 2 2 2 2 2 2 2 2 2 2 2 2 2 2 2 2 2 2 2 2 2 2 2 2
left_child=1 4 10 20 9 -4 13 14 -9 -1 11 19 -10 -5 -8 23 -17 -13 21 -2 -3 26 -23 -7 -25 -26 -16 -15 -11 -18
right_child=2 3 5 6 -6 15 7 8 12 28 -12 17 -14 27 18 16 29 -19 -20 -21 -22 22 -24 24 25 -27 -28 -29 -30 -31
leaf_value=-0.0013298173077028986 -0.055261155908294925 0.24435882910668327 0.020723812037988829 -0.034764394372616546 0.058981274318921542 -0.048224398971101014 -0.060057317429583944 -0.021494564629143492 0.049940030256928621 0.039511019144979544 -0.05108080201356556 0.16656189256310272 0.0075299900711105899 0.062400313261606194 -0.018759718873080349 -0.0048867200686262035 0.18319729701321946 -0.013600898078799087 0.055460567743651296 0.097022053732938748 -0.041776843393695841 0.22802547605989423 0.043927923178163408 0.27049033769159297 -0.019257233478430624 0.13452631473122234 0.025088009740610158 0.00260761543732078 0.002603913673932205 -0.051149972506828414
leaf_weight=1565.03321570158 1097.2098610084504 17.28096675593406 3794.9774037115276 1394.6698784502223 14523.170253761113 2657.6824408443645 252.38273490034044 2433.4804614009336 1484.812246190384 24711.806840486825 50514.953649855219 206.79743798263371 4966.5869461884722 501.97860094718635 957.55180417001247 3425.6355842128396 98.114543497562408 76.928497956134379 2216.6536817215383 80.456668212078512 2465.5597173077986 115.50827836152166 882.44100866466761 26.010798327624798 2011.9898696970195 73.651247275993228 16737.085279289633 9670.0693712038919 1324.1118015572429 41.739281584508717
leaf_count=7284 124641 192 43643 59126 4866 203970 7589 67034 11422 21744 5875208 3070 42525 1802 35073 129937 2417 4858 2409 4756 186109 160 1782 919 142590 2502 83656 72826 4528 1685
internal_value=-0.00191544 0.0276126 -0.0416285 0.0123818 0.043553 -0.00575156 0.0154696 0.0211507 0.00668436 0.0354257 -0.0499998 -0.0125854 0.0173219 0.000709126 0.0272215 -0.0178114 -7.42092e-05 0.118324 0.0282891 -0.0444912 -0.0392982 0.025053 0.066267 -0.0310575 -0.00938882 -0.0135179 0.0227105 0.00558752 0.0376349 0.113905
internal_weight=150326 86220.2 64106.1 44096.1 42124.1 12129.8 41613.2 30046.5 8884.88 27601 51976.3 1461.39 6451.4 11566.7 21161.6 8334.82 3565.49 283.726 20909.2 1177.67 2482.84 18692.6 997.949 4769.33 2111.65 2085.64 17694.6 10172 26035.9 139.854
internal_count=7150323 610127 6540196 571705 38422 527663 385404 251650 120981 33556 6012533 137325 53947 133754 130669 484020 134039 7928 123080 129397 186301 120671 1942 349981 146011 145092 118729 74628 26272 4102
is_linear=0
shrinkage=0.055


Tree=30
num_leaves=31
num_cat=0
split_feature=51 48 53 41 50 50 50 26 27 53 26 48 26 9 26 54 50 24 32 53 56 41 15 13 15 8 25 30 45 51
split_gain=53291.6 6280.31 5943.92 2223.14 1660.76 1359.22 1177.67 690.903 1678.02 677.311 654.942 886.551 661.718 626.941 603.503 600.584 585.457 1404.97 987.382 1107.2 582.748 960.42 800.886 1004.45 1287.11 602.361 572.941 1027.74 1248.84 1019.04
threshold=127.50000000000001 8.5000000000000018 -0.048724085092544549 -1.0000000180025095e-35 -1.0000000180025095e-35 -6.1361060142517081 -9.7833590507507306 30.500000000000004 200.44151306152347 -0.02392366528511047 190.50000000000003 564.50000000000011 174.50000000000003 4.2006096839904794 8319.5000000000018 7.5000000000000009 -6.7188162803649893 -3.9223191738128658 1.0000000180025095e-35 -0.06347560882568358 -100.87377929687499 1.0000000180025095e-35 7.6379573345184335 3.5114340782165532 7.813793659210206 2.9174053668975835 -12.611005306243895 0.92857143282890331 0.83984553813934337 50.500000000000007
decision_type=2 2 2 2 2 2 2 2 2 2 2 2 2 2 2 2 2 2 2 2 2 2 2 2 2 2 2 2 2 2
left_child=1 4 7 10 9 13 -4 8 -2 -1 11 12 -3 -5 -7 -8 -9 18 19 -18 -19 22 -22 24 25 -24 -15 -28 29 -29
right_child=2 3 6 5 -6 14 15 16 -10 -11 -12 -13 -14 26 -16 -17 17 20 -20 -21 21 -23 23 -25 -26 -27 27 28 -30 -31
leaf_value=0.023352616498171497 0.098199519011604633 -0.034628190558962303 -0.01948349009952376 -0.034069807556779998 0.057952013533717213 0.03159389555091071 0.053951939309114336 -0.051485393797851005 -0.0438141520922588 0.041523235112163603 -0.047773562806465122 0.29885042767366071 0.31076852225044288 -0.022765174864935452 0.014527173895164445 0.00532235319803912 -0.031612338656073248 -0.040836543053146698 0.046740098847840396 0.79533422468853165 -0.052876066022952646 0.5723931749391078 1.1350489461296522 0.037196529096038683 -0.030649493395104987 -0.012930730469857663 0.0073328565780205459 0.10318381622407609 0.040250901065680002 0.45223522282457523
leaf_weight=10490.907457016408 320.52330126892775 155.38806715514511 7614.0968627212569 1233.2035391237587 13519.495965650305 13176.812625000253 983.32810256071389 46942.420075546019 1105.2934753568843 15281.676964011043 2203.059969233349 31.988520479761064 13.739337185397742 1804.7639243137091 11978.63670963794 3456.0155554199591 6.5588837359100607 908.85781986359507 28.071181973442435 10.818618717603384 97.867768365889788 5.9387713139876714 3.5478383647277933 32.98762599658221 6.1460070181638002 1.5164228808134792 14567.377477596514 66.2466856604442 385.34580024145544 40.462631991133094
leaf_count=21423 10454 11265 436625 31806 4514 33509 1916 5762454 126697 12117 172615 339 892 87558 43547 89422 604 96420 1526 173 10117 135 135 2642 630 158 188486 220 1258 237
internal_value=-0.00201682 0.0262155 -0.0409975 0.0123403 0.0423347 0.015203 -0.00636099 -0.0494352 -0.0116579 0.0341327 -0.0390852 0.0549384 0.00154856 0.00370643 0.0234715 0.0161425 -0.050555 -0.0108786 0.272781 0.545891 -0.0243039 0.0752356 0.035699 0.217272 0.57225 0.955654 0.00647812 0.00998911 0.0877631 0.249857
internal_weight=146473 84949.1 61524 45657 39292.1 43252.8 12053.4 49470.5 1425.82 25772.6 2404.18 201.116 169.127 18097.4 25155.4 4439.34 48044.7 1102.31 45.4487 17.3775 1056.86 148.004 142.066 44.1979 11.2103 5.06426 16864.2 15059.4 492.055 106.709
internal_count=7149894 609786 6540108 571732 38054 386621 527963 6012145 137151 33540 185111 12496 12157 309565 77056 91338 5874994 112540 2303 777 110237 13817 13682 3565 923 293 277759 190201 1715 457
is_linear=0
shrinkage=0.055


Tree=31
num_leaves=31
num_cat=0
split_feature=51 53 50 47 42 54 9 26 25 51 53 30 7 50 26 27 51 46 10 57 41 53 57 27 54 23 46 56 52 7
split_gain=49630.6 6033.89 5531.01 2339.4 1756.81 1170.91 1109.46 1064.36 1060.05 977.118 819.115 828.851 1179.71 762.146 727.847 1434.29 702.823 678.284 591.671 587.35 576.049 562.233 557.722 967.97 776.054 557.5 551.238 610.37 550.125 748.672
threshold=127.50000000000001 -0.048724085092544549 -4.3811669349670401 -1.0000000180025095e-35 -1.0000000180025095e-35 14.500000000000002 4.8001670837402353 247.00000000000003 -8.6950330734252912 25.500000000000004 -0.05370736122131347 0.92857143282890331 1.8839673399925234 -13.487413883209227 30.500000000000004 224.37039947509768 92.500000000000014 6.9457826614379892 6.2176032066345224 66.500000000000014 -1.0000000180025095e-35 -0.02392366528511047 33.500000000000007 369.09823608398443 731.50000000000011 6.5000000000000009 11.787520408630373 -100.88696289062499 0.84037089347839367 3.0868413448333745
decision_type=2 2 2 2 2 2 2 2 2 2 2 2 2 2 2 2 2 2 2 2 2 2 2 2 2 2 2 2 2 2
left_child=2 14 4 8 -1 -3 21 -8 16 -9 11 26 -13 22 15 -2 19 -18 -12 -4 -15 -6 23 24 -7 -17 -11 -28 29 -22
right_child=1 5 3 -5 6 13 7 9 -10 10 18 12 -14 20 -16 25 17 -19 -20 -21 28 -23 -24 -25 -26 -27 27 -29 -30 -31
leaf_value=-0.052301288920643396 0.082282104798663158 0.027198986882191186 0.032280637469775816 0.056286042397113982 -0.022880013287939302 0.093789805616691091 0.054814780202793872 0.023263557039716228 0.037800805820647862 -0.033609312894059898 0.027735091653036625 0.37194689703324357 -0.010165673844260124 -0.046201645660558052 -0.050282550223724083 -0.055172920234151851 -0.020974590987685927 0.16647797807297285 -0.001947210107324263 0.010325757979161085 0.049032459639928604 0.013955606593269276 -0.037494882201615412 -0.034042038986177622 0.58361028855848407 0.087894663432491429 -0.036374672392776461 0.12980066257725184 -0.014393379412000806 -0.015156469867459823
leaf_weight=1401.2440507235005 369.41031887941062 2607.7882440481335 5599.5057794619352 13599.387927135453 3954.0791383013129 172.13378743547946 1915.987037207 12029.486620485783 21393.703682105057 2984.7858164077625 3418.1062036724761 33.612165629863739 65.895986653864384 678.11388744693249 45699.161809233017 960.04287318792194 83.873405239544809 179.76055618468672 4995.4719866830856 10791.390732770786 1507.7145747896284 1830.1262462865561 4012.1583137381822 310.82447736337781 5.712776710279285 85.623580393381417 126.86501411069185 132.43289734888822 1827.3330773673952 860.36327103432268
leaf_count=93008 11671 18388 6623 6615 95818 3810 19329 44002 33997 176611 31292 85 3064 39513 5873981 120704 2002 1061 53964 32185 49644 5785 304432 23306 67 4833 2416 1536 50962 37756
internal_value=-0.00155151 -0.0402176 0.0254796 0.0367052 0.00784795 -0.0053659 0.0105326 0.0154299 0.0297 0.0122466 0.000969366 -0.0220395 0.130525 -0.0144346 -0.0490796 -0.0101907 0.0192858 0.107561 0.0101209 0.0178336 0.000639909 -0.0112232 -0.0307399 0.0245389 0.125053 -0.0430954 -0.0269129 0.0493471 0.008257 0.0257287
internal_weight=143632 59096.4 84535.7 51647.6 32888.1 11982.1 31486.8 25702.6 38048.2 23786.7 11757.2 3343.59 99.5082 9374.35 47114.2 1415.08 16654.5 263.634 8413.58 16390.9 4873.52 5784.21 4500.83 488.671 177.847 1045.67 3244.08 259.298 4195.41 2368.08
internal_count=7148460 6539067 609393 82483 526910 527878 433902 332299 75868 312970 268968 183712 3149 509490 6011189 137208 41871 3063 85256 38808 177875 101603 331615 27183 3877 125537 180563 3952 138362 87400
is_linear=0
shrinkage=0.055


Tree=32
num_leaves=31
num_cat=0
split_feature=51 54 53 53 50 47 41 25 6 25 8 49 26 25 54 16 26 28 30 6 8 23 8 50 3 46 10 0 22 51
split_gain=45573.5 6054.22 5734.99 2212.21 1253 1152.69 1013.57 1306 873.226 841.505 736.668 707.202 699.207 1226.34 668.045 772.514 553.323 684.49 806.507 579.411 545.3 540.262 538.945 532.285 2069.89 1273.23 713.1 617.983 570.806 515.215
threshold=127.50000000000001 7.5000000000000009 -0.048724085092544549 -0.072264790534973131 -5.45890188217163 -1.0000000180025095e-35 -1.0000000180025095e-35 -12.611005306243895 -7.3544647693634024 -8.6950330734252912 1.8688348531723025 7.2336952686309823 24.500000000000004 -12.611005306243895 139.50000000000003 4140.5000000000009 334.50000000000006 56.500000000000007 0.92857143282890331 -12.073047161102293 3.7494349479675297 6.5000000000000009 2.9700856208801274 -6.7188162803649893 0.97368422150611889 -0.047001281753182404 6.1994898319244394 0.64583334326744091 3.5694335699081425 50.500000000000007
decision_type=2 2 2 2 2 2 2 2 2 2 2 2 2 2 2 2 2 2 2 2 2 2 2 2 2 2 2 2 2 2
left_child=1 5 12 11 10 -1 -4 -8 -9 -6 -5 -3 13 21 15 -10 -12 19 -19 22 -13 -2 -18 -14 -25 26 -26 -27 -28 -20
right_child=2 3 6 4 9 -7 7 8 14 -11 16 20 23 -15 -16 -17 17 18 29 -21 -22 -23 -24 24 25 27 28 -29 -30 -31
leaf_value=0.035929897589624525 -0.051262826844342239 -0.037277161165787775 -0.048212067794807897 -0.018877910131993827 0.013756588240148946 0.058734951780698243 -0.036403797855816308 0.12505822715974402 0.097763482939360533 0.032046807243742634 0.04417737151704007 -0.024500353349870489 -0.051040502333833657 0.094004504455655766 -0.020087702628544056 0.0121325454612788 0.20758379055167944 0.0089585109342420529 0.039320093672426622 -0.03289889175765439 0.027816676187217792 0.092971773222240775 -0.05042163553655362 -0.043976273289594275 -0.039848572509960517 -0.052103181850051798 0.46296189284118078 0.30183036756040543 -0.033150207166502528 0.16676191722368225
leaf_weight=19268.214954156429 831.64416742371395 3120.4488912425004 1488.3035962432623 3173.9949508537538 14357.657390044071 10319.767710350454 2281.2195321535692 192.0941781019792 333.29014086723328 16215.239404824562 1323.414453885518 1167.2056412324309 42648.824341183528 272.86318343225867 1944.2840244034305 5555.5716037442908 55.234538967721164 11245.207127893809 265.5887961704284 1642.9368172087707 1235.4173691598698 82.116527105681598 38.533839377574623 875.09537227218971 12.096370149403809 69.129212931729853 52.584324788302183 13.708927982486783 7.2586226714774957 149.24254384357482
leaf_count=23394 106340 222775 101080 56168 42782 2793 166013 1681 4664 31515 10754 25328 5783043 5417 128813 125559 773 116716 581 55076 18477 4145 2030 104903 695 5023 1411 103 498 716
internal_value=-0.00191664 0.0238982 -0.0399943 0.0129378 0.0166962 0.0438925 -0.00586405 0.000271625 0.010713 0.023461 0.00513504 -0.0200292 -0.0489653 -0.00727493 0.00783089 0.0170578 0.0103174 0.00695729 0.0117571 -0.025209 0.00240272 -0.0378655 0.104372 -0.0500969 -0.0109647 0.171215 0.332362 0.0203164 0.40487 0.0866094
internal_weight=140238 83578.1 56660.1 53990.1 48467 29588 11794.8 10306.5 8025.24 30572.9 17894.2 5523.07 44865.3 1186.62 7833.15 5888.86 14720.2 13396.7 11660 1736.71 2402.62 913.761 93.7684 43678.7 1029.87 154.777 71.9393 82.8381 59.8429 414.831
internal_count=7149266 609878 6539388 583691 317111 26187 527810 426730 260717 74297 242814 266580 6011578 115902 259036 130223 186646 175892 118013 57879 43805 110485 2803 5895676 112633 7730 2604 5126 1909 1297
is_linear=0
shrinkage=0.055


Tree=33
num_leaves=31
num_cat=0
split_feature=51 53 54 50 50 41 41 25 26 27 25 26 25 26 30 24 15 53 50 48 41 52 28 19 24 23 56 9 9 26
split_gain=41948.4 5734.51 5686.86 2150.54 1132.92 1084.52 869.641 980.975 815.307 1339.93 749.234 727.399 622.436 701.565 685.022 738.369 894.939 877.285 608.558 1041.01 734.028 813.089 689.775 604.148 599.503 594.974 588.592 597.669 563.408 514.274
threshold=127.50000000000001 -0.043940216302871697 7.5000000000000009 -5.45890188217163 -1.0000000180025095e-35 -1.0000000180025095e-35 -1.0000000180025095e-35 -13.52442407608032 30.500000000000004 200.44151306152347 -8.6950330734252912 4076.5000000000005 -13.083847999572752 4.5000000000000009 0.6904762089252473 -4.1209394931793204 7.4238667488098153 -100.80435943603514 -2.6792641878128047 85.500000000000014 1.0000000180025095e-35 0.79106718301773082 6668.0000000000009 1.5000000000000002 -0.52324095368385304 3.5000000000000004 -0.033447265624999993 4.9001557826995858 4.6205301284790048 155.50000000000003
decision_type=2 2 2 2 2 2 2 2 2 2 2 2 2 2 2 2 2 2 2 2 2 2 2 2 2 2 2 2 2 2
left_child=2 8 4 5 -1 -4 -3 -8 9 -2 -5 26 13 -7 15 17 29 23 -10 -20 -21 22 -22 -14 -16 -19 27 -9 -18 -17
right_child=1 6 3 10 -6 12 7 11 18 -11 -12 -13 14 -15 24 16 28 25 19 20 21 -23 -24 -25 -26 -27 -28 -29 -30 -31
leaf_value=0.034655911493123692 0.071240468412322483 -0.048078918224015055 -0.040982497125498667 0.012335847286264835 0.057665323764581583 0.20659891819643511 -0.041033343439624663 -0.024166111243350524 -0.049454720984371994 -0.04259344481722506 0.029184518357008766 -0.0077573755326645769 0.48912543401462488 -0.034066764840494305 -0.036133940759472176 0.04855270290769842 -0.038848055402820339 -0.0086451665196234876 0.56846487940693669 -0.033009421715617632 0.70204251501023385 -0.04221462986555026 -0.027893799863002389 0.12553548191165059 0.080308929554089026 0.067023547064595485 0.057004619168358008 0.02952729552986972 0.019446938442649463 -0.014294874753492835
leaf_weight=19215.709101896733 450.24178583361208 1058.9949238235131 1885.0169613095932 15098.049938520417 9793.8244774825871 32.526530565693974 1220.0881737358868 900.56596403568983 43100.537574319635 994.86968975141644 16968.166187029798 3203.2031822167337 13.585834512952713 1688.201122214552 166.86122565064579 407.98170812800527 539.59618612285703 617.22804772295058 6.0173877477645865 151.5324804247357 8.4058783138170856 14.428920912556348 5.0104740848764768 80.463809194974601 621.86462573846802 633.40176909044385 1341.24998811353 2037.555392078124 6387.5772026497871 8579.5342944813892
leaf_count=23458 10780 65783 165007 52872 2725 172 87085 24634 6024486 127759 43626 119910 132 92119 1558 4743 12308 7084 325 16634 111 802 433 1156 1547 2968 16106 44713 71838 126201
internal_value=-0.00186819 -0.0393349 0.0228115 0.0122128 0.0424327 -0.00117871 -0.00114091 0.00459514 -0.047669 -0.00700378 0.0212547 0.0120576 0.00262611 -0.0289321 0.00564209 0.00334355 3.11619e-05 0.0424013 -0.0490256 0.0494132 0.0170576 0.253068 0.495878 0.200097 0.0556021 0.0297928 0.0268813 0.0130566 0.0148813 -0.0114165
internal_weight=137222 54492.7 82729.6 53720.1 29009.5 21653.8 9761.66 8702.66 44731 1445.11 32066.2 7482.57 19768.8 1720.73 18048.1 17259.4 15914.7 1344.68 43285.9 185.395 179.378 27.8453 13.4164 94.0496 788.726 1250.63 4279.37 2938.12 6927.17 8987.52
internal_count=7149075 6539561 609514 583331 26183 486833 358231 292448 6181330 138539 96498 205363 321826 92291 229535 226430 215090 11340 6042791 18305 17980 1346 544 1288 3105 10052 85453 69347 84146 130944
is_linear=0
shrinkage=0.055


Tree=34
num_leaves=31
num_cat=0
split_feature=51 53 51 50 53 54 42 8 28 50 26 25 54 3 31 57 55 25 2 25 28 0 22 26 0 45 41 38 8 45
split_gain=38615.3 5278.18 5024.58 1824.18 1624.22 1077.03 860.133 786.053 758.786 705.407 688.363 629.352 652.036 599.127 665.062 695.591 865.398 852.408 684.319 680.176 1031.48 701.585 584.154 561.335 543.282 540.923 856.389 681.512 1302.28 1018.86
threshold=127.50000000000001 -0.051756858825683587 8.5000000000000018 -1.0000000180025095e-35 -0.079736918210983262 40.500000000000007 -1.0000000180025095e-35 2.6735538244247441 31.500000000000004 -7.1366455554962149 832.50000000000011 -10.405081272125242 7.5000000000000009 0.97368422150611889 1.4978661537170412 14.500000000000002 0.88842773437500011 -13.722517490386961 0.14835165441036227 -13.52442407608032 12.500000000000002 0.84523808956146251 1.0000000180025095e-35 73.500000000000014 0.53571429848670971 0.83291497826576244 1.0000000180025095e-35 1.0000000180025095e-35 2.5249279737472539 0.80201655626297008
decision_type=2 2 2 2 2 2 2 2 2 2 2 2 2 2 2 2 2 2 2 2 2 2 2 2 2 2 2 2 2 2
left_child=2 -2 3 11 -4 -3 -6 10 23 13 -8 -1 -13 -7 15 16 18 -17 -15 20 -19 25 -20 -9 -10 26 -21 29 -29 -28
right_child=1 5 4 -5 6 9 7 8 24 -11 -12 12 -14 14 -16 17 -18 19 22 21 -22 -23 -24 -25 -26 -27 27 28 -30 -31
leaf_value=-0.0065945582886304003 -0.048636033345158841 0.012969499315301381 -0.02692865516543564 0.053475617942393902 -0.041438755623207535 -0.04083797321644915 0.028292683770453186 0.057657938129354984 0.016534534046686009 0.02024489491862172 -0.0048899413579716246 0.039812597789541299 0.021534067875398258 -0.037666673271469921 -0.039591343177989055 -0.055046304962432638 0.0064108510857144984 -0.033601008442921708 0.57732227126969626 -0.053540725988234596 0.85213272872684687 0.29592477616654567 -0.02880417019012587 -0.022945193549275794 0.035161520693083564 -0.0060884285587484181 0.59875109055595965 -0.046497447105614154 0.44806406110693198 0.038774690789315634
leaf_weight=1507.3383013047278 39698.866966667119 4711.8586003081873 3488.7533368379809 12601.11295094341 881.30799597501755 3922.9443693291396 2346.1145662302151 296.91365502588451 19087.627752491739 1117.7443794980645 9661.4389084475115 11047.71762586385 12729.403458794579 9.7488711508922261 1185.0412598121911 488.25110572576523 49.840488300658762 7.6130768312141281 21.42093254765496 104.50064434437081 2.577256117016077 23.492536823730916 5.3184806425124398 1947.2405624268577 6305.7884009941481 780.24596103047952 5.5031751515343776 23.358329043257982 41.324119399301708 170.47913820343092
leaf_count=7189 5888673 74616 222362 4956 41206 330607 19433 1318 120826 32303 96457 7491 18705 752 89651 49985 3377 729 549 7610 158 316 471 54285 15201 46396 176 1558 1975 10395
internal_value=-0.00188909 -0.0387723 0.0216962 0.0363786 0.00905583 -0.00786252 0.0121565 0.013353 0.018457 -0.0201952 0.00160258 0.0278491 0.0300335 -0.026812 -0.00792254 0.0137761 0.161529 0.00556777 0.347101 0.0312273 0.397162 0.0262747 0.471218 -0.0121765 0.0211661 0.0193619 0.0761577 0.132418 0.278945 0.0723437
internal_weight=134271 52370.1 81900.8 37885.6 44015.2 12671.3 40526.4 39645.1 27637.6 7959.4 12007.6 25284.5 23777.1 6841.66 2918.72 1733.67 86.3288 1647.35 36.4883 1159.09 10.1903 1148.9 26.7394 2244.15 25393.4 1125.41 345.165 240.665 64.6824 175.982
internal_count=7149726 6540297 609429 38341 571088 651624 348726 307520 191630 577008 115890 33385 26196 544705 214098 124447 5149 119298 1772 69313 887 68426 1020 55603 136027 68110 21714 14104 3533 10571
is_linear=0
shrinkage=0.055


Tree=35
num_leaves=31
num_cat=0
split_feature=51 54 51 41 50 50 3 46 53 27 41 45 9 16 26 31 28 13 9 45 14 53 24 26 14 8 53 54 40 56
split_gain=36125 5258.98 4796.92 1693.24 1608.83 1293.37 1600.41 999.641 924.572 863.381 874.504 785.256 755.861 743.522 693.178 688.27 647.052 619.371 681.286 718.757 627.736 597.237 602.354 586.733 649.061 575.351 572.168 562.895 560.68 572.166
threshold=127.50000000000001 107.50000000000001 8.5000000000000018 -1.0000000180025095e-35 -1.0000000180025095e-35 -7.1366455554962149 0.86607143282890331 -0.045052247121930115 -0.049804031848907464 102.69549942016603 -1.0000000180025095e-35 0.76442426443099987 4.7728502750396737 4140.5000000000009 900.50000000000011 2.6020033359527592 28.500000000000004 3.9219243526458745 4.9743888378143319 0.84840014576911937 6.1892895698547372 -0.027831792831420895 -9.9731283187866193 972.50000000000011 4.9089648723602304 2.9700856208801274 -0.018036961555480954 86.500000000000014 3.113268375396729 -100.89135742187499
decision_type=2 2 2 2 2 2 2 2 2 2 2 2 2 2 2 2 2 2 2 2 2 2 2 2 2 2 2 2 2 2
left_child=2 9 4 27 26 -3 -7 8 -8 10 -2 -5 -13 -12 -14 -10 21 23 -19 20 -20 -16 -23 -15 -25 -18 -1 -4 29 -22
right_child=1 5 3 11 -6 6 7 -9 15 -11 13 12 14 17 16 -17 25 18 19 -21 28 22 -24 24 -26 -27 -28 -29 -30 -31
leaf_value=0.019945073608936534 -0.052195679684407588 -0.048699059150183438 0.017454597687375784 -0.058104308713239253 0.051892533524862047 -0.031800756743341756 0.28307124744542667 0.00091086242888279692 -0.0047541528769737022 -0.034292965969672094 0.086990273492975626 -0.0054761446283282797 0.03264132966161825 0.036052360987465323 -0.039735977318045214 0.25621455842373181 0.0013649561289643987 -0.015158001679917937 -0.049681588203199421 0.0084720900321596879 0.55230058215103961 0.35244228262039867 0.017022566635039874 0.13172301989941465 -0.0082283955219298183 0.018841829284315992 0.036615340504115128 -0.053573054614094895 -0.042151362968465125 0.21685454887637196
leaf_weight=14031.213997045532 622.68689378816634 40007.295589677058 418.26040347758681 489.294498690404 11913.618216473609 1378.1268685897812 102.01922633964568 228.01984305866063 110.05135329626501 1682.7401709062979 410.76650959020481 6562.6200224747881 5572.151420168113 1466.6136405402794 1329.8863619412296 37.235833605751395 8108.9964677630924 125.33253415673971 19.380093201529235 71.865903825033456 22.474606326781213 11.692001003772019 577.3424005266279 97.914039012510329 3866.2066129348241 19167.102908907924 11234.895328141749 1699.5084123210981 13.187885557767002 66.785004386678338
leaf_count=24613 36953 6046909 11597 28004 4938 152982 2794 10454 1801 135693 5749 75014 40240 19873 65426 188 64070 3894 747 1049 422 65 5584 2032 116125 106709 8890 174338 599 896
internal_value=-0.00202016 -0.038623 0.0206911 0.00838603 0.0352293 -0.0466174 -0.001722 0.0845502 0.159526 0.000911804 0.00966403 0.0108173 0.0116402 0.0159539 0.0148714 0.0674677 0.0114748 0.0108078 0.0846811 0.148039 0.22679 -0.01936 0.0265909 0.00639426 -0.00461001 0.0136473 0.0273635 -0.039537 0.278969 0.326133
internal_weight=131445 50328.7 81116.6 43936.9 37179.7 41862.7 1855.45 477.326 249.306 8465.95 6783.21 41819.1 41329.8 6160.53 34767.2 147.287 29195 5749.76 319.026 193.693 121.828 1918.92 589.034 5430.73 3964.12 27276.1 25266.1 2117.77 102.447 89.2596
internal_count=7148648 6539160 609488 571047 38441 6215128 168219 15237 4783 324032 188339 385112 357108 151386 282094 1989 241854 145637 7607 3713 2664 71075 5649 138030 118157 170779 33503 185935 1917 1318
is_linear=0
shrinkage=0.055


Tree=36
num_leaves=31
num_cat=0
split_feature=51 53 54 41 47 8 50 50 28 8 0 25 45 10 13 47 57 8 26 15 26 3 25 14 54 16 53 50 40 26
split_gain=33334.2 5267.53 4552.4 1898.03 1198.73 1090.68 1073.24 1009.06 871.809 686.25 640.685 1894.66 1727.12 3105.03 1854.4 1308.27 638.725 883.067 598.038 642.902 595.308 660.169 1061.92 669.014 627.432 654.935 546.473 540.659 524.346 506.405
threshold=136.50000000000003 -0.051756858825683587 7.5000000000000009 -1.0000000180025095e-35 -1.0000000180025095e-35 3.9981586933135991 -8.0631599426269513 -11.265707969665526 28.500000000000004 0.89587974548339855 0.84523808956146251 -15.416914463043211 0.85707646608352672 7.3135535717010507 3.7494349479675297 -107.71564483642577 7.5000000000000009 1.0000000180025095e-35 941.00000000000011 6.1014387607574472 37.500000000000007 0.97368422150611889 -8.4344043731689435 4.9089648723602304 14.500000000000002 2301617.5000000005 -0.037638455629348748 -10.917760848999022 2.8029010295867924 2003.5000000000002
decision_type=2 2 2 2 2 2 2 2 2 2 2 2 2 2 2 2 2 2 2 2 2 2 2 2 2 2 2 2 2 2
left_child=2 10 4 26 -1 7 20 -5 -7 27 -2 16 13 -13 15 -15 17 -12 -11 -20 -3 24 23 -23 25 -22 -4 28 -9 -8
right_child=1 6 3 5 -6 8 29 9 -10 18 11 12 -14 14 -16 -17 -18 -19 19 -21 21 22 -24 -25 -26 -27 -28 -29 -30 -31
leaf_value=0.03024041913225126 -0.049598834046560188 0.060527042162340103 -0.047186596640641329 -0.023333110999528055 0.054925528484757083 -0.018313017209985089 0.048566730748403175 0.29191073296012016 0.026302612135873753 0.03020879301554192 0.42835626196780269 0.055847381903719504 0.045118106659523545 1.7193616614873231 -0.024956803018919567 0.28626204567641528 -0.04972915483084072 -0.046389508632961436 -0.01750859876447446 0.012302117261098328 -0.017725651018245862 0.13142623914386253 0.04220911032488487 -0.023808338745792065 -0.040691220771467106 0.094175972994470225 0.012314145886199212 -0.018659833287228304 -0.050058929948786704 0.0016049517230740896
leaf_weight=18372.200947500765 35101.480965466239 296.84925945755094 2118.5199250499718 3061.7511324607767 8821.9169596470892 1423.8158207722008 1291.5341805405915 28.490247450303286 18462.728980724234 4821.3891784334555 15.838910366408525 24.126692085526884 80.000670699868351 4.448650437872856 3.9025494735687962 5.4578307704068711 630.44905282650143 25.49009127356112 2486.0449533397332 18035.974598951172 574.27501429338008 81.548615278210491 1174.5497480030172 2917.5565837658942 4020.3891233443283 212.79269412625581 596.23480298276991 2854.0962343774736 20.653230585623533 1496.8930035955273
leaf_count=23748 5738650 5402 199576 117315 2773 40370 16420 526 92045 23509 363 1456 4884 274 471 434 102336 3538 18381 101541 6675 2219 28454 205105 341036 1466 7870 24085 758 37451
internal_value=-0.00158151 -0.037929 0.0199122 0.0106557 0.038257 0.0130331 -0.00648848 0.00663332 0.0231045 0.00988504 -0.0484968 0.000491472 0.199118 0.480807 1.01106 1.29067 -0.0355926 0.162146 0.0127869 0.00868745 -0.0154804 -0.0180249 -0.00201469 -0.0193756 -0.0319079 0.0129317 -0.03412 -0.0154245 0.156842 0.0234045
internal_weight=129061 47957.6 81103.8 53909.7 27194.1 51194.9 12066.4 31308.4 19886.5 28246.6 35891.2 789.714 117.936 37.9357 13.809 9.90648 671.778 41.329 25343.4 20522 9277.96 8981.11 4173.65 2999.11 4807.46 787.068 2714.75 2903.24 49.1435 2788.43
internal_count=7149131 6496634 652497 625976 26521 418530 644228 286115 132415 168800 5852406 113756 7519 2635 1179 708 106237 3901 143431 119922 590357 584955 235778 207324 349177 8141 207446 25369 1284 53871
is_linear=0
shrinkage=0.055


Tree=37
num_leaves=31
num_cat=0
split_feature=51 53 48 47 42 41 25 53 7 23 49 6 26 48 6 47 57 25 45 51 54 50 55 25 51 7 6 28 53 57
split_gain=31098.6 5117.08 4200.62 1532.23 1450.88 991.422 1184.93 915.998 811.093 918.414 703.859 676.721 658.815 656.916 630.925 802.491 600.13 1209.45 1299.38 1593.02 1378.52 740.034 627.908 588.015 579.004 782.102 573.156 517.481 514.611 503.617
threshold=136.50000000000003 -0.051756858825683587 8.5000000000000018 -1.0000000180025095e-35 -1.0000000180025095e-35 -1.0000000180025095e-35 -13.722517490386961 -0.06640529632568358 2.7351288795471196 4.5000000000000009 4.8458251953125009 -9.0520362854003888 2003.5000000000002 152.50000000000003 -5.5466401576995841 -112.4034957885742 66.500000000000014 -15.59683847427368 0.85707646608352672 724.50000000000011 160.50000000000003 -13.676683425903319 0.85278320312500011 -7.0441138744354239 33.500000000000007 1.762742340564728 -3.2532060146331783 49.500000000000007 -0.027831792831420895 33.500000000000007
decision_type=2 2 2 2 2 2 2 2 2 2 2 2 2 2 2 2 2 2 2 2 2 2 2 2 2 2 2 2 2 2
left_child=2 16 3 28 -4 -3 -7 10 26 11 -6 -10 -8 -11 15 -14 17 21 19 20 -19 -2 -21 -12 -25 -26 -9 29 -1 -13
right_child=1 5 4 -5 7 6 12 8 9 13 23 27 14 -15 -16 -17 -18 18 -20 22 -22 -23 -24 24 25 -27 -28 -29 -30 -31
leaf_value=0.01477320297197616 -0.035303613244925647 -0.049487513329548607 -0.046929190243105892 0.050395245311665893 -0.039245657435319943 -0.039931908825386518 0.027706428979891722 0.10580450291542259 0.066228733655256125 0.0083331752188206126 -0.0034804050100169254 0.0081988744621367127 0.62819534254043896 0.061513156102002246 -0.005521011787294844 0.073812962787685371 -0.049424974258588168 -0.025408123220489815 0.0028860158272469875 0.02686735103999785 1.13764755221147 0.31716531391449182 0.47945654916955527 0.031288546935358097 0.070606252399414635 0.45620385177624101 0.017353810507746911 -0.0037859389690657707 0.031768240967932793 -0.051979487488307712
leaf_weight=8329.616656400729 1152.1954712420702 1398.8445173576474 1381.104561639484 11333.057674562559 1810.6319215260446 1867.267920312006 3282.8035168736242 218.59905231138691 284.4150257227011 5286.2384576373734 2990.4899786631577 538.89880029251799 5.0559594165533772 805.80387831525877 5286.7593927597627 45.51022193254903 32901.403503305744 3.9462515381164831 87.013019982259721 35.755977001506835 6.2883731252513826 13.341277056839315 7.8431998444721094 194.34210211038589 46.519607091788203 21.175256266258657 27897.752847097348 2733.5380004057661 15340.902735365555 1892.5770642096177
leaf_count=19087 189839 125849 107116 5007 158102 187171 82010 408 5425 28857 86224 8718 236 7740 247998 1443 5649584 377 6877 3167 163 994 507 1232 1561 377 136314 19697 14096 52808
internal_value=-0.00110085 -0.0371725 0.0194004 0.0337639 0.00849229 -0.00608121 -0.000270709 0.0102089 0.0130215 0.00074411 -0.011812 -0.0156526 0.00833876 0.0154121 -0.00358841 0.180783 -0.0479733 -0.0113642 0.138043 0.337691 0.82804 -0.0299315 0.149236 0.00349666 0.0816965 0.214305 0.0180602 -0.0202212 0.0257921 -0.0386524
internal_weight=127200 46094 81105.7 35003.6 46102.1 11886.2 10487.4 44721 39657.8 11541.5 5063.16 5449.43 8620.13 6092.04 5337.33 50.5662 34207.8 1306.38 140.847 53.8338 10.2346 1165.54 43.5992 3252.53 262.037 67.6949 28116.4 5165.01 23670.5 2431.48
internal_count=7148984 6496215 652769 38190 614579 644707 518858 507463 259967 123245 247496 86648 331687 36597 249677 1679 5851508 201924 11091 4214 540 190833 3674 89394 3170 1938 136722 81223 33183 61526
is_linear=0
shrinkage=0.055


Tree=38
num_leaves=31
num_cat=0
split_feature=51 53 48 41 50 50 50 48 57 41 29 26 27 8 50 51 8 25 53 52 7 26 48 51 53 44 45 9 8 47
split_gain=28389.2 4726.62 4576.07 1903.99 1533.44 1071.76 854.096 915.637 746.7 743.126 971.408 713.458 1153.02 681.663 639.941 744.262 763.224 631.036 594.352 586.648 717.324 583.723 604.084 560.29 546.462 543.599 692.792 1506.62 1158.04 1044.83
threshold=178.50000000000003 -0.051756858825683587 8.5000000000000018 -1.0000000180025095e-35 -1.0000000180025095e-35 -106.39728927612303 -10.322669506072996 160.50000000000003 14.500000000000002 -1.0000000180025095e-35 0.18333333730697635 30.500000000000004 224.37039947509768 1.7005987167358401 -29.118812561035153 153.50000000000003 4.863673448562623 -6.9461865425109854 -0.04761987924575805 0.87825262546539318 1.5300910472869875 190.50000000000003 564.50000000000011 220.50000000000003 -0.062499344348907464 1.0000000180025095e-35 0.82758721709251415 4.6676189899444589 1.0000000180025095e-35 -19.596385955810543
decision_type=2 2 2 2 2 2 2 2 2 2 2 2 2 2 2 2 2 2 2 2 2 2 2 2 2 2 2 2 2 2
left_child=2 11 4 21 17 8 14 13 -3 -7 25 12 23 -8 15 -5 -17 18 -1 -10 -21 22 -4 -2 -16 -11 27 28 -27 -30
right_child=1 5 3 6 -6 9 7 -9 19 10 -12 -13 -14 -15 24 16 -18 -19 -20 20 -22 -23 -24 -25 -26 26 -28 -29 29 -31
leaf_value=-0.0077267823228689796 0.4180052333421182 0.05465802132252566 0.00032696366388989607 0.074573156010399322 0.050185829395944473 -0.042464810175317044 -0.0094735794094974821 0.037523868670029409 -0.047168879096535804 0.0022369928344107533 -0.016324153096592131 -0.05001248580692412 -0.042118022800393055 0.012915139386592897 -0.033126153695673989 -0.024145824599999446 0.90788085068921709 0.041494884422441057 0.023732306089990492 0.35961525229881158 -0.050675338134804071 -0.046972551616119643 0.2258073266655419 0.064517721658824342 -3.4967566000331035e-05 -0.045622000687982646 0.031002129179337024 0.051657884941440364 -0.038237980888980755 0.55271491017450092
leaf_weight=2040.4899195642211 9.4381234142929298 252.44047144753858 173.06619467586279 68.387241985183209 10705.587784150615 901.55169657478109 4798.8933529383503 4003.6267614774406 2570.5518261706457 1723.65737103438 2569.0429515410215 30520.448502054904 746.89835185417905 28674.622559228446 2071.6733399741352 3.8336084983311585 2.1382198287174106 5494.4925199560821 16402.003873784095 19.167441318742931 25.345602716784924 2380.7974783377722 40.368073713034391 318.62904938962311 5528.2804421866313 17.98783682892099 2301.5729855322279 265.16097813053057 10.342221014201639 43.9697784348391
leaf_count=7905 156 13472 16179 2464 4526 76846 38554 58338 254964 73583 121620 5546151 123692 146573 177183 624 118 6269 19486 74 766 270201 526 11027 105763 941 58508 11226 632 739
internal_value=-0.00113746 -0.037763 0.0176664 0.006624 0.0328823 -0.00616625 0.00925814 0.012681 -0.0349039 0.00436918 0.0104867 -0.0484616 -0.00440148 0.00970447 -0.00745452 0.147936 0.571223 0.0251346 0.0202505 -0.0436373 0.144471 -0.0391517 0.047166 0.0808096 -0.00907115 0.0262753 0.0419418 0.115011 0.328991 0.446447
internal_weight=124684 42296.2 82388.3 47745.7 34642.6 10700.8 45151.5 37477.1 2867.51 7833.29 6931.73 31595.4 1074.97 33473.5 7674.31 74.3591 5.97183 23937 18442.5 2615.06 44.513 2594.23 213.434 328.067 7599.95 4362.69 2639.03 337.461 72.2998 54.312
internal_count=7149106 6294397 854709 816523 38186 613371 529617 243465 269276 344095 267249 5681026 134875 185127 286152 3206 742 33660 27391 255804 840 286906 16705 11183 282946 145629 72046 13538 2312 1371
is_linear=0
shrinkage=0.055


Tree=39
num_leaves=31
num_cat=0
split_feature=53 48 49 25 41 47 57 6 26 8 26 26 24 52 54 47 41 47 11 27 49 32 15 15 26 49 25 40 30 45
split_gain=24120.9 5884.44 4038.96 2074.59 1873.45 1842.72 1115.85 1034.96 856.589 890.184 776.942 689.164 1006.56 641.069 620.64 617.164 597.773 562.589 600.808 583.31 528.311 506.419 502.455 546.746 493.317 534.539 493.282 464.632 457.327 457.162
threshold=-0.06347560882568358 17.500000000000004 4.8458251953125009 -12.798509597778319 -1.0000000180025095e-35 -1.0000000180025095e-35 14.500000000000002 -12.073047161102293 1230.5000000000002 3.9981586933135991 941.00000000000011 30.500000000000004 -13.415675640106199 0.82409942150115978 14.500000000000002 -110.93266296386717 -1.0000000180025095e-35 -110.57129669189452 1.0000000180025095e-35 873.85217285156261 -2.3113913536071773 3.1984648704528813 6.6366024017333993 3.0677825212478642 190.50000000000003 2.6564358472824101 -10.405081272125242 3.4498615264892583 0.92857143282890331 0.80685439705848705
decision_type=2 2 2 2 2 2 2 2 2 2 2 2 2 2 2 2 2 2 2 2 2 2 2 2 2 2 2 2 2 2
left_child=2 5 11 6 24 14 13 -6 20 -10 -4 12 -1 15 26 -3 -12 18 -17 -19 27 -22 23 -18 25 -5 -2 -9 -24 -14
right_child=1 3 10 4 7 -7 -8 8 9 -11 16 -13 29 -15 -16 17 22 19 -20 -21 21 -23 28 -25 -26 -27 -28 -29 -30 -31
leaf_value=-0.044471328403620766 -0.0095318287612243188 -0.022336699516566159 0.05019258987175769 -0.020168562073335009 0.10272072072374624 0.048365232361490006 -0.043871743188052016 -0.040609656521121917 -0.0067409021844872814 0.014240081768991088 -0.051525708351673256 -0.050344755280658897 -0.053044468125353725 -0.0079627160817516609 0.013047239621814147 -0.023658957105393969 0.43358517653644524 0.21495241168258847 0.79442079147740752 0.012913191190741708 0.021092328517152471 0.076296647562650255 0.0034851559867230442 -0.047337135488297793 -0.048221274058426175 0.21024360935708761 0.030118467264020638 0.37639859404257175 0.10019578034635647 0.1038560296373663
leaf_weight=621.74014697689563 997.66057682409883 89.5212911227718 796.77493473701179 84.156197996344417 334.53277450986207 10269.657464408781 4450.184870521538 482.09427974559367 16027.221184688155 9886.3536260421388 800.81437288736925 27927.681750089861 67.092937691602856 563.28547339746729 14298.48006718047 3.6656688721850506 2.2633069120347491 90.743264792487025 3.0893020504154265 80.042959832120687 7400.4975858745165 535.45055463491008 3930.4748078431003 709.59889199212193 2333.1052280524746 42.062685456126928 18699.45340312738 3.2529080724343649 148.71780274342746 272.57403648179024
leaf_count=108895 3682 8290 20772 4582 1664 4741 517759 34454 379380 154885 110420 5152888 4418 27531 33962 380 68 2020 44 4368 90904 3521 144980 41626 257133 195 18565 129 2097 12540
internal_value=-0.00168129 0.013924 -0.0400187 -0.000717326 0.00387164 0.0279499 -0.0329566 0.00716432 0.00621847 0.00126481 -0.00044375 -0.0487689 -0.00296807 0.0254544 0.0217765 0.0947886 -0.00769722 0.152841 0.529248 0.123323 0.0214518 0.0248627 -0.000325306 -0.0427946 -0.042466 0.0617021 0.0281083 -0.0340052 0.00712935 0.0725442
internal_weight=121952 86674.5 35277.7 42409.3 37128.7 44265.3 5280.53 34669.4 34334.9 25913.6 6388.64 28889.1 961.407 830.348 33995.6 267.062 5591.87 177.541 6.75497 170.786 8421.3 7935.95 4791.05 711.862 2459.32 126.219 19697.1 485.347 4079.19 339.667
internal_count=7146893 1548189 5598704 1487239 926847 60950 560392 664937 663273 534265 319963 5278741 125853 42633 56209 15102 299191 6812 424 6388 129008 94425 188771 41694 261910 4777 22247 34583 147077 16958
is_linear=0
shrinkage=0.055


Tree=40
num_leaves=31
num_cat=0
split_feature=51 53 50 41 48 26 27 9 53 25 16 54 48 25 26 49 54 41 25 13 14 51 16 22 50 13 49 52 3 56
split_gain=24440.1 4452.4 3971.78 2403.74 1467.88 829.307 1012.02 822.453 760.705 750.012 718.513 669.84 624.744 793.447 594.722 591.541 585.718 520.001 510.728 541.605 458.261 454.641 540.182 435.713 414.419 544.987 538.891 567.198 530.047 457.72
threshold=178.50000000000003 -0.045021444559097283 -1.0000000180025095e-35 -1.0000000180025095e-35 17.500000000000004 30.500000000000004 224.37039947509768 4.4013888835906991 -100.91222000122069 -10.405081272125242 759.50000000000011 14.500000000000002 160.50000000000003 -13.083847999572752 4.5000000000000009 2.6564358472824101 14.500000000000002 1.0000000180025095e-35 -7.1768500804901114 3.6242519617080693 4.6200466156005868 33.500000000000007 2097893.5000000005 1.0000000180025095e-35 -11.611488342285154 3.9219243526458745 4.3431277275085458 0.83939433097839367 0.97368422150611889 -0.052978515624999993
decision_type=2 2 2 2 2 2 2 2 2 2 2 2 2 2 2 2 2 2 2 2 2 2 2 2 2 2 2 2 2 2
left_child=2 5 3 -1 9 6 23 8 -6 -5 -3 -11 17 14 -14 20 -12 -9 19 -19 -15 -13 -23 -2 28 29 -27 -28 -18 -26
right_child=1 10 -4 4 7 -7 -8 12 -10 11 16 21 13 15 -16 -17 24 18 -20 -21 -22 22 -24 -25 25 26 27 -29 -30 -31
leaf_value=-0.037026423695166434 0.00014731000729621281 0.081859830709980777 0.04737893611113881 -0.012321800035222765 0.33789412312771477 -0.048694096988852797 -0.041632506098078947 -0.0070865350561916222 -0.029632321356150588 0.029883470883939334 0.020114299462569082 0.012477083499420982 0.15129682751365417 0.23480865284917826 -0.029441948933353886 0.044913124005875493 -0.048563885331093529 -0.006284616732841735 0.033166901789383599 0.016136095394891862 -0.015961141536063171 -0.0032253004024435168 0.11925923473462499 0.10959305167366067 -0.018613498376830202 0.031435069787922626 0.40332882016619059 0.045165324553680303 -0.0043496963068940606 0.034238343074932474
leaf_weight=3011.816549402196 190.68519489234313 295.00145022012293 10427.570680643432 1938.396859258879 12.190144088584928 29649.368847140111 719.93135504191741 9012.8950812062249 2296.9404806522653 18342.767020341009 2104.5783633254468 14450.368180272169 53.479638170916587 17.717821479775012 957.12159073678777 3390.3703602966852 1656.3967547230422 6307.8306498387828 2342.0018531251699 6733.9517700751312 744.81221467442811 185.11908240849152 258.71401845244691 255.20091517735273 1856.6020924854092 139.87315815873444 24.183655985631049 27.328697337768972 1622.0360149615444 670.6331427753903
leaf_count=291696 6891 6063 6898 9484 244 5784313 125840 161224 57913 17782 15565 29604 183 232 73825 46045 152977 56097 12142 54223 34178 1731 1057 4786 69161 3979 290 446 110264 14375
internal_value=-0.00162922 -0.0372323 0.0157178 0.0110022 0.0131624 -0.0469052 -0.00139703 0.00461138 -0.0269662 0.0209079 -0.0017263 0.0228474 0.00708225 0.0244528 -0.0191797 0.035081 -0.0048185 0.00340156 0.00954653 0.00529377 -0.00864268 0.0141751 0.0687051 0.0633088 -0.0135778 0.00230079 0.0905609 0.234121 -0.0267284 -0.0045487
internal_weight=119696 39211.8 80484.1 70056.5 67044.7 30815.2 1165.82 31869.3 2309.13 35175.4 8396.63 33237 29560.2 5163.5 1010.6 4152.9 8101.63 24396.7 15383.8 13041.8 762.53 14894.2 443.833 445.886 5997.05 2718.62 191.386 51.5124 3278.43 2527.24
internal_count=7149508 6294950 854558 847660 555964 5921830 137517 496306 58157 59658 373120 50174 438149 154463 74008 80455 367057 283686 122462 110320 34410 32392 2788 11677 351492 88251 4715 736 263241 83536
is_linear=0
shrinkage=0.055


Tree=41
num_leaves=31
num_cat=0
split_feature=51 53 54 49 47 25 41 41 26 26 26 8 56 14 9 16 0 52 42 45 54 50 26 24 13 49 19 50 42 53
split_gain=22146.7 4882.85 3536.84 1413.94 1175.94 1044.93 1365.96 1013.47 908.558 866.612 722.875 581.182 711.356 710.698 569.812 603.461 567.76 556.813 549.248 989.592 771.464 1000.37 538.247 919.024 527.204 510.953 662.709 580.077 503.49 496.805
threshold=127.50000000000001 -0.058592796325683587 7.5000000000000009 8.9140625000000018 -1.0000000180025095e-35 -13.722517490386961 -1.0000000180025095e-35 1.0000000180025095e-35 204.00000000000003 3418.5000000000005 8319.5000000000018 4.3502571582794198 -100.84204101562499 4.7833075523376474 4.6007614135742196 86470.500000000015 0.64583334326744091 0.82083943486213695 1.0000000180025095e-35 0.84840014576911937 173.50000000000003 -11.265707969665526 30.500000000000004 -13.415675640106199 2.9174053668975835 3.2466089725494389 1.5000000000000002 -5.45890188217163 -1.0000000180025095e-35 -1.0000000180025095e-35
decision_type=2 2 2 2 2 2 2 2 2 2 2 2 2 2 2 2 2 2 2 2 2 2 2 2 2 2 2 2 2 2
left_child=2 22 4 7 29 -3 -7 8 -4 16 -5 13 -13 -11 17 -16 18 -14 -8 20 -20 -22 23 -2 -9 -10 27 -27 -26 -1
right_child=1 5 3 10 -6 6 9 24 25 11 -12 12 14 -15 15 -17 -18 -19 19 -21 21 -23 -24 -25 28 26 -28 -29 -30 -31
leaf_value=0.0201572009306604 -0.049415952154480164 -0.039366098195149309 0.032502237475811789 0.024828230673345091 0.051301218047100257 -0.049617222954088359 0.0056518110749343691 -0.029923926937420017 -0.044299478575511364 0.13386378124614806 0.0078860326802114387 -0.014064907280267902 0.49274903589507835 -0.026979632256968502 0.12855936802566637 -0.0020284791876789892 0.074934473569366625 -0.038401235706688568 0.10788248651202571 0.02166710651598994 -0.035961832246722843 0.64418178098815637 -0.049231994992750557 0.060672393930318598 -0.046648584249977053 0.10763367963068463 -0.01958287942273303 0.0044446873355287152 0.014718079675272054 0.041939275131300982
leaf_weight=13330.223414931446 593.51196872303262 2525.2577638737857 1085.1567857852206 14164.409373129718 7577.3479266613722 1469.479572890792 3796.6764037413523 974.66711902245879 2116.9738851683214 80.437160956207663 16492.018006494269 623.52018182305619 13.387291683815421 3173.7228624559939 199.99336781073362 223.71467449702322 540.36000735778362 7.8361376319080582 228.01731067849323 899.84864614158869 9.1558141848072427 14.205123785883186 25703.72123372741 366.9939266811125 416.52307155868039 221.9031646726653 6368.3979030395858 603.75475114677101 10095.584073049948 4160.8633023090661
leaf_count=20384 113632 339683 24856 38873 2771 179495 167066 11818 152727 2516 77684 51566 112 205720 3120 5668 8133 165 3198 19975 1285 434 5420471 17008 14571 933 164417 2602 95142 3161
internal_value=-0.000994093 -0.0339769 0.0162064 0.00809465 0.0332024 -0.00742281 -0.000257603 -0.00258447 -0.0150224 0.00715702 0.0157167 -0.0112549 0.0238643 -0.0228046 0.0765834 0.0603905 0.0216554 0.326708 0.0157671 0.0489579 0.144322 0.41827 -0.0477216 -0.00725659 0.00867423 -0.0205757 -0.0135686 0.0326586 0.0122655 0.0253493
internal_weight=118078 40469.8 77607.8 52539.4 25068.4 13805.6 11280.4 21883 10396.2 9810.87 30656.4 4322.61 1068.45 3254.16 444.931 423.708 5488.26 21.2234 4947.9 1151.23 251.378 23.3609 26664.2 960.506 11486.8 9311.03 7194.06 825.658 10512.1 17491.1
internal_count=7149186 6539247 609939 583623 26316 988136 648453 467066 345535 468958 116557 268867 60631 208236 9065 8788 200091 277 191958 24892 4917 1719 5551111 130640 121531 320679 167952 3535 109713 23545
is_linear=0
shrinkage=0.055


Tree=42
num_leaves=31
num_cat=0
split_feature=53 50 49 25 50 41 26 25 42 26 23 44 56 50 44 56 15 15 54 50 50 14 47 8 6 30 26 25 0 13
split_gain=20000.4 4748.21 3486.81 2079.73 2007.16 1343.22 988.683 869.19 803.722 775.744 696.406 650.758 691.077 629.276 603.42 548.938 547.953 511.099 488.072 618.262 1282.18 1086.49 785.988 472.353 468.296 466.508 462.627 717.413 476.465 612.088
threshold=-0.065429449081420885 -5.45890188217163 4.8458251953125009 -12.798509597778319 -1.0000000180025095e-35 -1.0000000180025095e-35 155.50000000000003 -8.2198333740234357 -1.0000000180025095e-35 1099.5000000000002 6.5000000000000009 1.0000000180025095e-35 -0.058349609374999993 -9.4020805358886701 1.5000000000000002 -0.045654296874999993 3.0677825212478642 6.6100225448608407 607.50000000000011 -11.794654846191404 -11.100204944610594 6.5388629436492929 -12.087873935699461 3.9981586933135991 -0.014414584264159201 0.92857143282890331 30.500000000000004 -16.27995681762695 0.46428571641445165 3.5694335699081425
decision_type=2 2 2 2 2 2 2 2 2 2 2 2 2 2 2 2 2 2 2 2 2 2 2 2 2 2 2 2 2 2
left_child=2 3 26 -2 7 15 -7 23 -8 10 -4 12 -10 16 -12 -5 -11 -15 -13 -20 21 22 -21 -3 -22 -18 27 -1 -29 -30
right_child=1 4 9 5 -6 6 8 -9 11 13 14 18 -14 17 -16 -17 25 -19 19 20 24 -23 -24 -25 -26 -27 -28 28 29 -31
leaf_value=-0.054743863819053364 -0.035428510650671645 0.0031774386696678818 0.032214859828980771 -0.048208518243985067 0.045838514833639266 0.046875639967893054 -0.051347948875110662 0.026527319391717919 -0.018658362503203848 0.44728390807077356 0.10296315967309552 0.010014510313241506 0.011055006031791919 -0.055995227656797715 0.48683377032525316 0.035357589825666287 -0.041778212510864263 0.014142391051309459 -0.053674811604349316 1.1261925384034721 0.056159431171505486 -0.034589697078294485 0.20730583723282439 0.019811854399225302 0.36220391444312117 0.1454487108610763 -0.050055680808861858 -0.0043725801380733193 -0.052531175141365946 0.18174274332054957
leaf_weight=476.31036468967795 5074.9857909018174 12075.220349283423 828.21459361445159 1987.5556573774666 9719.8707745508291 1662.5605943407863 787.14872464211658 18941.200028033927 5714.2125691450201 2.1092652552761129 49.209454431664199 15933.82365711825 4036.386448930949 351.64070938667282 13.622433665208517 266.35962765431032 1713.4099336867221 2643.9975819755346 93.762337166350335 3.6102162967436007 305.36165418243036 7.7232079976238301 8.5082565033808368 9020.1913173384964 11.204364132601766 36.432847036980093 23660.959250176791 242.77348812157288 44.333414074964821 114.79376452276483
leaf_count=97149 618768 41758 23292 271520 7921 14757 59875 39414 296074 80 799 244980 31925 12306 266 5071 216253 51233 12675 129 9314 845 366 21385 67 1920 5043064 18518 3481 3580
internal_value=-0.00114149 0.0124249 -0.0396408 -0.00282204 0.0234228 0.0025523 0.00578011 0.0179758 0.00323212 -0.000638489 0.0463028 0.00488679 -0.00635877 -0.00948807 0.21594 -0.0382766 -0.0356218 0.00582975 0.0115874 0.0690649 0.10356 0.485354 0.730036 0.0102932 0.0724549 -0.0374767 -0.0486009 -0.00934329 0.0444745 0.116861
internal_weight=115827 85649.7 30177.8 35893.2 49756.5 30818.2 28564.3 40036.6 26901.7 5638.64 891.046 26114.6 9750.6 4747.59 62.8319 2253.92 1751.95 2995.64 16364 430.17 336.408 19.8417 12.1185 21095.4 316.566 1749.84 24539.2 878.211 401.901 159.127
internal_count=7148785 1676844 5471941 1566366 110478 947598 671007 102557 656250 306149 24357 596375 327999 281792 1065 276591 218253 63539 268376 23396 10721 1340 495 63143 9381 218173 5165792 122728 25579 7061
is_linear=0
shrinkage=0.055


Tree=43
num_leaves=31
num_cat=0
split_feature=51 53 47 42 45 25 26 52 50 8 49 25 26 27 14 57 7 22 6 50 16 30 10 54 16 53 38 42 55 38
split_gain=19134.5 3664.47 3591.34 2181.31 1673.79 1284.91 910.867 1173.54 1186.41 990.396 882.567 679.246 626.911 650.717 598.28 558.715 533.156 562.503 551.152 649.846 499.804 488.657 484.298 482.404 495.864 474.965 466.705 462.835 618.942 492.06
threshold=278.50000000000006 -0.051756858825683587 -1.0000000180025095e-35 -1.0000000180025095e-35 0.79482653737068187 -11.234835624694822 334.50000000000006 1.0000000180025095e-35 -10.704397678375242 3.113268375396729 4.3431277275085458 -8.6950330734252912 30.500000000000004 200.44151306152347 7.0383448600769052 49.500000000000007 2.4300206899642949 1.7005987167358401 -12.073047161102293 -16.293237686157223 759.50000000000011 0.92857143282890331 7.3142197132110605 528.50000000000011 2302856.5000000005 -1.0000000180025095e-35 1.0000000180025095e-35 1.0000000180025095e-35 0.81860351562500011 1.0000000180025095e-35
decision_type=2 2 2 2 2 2 2 2 2 2 2 2 2 2 2 2 2 2 2 2 2 2 2 2 2 2 2 2 2 2
left_child=2 12 3 -1 10 16 7 8 22 25 21 15 13 -2 -12 23 -6 18 19 -18 -17 -5 -7 -3 -25 -8 -21 28 -13 -29
right_child=1 11 -4 4 5 6 9 -9 -10 -11 14 27 -14 -15 -16 20 17 -19 -20 26 -22 -23 -24 24 -26 -27 -28 29 -30 -31
leaf_value=-0.042523053435952099 0.052218404582120452 0.0070825724616973501 0.044752449431751419 -0.047468825755946423 0.096305306888797154 0.76164346483463929 0.0019365060342603877 0.037332062160827913 0.049761954407670936 0.019316163758902372 -0.015976271686525524 -0.0095944659291269784 -0.050623860438536436 -0.039690805565816049 0.047575479174710701 0.070133769023475803 -0.053578600092575208 -0.036373362658221213 -0.0076633066065948342 0.15419672030391923 -0.03163414361489475 0.38223312869746406 -0.01969006078330128 0.046406025087186581 0.35799180460018021 0.03360147309035124 0.0082497821797206938 0.019050621497751555 0.054045496182814859 0.12707374221655543
leaf_weight=2417.8120589968748 363.70265900483355 950.95926042972133 9492.5521187260747 2272.1652607992291 133.83811194030568 11.456705572083591 19946.481468887534 4043.3282392593101 22.470166134648025 33785.283297598828 1473.5825949283317 2192.2240444137715 22169.570894371253 628.38333928585052 637.98054825188592 146.94295062962919 107.27174209104851 2051.1361340195872 3976.3045349009335 183.88424901524559 3977.8308636751026 3.0915617300197473 2.5198080558329812 47.551326734013855 19.278064725920558 1538.925444714725 103.01895724469796 348.97207214031368 580.50219099735841 198.05497465329245
leaf_count=260302 9568 47303 9836 316912 595 353 204231 18142 572 214890 51472 121797 5123443 124023 17567 6017 12881 81869 138305 2366 371935 240 196 2662 302 1380 2488 4237 2544 1184
internal_value=-0.0010421 -0.0373953 0.0129446 0.00878922 0.0105571 0.0127471 0.0152993 0.0403659 0.331825 0.0134456 -0.0223219 -0.00641614 -0.04871 -0.00590363 0.00329207 -0.0189287 -0.0103539 -0.0126501 -0.00148758 0.0601268 -0.0279282 -0.0460481 0.652706 0.0175019 0.154951 0.00421185 0.10283 0.012966 0.00380259 0.0589579
internal_weight=113827 31624 82203.1 72710.6 70292.7 65905.9 59350.5 4079.77 36.4467 55270.7 4386.82 8462.32 23161.7 992.086 2111.56 5142.56 6555.45 6421.62 4370.48 394.175 4124.77 2275.26 13.9765 1017.79 66.8294 21485.4 286.903 3319.75 2772.73 547.027
internal_count=7149612 5815015 1334597 1324761 1064459 678268 439764 19263 1121 420501 386191 557981 5257034 133591 69039 428219 238504 237909 156040 17735 377952 317152 549 50267 2964 205611 4854 129762 124341 5421
is_linear=0
shrinkage=0.055


Tree=44
num_leaves=31
num_cat=0
split_feature=53 49 50 50 50 41 25 6 25 8 26 25 41 57 0 8 26 50 15 9 42 47 26 15 25 28 50 49 45 52
split_gain=17132.4 3830.28 3492.62 1879.31 1256.9 990.961 831.083 820.083 805.345 758.835 684.36 668.113 658.721 615.409 550.807 518.472 518.105 507.767 613.429 507.491 497.348 503.151 646.155 485.183 406.377 400.689 445.311 772.373 827.73 1030.2
threshold=-0.060546636581420891 4.8458251953125009 -5.45890188217163 -1.0000000180025095e-35 -110.66150283813475 -1.0000000180025095e-35 -12.798509597778319 -12.073047161102293 -7.7946922779083243 3.7494349479675297 30.500000000000004 -13.315961360931395 -1.0000000180025095e-35 39.500000000000007 0.64583334326744091 0.89587974548339855 1627.0000000000002 -9.7833590507507306 7.387399673461915 4.9412779808044442 -1.0000000180025095e-35 -18.480071067810055 693.50000000000011 3.0677825212478642 -8.9880409240722638 6.5000000000000009 -10.917760848999022 8.9140625000000018 0.82252469658851635 0.82572063803672802
decision_type=2 2 2 2 2 2 2 2 2 2 2 2 2 2 2 2 2 2 2 2 2 2 2 2 2 2 2 2 2 2
left_child=1 10 4 8 -2 13 -7 -8 14 20 11 -1 -3 -6 15 -4 25 23 -19 -11 -9 -22 -23 -18 -5 -14 27 28 -27 -30
right_child=2 12 3 24 5 6 7 9 -10 19 -12 -13 16 -15 -16 -17 17 18 -20 -21 21 22 -24 -25 -26 26 -28 -29 29 -31
leaf_value=-0.034295384753463658 -0.039229822104195969 -0.047548033706798595 -0.038485476579196425 0.019896659924542415 0.073418644090481794 -0.023740023220442004 0.10332620793553622 -0.060411511093475562 0.027474415047542947 0.0028057091853384898 -0.048504756823270316 0.062116518371530816 -0.041376945158887145 -0.048953657416511157 0.020573231707669309 0.0064807916558371438 0.40281589831927928 -0.019807439556612495 0.027291370388920416 0.027248624936364485 0.02422304292878593 0.018991865018412477 -0.011018629213493052 -0.033089073931296689 0.049510756764196431 0.011179479577570687 0.032667258814481015 -0.055656269259282763 0.49292840761595219 0.090128612507772793
leaf_weight=621.77623735554516 2488.4394989633001 790.79805473051965 813.5168547090143 1739.0435468414798 130.57272649602965 2979.8612942304462 259.09659287054092 422.79196583619341 12827.410507609136 4364.4956747400574 22936.412673020735 327.91522039612755 175.15698627987877 1570.4800759395584 10168.257600756362 14828.095559164882 2.7921288441866627 1390.8905106671154 2083.4273906815797 6247.0525876623578 2163.4628534088843 2774.2324473005719 9902.3232873710804 1393.0457036290318 7430.653815889731 46.578239092137665 1020.8176020458341 48.056701533962041 37.382745314389467 40.163838425185531
leaf_count=121766 339322 119113 4787 1766 2077 281800 908 25810 25595 68324 5315835 7805 13226 192156 18366 47041 53 23115 23734 77666 80104 22725 167560 150479 5848 2435 4256 1865 1619 1500
internal_value=-0.00127521 -0.0361108 0.0120039 0.0215288 -0.00167052 0.00136848 0.00375529 0.00689438 0.0162125 0.00590897 -0.0466108 -0.000854724 -0.000422321 -0.0393727 0.0106112 0.00413055 0.00558485 -0.00282539 0.00843471 0.0172014 -0.00194521 -0.00025972 -0.00444601 -0.0307825 0.0439083 0.0354236 0.0468252 0.127473 0.197784 0.302402
internal_weight=112025 30915.2 81109.8 47807 33302.8 30814.4 29113.3 26133.5 38637.3 25874.4 23886.1 949.691 7029.11 1701.05 25809.9 15641.6 6238.31 4870.16 3474.32 10611.5 15262.8 14840 12676.6 1395.84 9169.7 1368.16 1193 172.182 124.125 77.5466
internal_count=7148656 5786801 1361855 103403 1258452 919130 724897 443097 95789 442189 5445406 129571 341395 194233 70194 51828 222282 197381 46849 145990 296199 270389 190285 150532 7614 24901 11675 7419 5554 3119
is_linear=0
shrinkage=0.055


Tree=45
num_leaves=31
num_cat=0
split_feature=51 53 47 41 53 25 42 55 8 7 6 15 53 16 46 25 14 14 52 0 50 7 7 26 23 26 23 33 24 24
split_gain=16023.9 4048.24 3029.31 1313.33 952.011 819.692 1101.66 1452.92 808.901 690.467 575.676 545.509 698.45 1243.37 726.535 626.362 599.272 1084.8 549.973 504.358 1456.94 808.312 541.199 646.458 500.481 481.102 459.526 714.964 648.975 480.983
threshold=136.50000000000003 -0.057616114616394036 -1.0000000180025095e-35 -1.0000000180025095e-35 -1.0000000180025095e-35 -14.440463066101072 1.0000000180025095e-35 0.81860351562500011 2.5249279737472539 2.508723378181458 -12.073047161102293 7.4636499881744394 -0.05370736122131347 86467.500000000015 2.2333132028579716 -9.4656548500061017 7.1192309856414804 7.1037330627441415 0.84884047508239757 0.84523808956146251 -11.265707969665526 12.151627063751222 5.2468729019165048 876.00000000000011 6.5000000000000009 190.50000000000003 2.5000000000000004 7.9736719131469735 -11.024576663970945 -0.032023308798670762
decision_type=2 2 2 2 2 2 2 2 2 2 2 2 2 2 2 2 2 2 2 2 2 2 2 2 2 2 2 2 2 2
left_child=2 19 3 25 8 -3 7 -7 -5 -10 -9 15 13 14 -13 -8 17 -14 -17 -2 22 -22 23 -21 -24 -1 27 29 -29 -11
right_child=1 5 -4 4 -6 6 11 10 9 26 -12 12 16 -15 -16 18 -18 -19 -20 20 21 -23 24 -25 -26 -27 -28 28 -30 -31
leaf_value=0.040378950506312079 -0.047892265670880098 -0.040839283564877961 0.042418135534378135 -0.0022545140840001705 0.036657767374759016 -0.025916655034850869 -0.011572391868474377 0.12363765952206203 0.017193575486910667 -0.037009540012339456 0.016824141222836628 0.17845016979776576 0.088407422482505382 0.027037262476707943 0.96496642173201863 0.11839282615416892 -0.023592871329501535 0.70648166493540765 0.021170843104095765 0.042153697291743099 0.097554220792241159 0.6953984857374772 -0.054698943998111489 0.48370898646016913 0.18987021271058691 -0.04193587219624742 0.007987102072743113 0.25221635366251766 0.026764411559369837 0.013206505531963382
leaf_weight=236.86502249492332 21749.924236122984 1893.9522923673503 9057.9564169715159 16163.654042498209 3792.9999066479504 5829.7916986141354 955.19581112638116 158.13017187360674 28521.827316681389 2310.8518643719144 2427.3256794097833 10.048927900847046 283.64953940408304 24.953710928093642 4.9687339165247968 264.56286390591413 156.98803804349154 4.0158783444203427 515.43378164898604 53.081456531304866 17.846299561904743 8.541889955056833 384.53785358276218 7.7236661869101217 22.215115890838206 1979.6670186400879 11681.702478107996 37.263323402497917 472.23702086415142 765.56325849611312
leaf_count=13753 5469166 288688 7437 150344 3089 506142 44470 1374 133723 65855 63172 442 6625 1556 261 3792 6311 99 3660 2477 1952 399 94267 393 1642 192657 73978 587 7795 3415
internal_value=-0.00170307 -0.0325627 0.0126019 0.00850466 0.00995269 -0.00755363 -0.00160953 -0.0107037 0.00826025 0.0121413 0.023583 0.0328126 0.0841081 0.291626 0.614706 0.0182857 0.0624182 0.108958 0.0546911 -0.0466443 0.00823474 0.371024 -0.0159495 0.130733 -0.0391982 -0.0330684 0.00270047 -0.0145088 0.0455441 -0.0245122
internal_weight=109793 34772.9 75020.6 65962.6 63746.1 12529 10635.1 8415.25 59953.1 43789.4 2585.46 2219.82 484.625 39.9714 15.0177 1735.19 444.653 287.665 779.997 22243.9 493.946 26.3882 467.558 60.8051 406.753 2216.53 15267.6 3585.92 509.5 3076.42
internal_count=7149521 6496888 652633 645196 438786 926592 637904 570688 435697 285353 64546 67216 15294 2259 703 51922 13035 6724 7452 5570296 101130 2351 98779 2870 95909 206410 151630 77652 8382 69270
is_linear=0
shrinkage=0.055


Tree=46
num_leaves=31
num_cat=0
split_feature=53 54 25 41 49 47 42 57 26 44 49 6 8 8 41 26 40 25 57 53 40 13 26 26 43 15 1 47 31 56
split_gain=14650.1 3835.98 2142.87 2075.91 1968.99 1055.41 977.355 951.661 927.742 934.976 976.498 742.481 1337.42 716.025 569.806 582.477 556.908 552.589 647.05 540.39 540.21 878.102 524.425 549.35 521.159 471.663 455.388 447.933 626.745 628.543
threshold=-0.07324123382568358 7.5000000000000009 -13.083847999572752 -1.0000000180025095e-35 4.8458251953125009 -1.0000000180025095e-35 -1.0000000180025095e-35 14.500000000000002 334.50000000000006 1.0000000180025095e-35 3.6118586063385014 -6.1693463325500479 5.059420347213746 2.1383330821990971 -1.0000000180025095e-35 1099.5000000000002 3.0201274156570439 -8.3115801811218244 18.500000000000004 -0.027831792831420895 3.2384861707687382 3.7726949453353886 190.50000000000003 166.50000000000003 -1.0000000180025095e-35 6.4990344047546396 0.18333333730697635 -19.291142463684078 2.8029010295867924 -100.90258789062499
decision_type=2 2 2 2 2 2 2 2 2 2 2 2 2 2 2 2 2 2 2 2 2 2 2 2 2 2 2 2 2 2
left_child=4 5 7 22 -1 17 -5 19 -8 10 11 12 -10 25 -6 16 -16 18 -2 -3 -21 -22 23 -4 -15 -11 -26 28 -28 -30
right_child=1 2 3 6 14 -7 8 -9 9 13 -12 -13 -14 24 15 -17 -18 -19 -20 20 21 -23 -24 -25 26 -27 27 -29 29 -31
leaf_value=-0.048802598155430227 0.024589312486935057 -0.00082820692585602223 0.0062122163668099665 -0.044002563758075153 -0.055411566101460759 0.046689596659387725 0.034287736396075602 -0.039766989811703839 -0.047963717315923679 -0.026037966580593649 0.0028052283861297179 -0.031444729980617418 0.61634799410056706 -0.073506452775524408 0.091407224312747976 -0.0064863612454335836 -0.039368470674771117 0.028530623917233343 -0.0079762276415649667 0.069782300950378851 -0.03823730505491485 0.60943496195889768 -0.04602253280326267 0.25552247403835676 0.026061684376904086 0.0063118420764764864 0.034302050997860753 0.0090188162511241413 0.33771346550845566 0.022534081409534636
leaf_weight=18323.576860317495 3840.4936277605593 491.76664316048846 158.72686709323898 1097.9056656600442 581.45702651911415 6299.32214281708 3849.5618475014344 4825.3914594987873 21.788541391259063 2091.9293197391089 14030.073825033149 3649.1393036562949 10.051662579411639 189.57262854883447 373.26718144724146 2758.9608004735783 129.94825201388448 10692.18974179402 3545.3473973106593 165.90813230350614 9.8687335597351211 10.269973748363553 2777.0563854426146 27.216889434028417 9828.9644031180069 3893.27565926034 385.38630764000118 14218.356075486634 40.735485943267122 34.226037029642612
leaf_count=4689428 8409 45878 6943 83623 102729 2851 38504 794190 1974 44432 112415 340792 204 7521 8026 138591 4830 12740 9659 3248 391 98 404696 1147 124051 57080 17258 86329 573 942
internal_value=-0.00142493 0.0088322 0.00154434 0.00474697 -0.0412969 0.027306 0.00723738 -0.0311967 0.00831831 0.00624919 -0.00381234 -0.0290048 0.216942 0.0120568 -0.00549829 0.00346954 0.0575812 0.0205406 0.0089624 0.0296603 0.108161 0.347572 -0.0400229 0.0484396 0.0161923 -0.00500725 0.016901 0.0107601 0.0638672 0.204216
internal_weight=108352 86184.5 61807.2 56304 22167.2 24377.4 53341 5503.2 52243.1 48393.5 17711.1 3680.98 31.8402 30682.4 3843.63 3262.18 503.215 18078 7385.84 677.813 186.047 20.1387 2963 185.944 24697.2 5985.2 24507.7 14678.7 460.348 74.9615
internal_count=7149552 2205948 2172289 1328484 4943604 33659 915698 843805 832075 793571 455385 342970 2178 338186 254176 151447 12856 30808 18068 49615 3737 489 412786 8090 236674 101512 229153 105102 18773 1515
is_linear=0
shrinkage=0.055


Tree=47
num_leaves=31
num_cat=0
split_feature=51 53 50 41 8 57 57 50 53 47 54 0 24 23 16 15 47 50 25 0 45 8 23 41 50 6 24 28 24 54
split_gain=14011.1 3449.69 3048.94 2346.1 1042.84 680.545 680.104 1441.64 2594.06 933.562 674.244 565.584 1044 619.954 572.657 559.088 1163.65 540.341 523.956 586.385 501.817 762.716 506.062 479.069 471.345 678.622 988.122 852.994 762.128 1326.3
threshold=278.50000000000006 -0.051756858825683587 -1.0000000180025095e-35 -1.0000000180025095e-35 2.5249279737472539 103.50000000000001 66.500000000000014 -18.165961265563961 -0.07519435882568358 -111.27952575683592 21.500000000000004 0.84523808956146251 -8.3690929412841779 3.5000000000000004 86454.500000000015 3.4498615264892583 -30.647938728332516 -4.3811669349670401 -8.6950330734252912 0.84523808956146251 0.86162301898002636 4.6298508644104013 2.5000000000000004 -1.0000000180025095e-35 -16.293237686157223 -12.073047161102293 -3.5265914201736446 9.5000000000000018 -3.9223191738128658 676.50000000000011
decision_type=2 2 2 2 2 2 2 2 2 2 2 2 2 2 2 2 2 2 2 2 2 2 2 2 2 2 2 2 2 2
left_child=2 6 3 -1 5 -5 7 11 9 -9 -6 -2 13 -13 -15 16 -12 -7 19 -3 21 -21 -23 -20 -17 26 -26 -27 29 -29
right_child=1 18 -4 4 10 17 -8 8 -10 -11 15 12 -14 14 -16 24 -18 -19 23 20 -22 22 -24 -25 25 27 -28 28 -30 -31
leaf_value=-0.038144641953276895 -0.040581941173284383 -0.022361471720328194 0.041682946628605881 0.015024469035151176 0.020280545750555882 -0.018408010176932329 -0.049922588357453966 0.24850531416267496 0.03315688543910917 1.4318776471899517 0.57717399883806086 -0.053055378656658922 0.44071274016266165 0.50588507062843158 0.069095594521523654 -0.031244845689181212 0.0033415235184644726 0.0036164956788363031 -0.042091089098043544 0.074278307648296849 0.0068895208572799672 -0.027486812549790761 0.60140547498766961 0.020058942716652154 0.075700473781397243 -0.041253749268468948 0.64494371772243286 0.023157858956514347 0.0073259831671964315 0.16597421496580059
leaf_weight=3338.9546643737704 649.71373116131872 4475.3704272769392 8496.6672188010998 5159.4493246155325 22484.209191755857 7431.055087510962 18435.422194641316 6.6831993882078677 33.971554082352668 1.8426817320287208 11.037420806707813 108.39422596036457 15.350975653156636 7.2389177337754509 43.719249769346789 936.91729436814785 32.236878373194486 6159.2832006900571 427.07221317756921 105.2335151610896 310.48533870978281 4.6017950014211229 10.450827175751327 2855.0147586059757 230.14735979214311 1035.7160588267725 4.7664165247697374 991.83140487433411 22819.016444883542 241.07090172893368
leaf_count=508256 160007 407762 7884 24861 42144 247786 5058748 383 4896 147 133 26404 602 686 3610 102952 662 18758 48916 3095 16774 458 119 81147 4708 67580 83 22583 277265 8314
internal_value=-0.0011613 -0.0349974 0.0105593 0.00682547 0.00905141 -0.00197266 -0.0476844 -7.52673e-05 0.294614 0.939031 0.0132879 -0.0169505 0.0696177 0.0215488 0.170802 0.00730778 0.194323 -0.00842862 -0.00507924 -0.016452 0.0444953 0.137415 0.45023 0.0119201 0.00696265 0.00838219 0.100451 0.00750024 0.00960781 0.0516405
internal_weight=106863 27490.6 79372.4 70875.7 67536.7 18749.8 19302.3 866.915 42.4974 8.52588 48786.9 824.417 174.703 159.352 50.9582 26302.7 43.2743 13590.3 8188.23 4906.14 430.771 120.286 15.0526 3282.09 26259.5 25322.5 234.914 25087.6 24051.9 1232.9
internal_count=7147723 5813754 1333969 1326085 817829 291405 5255483 196735 5426 530 526424 191309 31302 30700 4296 484280 795 266544 558271 428208 20446 3672 577 130063 483485 380533 4791 375742 308162 30897
is_linear=0
shrinkage=0.055


Tree=48
num_leaves=31
num_cat=0
split_feature=53 50 49 50 25 41 6 55 42 25 15 41 52 26 56 13 3 50 19 45 26 13 48 9 47 26 16 2 40 55
split_gain=13031.2 3466.97 1954.01 1665.24 1542.98 1148.03 724.889 694.727 638.625 636.857 617.626 531.331 520.35 610.834 493.347 476.691 458.328 1016.47 1393.55 1013.29 564.086 545.839 476.333 482.715 462.216 403.648 402.517 427.513 401.414 529.796
threshold=-0.07324123382568358 -6.1361060142517081 4.8458251953125009 -1.0000000180025095e-35 -12.798509597778319 -1.0000000180025095e-35 -12.073047161102293 0.85913085937500011 -1.0000000180025095e-35 -7.1768500804901114 8.2352285385131854 -1.0000000180025095e-35 0.79385024309158336 1627.0000000000002 -0.0075683593749999991 3.4175922870635991 0.97368422150611889 -11.955196380615233 1.5000000000000002 0.83984553813934337 2471.5000000000005 3.7494349479675297 286.50000000000006 4.9467060565948495 -114.78872299194335 190.50000000000003 86457.500000000015 0.14835165441036227 3.0201274156570439 0.89526367187500011
decision_type=2 2 2 2 2 2 2 2 2 2 2 2 2 2 2 2 2 2 2 2 2 2 2 2 2 2 2 2 2 2
left_child=2 4 16 9 14 7 -7 25 -8 15 12 -4 -10 -14 -2 -3 -1 -18 19 20 21 22 -19 -24 -20 -6 27 -12 -16 -30
right_child=1 3 11 -5 5 6 8 -9 10 -11 26 -13 13 -15 28 -17 17 18 24 -21 -22 -23 23 -25 -26 -27 -28 -29 29 -31
leaf_value=-0.052037404772145079 -0.037416063126535691 -0.00038124489716334626 -0.055302088177875915 0.040467625855318178 0.055077496624232627 0.086829551861938928 -0.047330546931395989 0.067907509600348206 -0.032625554065273996 0.026516352936232716 0.084176729246680654 0.0038505842428031645 0.016372361786380164 -0.0032687985256706562 -0.02149112240622612 0.014094638702446451 -0.039301409599743549 0.10418787266821264 0.41837025324213728 0.70863442555926015 -0.046920320182902653 -0.042685049042405727 -0.023485144017962211 0.63990532795330535 -0.019245199627272086 -0.053100011971788388 0.016158562739194159 -0.043274438815298542 0.19345727521736486 0.0024828365154325482
leaf_weight=14171.562477276428 4781.8464975727256 9590.9032945965882 529.39455941668712 8219.3248147042468 106.44143020967022 305.24718144815415 757.69048054679297 167.65792989893816 1305.0638719201088 8923.988409664249 574.39133887202479 3267.3866906000767 7060.3563524296042 14867.634184800554 234.49663497973233 24350.058448402211 2251.1988306194544 16.683390575228259 2.5499005694873622 8.2951931445859355 24.409397369716316 12.012949816882609 3.5883961662184456 14.348836538149044 217.08276770426892 1903.2068755058572 1642.0309854841325 89.136315109673887 74.392229227581993 98.707229668274522
leaf_count=4019808 835293 38033 102740 8301 6501 1756 77553 2646 138413 23631 11441 151656 102703 443478 16067 76528 626886 648 402 212 3831 972 515 813 34776 372206 40286 1493 3319 6108
internal_value=-0.000749455 0.00874199 -0.0400856 0.0177963 -0.00487524 0.000104487 0.00324998 -0.0382454 0.00226346 0.0134449 0.00374382 -0.0044591 0.00104653 0.00305754 -0.0324646 0.0100046 -0.0481711 -0.0266256 0.0678974 0.25794 0.162182 0.265577 0.364428 0.531002 -0.00496532 -0.0472479 0.0308632 0.0668597 0.0253746 0.0876841
internal_weight=105571 85052.6 20518.5 51084.3 33968.3 28778.9 26601.6 2177.31 26296.3 42865 25538.6 3796.78 23233.1 21928 5189.44 33941 16721.7 2550.17 298.971 79.3382 71.043 46.6336 34.6206 17.9372 219.633 2009.65 2305.56 663.528 407.596 173.099
internal_count=7149015 2205756 4943259 146493 2059263 1198476 817123 381353 815367 138192 737814 254396 684594 546181 860787 114561 4688863 669055 42169 6991 6779 2948 1976 1328 35178 378707 53220 12934 25494 9427
is_linear=0
shrinkage=0.055


Tree=49
num_leaves=31
num_cat=0
split_feature=53 51 49 53 41 27 6 23 26 6 50 22 42 52 41 13 0 48 31 27 8 41 1 3 50 46 23 33 32 47
split_gain=12032.6 3420.24 1954.36 1641.8 1176.05 973.254 1327.24 834.716 664.528 603.215 590.417 579.837 557.926 589.893 510.035 483.848 482.824 572.574 517.904 478.941 467.646 456.218 550.286 451.522 841.497 1146.33 1087.97 803.946 591.906 513.435
threshold=-0.07324123382568358 25.500000000000004 4.8458251953125009 -1.0000000180025095e-35 -1.0000000180025095e-35 595.25463867187511 -12.073047161102293 6.5000000000000009 1642.0000000000002 -0.288949504494667 -15.152011394500731 2.3502402305603032 -1.0000000180025095e-35 0.79184114933013927 -1.0000000180025095e-35 3.3497501611709599 0.84523808956146251 219.50000000000003 0.89587974548339855 200.44151306152347 3.2769666910171513 1.0000000180025095e-35 0.53571429848670971 0.97368422150611889 -11.955196380615233 -0.053629098460078233 3.5000000000000004 6.2156071662902841 1.7005987167358401 -6.7314977645874015
decision_type=2 2 2 2 2 2 2 2 2 2 2 2 2 2 2 2 2 2 2 2 2 2 2 2 2 2 2 2 2 2
left_child=2 3 23 8 -3 6 10 -7 -2 11 -6 -10 -8 -14 -4 20 19 -18 -19 21 -11 -15 -23 -1 -25 26 29 -28 -29 -26
right_child=1 4 14 -5 5 7 12 -9 9 15 -12 -13 13 16 -16 -17 17 18 -20 -21 -22 22 -24 24 25 -27 27 28 -30 -31
leaf_value=-0.05210117608030445 0.02336444830108058 -0.041912087926654157 -0.055234144484879316 0.042843795953028771 0.037645821967693269 -0.042097866931875082 -0.045694026436584448 0.024340441154954345 0.00040393842426501283 -0.020158264576816996 0.14712615345306046 -0.048749802156865384 -0.035518266846361557 -0.008739895205345731 0.0040982530059185396 0.015909714992618711 0.012251262540985181 0.14696388490725712 0.01911610905097386 -0.046037598178028646 0.011743675781674675 0.011055823199628809 -0.020971584922955373 -0.038638913426098126 -0.015349655968513053 -0.055155477173872057 -0.037481435298992671 0.68422132544976721 0.14105471012883031 0.20747139234348252
leaf_weight=13467.52698349976 13685.378781032749 2452.6016008569859 501.85717650107108 6574.8011383116245 401.67307767365128 2937.0629483391531 809.20024299551733 706.59866249072365 3174.5098755680956 2487.3774715121835 236.69312307215296 936.1811898057349 1303.5996766441967 8201.9133795234375 3235.0034671737812 19782.863447706215 1086.7080045992043 210.96107490314171 175.39405093272217 646.59716280573048 3137.6984494440258 13755.450690912548 1835.1247594258748 2164.8640190684237 82.17894479050301 144.47770590381697 9.7322371515911055 17.604947582352906 12.667509356746452 44.897586713545024
leaf_count=4021177 24803 457694 102763 3803 44326 553470 90814 29722 15743 6755 1374 7195 155224 330990 151433 32920 5835 4161 5605 100729 5374 307489 21178 626569 14062 24018 1566 935 569 1007
internal_value=-0.0010135 0.008004 -0.0397401 0.0172477 -0.00523442 -0.00244397 0.000961501 -0.0291981 0.013348 0.00870103 0.0790668 -0.0108361 -0.000831408 0.000510631 -0.0039332 0.0118634 0.00232969 0.032855 0.0899104 0.00048344 -0.00236856 0.00175713 0.00728045 -0.0481285 -0.0264626 0.0574185 0.153537 0.386775 0.509147 0.0682495
internal_weight=104219 84538.4 19680.8 49778.8 34759.6 32307 28663.3 3643.66 43204 29518.6 638.366 4110.69 28024.9 27215.7 3736.86 25407.9 25912.1 1473.06 386.355 24439.1 5625.08 23792.5 15590.6 15943.9 2476.42 311.559 167.081 40.0047 30.2725 127.077
internal_count=7149303 2205204 4944099 96593 2108611 1650917 1067725 583192 92790 67987 45700 22938 1022025 931211 254196 45049 775987 15601 9766 760386 12129 659657 328667 4689903 668726 42157 18139 3070 1504 15069
is_linear=0
shrinkage=0.055


Tree=50
num_leaves=31
num_cat=0
split_feature=53 48 49 50 53 6 25 42 26 8 57 50 54 27 25 33 25 31 1 26 2 7 16 8 51 28 46 35 9 9
split_gain=11063.6 2712.39 2547.06 1369.38 1043.33 933.22 779.944 774.523 721.771 757.855 655.328 1610.51 936.675 622.269 613.073 595.735 1840.22 2336.65 772.803 546.217 517.866 511.269 524.477 498.197 497.952 924.523 1509.64 1311.36 1084 1180.97
threshold=-0.065429449081420885 8.5000000000000018 4.8458251953125009 -18.866843223571774 -1.0000000180025095e-35 -12.073047161102293 -12.236631870269774 -1.0000000180025095e-35 334.50000000000006 4.0163424015045175 91.500000000000014 -18.165961265563961 265.50000000000006 873.85217285156261 -7.5359222888946524 8.2941746711730975 -21.903315544128414 1.7005987167358401 0.38750000298023229 1155.0000000000002 0.20714285969734195 5.4103789329528817 2097893.5000000005 1.2424533367156985 110.50000000000001 6.5000000000000009 2.4596776962280278 1.8317808508872988 4.9767518043518075 4.9560623168945321
decision_type=2 2 2 2 2 2 2 2 2 2 2 2 2 2 2 2 2 2 2 2 2 2 2 2 2 2 2 2 2 2
left_child=2 4 10 -3 14 13 -7 -8 -9 -10 11 15 -13 -5 23 21 17 -17 -19 24 -14 22 -1 -2 -4 -26 27 28 29 -27
right_child=1 3 19 5 -6 6 7 8 9 -11 -12 12 20 -15 -16 16 -18 18 -20 -21 -22 -23 -24 -25 25 26 -28 -29 -30 -31
leaf_value=-0.047598755964028412 -0.025496335337457151 -0.026937065779722227 0.021776000576014979 0.1046880879152001 0.043675736829682017 -0.025033780398590066 -0.041315734766231946 0.032006508898843829 -0.0016456995119772829 0.01391910825177075 -0.047751108789555047 -0.040593050194156217 0.59604990674466218 0.0010290056518333704 0.029480525483031435 -0.030278639374025643 -0.00051349505157825294 -0.0086001616145370777 1.6559816758803181 -0.010457615313758257 -0.025870361955096493 -0.044553678122766636 0.29189251352891205 0.013270699665736472 -0.049356842416926845 -0.014408925261482547 0.040072018992329893 -0.031391174990556915 0.21539224815288951 1.5122779735748797
leaf_weight=23.915601111715659 1082.8270444357768 4714.0387217393145 935.90317206946202 455.55705251661129 5660.4175458401442 2790.5644602423999 1065.1328422864899 3010.9112515740562 25556.051559660351 15021.307593494887 16324.944966928335 13.172191559569908 20.592834800248969 282.8807404928375 7836.5049114134163 6.0804479711223385 53.158256595255807 0.92328184493817367 0.9467804953455925 4277.4869044313673 4.331476349849253 606.48680041707121 23.99075618898496 12877.284972778987 38.375669245840982 1.7514501418918396 32.438865653937683 6.5127231965307137 8.0655509070493263 3.5957928302232176
leaf_count=3925 2576 722561 12384 5521 2989 207340 109634 21515 409928 155505 4964298 2091 567 13505 8094 1936 11465 295 120 279193 777 179514 1773 18539 7138 248 5923 955 316 41
internal_value=-0.000906728 0.00861947 -0.0350999 0.00133858 0.0226434 0.0041075 0.00314904 0.0049129 0.00604717 0.00411723 -0.045437 0.00467815 0.331246 0.0652524 0.0171727 -0.0148878 0.142666 0.730575 1.42602 -0.00180469 0.501706 -0.0305708 0.133932 0.0102557 0.0341235 0.153688 0.293824 0.616026 0.853546 1.2469
internal_weight=102736 80353.5 22382.7 52896.4 27457 48182.4 47444 44653.4 43588.3 40577.4 17078.5 753.598 38.0965 738.438 21796.6 715.502 61.1088 7.95051 1.87006 5304.13 24.9243 654.393 47.9064 13960.1 1026.64 90.7401 52.3644 19.9255 13.4128 5.34724
internal_count=7150666 1677707 5472959 1645509 32198 922948 903922 696582 586948 565433 5166761 202463 3435 19026 29209 199028 13816 2351 415 306198 1344 185212 5698 21115 27005 14621 7483 1560 605 289
is_linear=0
shrinkage=0.055


Tree=51
num_leaves=31
num_cat=0
split_feature=51 53 50 42 9 57 54 50 33 8 57 54 27 42 53 23 38 45 48 8 33 56 21 6 28 24 49 26 51 53
split_gain=10154.3 2748.24 2502.59 1354.87 863.266 771.052 737.721 647.262 639.987 547.321 534.419 920.422 660.874 602.815 568.3 1412.69 644.442 632.556 641.443 655.095 750.652 550.264 646.527 529.774 721.731 696.676 526.818 603.884 803.208 1177.43
threshold=278.50000000000006 -0.057616114616394036 -1.0000000180025095e-35 -1.0000000180025095e-35 4.7728502750396737 7.5000000000000009 7.5000000000000009 -110.66150283813475 8.2941746711730975 1.8688348531723025 232.50000000000003 528.50000000000011 87.841522216796889 1.0000000180025095e-35 -0.056640416383743279 7.5000000000000009 1.0000000180025095e-35 0.87295863032341015 756.50000000000011 3.7726949453353886 6.2156071662902841 -100.89331054687499 1.0000000180025095e-35 -12.073047161102293 5.5000000000000009 -3.5265914201736446 0.94047608971595775 941.00000000000011 162.50000000000003 -0.04761987924575805
decision_type=2 2 2 2 2 2 2 2 2 2 2 2 2 2 2 2 2 2 2 2 2 2 2 2 2 2 2 2 2 2
left_child=2 5 3 -1 -5 8 -6 -3 -2 -8 11 12 -9 -12 15 -15 -16 18 -18 -20 -21 22 -22 25 -25 -11 -26 28 -28 -30
right_child=1 7 -4 4 6 -7 9 10 -10 23 13 -13 -14 14 16 -17 17 -19 19 20 21 -23 -24 24 26 -27 27 -29 29 -31
leaf_value=-0.039752701526011743 0.05384628649572272 -0.036147972935639233 0.038354612444863212 -0.0076169328330743073 0.020502966905624316 -0.04735862351470959 -0.010470145621181147 0.036689767357267179 0.49868287618077733 0.054758580945750417 -0.019208202828857785 0.14529172696875259 -0.030201755142173731 -0.037591558853944725 -0.0078448527353056456 0.9673709489475526 -0.010335019227489931 -0.056028336601321685 0.12356624590470387 -0.037339363502680675 0.82993386309422945 0.14821612746128687 -0.022074667189490384 -0.033971756630521509 -0.026024103433419356 0.46570870862239006 0.024218003132485948 0.007173866315697823 0.31240998844078699 -0.015723146234272765
leaf_weight=1954.239534139866 54.349688659189269 1927.7846207786351 7712.1787364704069 10775.755062904907 13644.928062218707 15087.310886040097 5442.4535896761809 1212.7957417201251 7.3856237002182743 444.69928344921209 3989.0358090093359 166.30645924527198 701.10841021873057 10.46880164602771 588.7288598397281 1.7233635734301067 61.761863393010572 62.926843043183908 113.00214935210533 8.8533158109057677 12.05526274256408 12.117693043546753 2.8977321689017108 1224.6788047954906 1256.8526688234415 7.974265811033546 4836.4990288626868 29504.71286425367 66.762664461042732 60.51928684534505
leaf_count=260764 7815 287267 7941 232887 19495 4997462 148255 10322 584 20495 370554 10099 80553 2130 33866 72 2292 5527 3048 670 259 298 208 84397 154343 122 27080 371709 6468 945
internal_value=-0.00110104 -0.0323142 0.00864614 0.00533363 0.00664635 -0.0465472 0.00936758 -0.00799745 0.140439 0.0058193 -0.0001617 0.0231364 0.012171 -0.0101401 0.0310963 0.344488 0.0247051 0.0936257 0.138586 0.198675 0.390975 0.515035 0.700667 0.00819066 0.00746114 0.0670065 0.00888603 0.0101626 0.0279023 0.161694
internal_weight=100953 24020.6 76932.3 69220.1 67265.8 15149 56490.1 8871.57 61.7353 42845.2 6943.78 2080.21 1913.9 4863.57 874.536 12.1922 862.344 273.615 210.688 148.926 35.924 27.0707 14.953 37402.7 36950 452.674 35725.3 34468.5 4963.78 127.282
internal_count=7147927 5813026 1334901 1326960 1066196 5005861 833309 807165 8399 813814 519898 100974 90875 418924 48370 2202 46168 12302 6775 4483 1435 765 467 665559 644942 20617 560545 406202 34493 7413
is_linear=0
shrinkage=0.055


Tree=52
num_leaves=31
num_cat=0
split_feature=53 50 49 50 42 25 6 15 26 0 54 40 53 57 54 7 53 54 13 14 56 32 41 46 49 31 24 52 26 25
split_gain=9433.46 2963.78 1873.64 1339.61 908.246 916.777 839.729 538.105 522.698 510.956 756.009 1013.07 642.127 526.859 844.969 586.644 687.383 637.332 538.842 522.359 502.408 747.536 537.736 725.75 526.098 525.922 524.787 518.565 487.648 481.334
threshold=-0.07324123382568358 -6.1361060142517081 4.8458251953125009 -1.0000000180025095e-35 -1.0000000180025095e-35 -12.798509597778319 -7.1844375133514395 8.2352285385131854 601.00000000000011 0.58571431040763866 1267.5000000000002 3.0201274156570439 -0.069335699081420885 49.500000000000007 336.50000000000006 6.4349486827850351 -0.027831792831420895 14.500000000000002 3.5694335699081425 6.4731185436248788 -0.058349609374999993 3.8393945693969731 1.0000000180025095e-35 9.0574235916137713 0.42045518755912786 1.8688348531723025 -2.1459801197051998 0.83842015266418468 714.00000000000011 -8.9880409240722638
decision_type=2 2 2 2 2 2 2 2 2 2 2 2 2 2 2 2 2 2 2 2 2 2 2 2 2 2 2 2 2 2
left_child=2 4 -1 8 -2 9 -7 20 -3 -6 13 -12 -13 14 15 16 -11 -18 -16 -19 21 22 23 -8 25 26 -24 -25 -4 -5
right_child=1 3 28 29 5 6 7 -9 -10 10 11 12 -14 -15 18 -17 17 19 -20 -21 -22 -23 24 27 -26 -27 -28 -29 -30 -31
leaf_value=-0.046504784518682139 -0.04859614528806265 0.029115813364330608 0.054400764732467674 0.0090192295376832314 -0.039813038985981118 0.064504467413856972 -0.031515278093922315 0.023293656326396607 0.0095489544232393482 -0.020700856245723764 -0.04176220241294764 0.75953412516977359 -0.024058328540862733 -0.042976521684349088 -0.045887218494174362 -0.035139564438420944 0.084678774423307346 0.49370759346698367 0.24669354100883678 -0.033055213772808574 0.0054100266379711968 0.078911386614235843 -0.055820543960921655 0.044543767827733352 -0.0111474643825439 -0.027971265404018002 0.051029558458542949 -0.066472463864851186 -0.0095615343247598059 0.043979801711338196
leaf_weight=13940.850769106764 1431.1009333757684 4635.7624309267849 399.06708066421561 1492.4708647476509 3013.9541861054022 591.88295317580923 5498.0062885631341 2405.0346015584655 37655.336308165221 132.71637092437595 15.396441225893797 7.4770993601996452 3.8374759026337397 647.49365869304165 23.644787322962657 454.64158419123851 103.33545858133584 19.412847580853853 70.013451016973704 6.6465841298922888 9990.3093219909351 270.54923288384452 152.08596406201832 671.0224290068727 5320.5704942906741 462.59241864876822 1259.0237454480957 152.14576145377941 3344.8721448294818 5957.4519680715166
leaf_count=4688922 269156 11468 11329 1831 627976 7336 582861 69135 126861 8991 4326 734 1033 112688 5590 41161 1079 182 4919 257 81286 6927 16043 5889 118543 31634 59206 2393 242679 6491
internal_value=-0.000786193 0.00703312 -0.0372304 0.0154881 -0.00582725 -0.00386255 -5.55163e-07 -0.00147086 0.011697 -0.0268217 -0.000402484 0.265282 0.567846 -0.00616029 0.0233379 0.00254809 0.0673528 0.155077 0.174247 0.375661 -0.00398023 -0.0107846 -0.0126086 -0.0243057 -0.00232132 0.0227044 0.0393571 0.0237473 -0.00268032 0.0369868
internal_weight=100129 82443.9 17684.8 49741 32702.9 31271.8 26773.2 26181.3 42291.1 4498.57 1484.62 26.711 11.3146 1457.9 810.411 716.753 262.111 129.395 93.6582 26.0594 23776.3 13786 13515.4 6321.17 7194.27 1873.7 1411.11 823.168 3743.94 7449.92
internal_count=7148926 2205996 4942930 146651 2059345 1790189 981253 973917 138329 808936 180960 6093 1767 174867 62179 51670 10509 1518 10509 439 904782 823496 816569 591143 225426 106883 75249 8282 254008 8322
is_linear=0
shrinkage=0.055


Tree=53
num_leaves=31
num_cat=0
split_feature=50 54 41 50 26 42 25 26 49 50 6 45 41 25 55 23 50 27 8 15 15 35 4 8 52 6 56 26 0 24
split_gain=8859.47 2598.72 2403.73 1712.3 977.461 752.269 710.603 685.145 747.047 760.222 668.182 643.916 631.757 798.021 593.014 579.721 517.304 770.71 552.687 728.198 620.161 507.965 475.911 510.731 467.126 446.359 464.352 420.994 418.461 742.141
threshold=-11.265707969665526 86.500000000000014 -1.0000000180025095e-35 -1.0000000180025095e-35 30.500000000000004 -1.0000000180025095e-35 -16.27995681762695 2650.5000000000005 -8.533357620239256 -8.9893836975097638 -0.52366057038307179 0.76943159103393566 1.0000000180025095e-35 -14.155459403991697 0.83374023437500011 6.5000000000000009 -11.955196380615233 699.72961425781261 1.0000000180025095e-35 7.4636499881744394 7.5981485843658456 1.4978661537170412 1.0000000180025095e-35 4.2696731090545663 0.81535181403160106 -2.8626616001129146 -100.88696289062499 1599.5000000000002 0.84523808956146251 -9.1564822196960431
decision_type=2 2 2 2 2 2 2 2 2 2 2 2 2 2 2 2 2 2 2 2 2 2 2 2 2 2 2 2 2 2
left_child=1 21 25 5 6 -4 -3 11 9 -9 14 -7 28 -14 -10 -13 -15 18 19 -18 -21 -1 23 -12 -16 26 -2 -20 -6 -30
right_child=2 4 3 -5 12 7 -8 8 10 -11 22 15 13 16 24 -17 17 -19 27 20 -22 -23 -24 -25 -26 -27 -28 -29 29 -31
leaf_value=0.017960769685957802 -0.038523271809688391 -0.045444787169320239 -0.0440578733551103 0.036672381692196672 -0.050573123825751604 -0.048058967088067776 0.052915288483172174 0.72041098731671505 -0.045957675016204666 -0.033966652935103467 -0.00060275680619448213 0.015815244843432691 -0.046028752144842131 -0.012379154219796148 0.096965099147087522 0.070833641065385811 -0.034602767001905496 0.36513257269899102 0.10913109996978711 0.9318841317879959 -0.019781989008309787 -0.012064162680388721 0.029257930648618164 0.014361487139719622 -0.0071275102613204931 -0.042249032776532421 0.092788285511015811 -0.037530254285842578 -0.05294586147162296 0.1695124528165638
leaf_weight=2752.7872875616886 162.36387611646205 355.31426812126301 816.24871309939772 7131.4121735608205 12055.119748473866 462.15442950953729 575.3974254867062 3.853080392582342 1399.8684798101895 6.6492766102310252 19607.846186437178 24083.714378397213 2883.8422353833448 2133.6619840969797 132.53588254842907 589.11952452780679 7.8522113768849504 19.054386615054682 88.678812481230125 1.9650027567986397 2.6587707228027284 4457.7953245386016 2578.4144959577825 10639.634516182588 2513.4791576995049 3120.6539056946058 154.45276527921669 156.36263594240882 114.50246474519372 68.393371828598902
leaf_count=84389 40301 108556 45166 8195 3988196 75771 29713 59 80808 187 231156 187751 916219 373718 2768 4641 1015 558 3371 71 285 158131 3425 79861 34167 624838 6859 15568 35767 7460
internal_value=-0.000792426 -0.0285989 0.00893452 0.0111415 -0.0395319 0.00824111 0.0153226 0.00893294 0.00415969 0.385888 0.00399866 0.0159348 -0.0424474 -0.0265329 -0.0170775 0.017143 -0.00315918 0.0669267 0.0383275 0.337283 0.658689 -0.000597028 0.00659855 0.00466246 -0.00174058 -0.0359358 0.0259401 0.0166664 -0.0493182 0.0325389
internal_weight=99075.8 25673.4 73402.4 69964.9 18462.8 62833.5 930.712 62017.3 36882.3 10.5024 36871.8 25135 17532.1 5294.08 4045.88 24672.8 2410.23 276.572 257.517 12.476 4.62377 7210.58 32825.9 30247.5 2646.02 3437.47 316.817 245.041 12238 182.896
internal_count=7148970 5723017 1425953 753955 5480497 745760 138269 700594 432431 246 432185 268163 5342228 1310805 117743 192392 394586 20868 20310 1371 356 242520 314442 311017 36935 671998 47160 18939 4031423 43227
is_linear=0
shrinkage=0.055


Tree=54
num_leaves=31
num_cat=0
split_feature=51 54 47 57 42 50 9 26 3 50 35 16 37 35 26 22 50 50 52 33 51 24 8 43 45 48 52 8 10 25
split_gain=8201.42 2214 2102.08 1191.04 1181.45 1084.45 774.756 731.161 630.689 817.347 860.99 940.517 1281.62 1147.7 872.927 931.982 1002.18 959.441 772.692 756.886 611.346 601.683 513.905 512.394 495.5 525.95 590.032 1101.1 1014.5 966.489
threshold=278.50000000000006 139.50000000000003 -1.0000000180025095e-35 66.500000000000014 -1.0000000180025095e-35 -18.165961265563961 4.7728502750396737 247.00000000000003 0.83771929144859325 -13.33339738845825 1.2424533367156985 1287939.0000000002 1.0000000180025095e-35 0.89587974548339855 2347.0000000000005 0.89587974548339855 -9.4020805358886701 -11.265707969665526 0.80765423178672802 6.2156071662902841 25.500000000000004 -14.416048049926756 4.2696731090545663 1.0000000180025095e-35 0.79830989241600048 243.50000000000003 0.78297665715217601 3.7726949453353886 6.9092540740966806 -15.05601930618286
decision_type=2 2 2 2 2 2 2 2 2 2 2 2 2 2 2 2 2 2 2 2 2 2 2 2 2 2 2 2 2 2
left_child=2 -2 4 5 -1 -3 -6 -8 -5 -10 11 -11 14 -14 15 16 17 -13 -19 -15 22 -7 23 -9 -22 -26 27 -27 29 -29
right_child=1 3 -4 8 6 21 7 20 9 10 -12 12 13 19 -16 -17 -18 18 -20 -21 24 -23 -24 -25 25 26 -28 28 -30 -31
leaf_value=-0.039834322232858869 -0.0012132842205335567 -0.0037964348854870491 0.035917459876827214 -0.050706042462122944 -0.007833037467708949 0.45329792036034583 0.033430051083088462 0.0048319931305907454 -0.037553799024178443 -0.029404283119519949 -0.020138300491024802 0.16422078777821436 -0.037262018015159971 0.74608349276431707 -0.016980202929804612 -0.045330979686272616 0.080964547998972666 1.1281850476869755 -0.015854480616596622 -0.025373076578280033 -0.029657151925750195 0.11279117975738988 0.020290845949328448 0.062160408822646056 -0.0021565837550894789 -0.052203185569317141 0.017856570891124735 -0.0422307781718377 -0.048293735361799789 0.42357509430521845
leaf_weight=1759.7248031985946 5712.4522898748983 712.01469386462122 7149.412511956878 11742.396185581805 10653.697002441855 14.814806902781127 3302.6705317725427 20955.326163306832 2892.4998918569181 104.34266993356869 449.48815505765378 11.057119116187097 9.8555572638288123 19.98113457183354 85.864949318347499 20.705256277928129 20.016359368339181 6.3769601178355497 1.9558490596245972 4.1673660071101031 1668.494828346651 109.37997585651465 12128.901226926595 477.53299529757351 15078.201665250352 65.042405395535752 2254.4647990996018 15.926405516453086 27.757641312666237 59.947954749688506
leaf_count=260203 374044 182440 9816 4242575 232189 565 39726 53552 908747 12928 65466 923 1569 678 14911 3118 725 358 231 726 294924 4430 23996 702 268961 13572 124967 3512 4938 3620
internal_value=-0.0010385 -0.0306577 0.00755024 -0.0410336 0.00458486 0.0227779 0.00575987 0.00834473 -0.0445119 -0.0244123 0.0272916 0.101326 0.175862 0.457692 0.0972286 0.249144 0.391552 0.629848 0.954415 0.631436 0.00677057 0.16938 0.0112457 0.00612349 -0.00106519 0.00166833 0.0254246 0.123151 0.230545 0.329234
internal_weight=97514.5 21917.4 75597.1 16204.9 68447.7 836.209 66688 56034.3 15368.7 3626.31 733.811 284.323 179.981 34.0041 145.976 60.1115 39.4063 19.3899 8.33281 24.1485 52731.6 124.195 33561.8 21432.9 19169.8 17501.3 2423.14 168.674 103.632 75.8744
internal_count=7149112 5814434 1334678 5440390 1324862 187435 1064659 832470 5252955 1010380 101633 36167 23239 2973 20266 5355 2237 1512 589 1404 792744 4995 78250 54254 714494 419570 150609 25642 12070 7132
is_linear=0
shrinkage=0.055


Tree=55
num_leaves=31
num_cat=0
split_feature=50 54 53 41 57 47 13 25 10 26 28 22 8 3 25 6 26 46 32 57 15 51 32 1 51 25 54 25 56 42
split_gain=7971.73 2272.61 2004.38 1838.77 1136.66 936.467 692.788 887.5 912.011 682.33 657.182 717.95 659.591 611.783 664.607 1087.11 1154.62 719.675 698.15 532.46 586.6 880.273 985.02 805.909 777.983 492.744 480.653 479.598 517.449 476.482
threshold=-11.265707969665526 139.50000000000003 -1.0000000180025095e-35 -1.0000000180025095e-35 66.500000000000014 -108.32809448242186 3.5694335699081425 -21.223799705505368 8.2941746711730975 779.50000000000011 56.500000000000007 1.8688347935676577 1.8688348531723025 0.75735294818878185 -14.155459403991697 -9.2814431190490705 1627.0000000000002 -18.990868568420407 3.7494349479675297 7.5000000000000009 7.9129722118377694 170.50000000000003 1.0000000180025095e-35 0.18333333730697635 519.50000000000011 -16.179971694946286 589.50000000000011 -13.940042018890379 -100.89868164062499 -1.0000000180025095e-35
decision_type=2 2 2 2 2 2 2 2 2 2 2 2 2 2 2 2 2 2 2 2 2 2 2 2 2 2 2 2 2 2
left_child=1 27 3 26 5 25 -7 8 -8 -5 11 19 -12 -6 -15 16 -16 -18 -17 -11 -21 -22 23 24 -23 -3 -2 -1 -29 -14
right_child=2 4 -4 9 13 6 7 -9 -10 10 12 -13 29 14 15 18 17 -19 -20 20 21 22 -24 -25 -26 -27 -28 28 -30 -31
leaf_value=-0.038445568493102884 -0.012267328028390265 -0.040968578955397635 0.037785341807271326 0.020919044487894806 -0.050986440727946065 0.018294814023117601 -0.025578413061118487 0.14761702411536595 0.89497265363457679 0.075242014791397027 -0.0079619494382070274 -0.05187216034803787 -0.046788576351653482 -0.047553000351605285 0.10355197073118456 -0.019710033403606581 -0.017109093803001005 1.107352891670528 0.17836901216521867 -0.02533388809538973 0.010631385314925605 0.86882579810507787 0.039577920724198384 0.1119065996636094 -0.022615378805887092 0.0611978897109157 -0.055284621119546982 -0.028623267865716489 0.0073722307264534178 0.0099810044735715291
leaf_weight=1133.8400145897176 1459.4355319770984 474.51678752643056 6316.0107823442668 9597.7852614670992 10798.211013179272 97.855159204918891 4.2902665426954609 89.160252422560006 5.7002723400946707 249.87566347979009 7899.6844857695978 1226.5924908372108 447.27970348671079 2124.9333049992565 121.3599263781216 1853.4826237023808 2.2178205789532517 0.91432271664962073 50.458550858311355 1544.3466153470799 381.52397422865033 9.5638019526377303 45.115115395979956 15.90731029282324 3.4053274784237155 198.47080660122447 1706.2533303140663 1518.813921361696 5825.5809058251325 41260.802214034833
leaf_count=176924 104726 149242 4566 79357 3955514 15830 1112 7548 197 1408 136736 48911 27893 750823 4932 375797 445 136 3769 56263 7686 562 3988 1082 718 18333 567514 91752 169876 385083
internal_value=-0.000973935 -0.0282174 0.00820114 0.00536081 -0.040527 0.0204882 0.124354 0.223123 0.622981 0.00742729 0.0049862 -0.0181147 0.00660669 -0.044083 -0.0260951 -0.00355463 0.15067 0.790167 -0.0140071 0.000364612 -0.00915537 0.0453746 0.212509 0.43697 0.693596 -0.0106095 -0.0355035 -0.00523568 -8.60134e-05 0.00936667
internal_weight=96463.4 24299.8 72163.6 65847.6 15821.6 869.994 197.006 99.1508 9.99054 62681.9 53084.1 3476.33 49607.8 14951.6 4153.37 2028.43 124.492 3.13214 1903.94 2249.74 1999.86 455.516 73.9916 28.8764 12.9691 672.988 3165.69 8478.23 7344.39 41708.1
internal_count=7148723 5722230 1426493 1421927 5283678 192262 24687 8857 1309 749687 670330 120618 549712 5091416 1135902 385079 5513 581 379566 71707 70299 14036 6350 2362 1280 167575 672240 438552 261628 412976
is_linear=0
shrinkage=0.055


Tree=56
num_leaves=31
num_cat=0
split_feature=53 50 49 25 42 57 25 41 6 7 48 54 28 50 30 19 8 41 8 14 50 25 31 2 49 50 14 53 10 26
split_gain=6949.41 2014.09 1848.73 1138.99 912.335 678.895 1023.66 768.69 701.283 646.243 589.386 623.373 584.2 566.866 492.536 466.388 621.98 460.523 453.445 454.805 418.545 443.089 814.378 761.955 411.116 1192.6 553.708 501.654 411.092 400.425
threshold=-0.07324123382568358 -4.3811669349670401 4.8458251953125009 -7.7946922779083243 -1.0000000180025095e-35 14.500000000000002 -11.234835624694822 1.0000000180025095e-35 -3.875985741615295 2.2930061817169194 499.50000000000006 336.50000000000006 5537.5000000000009 -1.0000000180025095e-35 0.6904762089252473 5.5000000000000009 1.4978661537170412 -1.0000000180025095e-35 4.5379471778869638 4.6200466156005868 -15.518566608428953 -21.711912155151364 2.6735538244247441 0.4083333313465119 -0.0422935914248228 -11.100204944610594 6.8128948211669931 -0.057616114616394036 4.6200466156005868 30.500000000000004
decision_type=2 2 2 2 2 2 2 2 2 2 2 2 2 2 2 2 2 2 2 2 2 2 2 2 2 2 2 2 2 2
left_child=2 4 29 -3 -2 -6 9 8 -8 -7 -9 15 24 -5 18 -12 -17 -4 19 28 21 22 -11 -24 -13 26 27 -26 -10 -1
right_child=1 3 17 13 5 6 7 10 14 20 11 12 -14 -15 -16 16 -18 -19 -20 -21 -22 -23 23 -25 25 -27 -28 -29 -30 -31
leaf_value=0.0040708816347256342 -0.046525209190747721 0.0075262642183041972 -0.055030632616579304 0.020276581148150643 0.025548196559813916 0.11920521554187793 0.051498623267118952 0.0036364185186024754 0.18856900717176239 0.0050406827078457346 0.019012264800542696 0.051169580735916854 0.030803218624843233 0.044773700870570858 0.055940512549549695 0.55998826187210193 -0.037012566641911375 0.006718799596167507 0.0046920600783279792 -0.02212705443851766 -0.013726377745374014 -0.046909100723118158 -0.026651814950536874 0.83614148869586147 -0.022151583182057837 0.07472048007333261 0.12350834394133217 0.66315899653631638 -0.015491272103709736 -0.047273238624108434
leaf_weight=478.16812045243569 1385.2293928118888 24463.894120084122 407.02863719454035 10336.382748572854 2672.6944774843287 89.492121384013444 536.03680251468904 15663.321131860139 54.47353439591825 54.329732046229765 2695.3004431575537 58.6630489975214 185.99681217083707 3955.0791161567904 304.50092835305259 6.1500200112350276 8.9303630257491005 3220.0057184165344 2834.1628401442431 8520.8568978481926 3560.3239733593073 2425.5888694946188 4.6755173269193611 2.7111655485350639 3.2979778498411205 62.667949762428179 14.742666939971967 22.801365577615798 58.579560154583305 11291.504664030625
leaf_count=107426 276113 61136 102658 23190 55934 774 9685 133194 1091 19573 103918 2224 17753 3691 789 194 708 151603 112061 522376 216551 636060 1787 263 696 1438 1315 262 3448 4580824
internal_value=-0.000779728 0.00573462 -0.0346105 0.0147355 -0.00272773 -0.00119926 -0.00312583 0.000934664 -0.00973917 -0.0236405 0.00795285 0.030016 0.0987865 0.0270693 -0.0125482 0.0210162 0.285268 -0.000276988 -0.0143903 -0.0206533 -0.0258511 -0.043144 0.0972597 0.49971 0.173503 0.237282 0.451361 0.586923 0.0866554 -0.0451864
internal_weight=95377.6 79980.9 15396.7 38755.4 41225.5 39840.3 37167.6 31030.5 12308.6 6137.12 18721.9 3058.55 348.17 14291.5 11772.6 2710.38 15.0804 3627.03 11468.1 8633.91 6047.63 2487.31 61.7164 7.38668 162.173 103.51 40.842 26.0993 113.053 11769.7
internal_count=7148735 2206224 4942511 88017 2118207 1842094 1786160 911152 649450 875008 261702 128508 23688 26881 639765 104820 902 254261 638976 526915 874234 657683 21623 2050 5935 3711 2273 958 4539 4688250
is_linear=0
shrinkage=0.055


Tree=57
num_leaves=31
num_cat=0
split_feature=50 53 53 41 27 13 41 26 4 53 25 26 45 26 48 49 54 16 49 13 32 14 10 6 45 50 50 25 47 19
split_gain=6907.81 2013.88 1676.68 1494.75 737.216 604.288 599.178 594.49 585.532 769.976 495.813 475.188 461.111 504.499 479.846 598.685 447.931 434.408 424.566 1012.1 390.563 565.198 804.51 411.646 388.654 387.078 366.885 358.707 385.759 358.517
threshold=-11.265707969665526 -0.07714593410491942 -1.0000000180025095e-35 -1.0000000180025095e-35 958.87527465820324 3.4175922870635991 -1.0000000180025095e-35 1642.0000000000002 1.0000000180025095e-35 -100.84948730468749 -5.4122555255889884 46.500000000000007 0.77310436964035045 4076.5000000000005 724.50000000000011 8.9140625000000018 589.50000000000011 2179361.5000000005 -0.43544325232505793 3.4498615264892583 1.2424533367156985 7.136085271835328 9.0967197418212908 -2.8626616001129146 0.78244677186012279 -17.060758590698239 -110.66150283813475 -17.802628517150875 -4.3433227539062491 6.5000000000000009
decision_type=2 2 2 2 2 2 2 2 2 2 2 2 2 2 2 2 2 2 2 2 2 2 2 2 2 2 2 2 2 2
left_child=1 -1 3 16 6 7 10 27 12 -10 -3 -8 -7 14 15 17 20 -14 19 -19 21 23 -23 -2 -15 -12 29 -5 -29 -13
right_child=2 4 -4 5 -6 8 11 -9 9 -11 25 26 13 24 -16 -17 -18 18 -20 -21 -22 22 -24 -25 -26 -27 -28 28 -30 -31
leaf_value=-0.046483814187192968 0.089705365887417524 -0.052762043143239769 0.035617894082033801 0.22631826682327932 -0.04748250488666874 -0.035965461593862845 0.041126935947200467 -0.0080296945702572568 0.27301462794738335 0.028702480161107116 0.34981878631486479 -0.032807736291255434 -0.0051774646407367021 0.078561112209629455 0.049504238114684455 0.021981090373778038 -0.053150297851846662 0.69834289290539109 0.01783053813165441 0.06819922320612766 -0.045038808953488406 -0.048617053423367716 0.46929968631086599 -0.013403849642255222 0.0018465278393874553 -0.040945475434422236 -0.0028445592077096502 -0.0015021368113951859 0.024991441842419828 0.29478019888126927
leaf_weight=9423.5672108812723 135.5206690558698 1085.652447631117 5953.0324110202491 18.603314612293616 1676.5907967642415 685.11494566081092 641.28993921005167 12787.609044269659 34.51833056146279 3726.7344755304512 11.867158472305166 1678.2653726872522 6277.811425587628 197.02435036469251 1163.6994319444057 10677.542208540952 1556.0140223407652 4.1111459077801547 2533.1308365738951 60.296052783029154 588.32850369415246 15.601614286424592 14.189831122756004 698.77508956776001 17955.831850226037 12.343265216564758 8470.921616199892 3398.7725110962056 3248.3480671448633 5.2120144406799218
leaf_count=3904225 4598 327408 4521 126 479575 95551 22620 183668 236 11682 694 348874 87136 11752 35550 16865 568035 83 25877 2214 49457 1930 107 48564 204661 1483 637393 66465 7780 874
internal_value=-0.000732323 -0.0269536 0.00767875 0.00514767 -0.013391 0.00696372 -0.00857214 -0.00108879 0.0105799 0.0313041 -0.0469607 -0.00460565 0.00860547 0.00939561 0.0152601 0.0132099 -0.0326919 0.00265114 0.0215452 0.155832 -0.0106671 0.0128599 0.230062 0.00377955 0.00270056 0.177687 -0.00751266 0.0122228 0.0114539 -0.0309236
internal_weight=94736.3 23005.7 71730.6 65777.6 13582.1 62769.1 11905.6 19453.3 43315.8 3761.25 1109.86 10795.7 39554.6 38869.4 20716.6 19552.9 3008.43 8875.35 2597.54 64.4072 1452.42 864.087 29.7914 834.296 18152.9 24.2104 10154.4 6665.72 6647.12 1683.48
internal_count=7150004 5723146 1426858 1422337 1818921 749646 1339346 258039 491607 11918 329585 1009761 479689 384138 167725 132175 672691 115310 28174 2297 104656 55199 2037 53162 216413 2177 987141 74371 74245 349748
is_linear=0
shrinkage=0.055


Tree=58
num_leaves=31
num_cat=0
split_feature=53 53 51 25 48 36 57 7 6 42 32 15 55 40 19 25 24 8 49 57 49 52 8 31 56 52 14 2 27 47
split_gain=6021.97 1804.89 1498.31 1089.14 739.322 795.491 699.462 701.873 609.43 555.54 472.302 471.674 460.336 524.365 459.785 952.39 567.138 479.073 416.389 400.104 1035.69 492.868 395.233 392.137 391.879 452.633 402.151 597.443 451.566 418.714
threshold=-0.07324123382568358 -1.0000000180025095e-35 269.50000000000006 -11.234835624694822 17.500000000000004 1.0000000180025095e-35 3.5000000000000004 2.2930061817169194 -8.5349602699279767 -1.0000000180025095e-35 2.6735538244247441 5.8902609348297128 0.89184570312500011 3.0201274156570439 1.5000000000000002 -11.845333576202391 -4.9734997749328604 3.7494349479675297 1.1674799323081972 66.500000000000014 -6.4349744319915763 0.80264297127723705 2.6735538244247441 1.2424533367156985 -0.028564453124999997 0.83278146386146557 8.4295630455017108 0.47222222387790685 718.86129760742199 -110.13536453247069
decision_type=2 2 2 2 2 2 2 2 2 2 2 2 2 2 2 2 2 2 2 2 2 2 2 2 2 2 2 2 2 2
left_child=2 3 14 6 22 8 12 -8 -6 -10 23 -9 13 -2 15 16 -1 -16 -17 20 -4 -22 -5 -11 -13 26 28 -28 29 -26
right_child=1 -3 19 4 5 -7 7 11 9 10 -12 24 -14 -15 17 18 -18 -19 -20 -21 21 -23 -24 -25 25 -27 27 -29 -30 -31
leaf_value=-0.041218150953302023 0.029980136561016561 0.034176149323678851 -0.03802419845890518 0.0020686078831793219 0.09818890654814226 -0.021919839420526287 0.098732183703901535 -0.049397528631661365 -0.039323671963354401 0.0064755693252229992 0.020087104135146795 -0.026386436086664158 -0.01987907944720466 0.17446730182738684 -0.031139586002272217 -0.031033797396981411 0.3657647370792077 0.0043386191794109793 0.070564164358067158 -0.048862490495461201 0.31601837896285628 -0.041154682678688527 0.015661767335096652 -0.0080782802822405488 -0.022926322244320511 -0.015283672641226312 -0.037278320784250092 0.53100859618606644 -0.014142354287616846 0.086488274335831783
leaf_weight=12.791320164455099 194.61666208342649 6030.3673162423074 198.68422917579301 9263.7038186939899 197.33627228811383 4439.9545905124396 146.55286556389183 1436.4390479498543 929.02032202365808 13979.730536487419 4507.4846940743737 3909.6795283798128 189.98056729719974 122.46408709115349 2595.2995266797952 270.39867105265148 34.291468337411061 2064.2430342379957 214.42437330097891 8865.7890463990625 39.160391808487475 14.455993242561815 21467.534394055139 9335.874638798181 140.29963522148319 2041.8769942217041 9.5793275448959339 6.6770116433035573 490.90389222581871 403.96926513384096
leaf_count=1556 3448 4970 76393 20385 509 193055 955 273359 181294 417026 90719 483289 7725 1261 415869 71318 1585 221578 2996 4145442 1945 4766 33394 260504 25455 89826 2325 175 100497 15242
internal_value=-0.000663338 0.00526691 -0.0334945 0.00288358 0.00541001 -0.00025606 -0.014925 -0.0186399 0.00306971 0.00239991 0.00379989 -0.0207353 0.0475467 0.0876266 -0.00989515 0.0383213 0.261854 -0.0154344 0.0141619 -0.0469182 0.0210254 0.224422 0.0115652 0.000647534 -0.0148252 -0.000193682 0.0290447 0.266137 0.0240601 0.0583318
internal_weight=93553.6 79244 14309.5 73213.7 64120.6 33389.4 9093.04 8585.98 28949.4 28752.1 27823.1 8439.42 507.061 317.081 5191.45 531.906 47.0828 4659.54 484.823 9118.09 252.301 53.6164 30731.2 23315.6 7002.99 3093.31 1051.43 16.2563 1035.17 544.269
internal_count=7148861 2205413 4943448 2200443 1196886 1143107 1003557 991123 950052 949543 768249 990168 12434 4709 714902 77455 3141 637447 74314 4228546 83104 6711 53779 677530 716809 233520 143694 2500 141194 40697
is_linear=0
shrinkage=0.055


Tree=59
num_leaves=31
num_cat=0
split_feature=53 53 41 51 7 23 24 41 16 57 26 28 52 51 27 30 28 13 52 47 48 23 50 46 33 27 33 8 25 49
split_gain=5953.44 1727.78 1264.62 1244.13 1007.33 724.638 618.71 582.518 714.047 565.027 561.216 512.031 497.583 517.808 492.634 483.736 482.251 500.214 471.127 499.357 627.306 840.446 612.515 450.732 446.034 432.997 413.091 482.274 404.367 391.171
threshold=-0.078005999326705919 -1.0000000180025095e-35 -1.0000000180025095e-35 253.50000000000003 2.6572058200836186 4.5000000000000009 -2.8265535831451412 1.0000000180025095e-35 2302480.5000000005 156.50000000000003 13.500000000000002 56.500000000000007 0.76727133989334118 84.500000000000014 1355.3392333984377 0.92857143282890331 1449.5000000000002 3.6242519617080693 0.82301250100135814 -108.32809448242186 320.50000000000006 1.0000000180025095e-35 -108.24286651611327 5.7863478660583505 8.527292728424074 93.603496551513686 6.4861316680908212 5.9519429206848153 -21.903315544128414 13.28848457336426
decision_type=2 2 2 2 2 2 2 2 2 2 2 2 2 2 2 2 2 2 2 2 2 2 2 2 2 2 2 2 2 2
left_child=3 2 29 7 16 9 -7 10 -9 14 -1 -11 13 -10 18 23 -4 -18 19 24 -21 22 -22 -12 -6 -20 -25 -28 -26 -2
right_child=1 -3 4 -5 5 6 -8 8 12 11 15 -13 -14 -15 -16 -17 17 -19 25 20 21 -23 -24 26 28 -27 27 -29 -30 -31
leaf_value=0.17761726267680539 -0.040316088992923778 0.033586186406255596 0.023531581456140743 -0.048066963412415828 -0.028408576911037986 0.026549832502882807 -0.0026069303980882138 0.00020700410516316919 0.092340362078574836 -0.038749912367082001 -0.045626651199590869 -0.0097874658086593135 -0.0047348939687078722 0.31654819361182723 -0.04417134768905983 0.12504623966685863 0.00043875719430643456 0.012515043894209857 0.0084691153343351162 0.0097871955769268451 0.67157420716226268 0.089945571508580319 0.16446041519797958 -0.029046253482823112 0.38228851302903694 -0.032037742475381117 0.022745331886766508 0.24132041567828208 0.03053586978891204 0.026537866097056152
leaf_weight=36.490917564136907 2513.2829476427287 5982.7736598066986 5974.038543318864 8263.0397843263345 346.27232217497658 3048.9540445059538 7885.2885444944259 875.94855020847172 106.30646467977203 3537.4758148168912 1890.2484691964928 3866.4724057334242 77.592499704798684 43.544597509084269 681.02768595283851 57.849614001810551 19619.372166058281 22017.633266536053 2888.2880309943575 255.26387113542296 8.9666683578398061 266.25247572746594 25.000350701157004 663.86767127551138 10.593768239370545 1097.491984721506 422.47598822764121 28.066923392703757 29.713675623177551 292.40342072234489
leaf_count=720 548355 4974 39717 4025268 84242 123837 140367 58354 911 553843 485684 124787 3821 2265 155693 1638 313567 281614 13850 3410 566 19324 918 33883 282 102928 17899 437 3572 2371
internal_value=-0.000323553 0.00516384 0.00287508 -0.0356807 0.00429622 -0.00490436 0.00553169 -0.0112978 0.0229486 -0.0136722 -0.0235085 -0.023642 0.108645 0.165609 -0.000502258 -0.0261906 0.0089239 0.00682543 0.00557146 0.0404418 0.0736128 0.126832 0.367324 -0.0293054 -0.00755355 -0.00271069 -0.00154125 0.0388609 0.154971 -0.0333139
internal_weight=92812 80346.6 74363.8 12465.4 71558.1 23947.1 10934.2 4202.39 1103.39 13012.8 3099 7403.95 227.444 149.851 5608.87 3062.51 47611 41637 4927.84 942.063 555.483 300.219 33.967 3004.66 386.58 3985.78 1114.41 450.543 40.3074 2805.69
internal_count=7149097 2518217 2513243 4630880 1962517 1327619 264204 605612 65351 1063415 540261 678630 6997 3176 384785 539541 634898 595181 229092 112314 24218 20808 1484 537903 88096 116778 52219 18336 3854 550726
is_linear=0
shrinkage=0.055


Tree=60
num_leaves=31
num_cat=0
split_feature=53 50 51 25 41 41 9 26 19 26 6 6 8 51 8 50 16 47 26 24 25 57 50 27 47 46 41 35 8 53
split_gain=5276.79 1576.92 1553.69 1136.57 814.299 700.947 685.918 638.815 616.007 557.143 542.235 509.377 491.065 991.434 465.83 547.355 962.566 561.628 493.932 437.375 427.097 406.701 1156.08 449.512 414.634 403.331 399.963 375.479 368.387 360.863
threshold=-0.07324123382568358 -1.0000000180025095e-35 269.50000000000006 -13.722517490386961 -1.0000000180025095e-35 -1.0000000180025095e-35 4.4013888835906991 13.500000000000002 1.5000000000000002 190.50000000000003 -3.875985741615295 -7.3544647693634024 5.8507635593414316 236.50000000000003 3.9981586933135991 -11.100204944610594 4140.5000000000009 -12.805934906005858 832.50000000000011 -4.9734997749328604 -8.0779495239257795 66.500000000000014 -106.39728927612303 1017.3553466796876 -111.27952575683592 7.6884434223175058 1.0000000180025095e-35 2.0126758813858037 1.2424533367156985 -0.033686310052871697
decision_type=2 2 2 2 2 2 2 2 2 2 2 2 2 2 2 2 2 2 2 2 2 2 2 2 2 2 2 2 2 2
left_child=2 3 5 -2 9 7 -6 -1 10 -5 19 -8 -10 -14 15 16 29 -17 -19 -7 -3 22 -4 24 -24 -11 -15 -18 -20 -13
right_child=1 20 21 4 6 8 11 -9 12 25 -12 14 13 26 -16 17 27 18 28 -21 -22 -23 23 -25 -26 -27 -28 -29 -30 -31
leaf_value=0.23896231705971413 -0.026459155446550354 0.010623471689739953 -0.053960511232087789 0.05791381106507875 -0.013834914045007614 -0.042578847955666022 0.053086988998361777 -0.055093759287636462 -0.010708850360303787 -0.049171659475652753 0.039325284480235777 0.11906863954807513 0.035346128317153454 -0.024862184641996164 0.012635523532154974 0.033925015064168833 -0.0071831518678836821 0.019151974739891289 -0.023097227607646608 0.3017617539464888 0.041307582092315519 -0.049030659555633432 0.11696227734389841 -0.042570728912228933 0.43605298212821714 0.0075636617564956701 0.55357824078917606 -0.03896819505892591 0.002217673601774058 0.0093405149701638636
leaf_weight=17.994202380301431 3805.4174342094921 2026.2656665674876 174.14006097055972 205.57497593853623 5099.9998722814489 13.268701614346353 716.77203076111618 1010.7946642226307 3427.2000269793207 1624.4489276771201 348.24391556670889 202.58302709960844 236.98156534135342 4.0904056248255047 23560.984420383116 1950.4647231490817 2547.4765494340099 5054.9379497389309 1877.161321726162 40.699813642306253 4274.6628241769504 8062.5851742078084 32.126677904743701 16.13175353850238 22.193091216497123 492.3454199571861 11.620162573177367 2011.3746639689198 22842.470105533022 162.59457636531442
leaf_count=294 798261 3348 74114 8328 124347 1213 12230 371472 296944 401225 30024 11582 11831 1476 264691 26708 182137 23717 18246 802 4964 4145916 2666 5447 845 10432 446 164187 149244 1666
internal_value=-0.000370802 0.00508088 -0.0322368 0.00277561 0.00440511 -0.00836461 0.00553178 -0.0488196 0.00187829 -0.0275701 0.0660687 0.00715391 -0.00521786 0.0680178 0.00660273 0.00272317 -0.0143288 0.00537165 0.0034958 0.22067 0.0314564 -0.0469101 0.0225727 0.202785 0.273097 -0.0359889 0.433332 -0.0212341 0.000291026 0.0709985
internal_weight=91873.6 78455.5 13418.1 72154.6 68349.2 5110.89 66026.8 1028.79 4082.1 2322.37 402.212 60926.8 3679.89 252.692 60210 36649.1 4924.03 31725 29774.6 53.9685 6300.93 8307.18 244.592 70.4515 54.3198 2116.79 15.7106 4558.85 24719.6 365.178
internal_count=7148803 2205313 4943490 2197001 1398740 714502 978755 371766 342736 419985 32039 854408 310697 13753 842178 577487 359572 217915 191207 2015 8312 4228988 83072 8958 3511 411657 1922 346324 167490 13248
is_linear=0
shrinkage=0.055


Tree=61
num_leaves=31
num_cat=0
split_feature=41 50 50 54 6 9 53 40 57 28 47 54 27 24 54 45 50 22 27 47 27 13 6 8 25 31 22 53 13 33
split_gain=4782.05 2570.06 1326.67 1288.45 796.701 675.796 621.531 616.519 547.765 517.468 586.98 523.385 463.785 432.463 466.381 440.288 419.169 402.15 397.392 389.005 363.778 413.185 383.673 363.671 363.121 359.325 759.956 468.816 499.847 887.433
threshold=-1.0000000180025095e-35 -14.16268730163574 -1.0000000180025095e-35 86.500000000000014 -8.8804230690002424 4.7728502750396737 -0.037638455629348748 3.3842465877532963 66.500000000000014 6.5000000000000009 -17.75615310668945 7.5000000000000009 387.69972229003912 -3.5265914201736446 607.50000000000011 0.82506504654884349 -6.7188162803649893 3.6762205362319951 958.87527465820324 -5.4076528549194327 5.4380879402160653 2.7403194904327397 -0.017689828760921952 2.1383330821990971 -8.9880409240722638 1.2424533367156985 3.4811217784881596 -0.071288824081420885 3.860674381256104 6.908255100250245
decision_type=2 2 2 2 2 2 2 2 2 2 2 2 2 2 2 2 2 2 2 2 2 2 2 2 2 2 2 2 2 2
left_child=6 3 4 20 18 7 -1 19 12 -7 17 -12 -5 14 16 -16 -13 -11 -3 -6 21 -2 25 -15 -4 27 -27 28 -23 -30
right_child=1 2 24 8 5 9 -8 -9 -10 10 11 13 -14 23 15 -17 -18 -19 -20 -21 -22 22 -24 -25 -26 26 -28 -29 29 -31
leaf_value=-0.051148665212973017 -0.063077756957474071 0.097558871814551654 0.006097315199072759 0.073168509875131599 -0.021655579288578555 -0.021306626320092722 -0.0059559866996141105 0.083271278494361528 -0.038736362017567777 0.040002586254814121 0.016043774154497755 -0.0076043119658095199 -0.017491307393593478 -0.010758933201314623 0.00030622343255384181 0.13751644957881376 0.047390458541059464 -0.037668243238934723 0.011504062163001568 -0.00041536975629517125 -0.020780563464124754 0.10894291957135788 -0.054786413798000415 0.0040332739689175456 0.038703552137968923 -0.019573831768458456 0.11441014782715553 0.040631948241500342 -0.028999872272297965 0.91262873084446505
leaf_weight=5965.4467196388869 174.62001948175021 408.05408702022396 1328.0178548032418 234.66223461355548 5030.6893129270757 1965.783939175657 1090.0512972967699 210.81424243701622 7020.4365499495761 2306.1864783341298 12173.777523594908 958.46594870230183 588.67096418200526 6014.2525131909642 108.62758483143989 197.97048673266545 738.61569987307303 217.02404120401479 269.87247210333589 5411.5435887578642 1071.4292490200605 52.958375475602224 170.78666520956904 30517.258610591176 4681.9598477615509 750.99090299895033 149.17822137498297 1214.7714213803411 4.7596002130303523 2.1032151363324374
leaf_count=2766142 5817 4342 1766 19351 250552 119417 43964 3393 2715298 77930 16075 27627 187454 168760 13384 6148 3057 14362 8534 21175 97102 2140 4861 511867 6410 22163 2641 27810 392 127
internal_value=-0.000702436 0.00295259 0.00677323 -0.0212756 0.00453644 0.00392322 -0.0441757 -0.00875672 -0.0337618 0.00637098 0.00739498 0.00610478 0.00863378 0.00296325 0.0278095 0.0896879 0.0163998 0.0332608 0.0636368 -0.0106536 0.00600228 0.0174074 0.0235207 0.00159687 0.0315096 0.0297818 0.00313965 0.0485119 0.19305 0.522605
internal_weight=91029.8 83974.3 72538.9 11435.4 66528.9 65851 7055.5 10653 7843.77 55198 53232.2 50709 823.333 38535.2 2003.68 306.598 1697.08 2523.21 677.927 10442.2 3591.6 2520.17 2345.55 36531.5 6009.98 2174.76 900.169 1274.59 59.8212 6.86282
internal_count=7150061 4339955 1254799 3085156 1246623 1233747 2810106 275120 2922103 958627 839210 746918 206805 730843 50216 19532 30684 92292 12876 271727 163053 65951 60134 680627 8176 55273 24804 30469 2659 519
is_linear=0
shrinkage=0.055


Tree=62
num_leaves=31
num_cat=0
split_feature=53 48 50 50 53 41 19 57 50 10 41 26 25 14 15 13 27 41 25 26 13 14 52 16 8 28 42 13 7 10
split_gain=4325.33 1625.91 1146.57 835.873 820.972 722.532 672.377 570.481 539.722 675.066 531.954 564.159 474.095 454.092 525.562 441.143 436.122 432.189 590.096 813.115 569.563 507.148 429.464 403.588 544.316 383.012 368.92 366.957 364.639 487.85
threshold=-0.078005999326705919 17.500000000000004 -9.4020805358886701 -110.66150283813475 -1.0000000180025095e-35 -1.0000000180025095e-35 1.5000000000000002 49.500000000000007 -9.2042102813720685 8.0035300254821795 -1.0000000180025095e-35 190.50000000000003 -10.400928020477293 6.4544119834899911 7.1557865142822275 3.5408543348312382 1355.3392333984377 1.0000000180025095e-35 -14.155459403991697 2347.0000000000005 1.7005987167358401 7.1037330627441415 0.87825262546539318 2303106.5000000005 4.7140145301818857 393.50000000000006 -1.0000000180025095e-35 3.8393945693969731 3.5320675373077397 7.6016521453857431
decision_type=2 2 2 2 2 2 2 2 2 2 2 2 2 2 2 2 2 2 2 2 2 2 2 2 2 2 2 2 2 2
left_child=2 4 17 7 12 -4 8 15 9 -7 11 25 -2 14 -8 -3 -10 -1 20 21 -19 26 -9 -21 -25 -5 -20 -17 29 -28
right_child=1 3 5 10 -6 6 13 22 16 -11 -12 -13 -14 -15 -16 27 -18 18 19 23 -22 -23 -24 24 -26 -27 28 -29 -30 -31
leaf_value=-0.048985370947306074 -0.012449909162286603 -0.031800817328928539 -0.054933120538964125 0.03567810699370693 0.033444279624868713 -0.030078390804800115 -0.042475599799214121 -0.050463977200856817 0.050886296721818602 0.70534588094897188 -0.00038029466818150425 -0.041654125539365733 0.011067549931049721 -0.029865581969834295 0.047626852371237191 0.10788306440346153 0.33732498732970501 0.45159551496942579 -0.046805328675303334 -0.054885903926185954 -0.045524653105858987 -0.052069451168210656 0.1531367723848194 -0.047206959207929972 0.31223599071232555 0.30214338299800741 0.29652614102461228 -0.052482664311048234 0.080635072247324774 -0.042488327981703593
leaf_weight=6808.7568205092102 2841.480978507665 250.67902358213905 621.15101377852261 125.4610755930189 4763.4922516047955 5.8147706758463737 261.30744223075453 1988.4318257923005 336.24630593881011 4.0359596563503146 37968.200252886862 1536.8710541629698 29210.785339029972 887.78295787412208 740.02191565628164 184.10988294705749 12.158812143956309 2.0563976002158588 26.286862606648356 281.86961853224784 1013.3320099649718 50.495727480622008 27.118685072287917 26.143613571883179 17.963137790095061 14.114542263559995 74.001551303081214 52.593757454887964 88.944154709461145 13.952054050518198
leaf_count=3556864 11603 52025 279523 10023 3610 1563 25603 609920 26953 507 1305989 439044 52781 67758 25389 21266 197 1063 10304 100323 492775 12179 565 7685 1824 571 5893 11149 11562 2664
internal_value=-0.000843481 0.00370682 -0.0327062 -0.00366919 0.0121504 -0.00267525 0.0118582 -0.0344625 0.080387 0.407265 -0.00172098 -0.0319935 0.00898108 -0.00131566 0.0240195 0.0187827 0.0655136 -0.0429491 -0.0171095 0.0270186 -0.0423099 0.0998992 -0.0473524 -0.0303507 0.116068 0.0721417 0.13801 0.0719024 0.166005 0.243356
internal_weight=90235.7 78963.3 11272.3 42147.6 36815.8 2868.52 2247.37 2502.93 358.256 9.85073 39644.6 1676.45 32052.3 1889.11 1001.33 487.383 348.405 8403.8 1595.05 579.657 1015.39 253.68 2015.55 325.976 44.1068 139.576 203.185 236.704 176.898 87.9536
internal_count=7149175 2518546 4630629 2450552 67994 427493 147970 694925 29220 2070 1755627 449638 64384 118750 50992 84440 27150 4203136 646272 152434 493838 42602 610485 109832 9509 10594 30423 32415 20119 8557
is_linear=0
shrinkage=0.055


Tree=63
num_leaves=31
num_cat=0
split_feature=50 54 50 41 26 49 57 13 15 7 16 27 32 25 42 31 8 1 48 26 56 47 25 8 54 8 25 9 57 25
split_gain=4324.83 1858.8 1107.79 899.112 820.438 553.604 489.886 487.136 525.16 478.53 473.775 503.04 471.432 470.756 451.638 450.837 449.702 489.552 516.195 443.291 477.513 435.087 516.284 423.855 421.674 394.82 394.445 392.945 388.725 386.088
threshold=-11.265707969665526 139.50000000000003 -1.0000000180025095e-35 -1.0000000180025095e-35 30.500000000000004 3.7544003725051884 62.500000000000007 1.8688348531723025 6.7644619941711435 5.4103789329528817 4140.5000000000009 0.23293280601501468 3.9019217491149907 -17.224498748779293 -1.0000000180025095e-35 0.89587974548339855 1.8688348531723025 0.26785714924335485 826.50000000000011 204.00000000000003 -100.89819335937499 -108.32809448242186 -21.903315544128414 6.1933839321136483 271.50000000000006 4.0163424015045175 -8.9880409240722638 4.9355530738830575 3.5000000000000004 -7.0576219558715811
decision_type=2 2 2 2 2 2 2 2 2 2 2 2 2 2 2 2 2 2 2 2 2 2 2 2 2 2 2 2 2 2
left_child=1 10 3 24 13 6 9 8 -8 -6 -1 25 19 -3 -5 -10 17 18 -16 20 -7 -11 -23 -21 -2 -12 -4 -18 -13 -19
right_child=2 4 26 14 5 12 7 -9 15 21 11 28 -14 -15 16 -17 27 29 -20 23 -22 22 -24 -25 -26 -27 -28 -29 -30 -31
leaf_value=0.045034011178355558 -0.0021788511496244416 -0.053822366540709994 0.00268362387996336 -0.037225423995889399 0.12756194573514074 0.22423558956329379 -0.041506187554229745 -0.049245419234450818 -0.026081222632448772 -0.044680377601597349 -0.0076691199916544585 0.04588631241366261 0.19155385725352303 0.044572306102316467 0.00095391303467766864 0.60630417217276811 0.0014458097362720667 -0.025733269942854711 0.056465971500392828 -0.029553916418158847 -0.015083999052613336 0.37634446217356182 0.028502919607421632 0.086112128121538081 -0.048512602446678238 0.024664138114192807 0.036535342225792959 0.011686495433100659 -0.031291263968091801 0.012222536294349651
leaf_weight=585.2216575742932 1037.7068109100219 194.31096776016057 1345.8546001559589 738.07655016460922 78.690263729658909 41.93140649178531 15.141551599605011 8899.8855754663236 4.4888319871388358 334.86992655450013 3053.1318320143037 210.07652110070921 28.63819869083818 559.08248616836499 5196.91428330692 5.3798784581013024 17445.631029678741 3718.4165311476681 556.48223401978612 1621.9392988824984 53.251697838539258 10.872698075254446 74.568861166480929 97.053855465375818 1386.6400065799244 1818.9318693941459 4608.0080068144016 32359.416772521101 2480.766269575106 1033.0595976751065
leaf_count=20243 54391 88798 2879 45101 5550 1448 7409 4573233 2242 132454 120130 7454 2367 46928 90288 997 200124 56699 23585 388877 3725 1201 16806 11638 612705 41449 11149 324838 249811 5423
internal_value=-0.000295333 -0.022712 0.00621786 0.00408887 -0.0364549 -0.0401704 -0.0455603 -0.0485241 0.173603 0.00740419 -0.00242865 -0.00612867 -0.0125585 0.0190074 0.00539424 0.406618 0.00591886 -0.00442071 0.00636754 -0.0162982 0.0962739 -0.0163268 0.0911257 -0.0227926 -0.0287254 0.00441506 0.0288919 0.00809991 -0.025192 -0.0174768
internal_weight=89594.4 20168.2 69426.2 63472.3 12020.1 11266.7 9423.9 8924.9 25.0103 499.002 8148.13 7562.91 1842.81 753.393 61048 9.86871 60309.9 10504.9 5753.4 1814.18 95.1831 420.311 85.4416 1718.99 2424.35 4872.06 5953.86 49805 2690.84 4751.48
internal_count=7149942 5722760 1427182 1413154 5283673 5147947 4739892 4583881 10648 156011 439087 418844 408055 135726 746058 3239 700957 175995 113873 405688 5173 150461 18007 400515 667096 161579 14028 524962 257265 62122
is_linear=0
shrinkage=0.055


Tree=64
num_leaves=31
num_cat=0
split_feature=53 53 49 50 27 6 50 42 26 3 50 28 26 44 56 35 13 27 30 13 15 13 13 22 50 15 15 6 10 15
split_gain=4073.1 1342.63 1336.27 827.517 685.276 658.014 590.02 560.774 546.955 500.609 567.845 474.778 469.375 459.248 461.631 613.864 455.905 392.603 384.661 694.077 363.015 383.767 353.018 422.523 348.239 406.874 344.963 517.664 669.985 397.83
threshold=-0.07714593410491942 -1.0000000180025095e-35 4.8458251953125009 -5.45890188217163 958.87527465820324 -12.073047161102293 -15.152011394500731 -1.0000000180025095e-35 2259.5000000000005 0.75735294818878185 -11.955196380615233 2.5000000000000004 356.50000000000006 3.5000000000000004 -100.89965820312499 2.0126758813858037 1.7005987167358401 224.37039947509768 0.92857143282890331 3.860674381256104 7.0938198566436776 3.8176519870758061 3.4811217784881596 4.4601275920867929 -9.4020805358886701 6.6100225448608407 8.2896647453308123 -6.1693463325500479 4.6200466156005868 8.6133213043212908
decision_type=2 2 2 2 2 2 2 2 2 2 2 2 2 2 2 2 2 2 2 2 2 2 2 2 2 2 2 2 2 2
left_child=2 3 9 4 5 6 17 -7 -5 18 16 -9 -13 14 -12 -16 -11 -2 -1 -20 -17 -22 23 -10 -4 -26 -14 28 29 -28
right_child=1 -3 24 8 -6 7 -8 11 22 10 13 12 26 -15 15 20 -18 -19 19 -21 21 -23 -24 -25 25 -27 27 -29 -30 -31
leaf_value=-0.051160045823398011 0.063367358299951354 0.03033613897977195 -0.027293888376548923 0.01655621783902567 -0.03662254963660988 -0.042715170400851266 0.10499488306824732 -0.03803378600727176 -0.0035798841510043234 0.37681964511177518 -0.053809313805956813 0.021643537693285055 -0.0051069275610438527 0.53127085374545535 -0.016531559373909509 -0.042878924028019912 -0.033490764210824156 -0.027699264113231124 -0.045974935714724857 0.43300357074624646 0.27947204578073753 -0.040370939617623211 0.0071360713784809661 -0.056101334310364036 -0.059389644986668787 0.022333243097197374 0.15018268436389812 0.013006414707638954 0.031310340759223239 0.73058999664056334
leaf_weight=6474.372891074745 244.20739610982127 5418.0965121723711 930.98686513933353 13191.768904083525 1869.8329288450768 1073.2108083284693 308.27523597236723 1081.8830022942275 7475.6171894243453 3.2775853207567698 89.679803126840852 2521.4148323402042 24178.799923051498 1.0968913260148827 79.649741723900661 15.842054496286435 1169.9132692851126 332.08211984450463 23.88110969227273 9.0561085821827856 68.174419924151152 12.053254726110024 17423.551732676104 489.03320056083612 201.55870320345275 1716.2788238545181 12.085690143634563 2253.7031305828132 35.172784639406018 3.7451913490658617
leaf_count=3783191 11075 4931 182920 38933 503739 281308 2883 143933 26408 1098 21418 40534 1165350 194 14485 4088 610330 107183 11521 2138 4495 2431 50595 3030 9679 39547 936 74943 5087 342
internal_value=-0.000448382 0.00393927 -0.0321008 0.00196446 -0.00430262 -0.0024113 0.0442317 -0.00374227 0.00747349 -0.04368 -0.0142705 -0.00234523 -0.00100772 0.0575077 0.045762 0.0966618 -0.0307502 0.0111041 -0.0501706 0.125432 0.186684 0.23187 0.00275175 -0.0068379 0.000219905 0.0136123 -0.00316795 0.017141 0.182362 0.429897
internal_weight=88708.3 77912.5 10795.8 72494.4 33914.4 32044.6 884.565 31160 38580 7947 1439.69 30086.8 29004.9 266.496 265.399 175.719 1173.19 576.29 6507.31 32.9372 96.0697 80.2277 25388.2 7964.65 2848.82 1917.84 26483.5 2304.71 51.0037 15.8309
internal_count=7148745 2461210 4687535 2456279 2337313 1833574 121141 1712433 118966 4455389 658539 1431125 1287192 47111 46917 25499 611428 118258 3796850 13659 11014 6926 80033 29438 232146 49226 1246658 81308 6365 1278
is_linear=0
shrinkage=0.055


Tree=65
num_leaves=31
num_cat=0
split_feature=41 50 47 28 54 45 52 24 28 26 26 52 14 40 13 41 16 48 56 1 45 24 26 55 49 52 2 27 6 23
split_gain=3884.21 1737.05 1072.57 923.088 773.587 703.715 684.034 788.744 668.402 580.554 559.912 651.75 1190.79 793.54 521.946 478.089 654.129 608.802 629.58 512.812 486.034 476.811 589.864 399.527 471.042 439.774 379.784 811.596 632.031 574.687
threshold=-1.0000000180025095e-35 -18.866843223571774 -1.0000000180025095e-35 1.0000000180025095e-35 86.500000000000014 0.7703230381011964 0.76942089200019848 -4.1209394931793204 2.5000000000000004 190.50000000000003 356.50000000000006 0.75093373656272899 5.9571309089660653 2.2499048709869389 3.3842465877532963 1.0000000180025095e-35 1090100.5000000002 441.50000000000006 -100.90893554687499 0.26785714924335485 0.83146595954895031 -6.8489699363708487 2259.5000000000005 0.83374023437500011 3.9281036853790288 0.80874678492546093 0.10555555671453477 224.37039947509768 -12.073047161102293 6.5000000000000009
decision_type=2 2 2 2 2 2 2 2 2 2 2 2 2 2 2 2 2 2 2 2 2 2 2 2 2 2 2 2 2 2
left_child=9 4 3 6 -2 -5 7 -3 -7 -1 11 12 13 -10 -12 23 -17 -18 -19 21 -21 22 -20 24 -16 -25 -6 28 -28 -29
right_child=1 2 -4 5 26 8 -8 -9 10 -11 14 -13 -14 -15 15 16 17 18 19 20 -22 -23 -24 25 -26 -27 27 29 -30 -31
leaf_value=0.02154978874151434 0.0086123029414442148 0.11713123143239362 0.028034010806966343 -0.03691055821566773 -0.047433700937471748 -0.031428873075551415 0.039528147437034609 0.53114097722539866 -0.027041741429612961 -0.047388580082947482 -0.005053212280188079 0.020532345762388927 0.070810510690717712 0.86002814909942904 -0.031478637715865655 -0.0011886943682634262 0.013517685495797908 -0.023991141316902029 0.48377149481070697 0.095648006913535491 -0.050285922090502283 0.07451596314525942 -0.036180424307641033 0.18956621771056958 -0.0020364843396935071 0.0073044676774747701 0.10758454058767322 -0.045724753892171247 -0.010659099373081998 0.10240701205336226
leaf_weight=392.53156489413232 1639.3162122010253 103.57049239892513 5708.8633319112705 1337.2444954825332 2970.0774106022436 1629.8479431597516 765.71417905972339 12.18512061901856 3.7972271167673153 5659.3404068747768 17933.261759800953 4155.9405620029429 63.327628842438571 6.1040335398865864 2133.0506409527734 9249.9101489742752 15840.799416271504 299.25454198324587 13.815052172401922 99.685478522093035 197.73142831178848 1081.7476875900757 9.1598772522993368 35.275756978546269 7114.0261403758777 7364.0561942768982 234.73696372122504 1418.8409350505099 316.42164810409304 79.252144776866771
leaf_count=72776 112374 7403 11351 430359 1416545 155931 29203 166 485 2737746 399602 29000 4674 392 372416 132039 109419 36063 699 9262 15143 29493 1814 1913 125317 35002 17820 742806 89380 23473
internal_value=-0.000403685 0.00274235 0.00512821 0.00324343 -0.0241712 0.00252229 0.0590089 0.1809 0.00330931 -0.0429031 0.00417471 0.0235192 0.180882 0.624906 0.00283986 0.00609867 0.0106462 0.0168852 0.0481067 0.0635249 -0.000600428 0.0807138 0.307056 -0.00122144 -0.00884133 0.00830081 -0.0348763 -0.016605 0.040215 -0.0375737
internal_weight=87868.9 81817 75158.4 69449.5 6658.65 68568 881.47 115.756 67230.8 6051.87 65600.9 4229.17 73.2289 9.90126 61371.8 43438.5 26792.1 17542.2 1701.39 1402.14 297.417 1104.72 22.9749 16646.4 9247.08 7399.33 5019.33 2049.25 551.159 1498.09
internal_count=7150066 4339544 1937146 1925795 2402398 1889023 36772 7569 1458664 2810522 1302733 34551 5551 877 1268182 868580 333932 201893 92474 56411 24405 32006 2513 534648 497733 36915 2290024 873479 107200 766279
is_linear=0
shrinkage=0.055


Tree=66
num_leaves=31
num_cat=0
split_feature=41 50 47 27 45 53 50 52 50 10 49 49 16 10 23 8 7 0 26 10 43 22 26 32 14 28 15 8 53 14
split_gain=3589.3 1971.61 961.221 664.493 1003.82 553.05 522.948 752.34 639.953 717.559 694.676 521.059 477.298 541.945 453.625 427.036 421.907 476.592 477.43 394.854 389.304 385.712 372.98 369.514 526.039 1672.02 364.798 660.215 566.789 364.577
threshold=-1.0000000180025095e-35 -14.16268730163574 -1.0000000180025095e-35 718.86129760742199 0.8010644018650056 -0.037638455629348748 -110.66150283813475 0.76942089200019848 -18.400738716125485 5.5274410247802743 -3.6587806940078731 -0.033638432621955865 731.50000000000011 5.7054464817047128 1.0000000180025095e-35 0.89587974548339855 1.8839673399925234 0.64583334326744091 864.00000000000011 5.8622088432312021 -1.0000000180025095e-35 4.135134458541871 155.50000000000003 1.7005987167358401 7.1037330627441415 8288.0000000000018 6.9674382209777841 4.5798392295837411 -0.045021444559097283 6.3500125408172616
decision_type=2 2 2 2 2 2 2 2 2 2 2 2 2 2 2 2 2 2 2 2 2 2 2 2 2 2 2 2 2 2
left_child=5 3 15 4 -2 -1 -6 8 21 10 -10 12 14 -14 -9 -3 23 -18 -19 29 -17 -8 -22 24 -15 -26 27 28 -24 -7
right_child=1 2 -4 -5 6 19 7 11 9 -11 -12 -13 13 16 -16 20 17 18 -20 -21 22 -23 26 -25 25 -27 -28 -29 -30 -31
leaf_value=-0.050108058124267288 -0.049548750663970291 -0.011952936950332551 0.027531758387783312 -0.045714117130607537 -0.028306607448748761 0.091407246525793059 -0.053457416765545045 0.36519403561686725 0.75413145171530771 0.11365241623937464 0.12947987474887745 -0.011965015668910553 -0.054312440551023057 0.087058995672331801 0.058267016983079102 -0.058036725091946691 -0.0037295686252704192 0.0039167726387771126 0.18419575429536381 -0.02990366699605497 0.028615305030665741 0.17952378059244387 -0.026102564417481815 -0.016875266451187407 0.046209195702446804 0.89066867311679165 0.0078922184585131748 0.020186233635395148 -0.00083680666331004128 -0.022097084996759431
leaf_weight=4803.6495820864802 1719.7816837327555 4842.8742415681481 5576.9933720715344 2369.3557134697912 1663.7046475186944 192.96945321722887 80.148200392373838 18.890839344705455 7.5277373386779827 93.984622963936999 14.031735976692287 2699.8755837074714 235.0590640095761 234.44366764836013 43.586202654056251 289.87567186157685 725.32398099231068 86.753971380414441 86.580668432638049 660.66236797044985 2004.5806114875013 23.759457437205128 3261.5127411718713 77.724943678942509 22.620619065593932 5.7481559026055029 36464.607309044688 3677.7864280780777 15111.277250931598 147.97983014304191
leaf_count=2766779 928159 146618 11136 1177810 466612 4514 35643 357 592 15741 2553 238678 42660 11353 1718 9104 133773 7960 7365 32194 13399 5027 310075 7488 611 216 621297 53594 89607 7229
internal_value=-0.000599084 0.00238046 0.0056206 -0.0202183 -0.0124884 -0.0423634 -0.00204178 0.00778514 0.105915 0.192142 0.448495 0.00258325 0.0280989 0.0214738 0.171255 0.00375736 0.03601 0.0160507 0.0966057 -0.00515622 0.0050094 0.00561213 0.00531615 0.0876869 0.118348 0.325135 0.0045156 -0.00106876 -0.00532783 0.0425364
internal_weight=87243.7 81438.4 71229.5 10208.9 7839.55 5805.26 6119.76 4456.06 219.452 115.544 21.5595 4236.61 1536.73 1474.26 62.477 65652.5 1239.2 898.659 173.335 1001.61 60809.6 103.908 60519.8 340.537 262.812 28.3688 58515.2 22050.6 18372.8 340.949
internal_count=7149862 4339146 1254830 3084316 1906506 2810716 978347 511735 59556 18886 3145 452179 213501 211426 2075 1243694 168766 149098 15325 43937 1097076 40670 1087972 19668 12180 827 1074573 453276 399682 11743
is_linear=0
shrinkage=0.055


Tree=67
num_leaves=31
num_cat=0
split_feature=41 50 50 57 6 28 53 27 9 41 52 26 51 56 13 49 57 53 28 10 10 43 46 32 46 31 27 8 10 15
split_gain=3383.66 1491.48 1005.16 745.379 715.092 693.906 688.788 553.729 533.491 510.25 624.401 861.346 968.706 811.076 503.243 485.66 955.413 601.997 1040.9 457.157 455.925 414.047 404.612 390.846 497.596 369.078 369.036 364.543 361.153 762.027
threshold=-1.0000000180025095e-35 -18.866843223571774 -1.0000000180025095e-35 45.500000000000007 -12.073047161102293 5.5000000000000009 -0.037638455629348748 958.87527465820324 4.4013888835906991 1.0000000180025095e-35 0.80164024233818065 2650.5000000000005 194.50000000000003 -100.89038085937499 3.5408543348312382 4.123436927795411 451.50000000000006 -0.055661678314208977 1564.5000000000002 6.2156071662902841 5.8622088432312021 -1.0000000180025095e-35 2.6805584430694585 2.6020033359527592 3.4278579950332646 3.4175922870635991 1376.6223754882815 3.6762205362319951 7.8268392086029062 5.9335696697235116
decision_type=2 2 2 2 2 2 2 2 2 2 2 2 2 2 2 2 2 2 2 2 2 2 2 2 2 2 2 2 2 2
left_child=6 3 4 14 7 -6 -1 -3 -7 15 11 12 -11 -14 -2 16 17 18 -10 -16 -8 -12 -23 27 -25 -21 28 -17 -18 -30
right_child=1 2 -4 -5 5 8 20 -9 9 10 21 -13 13 -15 19 23 26 -19 -20 25 -22 22 -24 24 -26 -27 -28 -29 29 -31
leaf_value=-0.050526047958130801 -0.019079279378539486 0.085055205846947549 0.027708381585825892 -0.030909996051187119 -0.025030481548289837 -0.013695390001028762 0.045262421471385837 -0.005880899976658166 -0.04211600862186362 0.058236806529215861 -0.056406642474372277 -0.00035378514474110302 -0.045186694090914262 0.31277080289657205 -0.055801970632782402 -0.0088020563788576926 -0.037918112392524538 0.02626290058124478 0.58500251887711996 0.071592094647648874 -0.029478792619483319 0.022845725589420725 0.0061407480400525296 0.08694631627912322 0.013480110706566439 0.33465966183338847 0.30894475322111642 0.0075017719370373348 0.10378138133527771 -0.024745399240695687
leaf_weight=4571.8614723985083 472.81421761633828 559.48512599628884 5441.6699457413051 5345.4109950138954 2649.4509954784298 4956.4570691522676 395.40746183507144 314.96529450383969 14.91014955379069 315.62179407465737 294.95084636716638 424.34904175507836 22.415861258516088 91.933682695962489 82.456297061638907 7843.8179422072135 3087.7824389449088 839.52181297901552 10.864857342909088 401.01910372520797 638.93021664908156 5098.7973498555366 31248.025915280799 323.54715125623625 1864.6597826434299 12.338892358122392 4.8135529919527462 8794.6088346453616 173.60889058886096 633.06243422219995
leaf_count=2766529 94180 12553 8190 2246266 258964 209697 11754 24249 3931 4516 7955 52411 9011 2643 18969 96327 624940 10511 431 42102 32240 146835 189051 3310 14290 698 1125 75929 27499 152228
internal_value=-5.67952e-05 0.00279327 0.00495478 -0.0228686 0.0031731 0.00254199 -0.0413654 0.052454 0.00364992 0.00505828 0.00904499 0.0553918 0.10978 0.243647 0.0214392 -0.00127882 -0.0169557 0.0351857 0.274328 0.0598828 -0.000826367 0.00795698 0.00848697 0.00269207 0.0245162 0.0833506 -0.0285568 -0.000184642 -0.0293696 0.00338458
internal_weight=86929.6 81323.4 75009.3 6314.04 69567.7 68693.2 5606.2 874.45 66043.7 61087.3 37496.1 854.32 429.971 114.35 968.629 23591.2 4764.56 865.297 25.775 495.814 1034.34 36641.8 36346.8 18826.6 2188.21 413.358 3899.27 16638.4 3894.45 806.671
internal_count=7149334 4338811 1936596 2402215 1928406 1891604 2810523 36802 1632640 1422943 412422 68581 16170 11654 155949 1010521 820665 14873 4362 61769 43994 343841 335886 189856 17600 42800 805792 172256 804667 179727
is_linear=0
shrinkage=0.055


Tree=68
num_leaves=31
num_cat=0
split_feature=41 48 25 6 57 45 54 24 14 53 42 51 55 25 13 41 54 45 1 55 49 25 49 14 52 16 14 15 7 15
split_gain=3063.29 1266.73 819.314 1035 839.087 809.451 654.91 847.593 967.242 593.365 553.998 544.534 483.977 449.122 423.282 548.135 781.11 795.609 573.127 512.609 462.379 682.122 1112 499.901 490.743 423.622 377.392 586.591 374.555 409.685
threshold=-1.0000000180025095e-35 8.5000000000000018 -15.59683847427368 -12.073047161102293 22.500000000000004 0.77310436964035045 750.50000000000011 -4.1209394931793204 6.1559185981750497 -1.0000000180025095e-35 -1.0000000180025095e-35 110.50000000000001 0.89526367187500011 -9.9711747169494611 3.4811217784881596 1.0000000180025095e-35 1267.5000000000002 0.83291497826576244 0.18333333730697635 0.83911132812500011 3.9281036853790288 -14.955598354339598 4.3431277275085458 7.0383448600769052 0.80004939436912548 2303808.0000000005 7.1037330627441415 7.7421848773956308 2.6572058200836186 8.5478196144104022
decision_type=2 2 2 2 2 2 2 2 2 2 2 2 2 2 2 2 2 2 2 2 2 2 2 2 2 2 2 2 2 2
left_child=11 9 4 6 12 -5 -4 -8 -9 13 -7 -1 -3 -2 -12 19 18 -18 25 20 -16 22 -22 28 26 -17 27 -25 29 -23
right_child=1 2 3 5 -6 10 7 8 -10 -11 14 -13 -14 -15 15 16 17 -19 -20 -21 21 23 -24 24 -26 -27 -28 -29 -30 -31
leaf_value=-0.01132034655474834 -0.017731249694707685 0.053707229166261992 0.028318224737937887 -0.037774745924755819 -0.041005910410345965 -0.043451418522109 0.097026001315945617 0.80865533780754206 0.10582609528817284 0.032674865573857279 -0.0062049408376761567 -0.05142213371367578 -0.043907986043162123 0.011427608844990821 -0.031343089138708438 0.017430968205997915 0.03460766056232762 0.17375269272274629 -0.0009044252388225848 0.010616834888337924 0.83148890760304328 -0.014054902085452309 -0.036872255760594726 0.0409921672563381 0.0036707445254542878 0.14055627669817003 0.051943769115701401 0.4447577524645992 -0.051400978022703728 0.065123202669938873
leaf_weight=1384.9780829799129 1749.6155857858248 513.69995288783684 581.2634749681456 1817.5096604595892 2903.5514243813232 886.25821133807767 216.35121533786878 6.7574920973274883 15.600022129947318 3757.5419771559536 18864.996396148927 3965.0758359627798 213.96223469870165 17942.419690386625 2732.0234973429469 8069.3682775956113 544.85486773168668 157.53255120036192 10018.200725378236 4253.7665522334864 2.7516215277137226 2376.8536360956496 9.5694514329079521 26.19458919565659 1549.7678969802801 80.542145237792283 345.5702649008017 15.129828034550881 756.4624899267219 210.62591422349215
leaf_count=158892 5326 51179 17734 813811 1409046 172082 17129 189 406 2899 724626 2651577 29187 23795 559090 156419 52339 6154 135934 37439 207 53333 1210 1067 20655 427 14227 396 28803 3284
internal_value=-0.00077923 0.00189636 -0.00251921 -0.000803273 -0.0277828 -0.00175969 0.0603251 0.136083 0.427224 0.0126596 -0.000470113 -0.0410612 0.0249006 0.00883303 0.000295789 0.00423321 0.0101175 0.0668229 0.00790741 -0.0048104 -0.0129894 -0.00349523 0.341098 -0.00462117 0.0175874 0.0187332 0.0725745 0.220869 -0.0174904 -0.00749648
internal_weight=85968.8 80618.7 57169.2 53538 3631.21 52718 819.972 238.709 22.3575 23449.6 50900.5 5350.05 727.662 19692 50014.2 31149.2 18870.5 702.387 18168.1 12278.7 8024.95 5292.93 12.3211 5280.6 1936.66 8149.91 386.895 41.3244 3343.94 2587.48
internal_count=7148862 4338393 4306373 2816961 1489412 2781503 35458 17724 595 32020 1967692 2810469 80366 29121 1795610 1070984 351273 58493 292780 719711 682272 123182 1417 121765 36345 156846 15690 1463 85420 56617
is_linear=0
shrinkage=0.055


Tree=69
num_leaves=31
num_cat=0
split_feature=41 50 53 45 51 42 41 29 8 52 48 27 14 15 50 52 51 15 13 13 25 14 10 3 13 6 52 45 8 33
split_gain=2680.41 1341.19 924.065 850.643 797.002 536.046 531.71 660.249 592.569 487.236 843.638 620.243 458.883 448.094 611.018 508.904 1210.26 442.297 418.609 417.4 411.544 406.664 413.762 395.51 388.56 383.396 482.683 658.81 1174.27 729.944
threshold=-1.0000000180025095e-35 -110.66150283813475 -1.0000000180025095e-35 0.77220335602760326 110.50000000000001 -1.0000000180025095e-35 1.0000000180025095e-35 0.26785714924335485 1.7005987167358401 0.83131366968154918 67.500000000000014 873.85217285156261 6.7505164146423349 6.7884085178375253 -12.129750728607176 0.80055186152458202 136.50000000000003 5.4743669033050546 3.8393945693969731 3.7954261302948002 -21.903315544128414 7.8963665962219247 8.1240024566650408 0.75735294818878185 3.4811217784881596 -0.022425619885325428 0.82356593012809765 0.82758721709251415 2.6020033359527592 4.2765698432922372
decision_type=2 2 2 2 2 2 2 2 2 2 2 2 2 2 2 2 2 2 2 2 2 2 2 2 2 2 2 2 2 2
left_child=4 -2 3 21 -1 -5 -7 9 -9 10 -8 12 13 25 -15 16 -16 -10 23 -18 -19 -3 -23 -17 -14 26 -12 28 -28 -30
right_child=1 2 -4 5 -6 6 7 8 17 -11 11 -13 24 14 15 18 19 20 -20 -21 -22 22 -24 -25 -26 -27 27 -29 29 -31
leaf_value=-0.0035985651305771127 -0.033391223783229972 -0.043383680699840506 0.026645431517249098 -0.035299710756097884 -0.05193149256957625 -0.0026056159782944124 0.0047468428627885778 -0.020918126841715581 -0.025955370250378185 0.010110753866463207 0.10508407486689657 -0.020217806052456697 -0.022031198035459658 -0.020056505456685081 0.055649680239352114 0.16559190615561734 0.40819013854821157 0.23761533845123872 0.12379829549928459 -0.031823091271688912 0.0064408954669570887 -0.002804174955402341 0.22052526699466113 -0.015830151064021698 0.056762843331098781 -0.0031948023051856468 -0.043006411081057121 0.13732598355403203 -0.028524057077654121 0.71013243557468797
leaf_weight=1423.8916674653301 3081.0360639789142 1605.6090764546534 4916.2887877039611 1086.2986444202252 3752.7535673818784 26330.287865970866 2031.4097353030229 3139.9006563548464 1332.9019517075503 14148.868639923283 267.48180240264628 305.90601051063277 270.66366216517054 212.38021705811843 111.43050665222108 38.005066020297818 51.744129819096997 18.326438544550911 160.58944314799737 6.5867531556868917 19917.400298779714 88.127479210612364 30.017522856476717 230.8456840920262 608.14138842676766 57.328462167293765 11.065622381633146 78.260562084848061 4.3430742570199099 21.149511667434126
leaf_count=158929 1428222 649034 4799 159662 2650547 1210840 13195 99463 37509 135280 28575 101392 33610 40654 1248 435 2173 4793 2466 1244 294062 21092 2967 6130 49358 4182 727 5487 277 403
internal_value=-0.00031533 0.00216268 0.00358588 0.0020132 -0.0386533 0.00294843 0.00355001 0.00731699 0.00136603 0.0151171 0.0309441 0.0527365 0.0632367 0.0846044 0.0597621 0.0879847 0.167503 0.00466 0.0549846 0.359914 0.00671294 -0.0361029 0.0605879 0.012371 0.0325077 0.129277 0.148927 0.242416 0.423796 0.600248
internal_weight=85339 80162.4 77081.4 72165.1 5176.65 70441.3 69355 43024.7 24408.5 18616.2 4467.33 2435.92 2130.02 1251.21 811.582 599.202 169.761 21268.6 429.44 58.3309 19935.7 1723.75 118.145 268.851 878.805 439.629 382.301 114.819 36.5582 25.4926
internal_count=7148755 4339279 2911057 2906258 2809476 2233165 2073503 862663 435827 426836 291556 278361 176969 94001 54350 13696 4665 336364 9031 3417 298855 673093 24059 6565 82968 39651 35469 6894 1407 680
is_linear=0
shrinkage=0.055


Tree=70
num_leaves=31
num_cat=0
split_feature=53 49 54 25 50 57 3 40 50 56 26 28 49 45 55 6 50 39 36 13 42 43 41 47 49 57 49 52 53 27
split_gain=2778.69 1189.48 1000.6 639.797 614.954 634.422 613.149 511.289 448.099 451.641 435.74 565.516 1028.34 764.057 613.006 459.179 435.125 420.125 444.476 413.183 393.474 370.026 381.044 533.954 376.619 430.228 374.874 472.632 569.322 538.54
threshold=-0.07324123382568358 4.8458251953125009 7.5000000000000009 -8.3115801811218244 -106.39728927612303 26.500000000000004 0.75735294818878185 3.0201274156570439 -16.64237022399902 -100.87622070312499 90.500000000000014 9.5000000000000018 -12.375488281249998 0.85269689559936535 0.85375976562500011 -12.073047161102293 -14.79245090484619 1.0000000180025095e-35 1.0000000180025095e-35 1.7005987167358401 -1.0000000180025095e-35 -1.0000000180025095e-35 1.0000000180025095e-35 -19.030879020690914 8.9140625000000018 362.50000000000006 5.8406724929809579 0.83353495597839367 -0.035749942064285271 387.69972229003912
decision_type=2 2 2 2 2 2 2 2 2 2 2 2 2 2 2 2 2 2 2 2 2 2 2 2 2 2 2 2 2 2
left_child=1 6 3 -2 5 7 -1 -4 19 -10 -6 15 13 -13 -15 16 -12 18 -9 -8 -14 -22 24 -24 25 26 27 28 29 -23
right_child=2 -3 4 -5 10 -7 8 17 9 -11 11 12 20 14 -16 -17 -18 -19 -20 -21 21 22 23 -25 -26 -27 -28 -29 -30 -31
leaf_value=-0.049220536171120516 0.0012971351650530661 -0.00028568493776017558 -0.018514188192769274 0.021767807973027083 0.0304675654970737 -0.038677304624733067 0.33797809698479209 0.032246180870587109 0.0036829351685224022 0.12418962607464996 -0.054551443047794364 -0.044084347906363501 -0.032529385429306328 0.48520191721381156 -0.035842869080003295 -0.037014764275409076 0.04705605536813455 0.3859962057601149 0.26531744116746697 -0.035209137754863645 -0.067332042008178633 0.20759961183937756 0.032988058004537794 0.0037069385940231392 0.0033627010924479899 -0.018371735102422168 -0.009386920442044035 -0.0029048456825893445 0.025079858913620461 -0.048606321377482602
leaf_weight=5390.6261663269252 7582.4397672265768 3273.7782210588921 208.68213091650978 11813.016935537569 1425.692511664005 2154.3195895567769 4.0950248877052209 127.17590618261602 429.84529532655142 115.55811411654577 175.87848643050529 18.675706057925709 1045.2582215882139 25.745078643900342 7.9399443898582822 2088.7269691415131 428.62494418572169 10.518087053904308 26.308045279700309 970.14969661401119 230.08937351137865 130.67609045642894 2018.2505654781125 27383.941766075557 9346.6609367706114 7226.1780340520199 1054.2207601560513 367.14468919381034 214.85940667451359 28.32636001042556
leaf_count=3946427 18932 253970 37753 14659 23616 729079 1171 16398 111959 10959 53140 4196 178919 581 642 249134 7478 1060 2045 619420 6828 4254 72775 201308 37087 523009 9664 6943 2306 4468
internal_value=-0.000645358 -0.0275981 0.0030093 0.0137674 -0.00073477 -0.0272172 -0.040528 0.0386633 -0.00963284 0.0301117 0.000525189 -0.000301917 0.00104521 0.233784 0.373627 -0.0248168 0.0172887 0.109813 0.0793061 -0.0319228 0.000772939 0.00150144 0.00184 0.00572215 -0.00437411 -0.0123873 0.0116855 0.0415271 0.0846231 0.161866
internal_weight=85323.4 10184.1 75139.4 19395.5 55743.9 2527 6910.27 372.684 1519.65 545.403 53216.9 51791.2 49098 52.3607 33.685 2693.23 604.503 164.002 153.484 974.245 49045.6 48000.3 47770.3 29402.2 18368.1 9021.41 1795.23 741.007 373.862 159.002
internal_count=7150180 4943906 2206274 33591 2172683 786335 4689936 57256 743509 122918 1386348 1362732 1052980 5419 1223 309752 60618 19503 18443 620591 1047561 868642 861814 274083 587731 550644 27635 17971 11028 8722
is_linear=0
shrinkage=0.055


Tree=71
num_leaves=31
num_cat=0
split_feature=41 25 45 50 6 53 56 16 51 47 57 52 2 8 50 1 16 49 26 52 13 15 13 25 2 14 9 7 32 26
split_gain=2646.17 1305.39 922.88 783.795 822.021 724.793 644.353 923.263 707.556 712.398 583.614 704.115 530.58 474.808 438.715 574.84 401.444 362.626 355.212 370.534 349.996 345.432 383.916 321.642 311.43 303.55 291.003 313.822 290.557 302.746
threshold=-1.0000000180025095e-35 -13.52442407608032 0.77310436964035045 -1.0000000180025095e-35 -7.3544647693634024 -0.037638455629348748 -0.074462890624999986 2061703.5000000002 337.50000000000006 -26.444497108459469 49.500000000000007 0.82409942150115978 0.14835165441036227 3.9981586933135991 -7.5366191864013663 0.15476191043853763 4140.5000000000009 7.2336952686309823 219.50000000000003 0.75093373656272899 3.6242519617080693 4.1666352748870858 2.7403194904327397 -8.9880409240722638 0.84523808956146251 5.9571309089660653 4.8247368335723886 2.1021616458892827 2.5249279737472539 876.00000000000011
decision_type=2 2 2 2 2 2 2 2 2 2 2 2 2 2 2 2 2 2 2 2 2 2 2 2 2 2 2 2 2 2
left_child=5 10 17 4 6 -1 7 -4 -9 -10 11 12 -2 14 16 -16 26 -3 19 25 24 22 -15 -5 -14 -18 -6 -28 29 -22
right_child=1 2 3 23 13 -7 -8 8 9 -11 -12 -13 20 21 15 -17 18 -19 -20 -21 28 -23 -24 -25 -26 -27 27 -29 -30 -31
leaf_value=-0.050403897450019657 -0.054286013273857563 -0.045537593978280798 0.060162502408794671 0.0011148080925327476 -0.047197118878908068 0.0020391792995594509 0.038694955238265216 0.1076277879419256 0.18787481210249596 0.99552470038292906 -0.037366982949083492 -0.029334506279373819 -0.013569619948410929 0.21882836923024759 0.012229938385840531 -0.0034690698815582522 0.36944736345661622 0.018378486276223349 -0.013860127806013443 0.01218697404288893 -0.0053539480998937199 0.008374489766152857 0.037347670101056031 0.034001906385377603 0.14223971349726519 0.050587676917609813 -0.017258264187535035 0.065931652290656909 0.23595409686368976 0.11743382450044527
leaf_weight=3832.190584721393 131.13787185540423 1513.8058176047634 66.66631960333325 1179.1101480042562 124.02963542251382 1005.7648841722403 819.76180756720714 16.21465172816534 9.5775995848234761 4.6775350006064356 3458.1305630489951 900.38453063950874 199.94648921722546 42.031672444776632 12313.365142730414 16510.416997227236 10.974886626005171 323.2950236677425 11820.804909601924 1095.5707212190609 85.47906157549005 24534.597853377461 152.80784734920599 3794.5899403255899 42.951658322475851 25.266952088451944 186.99667327117641 492.1051164859673 40.011966306483373 201.37878547050059
leaf_count=2766398 44397 800356 2670 1663 9930 43955 17707 531 1026 262 1613492 89604 41991 602 57645 73011 510 3548 1019395 21495 10904 475639 3145 3352 2223 2893 10956 17681 2777 9824
internal_value=-3.13682e-05 0.00235557 0.00417939 0.00514664 0.00360898 -0.0395106 0.0551927 0.185712 0.413204 0.642581 -0.024671 0.00277807 0.0439455 0.00290225 -0.000618305 0.00323842 -0.00869792 -0.0342702 -0.0110407 0.0183369 0.0668301 0.0089629 0.0809931 0.0262143 0.0162953 0.18023 0.0289206 0.0430659 0.103571 0.0813801
internal_weight=84934 80096.1 75036.7 73199.6 68225.9 4837.96 916.898 97.1361 30.4698 14.2551 5059.42 1601.29 700.906 67309 42579.5 28823.8 13755.7 1837.1 12952.6 1131.81 569.768 24729.4 194.84 4973.7 242.898 36.2418 803.131 679.102 326.87 286.858
internal_count=7149582 4339229 2524017 1720113 1715098 2810353 22196 4489 1819 1288 1815212 201720 112116 1692902 1213516 130656 1082860 803904 1044293 24898 67719 479386 3747 5015 44214 3403 38567 28637 23505 20728
is_linear=0
shrinkage=0.055


Tree=72
num_leaves=31
num_cat=0
split_feature=41 50 53 45 53 26 13 22 23 15 8 23 27 54 45 57 16 1 57 51 40 13 49 45 16 50 16 51 24 35
split_gain=2321.87 1038.53 801.762 737.44 735.12 491.07 537.486 467.779 682.689 475.467 465.065 416.938 593.719 398.216 544.627 390.272 385.205 652.042 366.46 365.48 358.074 416.769 481.841 630.359 547.193 479.442 360.701 346.629 458.634 382.712
threshold=-1.0000000180025095e-35 -110.66150283813475 -1.0000000180025095e-35 0.7703230381011964 -0.037638455629348748 1642.0000000000002 3.4811217784881596 5.9750738143920907 2.5000000000000004 7.2720510959625253 3.8393945693969731 6.5000000000000009 958.87527465820324 676.50000000000011 0.80389401316642772 49.500000000000007 86468.500000000015 0.46428571641445165 3.5000000000000004 33.500000000000007 2.8617925643920903 3.4498615264892583 -0.27225255966186518 0.77396744489669811 2302229.0000000005 -9.4020805358886701 2302480.5000000005 136.50000000000003 -11.024576663970945 0.54930613934993755
decision_type=2 2 2 2 2 2 2 2 2 2 2 2 2 2 2 2 2 2 2 2 2 2 2 2 2 2 2 2 2 2
left_child=4 7 3 19 -1 11 10 15 -9 -10 -7 12 13 -5 20 16 17 -2 -8 -3 21 22 23 25 -24 -15 -26 -16 -29 -30
right_child=1 2 -4 5 -6 6 18 8 9 -11 -12 -13 -14 14 27 -17 -18 -19 -20 -21 -22 -23 24 -25 26 -27 -28 28 29 -31
leaf_value=-0.049196422114479041 -0.021342678297068918 0.0047221960720873427 0.025292731252772621 0.0081515013768994216 0.0040089083862154835 -0.015058078683898355 0.055634735549228646 -0.041324348980168943 -0.023218021596770885 0.70954937003710439 0.0039416815843671699 0.053825011484668187 -0.045726541188504569 -0.016565692192755575 0.025210712899397622 -0.041755489935999764 -0.021839751079293847 0.19903015986879749 0.0032804822508618798 -0.055129896938015739 -0.053108180215428527 -0.020577235126274018 -0.060240076189331186 0.12628385715211163 0.42508734851825319 0.88212495489680331 0.059315142478391494 0.0030333401914950666 0.22805624612620509 0.092705848054771098
leaf_weight=3644.4277168730041 85.113689716090448 443.87565927091055 4763.184745721519 18277.933729011216 1000.1082055480219 10715.687384895165 404.57330028922297 14.824985738727266 3.3795753704616791 3.9800001627299935 6120.1227616872638 629.38535008614417 587.29810509609524 2.1383399084443226 281.30413781537209 2340.4517624260625 321.25246310175862 71.201512545580044 32410.995023048948 1002.3183628210099 226.45379246899392 162.14791815949138 60.177939631510526 31.419114367105067 9.1396067771129292 2.3337561310036099 24.05112747149542 100.72565919382032 95.63461517856922 207.91223382763565
leaf_count=2767560 18847 4738 4776 265894 43917 447132 1769 9258 1382 321 164151 13291 202511 1402 5042 1307853 80664 9487 971039 624275 62155 37232 15386 6491 345 95 3890 43072 9048 26727
internal_value=2.85937e-05 0.0022406 0.00345297 0.00200238 -0.0377477 0.00280275 -0.000164391 -0.0303879 0.197095 0.49979 -0.0081522 0.00991876 0.00852873 0.0101757 0.0407578 -0.0325246 0.0126777 0.0820948 0.00393432 -0.0368067 -0.0018627 0.0381844 0.109918 0.267788 0.0387056 0.6705 0.202503 0.0727323 0.105087 0.138354
internal_weight=84043.6 79399 76558.8 71795.6 4644.54 70349.4 49651.4 2840.2 22.1846 7.35958 16835.8 20698.1 20068.7 19481.4 1203.44 2818.02 477.568 156.315 32815.6 1446.19 517.862 291.408 129.26 35.8912 93.3687 4.4721 33.1907 685.577 404.273 303.547
internal_count=7149750 4338273 2910461 2905685 2811477 2276672 1584091 1427812 10961 1703 611283 692581 679290 476779 210885 1416851 108998 28334 972808 629013 126996 64841 27609 7988 19621 1497 4235 83889 78847 35775
is_linear=0
shrinkage=0.055


Tree=73
num_leaves=31
num_cat=0
split_feature=41 50 51 47 54 28 9 27 2 27 13 15 7 22 23 7 32 29 2 33 22 35 40 9 6 52 57 46 47 57
split_gain=2009.52 1079.42 762.203 743.746 556.738 469.098 486.117 421.51 415.802 631.083 523.868 504.168 412.524 438.983 430.004 409.148 486.147 391.262 465.795 383.69 564.202 635.299 383.66 384.02 364.768 364.286 347.687 339.63 328.92 320.968
threshold=-1.0000000180025095e-35 -18.866843223571774 110.50000000000001 -1.0000000180025095e-35 79.500000000000014 1.0000000180025095e-35 4.7728502750396737 958.87527465820324 0.11437908560037614 544.26547241210949 1.7005987167358401 7.2906336784362802 2.508723378181458 3.0677825212478642 2.5000000000000004 6.2441725730896005 3.9019217491149907 0.23611111193895343 0.240384615957737 8.5162920951843279 2.1383330821990971 0.54930613934993755 3.3842465877532963 4.5560796260833749 -0.16743335872888562 0.87825262546539318 144.50000000000003 -5.2046709060668936 -5.4076528549194327 80.500000000000014
decision_type=2 2 2 2 2 2 2 2 2 2 2 2 2 2 2 2 2 2 2 2 2 2 2 2 2 2 2 2 2 2
left_child=2 4 -1 5 19 7 22 -3 -6 11 -11 15 24 -14 -15 16 26 18 -17 -2 -21 -22 28 -24 -8 -23 -10 -9 -7 -20
right_child=1 3 -4 -5 8 6 12 27 9 10 -12 -13 13 14 -16 17 -18 -19 29 20 21 25 23 -25 -26 -27 -28 -29 -30 -31
leaf_value=-0.0017743702617140354 -0.0021165954061786365 0.066527582355032783 -0.051217179215415236 0.023566756472343686 -0.046351746316475248 -0.020088439675364989 0.044630124743162171 -0.050897587425847331 0.070346945630857388 0.42004296842458833 -0.041743598929002632 -0.045487669589989024 0.00076523895560366598 -0.046150127536826888 -0.0063770674179147628 0.065975867171836677 0.51193832593264088 0.050035684741490408 -0.02495812972197628 0.022333221714074977 0.66602654863211053 -0.044580353447880305 -0.076489468309031569 0.11006482270109509 0.0059704860293547136 0.28855141869880369 -0.035018660238341846 0.067587297627120568 -0.00085563204805742625 0.4877391917486274
leaf_weight=1349.6463421686785 1351.9083389381412 620.15159800602123 3129.5004907042603 5088.1868537047412 2474.0456872183131 5515.6089794506552 749.00623232487123 212.19364831084386 210.12001705472358 2.5223115814151233 989.20719793613534 186.08994610537775 16304.865639482508 1268.4416667016922 2326.5072047030553 23.251302776159719 1.3048854625085358 57.053061741753481 3.7904444390442249 105.35187190654688 4.5256304596550754 17.783020185539499 39.253379914211109 142.51191919425037 35771.64926348743 14.624198338948188 165.11706942261662 105.46974822459742 5246.7655254415004 19.673227498889901
leaf_count=158946 91308 12532 2650133 11344 1464581 397980 10638 22604 26748 545 651731 62986 530692 110509 50343 5104 377 13035 672 5806 175 2089 2819 2293 763190 33 75299 1658 20226 1653
internal_value=-0.000521294 0.00151117 -0.0363378 0.00329157 -0.0216949 0.00177956 0.00124026 0.0403065 -0.0320884 -0.0107312 -0.0384679 0.0305254 0.00329813 -0.00307246 -0.0204552 0.0601408 0.0325088 0.154305 0.2645 0.00705961 0.0913588 0.262115 -0.0093654 0.068808 0.00676936 0.124225 0.0241317 -0.0111208 -0.010717 0.41508
internal_weight=83496.1 79017 4479.15 73390.6 5626.37 68302.4 67364.6 937.815 4132.18 1658.13 991.73 666.4 56420.5 19899.8 3594.95 480.31 376.542 103.768 46.715 1494.19 142.285 36.9328 10944.1 181.765 36520.7 32.4072 375.237 317.663 10762.4 23.4637
internal_count=7148049 4338970 2809079 1936828 2402142 1925484 1888690 36794 2302731 838150 652276 185874 1465372 691544 160852 122888 102424 20464 7429 99411 8103 2297 423318 5112 773828 2122 102047 24262 418206 2325
is_linear=0
shrinkage=0.055


Tree=74
num_leaves=31
num_cat=0
split_feature=41 25 47 26 6 57 0 41 49 42 46 46 54 14 53 50 54 13 3 46 13 26 15 51 33 15 25 7 40 33
split_gain=2123.79 878.012 702.786 652.226 629.791 603.706 513.558 538.388 847.29 561.159 694.753 511.406 510.554 491.169 452.411 450.829 582.727 429.877 425.597 428.79 402.823 373.914 407.499 427.888 455.146 871.464 895.402 488.99 402.44 364.149
threshold=-1.0000000180025095e-35 -10.879147052764891 -1.0000000180025095e-35 190.50000000000003 -8.8804230690002424 66.500000000000014 0.81666666269302379 1.0000000180025095e-35 4.5746545791625985 -1.0000000180025095e-35 3.0213111639022832 7.6884434223175058 14.500000000000002 6.571582794189454 -0.03105869889259338 -16.293237686157223 589.50000000000011 3.6762205362319951 0.51086956262588512 0.79144093394279491 3.5972183942794804 15844.000000000002 6.9879517555236825 68.500000000000014 2.4414010047912602 7.2509903907775888 -13.315961360931395 6.4615330696105966 2.7403194904327397 5.3008110523223886
decision_type=2 2 2 2 2 2 2 2 2 2 2 2 2 2 2 2 2 2 2 2 2 2 2 2 2 2 2 2 2 2
left_child=3 5 4 -1 -3 -2 7 8 12 -9 18 -5 13 14 20 -7 -17 -12 19 -11 -6 22 -18 -24 25 26 27 -25 -27 -21
right_child=1 2 -4 11 6 15 -8 9 -10 10 17 -13 -14 -15 -16 16 21 -19 -20 29 -22 -23 23 24 -26 28 -28 -29 -30 -31
leaf_value=0.036716689123119983 0.0048773092247842587 0.10137737848606454 0.024497666043042127 -0.051970894229589788 0.18240766353510582 -0.041373257800352121 0.016686536242900944 -0.038415887704768704 0.000600417664829735 0.051852834461985693 -0.0039058624179116371 0.0026371494683710083 -0.031354849067351316 -0.035268839411218486 0.01833648391838124 -0.022864067753877448 -0.038339721222715548 0.009917686531990242 0.020576269419989673 0.35286093529239659 -0.058541564021666576 -0.021614755769235203 0.016126345667381258 0.99044171353549437 0.051408045457911583 0.18680314052365615 -0.02726110819781645 -0.013233340922521309 -0.047349752848439647 -0.047936735473857954
leaf_weight=327.52108490886167 3812.8228858952643 190.70733752846718 4888.803328877897 3376.6705428524874 98.784321611281484 2437.9508926796261 6926.1535094415303 869.59844905685168 15896.771174905356 90.375454898225144 14864.29981696012 612.22379403287778 4810.6050309396815 397.35045502753928 475.54768468998373 3318.9124204968102 126.88540563627612 12542.985130989691 6177.4093966884539 27.323261855635792 23.736419084481895 340.43740868679015 244.71210255450569 4.7261152667924762 161.01068389241118 87.329514251556247 4.7599772210232896 1.5759094152599571 26.934032527206 7.311079983948729
leaf_count=72735 285423 808 11427 2710877 349 1513584 9998 135489 175656 2036 106591 25587 1472269 2425 1631 197921 32735 74287 198484 139 308 66799 4269 474 28442 6970 1713 692 7865 364
internal_value=7.5065e-05 0.00213231 0.00441558 -0.0374673 0.0028652 -0.0126167 0.00255998 0.000820223 -0.00596905 0.00508158 0.0062092 -0.0435967 -0.0239412 0.0118649 0.0432129 -0.022487 -0.0117865 0.00242116 0.0226673 0.121229 0.135263 0.0249695 0.049055 0.0700994 0.115158 0.191946 0.577765 0.844639 0.131938 0.272881
internal_weight=83172.2 78855.8 68287.8 4316.42 63399 10568.1 63208.3 56282.1 21702.8 34579.3 33709.7 3988.89 5806.02 995.419 598.068 6755.23 4317.28 27407.3 6302.42 125.01 122.521 998.371 657.934 531.048 286.336 125.326 11.062 6.30202 114.264 34.6343
internal_count=7148347 4339148 2192261 2809199 2180834 2146887 2180026 2170028 1652638 517390 381901 2736464 1476982 4713 2288 1861464 347880 180878 201023 2539 657 149959 83160 50425 46156 17714 2879 1166 14835 503
is_linear=0
shrinkage=0.055


Tree=75
num_leaves=31
num_cat=0
split_feature=51 45 27 27 54 25 35 42 31 52 45 16 1 29 8 45 46 51 14 52 10 26 48 13 38 51 48 51 50 45
split_gain=1756.22 745.755 753.153 1228.2 639.012 635.76 584.663 480.071 502.884 468.611 446.427 403.477 381.476 364.067 585.078 574.242 672.083 373.62 690.901 488.215 697.526 459.119 438.138 634.532 457.246 736.014 549.363 650.44 809.609 597.334
threshold=613.50000000000011 0.82252469658851635 200.44151306152347 190.24636840820315 7.5000000000000009 -8.3115801811218244 1.0000000180025095e-35 -1.0000000180025095e-35 3.0677825212478642 0.81828957796096813 0.84560769796371471 4140.5000000000009 0.46428571641445165 0.26785714924335485 1.7005987167358401 0.79482653737068187 5.7863478660583505 162.50000000000003 6.7816250324249276 0.83499914407730114 4.4716224670410165 641.00000000000011 85.500000000000014 3.0677825212478642 1.0000000180025095e-35 578.50000000000011 368.50000000000006 453.50000000000006 -11.265707969665526 0.81106510758399974
decision_type=2 2 2 2 2 2 2 2 2 2 2 2 2 2 2 2 2 2 2 2 2 2 2 2 2 2 2 2 2 2
left_child=4 -2 3 11 5 -1 9 -6 13 10 -5 12 -3 15 -15 16 -9 -17 19 22 -21 -20 23 -19 25 -24 27 29 -29 -26
right_child=1 2 -4 6 7 -7 -8 8 -10 -11 -12 -13 -14 14 -16 17 -18 18 21 20 -22 -23 24 -25 26 -27 -28 28 -30 -31
leaf_value=-0.00095947726386213432 -0.042275777102806444 0.023959768312604691 -0.033517535952534823 -0.016348832252054305 -0.030721444959245316 0.020165971607089921 0.12060068520599274 -0.035816986697984547 0.023483301533539867 -0.02165632089828334 0.81869214561532022 -0.0035706159146527646 0.1660662659316807 -0.026873252576948531 -0.0018868753560850589 0.0047797860137092293 0.017275010773070601 0.64457349378737416 0.050569519223439163 0.11582631589791791 -0.032449163992328618 -0.033900074596861764 0.020698129378571899 0.080925431757151625 -0.012701493660424563 0.22357477138093546 0.033819213724071921 -0.029867390464190794 0.72996885638333242 0.19732923866620938
leaf_weight=7088.6702904200647 3509.9312907847925 203.1573379454785 2512.1377515646745 2.0923708614427579 1495.3481424748898 10983.961958133616 33.141506519517861 2093.1493649692857 2802.1454799090861 3.1969577913987441 6.6318406967911869 3262.1400181440404 75.719793331634719 3247.0362287524622 22106.716795242392 19609.493692467047 1095.3451047814451 4.8167614968842853 266.3692579708877 122.3596025556908 384.49203261826187 684.3761730263941 665.95985906134592 20.406642674468458 56.863612401473802 54.036668178800028 156.63391695066821 5.7469420939451084 7.9396513780229707 136.33228611835511
leaf_count=16205 2600024 18116 1493342 892 578398 13477 7107 798109 61432 866 561 421770 3077 106340 415795 211774 31923 354 18703 2986 18258 128672 130179 2081 14490 8300 30887 2653 864 11420
internal_value=4.16026e-06 -0.0220957 -0.0104555 0.00572414 0.00291071 0.0118819 0.27624 -3.71492e-05 0.000822956 0.545437 0.685427 0.00189693 0.0647894 -0.000431207 -0.00509153 0.00422726 -0.0175798 0.00736598 0.0270795 0.0489189 0.00412796 -0.0100936 0.0692844 0.27739 0.0631879 0.0373612 0.11314 0.170981 0.488294 0.13675
internal_weight=82696.3 9608.15 6098.22 3586.08 73088.2 18072.6 45.0627 55015.6 53520.2 11.9212 8.72421 3541.02 278.877 50718.1 25353.8 25364.3 3188.49 22175.8 2566.33 1615.59 506.852 950.745 1108.74 25.2234 1083.51 719.997 363.516 206.882 13.6866 193.196
internal_count=7149055 4545755 1945731 452389 2603300 29682 9426 2573618 1995220 2319 1453 442963 21193 1933788 522135 1411653 830032 581621 369847 222472 21244 147375 201228 2435 198793 138479 60314 29427 3517 25910
is_linear=0
shrinkage=0.055


Tree=76
num_leaves=31
num_cat=0
split_feature=41 25 51 47 57 45 6 54 50 54 26 42 44 48 49 55 16 36 54 13 7 14 53 26 43 23 27 15 45 51
split_gain=1613.44 962.887 735.145 691.131 598.913 548.27 491.329 917.12 448.969 687.649 563.347 445.169 419.541 539.656 518.89 560.773 436.353 404.076 401.267 384.32 361.882 357.693 366.453 355.99 336.519 336.027 333.074 325.029 310.214 339.66
threshold=-1.0000000180025095e-35 -11.234835624694822 110.50000000000001 -1.0000000180025095e-35 45.500000000000007 0.77310436964035045 -4.1631238460540763 349.50000000000006 -16.64237022399902 573.50000000000011 2650.5000000000005 -1.0000000180025095e-35 1.0000000180025095e-35 540.50000000000011 3.9281036853790288 0.81860351562500011 1178210.5000000002 1.0000000180025095e-35 868.50000000000011 3.5114340782165532 3.5320675373077397 6.4899642467498788 -0.055661678314208977 714.00000000000011 -1.0000000180025095e-35 1.0000000180025095e-35 0.61204087734222423 7.0295302867889413 0.83146595954895031 118.50000000000001
decision_type=2 2 2 2 2 2 2 2 2 2 2 2 2 2 2 2 2 2 2 2 2 2 2 2 2 2 2 2 2 2
left_child=2 4 -1 5 17 -3 7 -7 20 -10 -11 -8 14 16 15 -13 26 19 -19 -2 -6 22 25 -9 -18 -17 27 -14 29 -26
right_child=1 3 -4 -5 8 6 11 23 9 10 -12 12 13 -15 -16 21 24 18 -20 -21 -22 -23 -24 -25 28 -27 -28 -29 -30 -31
leaf_value=0.00011957620308570045 -0.031935629750796689 -0.030571166603570656 -0.049670862717288954 0.024145656504009769 0.04098416131238021 0.010513819885181755 -0.036607073125478576 0.09128013944124537 -0.024809430303074125 0.068299426944556402 -0.011190276484765737 -0.029899311281625363 -0.010389048874758134 0.027936213462918549 0.0010742827021380187 0.4365263218339322 -0.051132302495411473 0.029505222079375594 0.18545084999447117 0.013724478560381993 -0.047851198082942491 -0.025136164312805947 0.04413299236182551 0.30022711163279314 0.018889858664856252 -0.031929490404765976 -0.028310525322457418 0.0080838159509977296 0.0073076716101233919 0.071763299595639485
leaf_weight=1323.1831861119717 956.24167504534125 1472.7410445572459 2780.0689051121008 4813.2895523943007 144.13298810721608 1277.6969587879721 862.21513101330493 351.99147529981565 3500.1279724608758 493.54614382173168 584.94794377562357 3373.6647022537072 5242.6656774574658 3272.3773738666787 17821.222185308463 8.909487958182579 268.97592547396198 713.17859875876456 49.031404773471877 1323.4470850778744 2242.0641944209929 264.00825558078941 402.16997182753403 23.020604555611499 2933.1882174009224 5.984934040810912 1432.4611995938467 6384.2923615127802 17586.811939709238 416.60350391542306
leaf_count=159100 96729 749746 2652079 11457 24362 16534 133944 9653 210567 33917 119349 696357 45118 168804 188635 42 4615 21331 5581 70103 1544553 4998 3608 1428 16213 775 15716 40126 63539 40611
internal_value=-3.76197e-05 0.0017268 -0.0336342 0.00406425 -0.0142013 0.00253792 0.00332771 0.0328675 -0.0230887 -0.0129835 0.0253335 0.00251509 0.00308587 0.0066138 -0.0029679 -0.0207134 0.00457368 0.00615202 0.0406801 -0.00545615 -0.0424108 0.0246751 0.0561306 0.107888 0.00944358 0.287574 -0.00333453 -0.000246596 0.0102338 0.0255627
internal_weight=82324.3 78221 4103.25 68214.3 10006.7 63401 61928.3 1652.71 6964.82 4578.62 1078.49 60275.6 59413.3 37537.4 21876 4054.74 34265 3041.9 762.21 2279.69 2386.2 681.073 417.064 375.012 21205.6 14.8944 13059.4 11627 20936.6 3349.79
internal_count=7149590 4338411 2811179 2211919 2126492 2200462 1450716 27615 1932748 363833 153266 1423101 1289157 394742 894415 705780 225938 193744 26912 166832 1568915 9423 4425 11081 124978 817 100960 85244 120363 56824
is_linear=0
shrinkage=0.055


Tree=77
num_leaves=31
num_cat=0
split_feature=53 50 41 25 25 28 50 22 16 42 57 8 15 16 22 13 25 31 56 2 47 53 1 26 45 51 28 26 29 30
split_gain=1529.26 821.976 676.518 547.023 531.706 879.768 507.19 481.407 600.219 477.22 458.457 435.588 415.89 407.583 391.089 437.744 365.01 672.891 358.826 352.37 320.832 318.386 736.027 891.13 369.505 383.611 362.335 405.18 350.111 481.217
threshold=-100.86302185058592 -6.1361060142517081 1.0000000180025095e-35 -8.6950330734252912 -15.59683847427368 1.0000000180025095e-35 -1.0000000180025095e-35 6.0246567726135263 2097891.5000000005 -1.0000000180025095e-35 91.500000000000014 4.49422311782837 8.2352285385131854 86468.500000000015 0.89587974548339855 3.7726949453353886 -21.711912155151364 2.6020033359527592 -0.074462890624999986 0.240384615957737 -8.3319778442382795 -100.86009597778319 0.46428571641445165 2347.0000000000005 0.79482653737068187 25.500000000000004 1.5000000000000002 137.50000000000003 0.18333333730697635 0.63333335518836986
decision_type=2 2 2 2 2 2 2 2 2 2 2 2 2 2 2 2 2 2 2 2 2 2 2 2 2 2 2 2 2 2
left_child=2 4 -1 -3 10 18 20 8 -4 -7 16 -10 21 -14 15 -15 17 -2 -6 -9 -5 22 -11 -24 25 -23 -26 -28 -29 -30
right_child=1 3 7 6 5 9 -8 19 11 12 -12 -13 13 14 -16 -17 -18 -19 -20 -21 -22 24 23 -25 26 -27 27 28 29 -31
leaf_value=-0.049179470819180789 0.015992648912733207 -0.00027164294500532876 -0.039863629129442142 0.033942891121148476 0.15051372884507433 -0.043054414189441614 0.03064597569529761 -0.035549060113104575 0.0074780314752735371 0.035410464946554525 -0.051337749271856102 0.13211779712155028 0.048443706922000701 -0.018881420562775943 -0.041962314039920838 0.040924543174508547 -0.014254140616201394 0.33711101802157883 0.041266190947139153 0.42297156717021839 0.0066353808027311851 0.018098322422421879 0.86314048285839517 -0.029198427244024036 -0.047028094726151125 -0.041234587571240565 0.029177037133810806 0.0023319751420580142 -0.016145345456403264 0.015980512639769202
leaf_weight=2672.3218317195424 87.695475416781846 20980.862772024411 475.4582751285634 1391.6251062786323 107.04576377244666 936.60181643033866 3680.7508857119246 6.7509855430689667 229.84688264090801 131.4954160634079 1342.1234737974009 130.02726575447014 852.03554325609002 625.91532554896548 446.85350175702479 893.13187413132982 1085.1252069408656 20.683432757854462 524.71930439514108 9.2527527650236134 19204.541391280072 414.68946062866598 2.4850212192977761 5.607135996746365 572.88589315942954 1556.8400289846468 1125.927579188894 11163.338001203956 9578.8270736266859 1649.7115626658779
leaf_count=2433187 39746 93052 205951 5199 6084 476166 8845 2244 56084 66855 941725 12810 45149 44262 37726 47461 278825 3519 28912 540 77177 4686 617 4318 98072 834391 15325 823574 430929 25615
internal_value=-0.000179655 0.00141478 -0.0355987 0.00623296 -0.00516835 -0.00315968 0.0118533 0.00706926 0.000527038 -0.00451877 -0.0293457 0.0537054 -0.00326784 0.0167911 0.00298454 0.0163007 -0.0045041 0.08944 0.0608135 0.267132 0.00848826 -0.00542792 0.0759697 0.469817 -0.00587837 -0.0287404 -0.00400182 -0.00294394 -0.00456522 -0.0114204
internal_weight=81905.2 78381.5 3523.66 45257.8 33123.7 30588.1 24276.9 851.336 835.332 29956.3 2535.63 359.874 29019.7 2817.94 1965.9 1519.05 1193.5 108.379 631.765 16.0037 20596.2 26201.8 139.588 8.09216 26062.2 1971.53 24090.7 23517.8 22391.9 11228.5
internal_count=7149046 4438230 2710816 184273 4253957 2990142 91221 277629 274845 2955146 1263815 68894 2478980 174598 129449 91723 322090 43265 34996 2784 82376 2304382 71790 4935 2232592 839077 1393515 1295443 1280118 456544
is_linear=0
shrinkage=0.055


Tree=78
num_leaves=31
num_cat=0
split_feature=41 25 51 26 0 13 47 9 22 40 6 50 52 47 9 32 14 10 10 50 47 50 54 15 16 49 1 56 14 30
split_gain=1575.86 859.073 636.486 606.072 493.404 491.685 463.801 418.638 411.605 368.741 366.699 379.005 586.349 371.821 400.6 356.003 553.304 505.219 430.713 366.971 360.425 355.953 516.029 953.782 615.307 334.81 328.521 428.571 497.451 451.079
threshold=-1.0000000180025095e-35 -14.155459403991697 101.50000000000001 1433.5000000000002 0.84523808956146251 3.65057384967804 -1.0000000180025095e-35 4.5560796260833749 2.1383330821990971 3.0201274156570439 -5.5466401576995841 -13.991899967193602 0.82751634716987621 -112.4034957885742 4.7867157459259042 1.2424533367156985 7.136085271835328 9.0967197418212908 6.2156071662902841 -17.060758590698239 -14.201247215270994 -16.293237686157223 414.50000000000006 6.7135634422302255 84435.000000000015 7.9566824436187753 0.35416667163372045 -100.85522460937499 7.404583454132081 0.92857143282890331
decision_type=2 2 2 2 2 2 2 2 2 2 2 2 2 2 2 2 2 2 2 2 2 2 2 2 2 2 2 2 2 2
left_child=2 4 15 6 -2 7 -3 -5 9 -6 13 12 -12 14 -7 16 18 -18 19 20 -1 22 -14 24 -24 -11 27 29 -29 -9
right_child=1 3 -4 5 8 10 -8 26 -10 25 11 -13 21 -15 -16 -17 17 -19 -20 -21 -22 -23 23 -25 -26 -27 -28 28 -30 -31
leaf_value=-0.031049567445314712 -0.033949860284033427 0.0077774296969820881 -0.050370072707385916 -0.02713581687526874 0.0038452043773823425 0.50005259758307663 0.034120147035936833 -0.012019365741815622 -0.032969567102616129 0.12138209640116564 -0.050859604151936126 0.0060280018675954545 0.024894731589954946 0.055191472545100803 -0.029905530376003089 -0.040811321046811344 -0.04697070530449559 0.38958394754696624 -0.02444370788110193 0.043672838263722411 0.4520771793056339 -0.039084361392311029 1.0146800737350705 -0.036585354143934698 -0.016845583385186307 -0.057496558764725342 -0.012252498430767958 0.014591573529827383 -0.027604673375088849 0.05850091101048685
leaf_weight=6.2356836653780183 3098.0791480233311 18120.331302280829 2583.5535741036874 2519.5481237692875 333.4818345659296 7.3519742172211391 2271.6722808131017 6407.4496925950516 373.46043555502547 195.34634727274533 917.4523612697958 24971.337640168204 638.38890644471394 150.64378433319507 5.8096984490985051 450.76889619533904 10.954409857862631 17.454054816160351 437.68398327787872 292.04010617535096 8.4269125546561536 294.01859672402497 1.4264693413861089 9.5831918523763289 2.182994500384666 34.508504434488714 8406.380840828584 7304.2840942622861 950.97365195961902 281.73261299880687
leaf_count=2225 1591322 602180 2667784 176113 35225 528 3832 687878 94185 14573 468100 371094 47619 8898 2000 59951 2105 292 55304 22646 55 12442 235 3513 871 1458 133659 70971 11477 819
internal_value=-0.000397788 0.00130467 -0.0349189 0.00266605 -0.0233865 -0.000441037 0.0107197 -0.00585889 0.0115425 0.041082 0.00475061 0.00424146 -0.0196564 0.0855634 0.322292 -0.00222153 0.0204054 0.239411 0.0105058 0.0599729 0.290966 0.0107262 0.0333291 0.322453 0.743346 0.0938744 -0.0035578 0.00133551 0.00971696 -0.00900774
internal_weight=81102.6 77295.4 3807.12 73260.6 4034.88 52868.6 20392 25870.4 936.797 563.337 26998.2 26834.4 1863.05 163.805 13.1617 1223.56 772.795 28.4085 744.387 306.703 14.6626 945.6 651.582 13.1927 3.60946 229.855 23350.8 14944.4 8255.26 6689.18
internal_count=7149354 4338992 2810362 2602229 1736763 1996217 606012 1080917 145441 51256 915300 903874 532780 11426 2528 142578 82627 2397 80230 24926 2280 64680 52238 4619 1106 16031 904804 771145 82448 688697
is_linear=0
shrinkage=0.055


Tree=79
num_leaves=31
num_cat=0
split_feature=41 54 53 42 25 57 25 41 48 13 49 55 26 7 54 53 27 14 26 10 54 1 13 23 46 35 40 47 14 31
split_gain=1430.91 694.467 652.384 570.839 448.93 514.46 438.24 430.34 671.124 563.169 502.365 637.006 407.735 437.136 394.727 550.257 420.142 407.645 389.118 388.036 386.753 382.158 367.225 460.198 404.66 590.293 692.564 1724.88 1354.65 1214.69
threshold=-1.0000000180025095e-35 7.5000000000000009 -0.04761987924575805 -1.0000000180025095e-35 -13.722517490386961 91.500000000000014 -8.3115801811218244 1.0000000180025095e-35 724.50000000000011 2.9700856208801274 3.9281036853790288 0.82299804687500011 503.00000000000006 2.7351288795471196 528.50000000000011 -0.027831792831420895 1166.2376098632815 8.4295630455017108 13.500000000000002 6.908255100250245 573.50000000000011 0.64583334326744091 3.65057384967804 2.5000000000000004 -0.064974639564752565 2.1383330821990971 3.0677825212478642 -107.71564483642577 7.1510934829711923 1.4978661537170412
decision_type=2 2 2 2 2 2 2 2 2 2 2 2 2 2 2 2 2 2 2 2 2 2 2 2 2 2 2 2 2 2
left_child=2 6 18 -3 5 14 -2 10 9 -9 11 22 -12 -14 15 17 19 -5 -1 -16 -21 -19 23 24 25 26 -6 28 29 -28
right_child=1 3 -4 4 7 -7 -8 8 -10 -11 12 -13 13 -15 16 -17 -18 21 -20 20 -22 -23 -24 -25 -26 -27 27 -29 -30 -31
leaf_value=0.12885230480746393 -0.00025684055711587171 -0.04590188009880191 -0.00083330206300714254 -0.039075278651651189 0.041993735348510489 -0.036913082874841359 0.017252024900299718 -0.022535437329121135 0.026873439251826062 0.003570959268875662 0.026578956012678605 0.024857370346788435 0.0010333468341179987 -0.021577611659346834 -0.011738922336503669 0.050491397977162199 -0.028034086899550309 -0.04139059521567736 -0.052535012273199025 0.42083650612271212 0.11155491931211585 0.33666107233395909 -0.046105742267377854 -0.052875602889064809 -0.020171647389410036 -0.033715745714362602 0.1261918678074547 0.021657695220422195 -0.031010304712878765 1.2683026796175818
leaf_weight=31.686633204051759 7244.1783849715721 883.72766820550896 1205.3620916341897 890.51189605734544 399.56627781392308 2207.1346444191877 10723.358446139842 2756.5963694343227 3408.2875323103508 26343.003663339943 1436.7248959708377 792.78118703560904 11481.218465198472 3333.3872815702925 70.517983310157433 322.95264155976474 121.81557851156686 13.357006266654935 2491.8213571017841 9.403536295052616 158.1350279772887 12.313978225982282 2005.2084370921366 705.16839394409908 1243.8842763053253 263.02727485483047 5.5950413849204796 39.697190971695818 6.2272351239225818 5.1771218520589173
leaf_count=6207 18289 225054 110602 210722 101848 1354081 13797 34462 210231 251452 5009 29045 170497 68466 32039 8826 78135 3265 2693787 1680 27921 305 714618 316590 361169 84468 1761 12258 1934 350
internal_value=-0.000884021 0.000730739 -0.034134 -0.00215611 -0.00148604 -0.0197323 0.0101947 -0.000203612 0.00380097 0.00109446 -0.00619733 -0.0206123 -0.00134382 -0.00405984 0.00402363 -0.010742 0.054316 -0.0324835 -0.0500071 0.0961651 0.140607 0.165275 -0.0283438 -0.0149347 -0.0012067 0.0315027 0.0690578 0.24093 0.631677 0.903153
internal_weight=80611.8 76883 3728.87 58915.4 58031.7 3806.14 17967.5 54225.6 32507.9 29099.6 21717.7 5466.33 16251.3 14814.6 1599.01 1239.14 359.872 916.183 2523.51 238.057 167.539 25.671 4673.55 2668.34 1963.17 719.29 456.263 56.6966 16.9994 10.7722
internal_count=7148868 4338272 2810596 4306186 4081132 1716974 32086 2364158 496145 285914 1868013 1624041 243972 238963 362893 223118 139775 214292 2699994 61640 29601 3570 1594996 880378 563788 202619 118151 16303 4045 2111
is_linear=0
shrinkage=0.055


Tree=80
num_leaves=31
num_cat=0
split_feature=41 53 48 25 45 14 25 6 28 31 24 45 9 3 56 15 52 15 33 27 27 57 55 29 52 49 57 26 48 35
split_gain=1372.51 626.801 612.085 524.313 463.917 404.413 402.17 557.732 417.325 427.472 417.624 586.68 632.474 388.433 388.222 493.406 738.659 508.047 537.557 385.239 373.338 356.668 349.956 347.877 378.199 357.34 587.948 388.314 373.126 562.121
threshold=-1.0000000180025095e-35 -0.04761987924575805 8.5000000000000018 -6.8895328044891349 0.76104518771171581 6.367328643798829 -16.27995681762695 -12.073047161102293 5.5000000000000009 2.8617925643920903 -3.9223191738128658 0.77660623192787182 4.7146430015563974 0.34057971835136419 -0.028564453124999997 6.7644619941711435 0.82409942150115978 7.2906336784362802 6.6247234344482431 200.44151306152347 47.479642868041999 196.50000000000003 0.87719726562500011 0.18333333730697635 0.79030442237854015 6.7131190299987802 205.50000000000003 124.50000000000001 160.50000000000003 2.0126758813858037
decision_type=2 2 2 2 2 2 2 2 2 2 2 2 2 2 2 2 2 2 2 2 2 2 2 2 2 2 2 2 2 2
left_child=1 -1 3 -2 -4 -3 14 19 20 10 11 12 -10 -7 -6 -16 17 18 -17 -8 21 -9 -11 24 -12 26 -25 -28 -27 -30
right_child=2 5 4 -5 6 13 7 8 9 22 23 -13 -14 -15 15 16 -18 -19 -20 -21 -22 -23 -24 25 -26 28 27 -29 29 -31
leaf_value=-0.049729069879909618 0.0045339848045067542 0.032852225981871513 -0.04722277052928564 0.025230724679414812 -0.049218824841656406 0.085417408158656949 0.067171995252788427 0.050123370944928157 0.60805116103859325 0.02337307926295069 -0.019701688525735724 0.015667392412843102 0.068034204804352197 -0.048151861394440706 -0.040777947127556363 0.033808846449967407 -0.055442020123465795 0.0081944330041268439 0.21100464971381347 -0.004118052471146833 -0.037644734283519853 -0.038711751246499192 -0.029860750691742211 0.018149430547816741 0.0049198288787319711 -0.0061185768358956918 0.057806830422797446 -0.031665382952168419 0.051925984830058503 -0.023603553801477516
leaf_weight=2397.9398346289527 17285.214983185404 561.98685522691812 669.42204360000324 4708.1417887655552 1016.036124098755 70.514013578067534 612.2566894221236 332.9548964969581 5.3611370621365522 3404.9263667619089 2107.2093233338092 2965.7014499696088 22.103905536409002 527.97749832191039 525.14983937592478 95.903571918723173 191.5609588236548 186.28971559106139 113.62737217935501 363.94185774459038 1649.5036072364892 224.95849743846338 415.20757401257288 993.18147083697841 17713.754482895019 15629.107778320555 147.50255693524377 4266.174141942407 819.91607870021835 463.01721760304645
leaf_count=2698709 26840 38300 497670 5194 823884 6598 15994 2176 2001 102574 686659 228377 7542 65486 269109 32035 51276 80671 15573 55560 403553 16325 3616 5148 555596 71078 766 346934 19620 12806
internal_value=-0.000328888 -0.0336988 0.00121677 0.00896929 -0.00188751 -0.000503542 -0.00132395 -0.000366133 -0.00115378 -9.77952e-05 -0.00159379 0.0182402 0.250857 -0.0318375 -0.0247288 -0.0022427 0.0322632 0.0748711 0.132579 0.0407084 -0.0245189 0.0142781 0.0175557 -0.00300459 0.00229795 -0.00771313 -0.0200146 -0.0286132 -0.00377553 0.0246812
internal_weight=80486.5 3558.42 76928.1 21993.4 54934.8 1160.48 54265.3 52136.8 51160.6 48953.2 45133 2993.17 27.465 598.492 2128.57 1112.53 587.382 395.821 209.531 976.199 2207.42 557.913 3820.13 42139.9 19821 22318.9 5406.86 4413.68 16912 1282.93
internal_count=7147670 2809093 4338577 32034 4306543 110384 3808873 2536325 2464771 2042717 1936527 237920 9543 72084 1272548 448664 179555 128279 47608 71554 422054 18501 106190 1698607 1242255 456352 352848 347700 103504 32426
is_linear=0
shrinkage=0.055


Tree=81
num_leaves=31
num_cat=0
split_feature=53 53 9 4 26 41 28 0 47 25 13 53 46 48 43 47 33 25 29 16 40 40 19 6 6 30 57 35 33 56
split_gain=1195.28 630.723 551.883 395.341 382.778 486.178 382.373 409.392 378.618 372.338 362.038 329.479 316.556 313.741 364.916 304.146 369.857 619.491 451.871 470.788 388.733 388.507 351.811 329.602 306.626 297.774 297.66 290.087 285.779 326.253
threshold=-100.8667526245117 -1.0000000180025095e-35 4.9254989624023446 1.0000000180025095e-35 204.00000000000003 -1.0000000180025095e-35 10.500000000000002 0.21111111342906955 -5.4076528549194327 -17.224498748779293 1.7005987167358401 -100.80435943603514 7.6884434223175058 982.50000000000011 1.0000000180025095e-35 -109.32284927368163 8.1186532974243182 -7.5359222888946524 0.46428571641445165 4139.5000000000009 2.9174053668975835 3.0201274156570439 6.5000000000000009 -6.3097221851348868 -5.3729581832885733 0.92857143282890331 7.5000000000000009 1.2424533367156985 5.3155903816223153 -0.021728515624999997
decision_type=2 2 2 2 2 2 2 2 2 2 2 2 2 2 2 2 2 2 2 2 2 2 2 2 2 2 2 2 2 2
left_child=3 2 8 10 9 12 7 -7 26 -4 -1 -11 -6 14 -8 16 18 20 22 24 -18 -21 -15 -17 -20 -12 -2 -19 -10 -30
right_child=1 -3 4 -5 5 6 13 -9 28 11 25 -13 -14 15 -16 23 17 27 19 21 -22 -23 -24 -25 -26 -27 -28 -29 29 -31
leaf_value=0.28617449586726346 0.029254522979243882 0.021272559670654966 -0.054182991476999405 0.11226200309140795 -0.049603140796694173 -0.05253869774498586 0.0022950002052527251 -0.0041857640887730373 -0.009648641075249275 0.12340360847043756 -0.041230723549668023 0.023311332806920874 0.011688308504148669 -0.016930566198383755 0.045725142838172035 0.41047632717742055 0.11893302791951205 0.55152033019270785 0.46361776597323973 -0.043764132855004023 -0.015596511188134906 0.072703289126405321 0.31813538580651074 0.046100155766582419 -0.032463445146542209 0.10607512932129241 -0.014747678179861723 -0.026923648551202571 0.012563620498449599 -0.027148733636023846
leaf_weight=5.4596592817106275 478.07426935306285 4412.2793615758419 177.29803164303303 49.322074076451827 879.04429917794187 716.39484702423215 37902.285629998194 1996.9878819108708 4713.9247138946084 98.583490433229599 2759.1869445656775 2762.223604771425 355.86104793887353 1328.8369768781704 589.44293393567204 2.6718206088989964 120.80086669285083 6.3015379428397846 8.1786330853356031 119.76728801574791 132.2720444065053 284.24234790122136 4.5567120817722744 831.10035104560666 4.4136016201227894 37.506767400423996 12786.170575407974 2.8328688769834116 5683.0828399322927 698.4178680870682
leaf_count=2301 11465 4938 136794 5415 682749 349051 861727 446069 25748 18279 2523035 72193 10398 194610 1739 834 11270 106 437 12000 15603 9948 441 37628 516 6594 1678838 342 26404 1559
internal_value=-0.000200516 0.00109385 -0.000132478 -0.0351373 0.00327015 0.00200108 0.00295678 -0.0170252 -0.00688182 0.0221526 -0.0379271 0.0269698 -0.031965 0.00427029 0.00296592 0.0218757 0.0102486 0.0705185 0.00104302 0.0506942 0.0496794 0.038064 -0.0146013 0.0497077 0.329933 -0.0390694 -0.0131513 0.426062 0.000615724 0.00819948
internal_weight=79947.5 77096 72683.8 2851.48 48324.1 45286 44051.1 2713.38 24359.7 3038.11 2802.15 2860.81 1234.91 41337.7 38491.7 2845.98 2012.2 262.207 1750 416.602 253.073 404.01 1333.39 833.772 12.5922 2796.69 13264.2 9.13441 11095.4 6381.5
internal_count=7149031 4611686 4606748 2537345 2862734 2635468 1942321 795120 1744014 227266 2531930 90472 693147 1147201 863466 283735 245273 27321 217952 22901 26873 21948 195051 38462 953 2529629 1690303 448 53711 27963
is_linear=0
shrinkage=0.055


Tree=82
num_leaves=31
num_cat=0
split_feature=41 51 53 53 26 8 32 57 47 51 56 45 28 31 28 47 33 28 14 33 33 21 27 54 51 56 16 57 22 40
split_gain=1187.42 653.099 630.585 592.508 484.852 470.218 440.995 368.228 352.13 368.252 614.79 1020.92 362.226 345.303 521.616 476.082 428.9 343.785 432.68 507.09 362.406 343.404 304.609 302.132 303.833 300.857 297.297 295.645 450.104 410.29
threshold=-1.0000000180025095e-35 925.50000000000011 -0.04761987924575805 -0.048724085092544549 1155.0000000000002 0.89587974548339855 0.89587974548339855 159.50000000000003 -1.0000000180025095e-35 698.50000000000011 -100.92163085937499 0.82381767034530651 2952.0000000000005 1.4978661537170412 16.500000000000004 -107.04434585571288 7.3135535717010507 56.500000000000007 6.2700424194335946 7.0950558185577401 7.1762402057647714 1.0000000180025095e-35 927.89511108398449 47.500000000000007 50.500000000000007 -100.89672851562499 4140.5000000000009 437.50000000000006 2.1383330821990971 3.2769666910171513
decision_type=2 2 2 2 2 2 2 2 2 2 2 2 2 2 2 2 2 2 2 2 2 2 2 2 2 2 2 2 2 2
left_child=2 4 -1 7 8 -6 -4 13 9 -2 11 12 -11 -3 16 -16 -15 18 19 -7 -21 -22 -19 24 -23 -12 -5 28 29 -20
right_child=1 3 6 26 5 17 -8 -9 -10 10 25 -13 -14 14 15 -17 -18 22 27 20 21 23 -24 -25 -26 -27 -28 -29 -30 -31
leaf_value=-0.049211479565470055 0.0064659750825539 -0.033020963962419825 0.028388492054345828 0.058609432081693197 -0.019798282848499604 -0.0025014675446257107 -0.039285055275241842 -0.047095769699911506 0.032237512957194167 -0.010148099230036321 -0.055565483690088541 -0.034218572205054774 1.0148701299680516 -0.018977700085273275 -0.031061219311831575 0.53862948749356698 0.1123836354848224 0.0023094325758628792 -0.0074193465365422267 0.41345823212281357 -0.018431102477362085 0.075608190438490194 0.051177798547536076 -0.046984872681293671 0.3136558315624205 0.064988911624791673 -0.0041840102393749115 -0.054229959379101751 -0.06293239984082738 0.096333515996886207
leaf_weight=2204.2779872068204 16032.718820288195 511.88644607475726 700.02713195281103 245.1726347283693 3346.8230214827927 810.36455872596707 491.36260295339162 1997.0861594904563 2003.6943791881204 1.1279378516483103 71.580445152882021 7.3290869659977034 1.4249483061721548 240.40453209215775 6.3816674020490609 6.511700432864016 103.67759379523341 45360.777675712889 918.54659788421122 6.0297509650117709 62.636975804693066 37.518181432504207 384.17040390049806 17.305887093942147 30.756271655089222 359.9148665231769 2578.059015741921 855.48039323312696 396.41187600855483 126.76226912491256
leaf_count=2700607 404613 325204 51569 9270 151964 75416 58995 1682117 3626 892 26162 1560 191 151820 2552 46 31484 923819 48051 266 6191 194 4832 3742 237 54664 250521 151820 23103 4786
internal_value=-1.82415e-05 0.00139494 -0.0318193 -0.0165256 0.00283539 0.000131728 0.000430482 -0.0341192 0.0104936 0.00784 0.057119 0.405619 0.855077 -0.00419369 0.0370284 0.32677 0.0216464 0.00149469 -0.0157428 0.0151153 0.104841 0.0792027 0.00272538 0.147735 0.196929 0.0445828 0.00136302 -0.028705 -0.013424 0.00556123
internal_weight=79916.2 76520.6 3395.67 5689.18 70831.4 52353.6 1191.39 2865.95 18477.8 16474.1 441.377 9.88197 2.55289 868.862 356.975 12.8934 344.082 49006.8 3261.81 964.612 154.247 148.217 45744.9 85.5803 68.2745 431.495 2823.23 2297.2 1441.72 1045.31
internal_count=7150314 4339143 2811171 2453014 1886129 1394421 110564 2193223 491708 488082 83469 2643 1083 511106 185902 2598 183304 1242457 313806 86046 10630 10364 928651 4173 431 80826 259791 227760 75940 52837
is_linear=0
shrinkage=0.055


Tree=83
num_leaves=31
num_cat=0
split_feature=50 53 26 8 50 47 53 44 8 13 12 22 35 25 7 7 6 53 50 10 53 52 29 14 52 48 48 56 53 46
split_gain=979.463 880.752 413.972 400.045 394.601 651.516 393.727 389.238 470.13 342.326 465.904 325.806 312.63 321.731 304.863 375.373 433.342 347.548 302.706 438.417 495.362 655.183 482.865 398.936 347.641 302.657 501.174 486.273 446.817 564.86
threshold=-11.611488342285154 -0.081749022006988512 558.00000000000011 3.7494349479675297 -17.251857757568356 -18.480071067810055 -1.0000000180025095e-35 1.5000000000000002 5.4227426052093515 3.113268375396729 1.0000000180025095e-35 3.8606742620468144 1.2424533367156985 -21.903315544128414 0.97869792580604564 0.68906706571578991 -0.027874349616467949 -0.07519435882568358 -14.594948768615721 8.5161924362182635 -0.078798651695251451 0.78297665715217601 0.18333333730697635 7.136085271835328 0.80004939436912548 160.50000000000003 177.50000000000003 -100.88940429687499 -100.86459350585936 5.7863478660583505
decision_type=2 2 2 2 2 2 2 2 2 2 2 2 2 2 2 2 2 2 2 2 2 2 2 2 2 2 2 2 2 2
left_child=1 2 4 12 11 -6 9 18 -9 -2 25 -1 14 -14 15 17 -17 -3 -5 20 21 -20 23 -21 -25 -11 28 -28 29 -27
right_child=6 3 -4 7 5 -7 -8 8 -10 10 -12 -13 13 -15 -16 16 -18 -19 19 22 -22 -23 -24 24 -26 26 27 -29 -30 -31
leaf_value=-0.04809363176212849 -0.0076783241185250763 0.17923376522644782 -0.0472715462037381 -0.021095514092561579 0.13607931762218836 -0.053039007385490604 0.019629350969599738 0.044300637341467823 -0.054008873428126811 0.0027358796009600743 -0.035275675494047941 0.05712346461996963 0.10202497916847092 -0.025119217006059329 -0.0068060869946221748 0.17680405403676183 0.01085693182992996 -0.028988196855632451 0.55166552406503133 0.071751119463441301 -0.0039547902349549016 -0.038504827466500038 -0.061384686171617645 0.54392922697485591 0.15779665600205409 0.078102795058928559 -0.007738969961284578 0.02223052317867517 0.051565622332020312 0.60094598257866383
leaf_weight=427.83314115757821 9272.5885641964269 22.537416394276079 2663.1034126686864 1422.4016538506839 130.97782485326752 89.052740422775969 4111.0389963854104 1200.7333015903714 163.30279250169406 44034.126355253218 902.83881907077739 107.58005604398204 56.318256755534094 3898.4912191211479 2180.5473699435825 99.200082263327204 88.914175459183753 198.17819504614454 6.3109503797022652 122.29367957881186 1087.5964215574204 10.238591717847155 49.027737842407078 6.4456190320779561 39.700797417084686 20.26117278117454 2685.5249556452036 4184.5121640574653 562.3451628749026 5.4362559671280897
leaf_count=396622 259066 4764 3059462 336296 7746 69089 4581 154886 28205 339680 33970 61817 18206 895640 455332 2923 7646 22755 926 5044 73574 3473 4104 419 603 7222 561283 315937 16986 751
internal_value=0.00034182 -0.0128261 -0.0370947 -0.00502398 -0.0011444 0.0600599 0.00315934 0.00842233 0.0323767 0.00205988 0.00378386 -0.0266195 -0.0134648 -0.0231821 0.0013928 0.0446765 0.100679 -0.00422715 -0.00352251 0.0153989 0.00120103 0.26233 0.0858382 0.129224 0.259632 0.00447207 0.0147142 0.0105182 0.0632334 0.268576
internal_weight=79849.5 14070.8 3418.55 10652.2 755.444 220.031 65778.7 4108.05 1364.04 61667.6 52395 535.413 6544.19 3954.81 2589.38 408.83 188.114 220.716 2744.02 1321.61 1104.15 16.5495 217.468 168.44 46.1464 51492.2 7458.08 6870.04 588.043 25.6974
internal_count=7149008 5609532 3594736 2014796 535274 76835 1539476 607530 183091 1534895 1275829 458439 1407266 913846 493420 38088 10569 27519 424439 88143 77973 4399 10170 6066 1022 1241859 902179 877220 24959 7973
is_linear=0
shrinkage=0.055


Tree=84
num_leaves=31
num_cat=0
split_feature=53 50 3 53 9 26 54 22 16 8 15 16 15 16 35 57 1 14 27 50 16 26 40 10 33 50 57 13 54 7
split_gain=1031.83 593.203 538.432 469.14 429.301 425.952 369.374 358.246 498.451 322.234 348.508 352.644 310.374 567.19 293.105 291.678 291.204 315.501 281.698 276.088 333.041 273.745 272.211 263.615 259.954 372.709 250.78 304.921 265.266 254.136
threshold=-100.8667526245117 -110.66150283813475 0.75735294818878185 -1.0000000180025095e-35 4.9193377494812021 204.00000000000003 1963.5000000000002 6.0246567726135263 2097893.5000000005 4.0163424015045175 5.1089665889739999 4138.5000000000009 8.6133213043212908 2303106.5000000005 2.3502402305603032 119.50000000000001 0.38750000298023229 5.5853724479675302 1017.3553466796876 -109.83748626708983 731.50000000000011 1804.5000000000002 3.3842465877532963 2.9174053668975835 7.6011524200439462 -11.427195549011229 14.500000000000002 2.7403194904327397 573.50000000000011 2.6572058200836186
decision_type=2 2 2 2 2 2 2 2 2 2 2 2 2 2 2 2 2 2 2 2 2 2 2 2 2 2 2 2 2 2
left_child=2 15 12 4 18 6 -6 8 -4 10 11 -7 -1 -14 -15 16 -2 -18 22 20 -11 -13 23 -3 -24 -26 28 -28 -12 -29
right_child=1 3 7 -5 5 9 -8 -9 -10 19 26 21 13 14 -16 -17 17 -19 -20 -21 -22 -23 24 -25 25 -27 27 29 -30 -31
leaf_value=-0.05245253951529727 -0.024394677142110736 -0.024315439879937666 -0.047651469884369392 0.020221231521716579 0.02078870460454766 0.070248794046708307 0.11693411080198342 0.21054281501951425 0.043767001605574736 0.33267120566405844 0.01921193169618372 -0.010991980272638155 -0.048632102959346508 -0.027284253786038191 0.47527616385237975 -0.041653595076085362 0.24518044316428991 0.028830191369190825 -0.046502766164975465 0.0087970004209984853 0.03127147463792903 -0.054856221037589879 0.031513082427464111 -0.0027536692391499818 0.46710860846386976 -0.045917850651071172 -0.025659737233713148 0.005052712779305254 0.15589966294213733 -0.007498079702894676
leaf_weight=1824.8806881008204 464.82828658854123 1872.461422225635 345.8649518530583 4320.2366698440164 2732.0640234525781 110.1203631561948 121.83123350935057 20.154334379476495 366.39103178400546 12.410934638290199 1405.7337886226014 1041.5957663191366 28.356387071195059 4.109328024031127 7.9196850282605737 1384.7701364297536 17.549774296057876 237.66893199936021 472.07529476209311 16934.013750666054 33.885696951823775 732.35980683588423 388.74173909024103 19878.076065648929 4.9765406889491715 6.0866415998316352 1327.2192870095023 16698.011315365671 39.453277570370119 6890.0118609960191
leaf_count=2216832 187513 114114 188650 4913 85377 4253 23408 2451 93572 174 10819 82079 30170 3749 2094 987339 3144 82685 154800 536867 10885 69137 12583 951322 478 245 86556 644657 532 558093
internal_value=0.000679269 0.00182855 -0.0333813 0.00263725 0.00156142 0.00450112 0.0250904 0.00655199 -0.000647689 0.00319921 -0.000400748 -0.0232208 -0.049037 0.0940762 0.345991 -0.0269337 0.001467 0.0481324 -0.00468586 0.00918562 0.13662 -0.0292042 -0.00378435 -0.00461504 0.0409063 0.25842 0.00123438 -5.97196e-05 0.0234681 0.00138584
internal_weight=79723.9 77126.2 2597.68 75021.4 70701.1 48078.7 2853.9 732.41 712.256 45224.8 28244.5 1884.08 1865.27 40.3854 12.029 2104.82 720.047 255.219 22622.4 16980.3 46.2966 1773.96 22150.3 21750.5 399.805 11.0632 26360.4 24915.2 1445.19 23588
internal_count=7149491 4611973 2537518 3351292 3346379 2112837 108785 284673 282222 2004052 1456126 155469 2252845 36013 5843 1260681 273342 85829 1233542 547926 11059 151216 1078742 1065436 13306 723 1300657 1289306 11351 1202750
is_linear=0
shrinkage=0.055


Tree=85
num_leaves=31
num_cat=0
split_feature=41 50 51 43 1 45 8 22 57 7 33 13 56 42 25 31 25 51 45 48 7 32 14 10 6 27 9 57 50 47
split_gain=901.463 606.005 602.924 421.478 408.512 414.494 402.315 390.855 380.182 353.492 323.944 322.637 313.227 287.654 454.52 305.09 281.711 415.193 719.435 1610.57 1079.39 279.915 305.821 452.785 285.137 315.937 277.796 277.54 269.645 382.457
threshold=-1.0000000180025095e-35 -110.66150283813475 110.50000000000001 -1.0000000180025095e-35 0.18333333730697635 0.763332098722458 2.5249279737472539 5.9750738143920907 49.500000000000007 7.5123939514160165 7.3135535717010507 3.8393945693969731 -0.014404296874999998 1.0000000180025095e-35 -13.315961360931395 2.0126758813858037 -7.0765945911407462 118.50000000000001 0.81430137157440197 110.50000000000001 0.38522027432918554 1.2424533367156985 7.136085271835328 9.0967197418212908 -2.8626616001129146 79.180526733398452 4.6007614135742196 26.500000000000004 -17.060758590698239 -14.201247215270994
decision_type=2 2 2 2 2 2 2 2 2 2 2 2 2 2 2 2 2 2 2 2 2 2 2 2 2 2 2 2 2 2
left_child=2 7 21 -3 5 -5 16 8 9 -2 -9 26 -10 -7 -15 -16 -6 -18 19 20 -19 22 24 -24 25 -1 -8 -11 29 -26
right_child=1 3 -4 4 6 13 11 10 12 27 -12 -13 -14 14 15 -17 17 18 -20 -21 -22 -23 23 -25 28 -27 -28 -29 -30 -31
leaf_value=0.14777600887430853 -0.026579166598591535 -0.053143822830116663 -0.04746589705635474 -0.035825459599747228 -0.015470659580815111 0.0048019555781691186 -0.033257461876046474 -0.03920925871708561 -0.045858924154445126 0.10623552573371527 0.31421713696686093 0.011667015362577587 0.11068025776113706 -0.047652945939132288 0.026864030953621495 0.001404871693053801 0.00097724328344445935 0.91346222719173198 0.01769652296723984 -0.044609445089287693 -0.027182818191946331 -0.033183350093827196 -0.046967945825254973 0.40856338552637844 -0.041541858023851581 -0.052858152534199516 -0.00041401801194449568 -0.050008558441412741 -0.0070837189506696586 0.33170301385464007
leaf_weight=81.924588622117881 261.91784822143381 412.33384816523176 1970.3533963617519 675.96133970905794 8215.0362034596037 26154.717686250922 805.03617040015524 11.939220983535053 1646.545421636838 145.67052831198089 13.418177454383111 7400.4902941328473 34.975299073092174 310.06671414029552 5187.2657532420126 1962.6319767055684 1964.4062873789808 8.8920871042064409 87.691138861351646 18.404705751163419 4.6411623091553329 435.25616795301903 10.319602042087356 9.6753690015175362 14.041847430518828 29.70686153753195 20356.698550402303 41.282625521009322 613.96372128016083 12.352214672369882
leaf_count=2192 69317 30096 2651382 414820 378283 1269960 34639 9153 1296388 19514 1855 151530 12010 85261 31396 12388 7688 456 1842 8452 1207 66998 2383 316 7118 7232 482991 20077 72773 148
internal_value=-7.61494e-05 0.00112902 -0.0287513 0.00197213 0.00228641 0.00666142 -0.00157439 -0.0275797 -0.0303064 0.0145362 0.168761 0.00178632 -0.0422845 0.00752099 0.0170444 0.0198814 -0.0108909 0.00715577 0.104503 0.308186 0.670569 0.00186277 0.0217087 0.211094 0.015312 0.094407 -0.00167101 0.0713301 0.00089901 0.158143
internal_weight=78897.6 75720 3177.59 73564.3 73151.9 34290.6 38861.3 2155.75 2130.39 448.871 25.3574 28562.2 1681.52 33614.7 7459.96 7149.9 10299.1 2084.04 119.629 31.938 13.5332 1207.24 771.984 19.995 751.989 111.631 21161.7 186.953 640.358 26.3941
internal_count=7149865 4339323 2810542 2911009 2880913 1813825 1067088 1428314 1417306 108908 11008 669160 1308398 1399005 129045 43784 397928 19645 11957 10115 1663 159160 92162 2699 89463 9424 517630 39591 80039 7266
is_linear=0
shrinkage=0.055


Tree=86
num_leaves=31
num_cat=0
split_feature=41 50 53 50 9 25 49 19 26 45 6 8 51 0 51 15 0 56 26 44 50 32 56 45 53 7 31 24 55 53
split_gain=890.517 564.627 512.828 458.604 398.324 342.869 339.85 442.41 341.332 305.963 289.089 288.871 283.236 453.536 400.805 340.403 330.456 466.441 461.019 406.407 357.092 375.591 328.773 535.614 1030.97 952.034 480.436 335.581 317.029 321.906
threshold=-1.0000000180025095e-35 -115.42838668823241 -0.04761987924575805 -1.0000000180025095e-35 4.9254989624023446 -8.9880409240722638 13.28848457336426 2.5000000000000004 13.500000000000002 0.75981754064559948 -2.8626616001129146 3.6242519617080693 110.50000000000001 0.21111111342906955 203.50000000000003 7.9421844482421884 0.26785714924335485 -100.87377929687499 581.50000000000011 2.5000000000000004 -13.33339738845825 2.0126758813858037 -100.88745117187499 0.83146595954895031 -0.06347560882568358 1.73383504152298 1.2424533367156985 -0.025851494632661339 0.86157226562500011 -0.027831792831420895
decision_type=2 2 2 2 2 2 2 2 2 2 2 2 2 2 2 2 2 2 2 2 2 2 2 2 2 2 2 2 2 2
left_child=2 -2 6 4 -3 -5 8 -8 -1 -6 -4 -11 -13 14 15 22 -15 18 -18 20 -19 28 23 24 -14 -26 -27 -24 29 -22
right_child=1 3 10 5 9 -7 7 -9 -10 11 -12 12 13 16 -16 -17 17 19 -20 -21 21 -23 27 -25 25 26 -28 -29 -30 -31
leaf_value=0.10902064969070799 -0.038176590702174718 -0.0055795875294462338 0.060937029604506643 -0.0077256711796153347 -0.04731479233284204 0.027696980623378754 0.310571993609082 -0.047530725438827408 -0.053285125372544435 -0.00026901259227613309 -0.012601471700518571 0.0056365445624489306 0.017498588461559585 0.10142642112372456 -0.011746344797056689 -0.057988939822387987 0.10733867244834971 -0.0041926084680588404 -0.046292070157561774 0.18591295023214885 0.16573967758148925 -0.018765132026890587 -0.060901277016674873 0.045815011155395727 -0.042005404678167081 0.16443614981673446 0.7151647284706214 0.09568791871515793 0.038921957256772353 0.023825567636638397
leaf_weight=35.533229493361432 1102.0194251918001 23175.097130385111 188.65735272492748 1105.6558185620233 354.40374268975575 3248.2816550858552 13.552677358034996 21.307180539472029 1852.5156342246337 25679.690569235128 975.13308207230875 17377.562509330222 38.650044858222827 253.11954707396217 1299.7278201293666 72.310573036724236 67.60130055306945 309.79847492050612 314.39156208693748 60.886399309791159 193.37246900697937 117.41885308449855 88.916756634134799 140.93138796911808 9.8278888744534907 10.972954484634103 16.710421404917724 69.080520509043708 210.86442257720046 66.407147729769349
leaf_count=6189 840156 1320771 18830 1808 261527 6401 122 2137 2690666 1267312 91692 87308 8111 22411 316272 7395 2625 98939 67758 4416 5145 3709 6961 3153 532 315 286 1695 4015 556
internal_value=-0.000372928 0.000813544 -0.0293035 0.00139452 0.000315571 0.0187031 -0.0467073 0.113185 -0.0499506 0.00323806 -0.000470756 0.00362926 0.00845988 0.0231146 0.00373254 0.0483325 0.0442823 0.0331573 -0.0180685 0.053555 0.0435995 0.0686001 0.0693226 0.112475 0.225403 0.412366 0.555422 0.00839867 0.0903646 0.130597
internal_weight=78470.4 75383.7 3086.7 74281.7 69927.7 4353.94 1922.91 34.8599 1888.05 46752.6 1163.79 46398.2 20718.6 3340.99 1747.13 447.401 1593.86 1340.74 381.993 958.748 897.861 588.063 375.09 217.093 76.1613 37.5113 27.6834 157.997 470.644 259.78
internal_count=7149213 4339577 2809636 3499421 3491212 8209 2699114 2259 2696855 2170441 110522 1908914 641602 554294 344720 28448 209574 187163 70383 116780 112364 13425 21053 12397 9244 1133 601 8656 9716 5701
is_linear=0
shrinkage=0.055


Tree=87
num_leaves=31
num_cat=0
split_feature=41 53 47 45 9 16 25 6 30 45 9 32 26 19 6 27 14 33 25 14 32 3 26 10 14 42 47 43 46 57
split_gain=883.587 512.074 460.226 410.283 383.812 402.652 348.003 515.391 395.489 507.377 623.033 365.602 327.776 324.532 481.7 321.55 549.396 322.862 305.624 387.28 304.131 299.806 299.057 297.824 350.289 283.692 282.866 278.001 302.133 405.062
threshold=-1.0000000180025095e-35 -0.037638455629348748 -5.4076528549194327 0.76104518771171581 4.4013888835906991 2301565.5000000005 -15.05601930618286 -7.1844375133514395 0.6904762089252473 0.83019039034843456 4.6007614135742196 2.0126758813858037 155.50000000000003 4.5000000000000009 -0.026393013074994084 224.37039947509768 5.7975752353668222 8.265134811401369 -21.903315544128414 6.3162615299224862 0.89587974548339855 0.86607143282890331 1138.0000000000002 5.8622088432312021 7.136085271835328 1.0000000180025095e-35 -13.839278697967528 -1.0000000180025095e-35 4.9422855377197275 187.50000000000003
decision_type=2 2 2 2 2 2 2 2 2 2 2 2 2 2 2 2 2 2 2 2 2 2 2 2 2 2 2 2 2 2
left_child=1 21 3 -2 5 26 15 11 25 10 -10 22 -4 -7 -15 16 -6 -17 -19 -20 23 -1 -8 -3 -25 -9 -5 -27 29 -29
right_child=2 20 12 4 6 13 7 8 9 -11 -12 -13 -14 14 -16 17 -18 18 19 -21 -22 -23 -24 24 -26 27 -28 28 -30 -31
leaf_value=-0.047509713401062643 -0.051816402996222817 0.074525111872781977 0.034275100654707825 -0.010866192574368466 0.21304112846261983 0.005727808420902398 0.034196050579881503 -0.0049834600112793719 0.3621409850975103 0.011474366097607247 0.065814845210010089 -0.043933488251968168 0.0045457383043886164 -0.052652023210103857 0.30231961848428118 -0.03257271453571714 -0.01923580876409418 0.16290547189714288 0.087483396276292036 -0.054449298911077589 -0.035208542647377897 0.10552343997865 0.11103921415495276 -0.022793310378119991 0.18872942023480896 -0.050281751874803861 -0.048682486169138874 -0.021191516197565135 0.00049636781014557611 0.034051265681511157
leaf_weight=2029.5702701796545 511.0601448151283 246.29487002734095 1154.6940061111236 1096.322877047467 42.380563366459683 670.32887883158401 743.13434914476238 23498.132776074694 18.836943566799164 1417.8576271192287 268.77083990280516 139.24300231278175 34526.638994238514 17.690877453540452 22.610339159728028 2095.4665964206215 85.96093875868246 39.53898256510729 95.310198508785106 133.41997077624546 346.88503527629655 34.918416156782769 191.05347288731718 290.09774399735034 20.754114899085835 239.01871099916752 1321.9286138464813 487.84193886595313 4353.8508446248597 2189.2128926715814
leaf_count=2756008 489271 5800 1436 340085 2898 95633 48129 1655990 62 9531 1453 20064 110055 3229 259 1225246 27949 8695 18199 66959 23561 10081 11000 14193 425 14133 79846 7576 32451 69070
internal_value=-0.000179866 -0.0295867 0.000980388 -0.00309528 -0.00245304 -0.0209149 -0.00084752 0.000626828 -0.000615313 0.0251259 0.0910793 0.0380328 0.00551249 0.0153998 0.157886 -0.0206559 0.0625784 -0.0252977 0.0310838 0.0052993 0.00492032 -0.0446726 0.0504189 0.0299959 -0.00590687 -0.00204599 -0.0315961 0.00744552 0.00944232 0.0239636
internal_weight=78328.8 2968.52 75360.3 39679 39167.9 3128.88 36039 33547 32473.5 1705.47 287.608 1073.43 35681.3 710.63 40.3012 2492.08 128.342 2363.74 268.269 228.73 904.032 2064.49 934.188 557.147 310.852 30768.1 2418.25 7269.92 7030.91 2677.05
internal_count=7149287 2810068 4339219 4227728 3738457 519052 3219405 1869459 1790266 11046 1515 79193 111491 99121 3488 1349946 30847 1319099 93853 85158 43979 2766089 59129 20418 14618 1779220 419931 123230 109097 76646
is_linear=0
shrinkage=0.055


Tree=88
num_leaves=31
num_cat=0
split_feature=50 45 27 41 26 6 28 8 35 26 40 6 15 28 48 1 1 15 38 9 27 40 28 56 40 8 47 53 47 51
split_gain=792.885 815.453 631.208 376.364 352.712 348.733 552.598 347.748 413.708 390.478 334.903 310.722 342.614 507.979 547.929 471.176 337.032 312.73 290.384 289.122 326.62 300.047 368.73 281.715 273.051 272.972 376.805 399.725 317.441 269.504
threshold=-11.611488342285154 0.79919466376304638 1166.2376098632815 -1.0000000180025095e-35 292.50000000000006 -9.0520362854003888 10.500000000000002 3.9981586933135991 1.2424533367156985 2876.5000000000005 2.7403194904327397 -0.023084346204996106 6.7135634422302255 1993.5000000000002 102.50000000000001 0.30952382087707525 0.46428571641445165 6.8580393791198739 1.0000000180025095e-35 4.9143500328063974 1088.112487792969 3.4498615264892583 101.00000000000001 -0.018798828124999997 2.7403194904327397 1.4978661537170412 -12.805934906005858 -0.082836002111434923 -12.984100818634031 33.500000000000007
decision_type=2 2 2 2 2 2 2 2 2 2 2 2 2 2 2 2 2 2 2 2 2 2 2 2 2 2 2 2 2 2
left_child=1 -1 3 -3 -2 18 -7 8 9 11 -11 12 -5 16 -15 17 23 -16 -6 21 25 22 -8 -14 -18 26 27 29 -29 -21
right_child=4 2 -4 7 5 6 19 -9 -10 10 -12 -13 13 14 15 -17 24 -19 -20 20 -22 -23 -24 -25 -26 -27 -28 28 -30 -31
leaf_value=-0.04423861224015932 0.018052025842652933 -0.044833748113608449 -0.046209032731976643 0.020698681916016457 0.077171579462290404 -0.029945431240119214 -0.039914841099255541 0.014562135522387342 -0.019007421157281757 0.0070252577388322688 -0.055784045868380774 -0.03111042919945891 -0.059296015738276371 -0.055930991310685241 0.24316340474714576 0.53727084198933139 0.15602448230106047 -0.043947099138924389 -0.028398555945912399 0.3063851515335741 0.052449118456695407 0.057030207515244465 -0.0029733666256238269 0.088056389815655209 -0.049436382840366527 0.0054226022780056796 -0.014477525199465104 0.0056605965053242238 0.21523096210688963 -0.034722078728083715
leaf_weight=2051.522346144222 4053.3645965680189 586.76221606013132 1091.0992522420711 729.86400778969983 313.25442553020548 1696.1127008557669 853.71258585451869 3371.1975098104449 3703.2678893611883 812.73125237232307 369.80457136384211 202.15147545799846 99.925574050634168 17.724868242396042 38.297594193601981 12.088517047930507 95.226636308128946 13.760698758414945 101.8270518463687 22.559269032673914 419.07372414317797 236.02639790441026 16997.068385913328 57.713268850871827 21.778763122507371 36193.618072137178 3673.8694040337869 226.63006039318861 19.234968935255893 8.1328937408688926
leaf_count=2476791 45315 675464 943265 130425 2673 130239 36605 391587 738045 113646 75415 11004 33486 490 326 406 8271 1926 2138 206 4616 3450 447527 2333 7834 730670 122856 7679 235 5413
internal_value=-0.000154878 -0.0123982 -0.00656097 -0.00227077 0.00235349 0.00130484 0.000957127 0.000367675 -0.00738804 0.0100286 -0.0127687 0.0309191 0.0425511 0.0863825 0.202759 0.273116 0.0486854 0.17007 0.0512435 0.00185328 0.00443173 -0.00392901 -0.00475077 -0.00430011 0.117322 0.003924 -0.00979563 0.0515527 0.0260191 0.223796
internal_weight=78089.4 13274.9 11223.4 10132.3 64814.5 60761.1 60346 9545.53 6174.34 2471.07 1182.54 1288.53 1086.38 356.516 81.8717 64.1468 274.644 52.0583 415.081 58649.9 40563.1 18086.8 17850.8 157.639 117.005 40144 3950.43 276.557 245.865 30.6922
internal_count=7150336 5610714 3133923 2190658 1539622 1494307 1489496 1515194 1123607 385562 189061 196501 185497 55072 3148 2658 51924 2252 4811 1359257 871675 487582 484132 35819 16105 867059 136389 13533 7914 5619
is_linear=0
shrinkage=0.055


Tree=89
num_leaves=31
num_cat=0
split_feature=51 53 26 26 42 43 16 46 16 13 47 13 53 16 4 8 57 19 14 10 51 57 25 6 9 31 56 40 52 48
split_gain=753.419 466.382 639.905 434.783 388.873 370.705 319.203 313.283 364.268 401.632 650.511 429.829 311.332 305.697 302.154 271.732 270.297 277.123 255.021 452.594 257.559 258.853 248.676 296.402 248.108 236.831 234.684 234.387 345.735 398.906
threshold=896.50000000000011 -0.048724085092544549 30.500000000000004 247.00000000000003 -1.0000000180025095e-35 -1.0000000180025095e-35 4140.5000000000009 6.3318212032318124 2097577.5000000005 3.8393945693969731 -8.3319778442382795 3.8815107345581059 -1.0000000180025095e-35 2097887.0000000005 1.0000000180025095e-35 1.8688348531723025 33.500000000000007 6.5000000000000009 4.6200466156005868 4.8039875030517587 882.50000000000011 7.5000000000000009 -10.575509071350096 -4.1631238460540763 4.9480743408203134 2.9174053668975835 -0.019775390624999997 2.8617925643920903 0.83131366968154918 93.500000000000014
decision_type=2 2 2 2 2 2 2 2 2 2 2 2 2 2 2 2 2 2 2 2 2 2 2 2 2 2 2 2 2 2
left_child=3 2 -2 -1 7 26 24 -5 -9 13 11 -11 14 -10 15 18 -8 -18 19 -7 21 -20 -23 -24 -3 -26 -6 28 29 -17
right_child=1 6 -4 4 5 12 16 8 9 10 -12 -13 -14 -15 -16 27 17 -19 20 -21 -22 22 23 -25 25 -27 -28 -29 -30 -31
leaf_value=0.017917477341362096 0.026894817221363172 -0.056188788432953808 -0.043432368364940119 -0.050774527951687368 -0.083924502150285879 0.24024238063657258 0.028539073211396534 -0.035479831707077157 0.29796680976280204 0.5410898302150412 0.055108121101187832 -0.028078935119202248 0.01676705354051258 -0.014041979463480004 0.014392176199357657 -0.0029726063615382863 -0.018605142863854715 0.25025371014355025 0.043692993484552752 -0.073101482131714801 0.12647881015158119 -0.042624151885300665 0.12801297448152393 -0.010083839788652783 0.063893661370152108 0.36554043510177592 0.06022463370550149 0.0044311929498565663 -0.0084195007688594344 0.023309971799592648
leaf_weight=4559.118859318929 453.94325580552686 48.583699058624916 2705.8972478763899 796.67641191944131 228.28029476123629 27.631207495171111 475.18218007287942 326.18256075776299 5.0652623751957426 11.943114597786918 61.201571929879719 4.6381246348901177 3683.741336742416 164.08349628417636 4291.3821666605654 5082.4442435618257 2109.7442856551497 6.6816162309842175 254.82146729947999 21.131126263964688 36.750865001638886 732.91742795307073 42.3019445691898 8428.3345705371758 228.18043315166142 3.482484954991377 36.336360050307121 26447.414965460106 14032.638149136066 2655.9626630018465
leaf_count=118795 127681 4748 3244185 742560 9367 1571 25118 18379 191 760 1182 1507 4406 10574 28630 83420 283121 658 1434 4000 7296 116282 508 512394 8795 162 80 927734 111813 750674
internal_value=-7.67636e-05 -0.0187398 -0.0333026 0.0014894 0.000376451 0.000979424 -0.00268667 -0.0285751 0.0024561 0.0522769 0.151546 0.412262 0.0012433 0.00358801 0.000320471 -0.000726124 -0.00874903 -0.0171685 -0.00920276 0.110285 -0.00987411 -0.0104705 -0.011993 -0.00931908 0.0525462 0.0760552 -0.0633806 0.000952438 -0.00327359 0.00605728
internal_weight=77962.7 6031.7 3159.84 71931 67371.9 66002.1 2871.85 1369.79 573.114 246.932 77.7828 16.5812 65737.5 169.149 62053.7 57762.3 2591.61 2116.43 9543.89 48.7623 9495.13 9458.38 9203.55 8470.64 280.247 231.663 264.617 48218.5 21771 7738.41
internal_count=7148025 3694468 3371866 3453557 3334762 2559609 322602 775153 32593 14214 3449 2267 2550162 10765 2545756 2517126 308897 283779 643485 5571 637914 630618 629184 512902 13705 8957 9447 1873641 945907 834094
is_linear=0
shrinkage=0.055


Tree=90
num_leaves=31
num_cat=0
split_feature=53 3 7 22 0 23 4 15 53 30 56 51 51 9 49 24 48 29 49 52 53 46 10 54 44 19 15 37 15 45
split_gain=740.369 496.948 411.286 502.668 406.309 403.568 324.73 297.035 287.015 283.517 405.214 411.682 287.13 285.599 356.456 375.903 419.553 346.948 317.467 276.297 273.679 513.934 274.213 319.076 319.882 290.957 596.641 267.193 265.468 408.603
threshold=-100.8667526245117 0.75735294818878185 2.6572058200836186 2.6020033359527592 0.84523808956146251 2.5000000000000004 1.0000000180025095e-35 8.0373816490173358 -1.0000000180025095e-35 0.92857143282890331 -0.030517578124999997 50.500000000000007 33.500000000000007 4.7728502750396737 8.9140625000000018 -0.029111066833138462 826.50000000000011 0.21111111342906955 -0.03462651185691356 0.82572063803672802 -100.86459350585936 5.7863478660583505 7.3814969062805185 695.50000000000011 2.5000000000000004 4.5000000000000009 8.5478196144104022 1.0000000180025095e-35 6.0626208782196054 0.79742437601089489
decision_type=2 2 2 2 2 2 2 2 2 2 2 2 2 2 2 2 2 2 2 2 2 2 2 2 2 2 2 2 2 2
left_child=1 -1 6 4 -4 -5 8 -7 9 13 11 12 -11 17 15 20 18 -2 -17 -16 21 -15 23 24 25 -22 -27 28 29 -24
right_child=2 -3 3 5 -6 7 -8 -9 -10 10 -12 -13 -14 14 19 16 -18 -19 -20 -21 22 -23 27 -25 -26 26 -28 -29 -30 -31
leaf_value=-0.047848757766427455 0.0028171629649355497 0.0075943781085732144 -0.0032495699605109524 -0.037015002137471151 0.020758167320151823 -0.0012090238606376174 0.020728003745640006 -0.059062819521153484 0.02105436102483298 0.02599611939859045 -0.025574958168230803 0.092935837189148718 -0.076273906260895585 -0.043662829578655728 0.02327426501106903 -0.059569235258610014 0.017184367754320459 -0.02232313916336489 -0.012780148477395828 0.0052018470409903568 0.017948780707324318 0.400449437630502 0.18214354802224586 -0.030596207182664863 -0.04977154703211744 0.047038790917217084 0.46854866970615999 -0.03906937007589336 -0.010351502260993134 0.018676992605793297
leaf_weight=1552.1476210147084 3401.8408334483393 711.14433282151003 16922.052103423659 2240.9386478521628 2434.8153592270683 2899.34519327624 3376.3143359351088 290.87212042405736 2541.9573883283883 1637.7883590159472 469.5216436618939 274.76910673253587 82.695568844967056 14.800302980467679 3028.9274110594415 463.07717660107301 1386.6283594968554 3237.2017817757442 7121.480515397503 16382.460740821785 4533.108946192544 9.9773472056840529 48.315738108649384 471.4570721272903 205.39099067333154 52.174407391838031 8.0654722710023616 679.73497211345239 1355.2760332184262 361.8482998640975
leaf_count=2251850 351030 284383 1928158 549835 58221 142436 4819 15167 2766 2094 1043 1404 504 14982 13541 173807 215171 83698 444299 44367 165526 343 9066 185524 8947 5905 276 58869 114763 15963
internal_value=0.000513511 -0.0304497 0.00143836 -0.0043754 -0.000225161 -0.0191532 0.00425623 -0.00656809 0.00308995 0.00207804 0.020197 0.031005 0.0208737 0.00103143 0.00295866 -0.00292935 -0.0105887 -0.00944884 -0.0156742 0.00802711 0.00594931 0.172382 0.00530352 0.0123627 0.0166107 0.0196298 0.135059 -0.00990555 0.00140182 0.0398944
internal_weight=78196.1 2263.29 75932.8 24788 19356.9 5431.16 51144.8 3190.22 47768.5 45226.5 2464.77 1995.25 1720.48 42761.8 36122.7 16711.3 8971.19 6639.04 7584.56 19411.4 7740.15 24.7777 7715.37 5270.2 4798.74 4593.35 60.2399 2445.18 1765.44 410.164
internal_count=7148757 2536233 4612524 2693817 1986379 707438 1918707 157603 1913888 1911122 5045 4002 2598 1906077 1471349 1413441 833277 434728 618106 57908 580164 15325 564839 366178 180654 171707 6181 198661 139792 25029
is_linear=0
shrinkage=0.055


Tree=91
num_leaves=31
num_cat=0
split_feature=41 51 16 42 25 54 43 56 46 8 51 9 53 14 8 50 13 31 2 54 19 50 50 10 33 7 7 54 50 25
split_gain=850.132 416.008 365.627 402.577 414.034 400.599 400.178 388.379 368.208 333.534 341.826 314.617 411.694 438.547 332.032 313.342 309.386 297.054 292.708 404.233 286.382 285.453 406.362 287.08 282.541 279.977 508.165 716.409 498.652 279.066
threshold=-1.0000000180025095e-35 228.50000000000003 2169981.0000000005 1.0000000180025095e-35 -13.722517490386961 975.50000000000011 -1.0000000180025095e-35 -0.022705078124999997 4.6263937950134286 3.65057384967804 50.500000000000007 4.8919389247894296 -0.071288824081420885 6.4044013023376474 2.1383330821990971 -5.45890188217163 3.7954261302948002 2.9700856208801274 0.38750000298023229 1528.5000000000002 1.5000000000000002 -9.4020805358886701 -9.2042102813720685 8.0035300254821795 6.6247234344482431 2.1304405927658085 2.5825104713439946 499.50000000000006 -12.296352386474608 -8.3115801811218244
decision_type=2 2 2 2 2 2 2 2 2 2 2 2 2 2 2 2 2 2 2 2 2 2 2 2 2 2 2 2 2 2
left_child=1 -1 3 5 18 11 -6 20 9 -8 -11 17 13 15 -14 -13 -15 -2 -5 -20 21 -7 23 -23 -9 -18 27 -27 -29 -10
right_child=2 -3 -4 4 6 7 8 24 29 10 -12 12 14 16 -16 -17 25 -19 19 -21 -22 22 -24 -25 -26 26 -28 28 -30 -31
leaf_value=-0.0077244680994648885 -0.01471999702369229 -0.050881461049091629 0.0074627062497998192 -0.05252931526283236 -0.049675989242160101 -0.053361601217621492 0.010184190761211175 -0.050171978052460049 -0.0027503394863481346 0.005243957887912782 0.060274296965232316 0.097800161697309387 -0.014166187079708167 -0.024453369689209945 0.0024724963304447907 -0.026057996507929063 -0.010226776055225883 0.026044685909024971 -0.0045758212712810019 0.23214679573577704 -0.038963344943186408 -0.029201658681071923 0.026734604696120663 0.41403194698422952 0.12830584860107236 -0.044446052438807788 0.051746492493772014 0.68368433415236085 -0.026446654562917848 0.013243604977314187
leaf_weight=1331.4659054989752 7770.4654509924003 1371.1681329041894 23043.673695272679 602.3671982268279 357.41692271194188 121.3328037049796 2288.4562389856437 36.517832204321167 7386.0280554661294 498.68651120597497 1084.9932374718483 354.15094157520798 4598.5747408340685 401.84562942708726 17115.312776645122 72.408816785900854 110.87243552919244 576.65246260905406 279.01934317837004 18.656919605389703 1972.5413350136951 5.4509570680675088 225.92394109128509 9.5845364170381782 77.313568879093509 9.1490774162812176 106.84367427695543 8.7406991844181885 3.3617620724835424 5958.3136831939919
leaf_count=399991 355997 2409735 1292493 381442 16770 117774 49988 31838 41360 1490 24890 69803 154838 127037 354705 378 15078 19098 63273 6980 1131887 1498 22829 367 11589 1952 31079 1120 400 10642
internal_value=0.000604054 -0.0296735 0.00169564 -0.000857995 0.00566207 -0.00444561 0.00752843 -0.025842 0.00873008 0.0236507 0.0430168 -0.00275862 0.000588985 0.0338557 -0.0010537 0.0767168 0.00495199 -0.0118899 -0.0306199 0.0138506 -0.0307227 0.0140641 0.0484102 0.286156 0.0713471 0.0538875 0.107681 0.325478 0.536365 0.00439332
internal_weight=77797.3 2702.63 75094.7 52051 18473.9 33577 17573.9 2448.66 17216.5 3872.14 1583.68 31128.4 22781.3 1067.37 21713.9 426.56 640.813 8347.12 900.043 297.676 2334.83 362.292 240.959 15.0355 113.831 238.968 128.095 21.2515 12.1025 13344.3
internal_count=7148321 2809726 4338595 3046102 596835 2449267 145140 1317782 128370 76368 26380 1131485 756390 246847 509543 70181 176666 375095 451695 70253 1274355 142468 24694 1865 43427 49629 34551 3472 1520 52002
is_linear=0
shrinkage=0.055


Tree=92
num_leaves=31
num_cat=0
split_feature=42 26 50 47 23 27 8 49 1 54 50 19 53 31 14 15 9 15 45 49 43 14 50 10 53 49 49 6 27 19
split_gain=595.689 414.145 389.817 370.706 358.475 448.604 333.326 329.863 316.13 322.839 441.991 403.155 465.201 332.738 296.922 308.926 300.831 256.716 296.885 309.284 249.591 249.238 341.327 318.872 404.529 243.767 237.79 292.094 527.994 269.79
threshold=-1.0000000180025095e-35 1230.5000000000002 -116.59459304809569 -1.0000000180025095e-35 6.5000000000000009 1193.2954101562502 4.2696731090545663 6.2722833156585702 0.18333333730697635 889.50000000000011 -9.4020805358886701 1.5000000000000002 -0.090446352958679185 1.2424533367156985 6.3162615299224862 8.0738701820373553 4.9997084140777597 7.0938198566436776 0.78244677186012279 5.8406724929809579 -1.0000000180025095e-35 4.7833075523376474 -6.7188162803649893 4.6200466156005868 -0.054686427116394036 -0.03691581264138221 4.123436927795411 -5.5466401576995841 200.44151306152347 3.5000000000000004
decision_type=2 2 2 2 2 2 2 2 2 2 2 2 2 2 2 2 2 2 2 2 2 2 2 2 2 2 2 2 2 2
left_child=7 3 -3 4 5 20 8 -1 9 21 -11 12 13 -12 15 -9 -17 -15 19 -19 -2 22 23 24 -4 -5 27 28 -8 -30
right_child=1 2 6 25 -6 -7 26 14 -10 10 11 -13 -14 17 -16 16 -18 18 -20 -21 -22 -23 -24 -25 -26 -27 -28 -29 29 -31
leaf_value=-0.048747353402531647 -0.064026021613687881 -0.049025568408334864 0.37425791033578876 -0.046658018408429355 0.043663976017593767 -0.046616460740185481 0.1579358602777064 0.02001403940944968 -0.0092657435858144732 -0.051324367198094537 0.029815549119062913 -0.018661737925285252 -0.067288095228053679 -0.045670925058936399 -0.027928777634049474 -0.048898804499752369 0.27548605904091839 0.36942464682083698 0.064060071201775218 0.069787630331609493 0.005396558018898082 0.0024534562557896643 -0.019351658828980278 0.04096203563628107 0.08890324086585355 0.034730042785879135 0.006980781777573798 -0.022075026427727115 -0.028345376475019651 0.13418827762818755
leaf_weight=1166.5438133997668 153.10446161232539 522.92564130775281 18.489643489447189 114.21376662692637 685.02838831942063 524.3587529156357 74.631003394577419 208.35523971667862 19673.514527639345 799.79008410807 104.74430067682988 660.13360559532885 61.778242522384971 12.668583901191594 427.2273763155099 10.261040748300728 25.091298146289773 33.980843528639525 34.272114195657196 17.990065187215805 17405.725926443003 14789.329701209295 137.58103338180808 149.36629749528947 55.166208757844288 1844.1252575412218 15595.15377537554 1703.9151651948341 211.16219941960298 31.051557719008997
leaf_count=1377930 13610 483781 1334 3462 40673 474599 2268 12422 888114 989798 18255 90086 8032 6222 28631 1160 930 3160 1721 19 1352895 571149 595 8797 836 4280 155579 488872 104979 15290
internal_value=-0.000238167 0.000516681 -0.00199255 0.00713625 0.00475612 0.00327055 -0.001534 -0.0311361 -0.00452922 0.000993818 -0.0215131 0.00438431 0.0609851 0.100576 -0.000381687 0.0474999 0.186941 0.170469 0.202982 0.280931 0.00477317 0.00356329 0.0484245 0.0897427 0.179772 0.0298766 0.00467989 -0.0130505 0.03507 -0.00521614
internal_weight=77251.7 75414.2 54687.6 20726.6 18768.2 18083.2 54164.7 1837.48 36548.8 16875.3 1725.36 925.568 265.434 203.656 670.935 243.708 35.3523 98.9116 86.243 51.9709 17558.8 15149.9 360.603 223.022 73.6559 1958.34 17615.9 2020.76 316.845 242.214
internal_count=7149479 5728406 3838887 1889519 1881777 1841104 3355106 1421073 2588118 1700004 1117293 127495 37409 29377 43143 14512 2090 11122 4900 3179 1366505 582711 11562 10967 2170 7742 766988 611409 122537 120269
is_linear=0
shrinkage=0.055


Tree=93
num_leaves=31
num_cat=0
split_feature=42 7 7 28 57 50 6 45 4 50 45 53 41 28 26 27 15 33 0 51 3 50 15 26 26 6 50 8 8 48
split_gain=545.193 423.677 525.819 537.671 411.559 412.258 391.614 556.506 324.374 321.227 314.706 291.67 338.382 289.283 441.152 286.021 338.718 450.651 279.383 267.035 263.564 463.502 508.444 261.396 250.099 244.942 236.354 326.135 297.604 232.979
threshold=-1.0000000180025095e-35 2.6572058200836186 12.151627063751222 174.00000000000003 162.50000000000003 -18.400738716125485 -7.3544647693634024 0.82506504654884349 1.0000000180025095e-35 -2.6792641878128047 0.87639915943145763 -1.0000000180025095e-35 -1.0000000180025095e-35 56.500000000000007 581.50000000000011 1355.3392333984377 7.2906336784362802 8.1186532974243182 0.64583334326744091 42.500000000000007 0.34057971835136419 -6.1361060142517081 5.9776182174682626 101.00000000000001 8319.5000000000018 -3.875985741615295 -16.64237022399902 4.0163424015045175 4.0517470836639413 76.500000000000014
decision_type=2 2 2 2 2 2 2 2 2 2 2 2 2 2 2 2 2 2 2 2 2 2 2 2 2 2 2 2 2 2
left_child=9 8 4 10 15 -6 7 -7 11 -1 18 12 20 -8 -15 16 17 -3 24 -19 21 -2 -23 -12 -4 -20 27 -16 -29 -14
right_child=1 2 3 -5 5 6 13 -9 -10 -11 23 -13 29 14 26 -17 -18 19 25 -21 -22 22 -24 -25 -26 -27 -28 28 -30 -31
leaf_value=-0.04317552473703281 -0.051242530449946394 0.0043722132419398404 0.024170580869680044 -0.0047305228172951378 -0.052401485900925561 0.15133137249624265 -0.035401387036487236 -0.0015755556891227766 0.020280066374717839 0.010910272806220629 0.040673230594380605 0.020657337692168334 -0.00031158992569211603 0.063924189072895085 -0.048691592060039098 -0.041541821201676377 -0.017835823501539227 0.018321579550233873 0.06848018650375387 0.10511305861279652 -0.038281274060320218 0.35187522445390801 0.0146049654695211 -0.023374790882141432 -0.054570965415312048 -0.022758812336296078 -0.016937207335840816 0.56645487809699691 0.10842043797421605 0.0090190048606875409
leaf_weight=1364.0998264502268 61.426555769809056 3057.1408771481365 1689.0651151265192 8143.020866800216 1105.7140648700297 92.972416542383144 2169.7612289729295 271.23447971377755 3223.3218858671607 436.28341164573794 259.51313613911043 2464.220557520166 32734.551550545904 223.4839861090004 28.786640143458499 496.22136433146079 1740.4291655084526 206.40808752295561 715.64483480222407 224.05557997952565 971.94634853317984 19.570978888514219 31.080470982735278 706.17872830695705 126.8115795639751 99.110833990969695 3466.1720445873798 0.75180888373870303 34.990618113923119 10749.562835296558
leaf_count=1410171 94220 238083 175620 437475 1168090 11948 379959 61581 4320 11135 11019 2713 142214 2494 14780 268694 107208 835 16815 17582 950320 877 3010 45695 37861 650 161612 107 5898 1366686
internal_value=-0.000207799 0.000510043 -0.00536266 0.00309293 -0.0129278 -0.0214951 -0.0160231 0.0389784 0.00341505 -0.0300751 0.0207893 0.00225718 0.00123762 -0.0194347 -0.0101718 -0.00185267 0.00195054 0.011836 0.0306317 0.0641846 -0.0290441 0.0492749 0.164827 -0.00604213 0.0185369 0.0573103 -0.0149456 0.0855587 0.186389 0.00199577
internal_weight=76913.5 75113.1 24857.5 11739.3 13118.1 7393.87 6288.15 364.207 50255.7 1800.38 3596.32 47032.4 44568.1 5923.95 3754.19 5724.26 5228.03 3487.6 2630.63 430.464 1084.02 112.078 50.6514 965.692 1815.88 814.756 3530.7 64.5291 35.7424 43484.1
internal_count=7149672 5728366 3164006 725135 2438871 1806469 638379 73529 2564360 1421306 287660 2560040 2557327 564850 184891 632402 363708 256500 230946 18417 1048427 98107 3887 56714 213481 17465 182397 20785 6005 1508900
is_linear=0
shrinkage=0.055


Tree=94
num_leaves=31
num_cat=0
split_feature=53 41 51 7 22 6 16 50 51 2 15 25 10 40 13 16 45 26 13 53 8 40 45 10 11 16 47 13 45 45
split_gain=551.585 512.717 392.99 386.592 396.664 319.454 308.511 305.23 403.77 494.043 435.376 336.564 335.332 375.489 336.263 353.245 301.281 279.211 315.032 353.503 278.306 276.238 271.425 284.767 423.211 361.324 352.475 338.537 445.21 897.742
threshold=-100.86302185058592 1.0000000180025095e-35 355.50000000000006 2.6572058200836186 2.6020033359527592 -0.11336360871791838 2169981.0000000005 -4.3811669349670401 92.500000000000014 0.16025641560554507 8.6133213043212908 -8.6950330734252912 7.3814969062805185 2.3502402305603032 3.113268375396729 2303427.5000000005 0.741563379764557 2259.5000000000005 3.5114340782165532 -0.035749942064285271 4.49422311782837 2.9174053668975835 0.86162301898002636 8.5174932479858416 1.0000000180025095e-35 759.50000000000011 -119.1074752807617 3.7726949453353886 0.76442426443099987 0.76104518771171581
decision_type=2 2 2 2 2 2 2 2 2 2 2 2 2 2 2 2 2 2 2 2 2 2 2 2 2 2 2 2 2 2
left_child=1 -1 6 5 17 -2 -3 12 11 16 -11 21 -7 -14 15 -15 -10 -5 -19 -20 -8 -9 23 25 27 -16 -26 28 29 -25
right_child=3 2 -4 4 -6 7 20 8 9 10 -12 -13 13 14 22 -17 -18 18 19 -21 -22 -23 -24 24 26 -27 -28 -29 -30 -31
leaf_value=-0.044600977750663053 0.02366259364259082 -0.0049200447761597902 -0.053836668516533348 0.0077870188002889364 -0.018469531714835771 0.0020176080778136602 0.01895659587657194 -0.013198896696823701 0.31783525149992475 0.082166587428616586 0.38738987788749912 0.010050257088928351 -0.06137786701208555 -0.044650786990987727 0.13251274065592275 0.13908315656537415 0.0065366887117402645 -0.018046145101858622 -0.014590752861329555 0.0092847751818023478 0.13227243585353013 0.0070931476707848766 0.017458458574593487 -0.041324554818285557 0.30994035575665785 -0.024213251275745907 0.055624098655399384 -0.044713592476797209 0.0098468535789784355 0.6595435065405143
leaf_weight=1565.2447857836378 2210.2187129698286 282.9839685158513 202.75193022147869 6465.0837253996287 5323.9931861142977 16899.77191252893 129.71197995764669 4363.2887953092577 4.5751852212124495 300.50973371104919 10.385452111368066 15372.13634226966 438.28507200229797 945.7388168318721 40.374223127728328 27.979754210507963 547.13048954607802 4434.7694672749494 3015.2460651895963 4946.1105163925095 131.7336883986718 3785.6953991173068 1370.7740266183682 11.737201738491423 13.354770359204847 2582.879951631563 213.70365187333664 406.20821516038268 775.9365816420468 4.6121220470522521
leaf_count=2433411 52695 27902 241650 917354 688978 1165527 6080 10902 945 2754 35 28190 53221 81714 1463 1738 18280 440084 524479 44241 2156 7676 6012 10320 753 253483 12552 47275 66927 1784
internal_value=-0.00032718 -0.0267522 0.0106865 0.000494658 -0.00521946 0.00324098 0.034987 0.00230053 0.00662154 0.0434708 0.0983328 0.0052612 -0.00213972 -0.012418 -0.00901623 -0.0386876 0.0119496 -0.00147543 -0.00630737 0.00023879 0.0774634 -0.00377345 -0.00365452 -0.0108153 0.00895123 -0.0215536 0.0769379 -0.00419518 0.0167289 0.26455
internal_weight=76822.9 2312.43 747.182 74510.5 24185.2 50325.3 544.43 48115.1 24383.7 862.601 310.895 23521.1 23731.4 6831.58 6393.3 973.719 551.706 18861.2 12396.1 7961.36 261.446 8148.98 5419.58 4048.81 1425.55 2623.25 227.058 1198.49 792.286 16.3493
internal_count=7150581 2711199 277788 4439382 2615136 1824246 36138 1771551 68782 22014 2789 46768 1702769 537242 484021 83452 19225 1926158 1008804 568720 8236 18578 400569 394557 139611 254946 13305 126306 79031 12104
is_linear=0
shrinkage=0.055


Tree=95
num_leaves=31
num_cat=0
split_feature=41 51 57 25 15 6 47 15 13 25 16 48 41 49 15 56 40 14 46 24 35 53 6 10 10 28 48 25 2 2
split_gain=644.418 515.867 390.311 501.26 404.377 278.335 272.469 356.786 436.772 634.967 319.648 266.049 261.392 521.501 451.347 424.181 467.704 493.944 406.454 824.052 808.911 581.836 400.026 740.749 385.05 324.845 323.206 318.5 312.364 309.599
threshold=-1.0000000180025095e-35 101.50000000000001 7.5000000000000009 -10.879147052764891 5.7541573047637948 -8.8804230690002424 -9.6309018135070783 6.4990344047546396 3.8176519870758061 -6.9461865425109854 2097893.5000000005 67.500000000000014 1.0000000180025095e-35 4.3431277275085458 6.3465127944946298 -100.88745117187499 2.8029010295867924 6.367328643798829 -0.064974639564752565 -0.035635367035865777 2.1383330821990971 -0.039364784955978387 -0.018560681492090222 8.5161924362182635 6.6739296913146982 9584.0000000000018 724.50000000000011 -6.4721848964691153 0.13809524476528171 0.27922078967094427
decision_type=2 2 2 2 2 2 2 2 2 2 2 2 2 2 2 2 2 2 2 2 2 2 2 2 2 2 2 2 2 2
left_child=1 6 -2 4 -4 -5 7 8 11 -10 -11 -1 13 14 15 -7 29 22 19 -19 21 24 25 -24 -21 27 -14 -18 -27 -17
right_child=2 -3 3 5 -6 12 -8 -9 9 10 -12 -13 26 -15 -16 16 17 18 -20 20 -22 -23 23 -25 -26 28 -28 -29 -30 -31
leaf_value=-0.049547253489289712 0.018899364756271853 -0.048915483262114381 -0.046128976236899898 0.072117712699318132 -0.0081891413041172926 -0.03949578160421921 -0.013691540102843019 -0.0020739873357421214 -0.030262956509125111 -0.01272740733449843 0.83281743773733952 0.14379918111921713 0.0029460932984023431 0.0013387604371507724 -0.030385563333258248 -0.032114438701114849 -0.044806876059794186 0.0028121136978891412 -0.023821627756231256 -0.021397189368190392 0.0041787254819251156 0.14111749801630394 -0.035112995858033222 0.74144633371136537 0.62127117012910449 -0.034234795800210896 0.021479111001068554 0.1267793212465175 0.35906855940298132 0.089340359659563606
leaf_weight=29.662838572403416 3540.8090071710758 1425.0220746331324 963.46545259631239 165.038528375444 6969.2639544037229 473.52935416073888 848.22019318153616 152.34575884224614 5.4800537306000479 1.4590654246858301 2.7369401929317974 57.687492616474628 36027.855783287145 18546.749684811832 3327.7404820220254 477.75510061954265 49.42476321439608 170.31033217196818 258.20223003032152 2.8562412133032948 34.874312319851015 27.718883330817334 5.7895608803373744 3.595039304200327 17.278200169792399 7.0856221595022388 3085.9977194666571 81.234809810412116 19.169365432113409 68.220378154481295
leaf_count=9610 32739 2667496 524453 790 1592839 198754 65266 56725 2191 546 267 8214 338473 195415 1061506 100091 9751 34172 48541 936 3837 348 1708 233 1489 3575 187756 1031 464 582
internal_value=0.000163422 -0.0271471 0.00109213 0.000200077 -0.0128233 0.00184472 0.00120881 0.0511641 0.130761 0.411834 0.691741 0.0790139 0.00165397 -0.00292071 -0.0186283 0.00444798 0.0215468 0.0519126 0.0245615 0.073437 0.210384 0.34605 0.132825 0.416689 0.543983 0.103505 0.00441087 0.062614 0.264429 -0.0162655
internal_weight=76846.6 2522.61 74324 70783.2 7932.73 62850.4 1097.59 249.372 97.0264 9.67606 4.19601 87.3503 62685.4 23571.5 5024.78 1697.04 1223.51 677.539 511.24 253.038 82.7276 47.8533 166.299 9.3846 20.1344 156.915 39113.9 130.66 26.255 545.975
internal_count=7149798 2810315 4339483 4306744 2117292 2189452 142819 77553 20828 3004 813 17824 2188662 1662433 1467018 405512 206758 106085 89323 40782 6610 2773 16762 1941 2425 14821 526229 10782 4039 100673
is_linear=0
shrinkage=0.055


Tree=96
num_leaves=31
num_cat=0
split_feature=45 26 51 23 27 6 55 14 3 56 47 12 13 16 13 45 46 51 47 52 35 13 51 56 56 45 23 15 10 55
split_gain=449.298 496.91 475.657 386.489 619.762 385.337 516.945 383.428 337.765 389.254 382.634 329.183 305.075 425.28 302.998 335.107 302.892 321.084 285.682 342.103 399.801 333.407 317.916 410.535 410.788 274.707 272.919 348.927 271.282 268.189
threshold=0.79482653737068187 2650.5000000000005 261.50000000000006 6.5000000000000009 1193.2954101562502 -0.52366057038307179 0.83374023437500011 7.0557439327239999 0.86607143282890331 -100.92163085937499 -6.7314977645874015 1.0000000180025095e-35 3.6762205362319951 4139.5000000000009 3.8176519870758061 0.77485850453376781 5.7863478660583505 244.50000000000003 -1.0000000180025095e-35 0.80164024233818065 1.7005987167358401 3.4175922870635991 33.500000000000007 -100.86743164062499 -100.90551757812499 0.78163141012191784 2.5000000000000004 8.10937547683716 5.9927129745483407 0.86352539062500011
decision_type=2 2 2 2 2 2 2 2 2 2 2 2 2 2 2 2 2 2 2 2 2 2 2 2 2 2 2 2 2 2
left_child=2 3 7 4 18 6 -3 16 -4 -10 -11 -7 -8 28 25 -16 -1 -18 19 20 22 -22 -2 24 -24 -9 -17 -28 29 -14
right_child=1 5 8 -5 -6 11 12 14 9 10 -12 -13 13 -15 15 26 17 -19 -20 -21 21 -23 23 -25 -26 -27 27 -29 -30 -31
leaf_value=-0.036479571946741493 -0.00059066238100699228 -0.04127427832978784 -0.04672349435424486 0.040908252783824151 -0.047916385592480064 0.00024079345966931753 -0.019919667184703234 0.034027229514600049 0.43900688652505471 -0.051986825883664919 0.14278829004697849 -0.043982820863997033 0.32738630451674677 0.0049720434015498296 -0.061085504056510309 0.034289691461183054 0.0029599716965104557 0.32702514860666093 0.024755965434039205 0.003473881004770662 -0.049949184272163501 0.021741182808717299 -0.050689524568259772 0.025651042501688603 0.13221589838363462 -0.04576685236032102 0.078222722230076633 0.26615035532469861 0.059247626015778022 -0.045765241258957118
leaf_weight=1033.5919659005885 239.59948239190271 1695.137547915132 1536.966093890951 974.38347479744698 631.14924045593943 36387.838509530877 1756.8229308530572 335.64985599837382 2.2360440073825876 76.130211661453359 44.06058856821619 511.38430143843289 21.060949250881098 1497.7379008601711 45.251197122415761 122.61128770117648 985.0704199403699 4.3376319347880772 2489.8361103280913 24122.222205526894 255.413995775074 791.53085511887912 39.20692353657796 307.49105531998794 326.06696292839479 206.59787285409402 89.968797646113671 45.335568547860021 93.208354013040662 6.0623599857499348
leaf_count=307918 2020 542614 2427247 54725 633045 1181764 230944 51629 1806 68429 1322 29827 694 134535 12830 11256 23992 892 7942 779309 141315 251332 47234 114076 48951 30851 3948 1308 3542 696
internal_value=0.000482884 0.00153806 -0.0163135 0.00692047 0.00577961 -0.00233238 -0.0165419 -0.00273691 -0.0397032 0.0468053 0.0222666 -0.000377975 -0.00407673 0.0131332 0.0282673 0.0718172 -0.0157313 0.00601787 0.00697394 0.00527199 0.0273444 0.00409723 0.0538529 0.0731038 0.112164 0.00348508 0.0958532 0.148431 0.110462 0.249841
internal_weight=76674 72146.2 4527.81 30176.9 29202.5 41969.3 5070.03 2868.41 1659.39 122.427 120.191 36899.2 3374.89 1618.07 845.415 303.167 2023 989.408 28571.4 26081.5 1959.31 1046.94 912.364 672.765 365.274 542.248 257.916 135.304 120.332 27.1233
internal_count=7147993 4204565 2943428 2079949 2025224 2124616 913025 444624 2498804 71557 69751 1211591 370411 139467 111822 29342 332802 24884 1392179 1384237 604928 392647 212281 210261 96185 82480 16512 5256 4932 1390
is_linear=0
shrinkage=0.055


Tree=97
num_leaves=31
num_cat=0
split_feature=45 50 13 31 14 49 57 41 50 45 41 16 50 50 16 26 32 50 14 14 56 39 33 16 51 15 14 14 8 7
split_gain=427.564 878.742 394.62 392.371 360.106 337.974 336.623 360.119 322.33 310.85 293.601 283.629 278.213 256.837 284.183 461.454 387.593 398.704 303.138 344.64 275.373 373.375 313.44 325.245 298.147 421.481 321.991 620.668 419.154 290.983
threshold=0.79482653737068187 -9.4020805358886701 3.3842465877532963 0.89587974548339855 7.0871558189392099 -0.032211391255259507 7.5000000000000009 1.0000000180025095e-35 -8.0631599426269513 0.83561745285987865 1.0000000180025095e-35 2304092.5000000005 -113.92946243286131 -6.7188162803649893 1287650.0000000002 1155.0000000000002 3.9019217491149907 -7.1366455554962149 6.2547895908355722 6.0579535961151132 -100.89233398437499 1.0000000180025095e-35 6.909752845764161 2058731.5000000002 186.50000000000003 7.1143627166748056 6.6059741973876962 6.5065307617187509 2.6020033359527592 1.4181113839149477
decision_type=2 2 2 2 2 2 2 2 2 2 2 2 2 2 2 2 2 2 2 2 2 2 2 2 2 2 2 2 2 2
left_child=1 -1 3 12 10 -6 -4 -8 -5 13 -3 -11 -2 14 15 18 17 -17 19 -9 21 22 23 29 25 -22 27 28 -26 -16
right_child=2 4 6 8 5 -7 7 9 -10 11 -12 -13 -14 -15 20 16 -18 -19 -20 -21 24 -23 -24 -25 26 -27 -28 -29 -30 -31
leaf_value=-0.044987309708380586 -0.055004877195829235 -0.01665839831210816 0.024153942868663833 -0.025490400090006162 -0.057115576706846506 0.050592978098898976 -0.0031013455577156208 -0.046822971487957166 -0.0055211786248878349 0.0038421530571321155 0.051628351726858403 0.090199523153934133 0.0044895921761304051 0.007090282569156621 0.24342819986640987 -0.053788571404983047 0.31925257967590681 0.098167784047143866 0.036225112600255967 0.30723376413353398 -0.070495130327704214 0.11904663029531011 -0.061886541404802424 0.0040066545854753697 0.15218463991699788 0.059055517415461146 0.033148974166035045 0.2849726293370955 -0.019371888700576646 0.051217324949086394
leaf_weight=1849.7426507425844 238.57319198225741 1607.2826125393913 2414.9128293308022 3553.5932444944337 97.379640591767384 658.57785991192213 17726.527382312313 10.215691960707771 7827.4329564370273 25169.078283700801 211.07847743836464 110.58802448425558 9990.4381398942205 2667.6664629301522 28.297964377648896 423.33233048010152 4.5324429373722515 54.837180231348611 240.92543422337621 22.532393915753346 86.326252466998994 98.111637047579279 152.13626430829754 473.23466415479197 101.00757519475883 462.38485793262953 134.70297746069264 61.577962357987417 70.857011158077512 98.232112475612666
leaf_count=2604166 215467 259259 17166 756758 35871 42451 1621668 758 55758 747917 3571 902 557475 14405 1887 77287 490 928 9984 476 1947 9435 25014 46803 5160 4713 12972 1265 8188 9734
internal_value=0.000462968 -0.0161247 0.00148011 -0.00474098 0.00466117 0.0364342 0.00413657 0.0031312 -0.0117648 0.00675695 -0.00861172 0.00423769 0.0030758 0.0190098 0.0315726 0.00332697 -0.0289563 -0.0355265 0.0597657 0.205214 0.0436208 0.020888 0.00737803 0.0253141 0.0644685 0.0382214 0.102553 0.141066 0.0829065 0.101824
internal_weight=76646.1 4424.06 72222.1 21610 2574.32 755.958 50612 48197.1 11381 30470.6 1818.36 25279.7 10229 5190.91 2523.24 756.375 482.702 478.17 273.674 32.7481 1766.87 850.013 751.901 599.765 916.857 548.711 368.146 233.443 171.865 126.53
internal_count=7149875 2945318 4204557 1585458 341152 78322 2619099 2601933 812516 980265 262830 748819 772942 231446 217041 89923 78705 78215 11218 1234 127118 92873 83438 58424 34245 6660 27585 14613 13348 11621
is_linear=0
shrinkage=0.055


Tree=98
num_leaves=31
num_cat=0
split_feature=42 0 30 45 41 48 26 35 26 15 54 50 43 16 33 15 45 40 35 14 8 52 50 13 7 54 25 19 10 33
split_gain=565.442 393.562 368.488 492.412 449.058 496.117 384.859 586.389 349.069 358.033 331.099 305.226 292.636 288.638 288.031 331.239 390.732 348.531 430.237 290.119 289.933 287.562 307.514 271.233 261.149 260.444 260.206 245.451 328.459 476.595
threshold=-1.0000000180025095e-35 0.64583334326744091 0.92857143282890331 0.83702358603477489 1.0000000180025095e-35 344.50000000000006 641.00000000000011 2.2242581844329838 4076.5000000000005 7.483525514602662 126.50000000000001 -8.3377952575683576 1.0000000180025095e-35 2301874.5000000005 6.2156071662902841 6.9052519798278817 0.80785426497459423 3.0677825212478642 1.8317808508872988 5.7541573047637948 3.7494349479675297 0.80926474928855907 -113.92946243286131 1.8688348531723025 1.73383504152298 86.500000000000014 -10.141743183135985 1.5000000000000002 7.3142197132110605 7.1762402057647714
decision_type=2 2 2 2 2 2 2 2 2 2 2 2 2 2 2 2 2 2 2 2 2 2 2 2 2 2 2 2 2 2
left_child=25 2 4 -4 5 -2 7 11 21 27 14 -7 -3 -11 19 16 17 -16 -19 -8 -18 22 -6 -24 -17 -1 -5 28 29 -10
right_child=1 12 3 26 8 6 10 -9 9 13 -12 -13 -14 -15 15 24 20 18 -20 -21 -22 -23 23 -25 -26 -27 -28 -29 -30 -31
leaf_value=-0.0053311661182926491 -0.004807686451487843 0.0064865466087200797 0.058491983342351762 -0.040145014828489617 -0.053007104414639156 0.019406053212869027 0.015987588816015055 -0.05985788240760858 0.029771074299205523 -0.0005768312049766217 -0.045329909828654084 0.11888807497190045 0.056284303230846162 0.034741792225681023 0.03188658231193809 0.027450410660569177 -0.028468793998229342 0.38157953273141171 -0.03980017154585104 -0.061582358799849302 0.10567062313331618 0.0040899643651501772 0.21981752654570058 0.033417275470730722 -0.062975136811343979 -0.05028042633401502 0.012590081414104245 -0.016338924208460726 -0.05358430705234301 0.23871234982726203
leaf_weight=651.40455215005204 17142.665198062983 17870.591351208277 667.87519626665744 326.90862910222495 121.46560553746531 348.79976425273344 214.77932486825739 229.11935479062959 163.80049483675975 5450.1889452574542 2317.3026732536964 123.70250839198707 359.36346178982058 798.07007619887008 31.301132626947947 190.82821823179256 125.63475899488549 25.359988809359493 8.5022928439429943 438.2739352939243 73.097201419790508 17367.765774940548 19.238866580184549 1337.7709365452174 186.40704349969747 971.33705119590741 1919.1600559838116 6649.154084550275 84.291152868332574 36.983991676883306
leaf_count=30501 978937 364116 5196 50538 183755 178886 13053 160371 9216 139644 2551547 4586 4867 14054 2441 8144 13888 358 919 50764 4235 453720 917 210940 23927 1390703 3838 285558 8344 1460
internal_value=-0.000240098 0.000459326 -0.00181155 0.0172181 -0.00284984 -0.00900626 -0.0256688 0.0115382 0.00127506 -0.00558905 -0.0329031 0.0464229 0.00748336 0.00395848 -0.0105635 0.0155698 0.0622489 0.173949 0.284269 -0.0361431 0.0222526 0.00607654 0.0293205 0.0368572 -0.0174718 -0.0323086 0.00484252 -0.0141887 0.03538 0.0731225
internal_weight=76251.1 74628.4 56398.4 2913.94 53484.5 21455.8 4313.11 701.622 32028.7 13182.5 3611.49 472.502 18230 6248.26 1294.18 641.131 263.895 65.1634 33.8623 653.053 198.732 18846.2 1478.48 1357.01 377.235 1622.74 2246.07 6934.23 285.076 200.784
internal_count=7149423 5728219 5359236 59572 5299664 3992056 3013119 343843 1307608 458276 2669276 183472 368983 153698 117729 53912 21841 3718 1277 63817 18123 849332 395612 211857 32071 1421204 54376 304578 19020 10676
is_linear=0
shrinkage=0.055


Tree=99
num_leaves=31
num_cat=0
split_feature=42 9 54 40 25 44 6 28 19 43 57 50 8 14 36 48 13 8 46 50 40 46 7 50 48 7 24 25 0 48
split_gain=480.368 307.973 298.046 289.696 286.092 287.066 310.28 294.435 273.967 249.896 246.885 337.576 257.264 315.492 303.549 278.285 328.212 468.074 433.206 516.391 383.152 417.596 296.67 400.604 924.428 415.093 331.893 293.874 417.043 344.927
threshold=-1.0000000180025095e-35 4.9254989624023446 86.500000000000014 2.9174053668975835 -16.179971694946286 1.5000000000000002 -7.1844375133514395 49.500000000000007 1.5000000000000002 -1.0000000180025095e-35 56.500000000000007 -114.61469268798827 2.5249279737472539 6.4369511604309091 1.0000000180025095e-35 59.500000000000007 3.5694335699081425 2.1383330821990971 6.9457826614379892 -8.562098026275633 2.8029010295867924 7.6884434223175058 5.8649914264678964 -16.857562065124508 295.50000000000006 0.8847118914127351 -13.176469802856444 -7.7055184841155997 1.0000000180025095e-35 360.50000000000006
decision_type=2 2 2 2 2 2 2 2 2 2 2 2 2 2 2 2 2 2 2 2 2 2 2 2 2 2 2 2 2 2
left_child=2 4 3 -1 8 6 -6 -8 -2 -7 -3 -12 13 14 15 -13 17 -17 22 20 -20 -22 23 24 25 -18 -26 28 29 -19
right_child=1 10 -4 -5 5 9 7 -9 -10 -11 11 12 -14 -15 -16 16 18 27 19 -21 21 -23 -24 -25 26 -27 -28 -29 -30 -31
leaf_value=0.028487355344607553 0.051490008809187096 0.011338673320267473 -0.049824530174756479 -0.043065965335828751 0.037115741409749596 -0.070334560153643685 -0.034528276443495709 -0.006480513837882537 -0.056562204101139567 0.0070734068548556619 -0.04258491636623473 0.0016166311836147077 0.0048438789841233768 -0.011451512199677322 -0.03273287057668154 -0.017607038860834558 0.64166984066733523 0.25784206937062493 0.16870158499599483 0.015517796055175085 0.69637011114858327 -0.020804540940158857 -0.055956686486829152 0.036596473153475924 0.30266796143533758 0.13915100204123729 -0.050856938081251857 -0.059170165665401349 -0.023286879653409059 0.057325636815851178
leaf_weight=395.77427859941963 78.278473370301072 9304.2461609686434 924.63735635319608 293.76710044642095 456.74154070668737 123.43117732304381 1221.0100249478419 14870.983451391105 512.25735769388848 7209.9126814189076 515.90650810170337 2410.42088470608 28133.939278407401 7663.9690031576902 500.37651050105342 540.47766732232412 9.5597789823368675 57.401912498491583 38.728646585834213 36.920106024306733 6.3222799627692421 2.7749661570123862 73.497081761306617 351.69182698935037 4.9288426915591108 13.06097391474759 37.394605384819442 33.32599574275082 46.204698799323523 50.644038909609662
leaf_count=13920 46163 163438 1390476 16550 72661 11321 240026 1177255 465868 139512 609919 17203 1654348 701277 74967 169616 1506 4980 1359 599 142 274 40406 56867 183 4454 31667 10887 10937 20235
internal_value=0.000134494 0.000780247 -0.0295016 -0.00208727 -0.00427192 -0.00333223 -0.00734566 -0.00861875 -0.0419273 0.00572348 0.00326157 0.00140607 0.00197854 -0.00480759 0.00727568 0.0127036 0.0331299 0.00847859 0.0640072 0.175499 0.285842 0.547819 0.0431522 0.0610918 0.181643 0.429234 0.0179421 0.0821466 0.113577 0.170547
internal_weight=75918.6 74304.4 1614.18 689.541 24472.6 23882.1 16548.7 16092 590.536 7333.34 49831.8 40527.5 40011.6 11877.7 4213.73 3713.35 1302.93 728.054 574.879 84.746 47.8259 9.09725 490.133 416.636 64.9442 22.6208 42.3234 187.577 154.251 108.046
internal_count=7149016 5728070 1420946 30470 2152806 1640775 1489942 1417281 512031 150833 3575264 3411826 2801907 1147559 446282 371315 354112 216655 137457 2374 1775 416 135083 94677 37810 5960 31850 47039 36152 25215
is_linear=0
shrinkage=0.055


Tree=100
num_leaves=31
num_cat=0
split_feature=45 25 0 36 33 42 49 16 42 54 43 50 8 8 8 52 7 53 35 42 7 9 6 7 14 53 48 49 51 10
split_gain=450.189 363.347 397.923 328.468 328.404 314.981 329.577 296.969 379.966 381.406 306.493 320.103 423.491 526.489 382.507 297.38 278.547 271.883 387.687 330.128 267.129 316.839 351.074 275.7 264.774 261.085 258.831 369.679 577.753 411.432
threshold=0.77310436964035045 -13.722517490386961 0.46428571641445165 1.0000000180025095e-35 7.0950558185577401 -1.0000000180025095e-35 6.2722833156585702 2169981.0000000005 1.0000000180025095e-35 975.50000000000011 -1.0000000180025095e-35 -16.293237686157223 3.7726949453353886 0.89587974548339855 3.7954261302948002 0.75093373656272899 2.5825104713439946 -100.82595825195311 2.3502402305603032 1.0000000180025095e-35 12.151627063751222 4.9828321933746347 -3.875985741615295 3.1964696645736699 6.367328643798829 -0.11913967132568358 67.500000000000014 4.8458251953125009 453.50000000000006 6.2176032066345224
decision_type=2 2 2 2 2 2 2 2 2 2 2 2 2 2 2 2 2 2 2 2 2 2 2 2 2 2 2 2 2 2
left_child=-1 2 -2 4 -4 6 -3 8 9 15 -10 12 13 -12 -14 -7 26 18 19 -9 23 25 -23 -18 -8 -22 -17 -28 -29 -30
right_child=1 5 3 -5 -6 7 24 17 10 -11 11 -13 14 -15 -16 16 20 -19 -20 -21 21 22 -24 -25 -26 -27 27 28 29 -31
leaf_value=-0.03167605777268051 -0.041445970091657562 -0.04870514926994627 -0.029032479356319758 0.040815336806349772 0.024048180910169151 0.26702538416797733 0.047084263476077706 -0.0068314479863995775 -0.046696877262950694 -0.032307886545308723 0.093476903692755867 0.0046606114703186784 0.39509685801302974 -0.036610185812734446 0.069362762489916713 -0.0036678876243529967 -0.012528331074071739 0.005471917741946746 0.085554001704726101 0.1981189581477136 0.23576745813359215 0.05329959197443912 0.00064617822932453751 -0.042872949348493339 -0.0253209316814582 -0.020892860831691458 -0.0016595439135717216 0.02303372647385989 0.31521335198810319 0.035104315390813538
leaf_weight=1386.6084765730484 1303.2483203989686 780.07229137673858 1202.9034530728823 413.7152443746163 493.57440598829999 7.2916024278092655 257.30346976441797 406.03608467878075 330.35514473338844 1450.58792883766 128.52253910293803 16083.921218240517 6.5158154723176258 313.86368812195724 400.89149439852918 15350.403693760047 3142.5218933822471 20710.709968496929 310.75390247654286 20.23740437271772 7.0981769127829457 476.52275131977513 1874.0190755601798 1271.5240994368505 361.02142840024317 1790.0390933449671 3047.3658752179472 2036.7760429989139 30.738893809408182 31.05848872489878
leaf_count=1474964 1207529 992640 528881 103856 132000 228 13354 223513 16851 862760 6762 83413 201 25021 13711 64907 90511 536875 106328 198 202 9126 48636 99252 24610 55127 382963 39598 1428 4081
internal_value=-0.000683462 -0.000100935 -0.0176134 -0.00283124 -0.0135639 0.000746647 -0.0250497 0.0012695 -0.00114407 -0.00483291 0.00537582 0.00640518 0.0392039 0.00180518 0.0792993 -0.00345637 -0.00357017 0.00664534 0.0393598 0.00508271 -0.0118988 -0.00187156 0.011411 -0.0213081 0.00494503 -0.0192278 -8.90934e-05 0.0105797 0.0283142 0.1876
internal_weight=75426.2 74039.6 3413.44 2110.19 1696.48 70626.2 1398.4 69227.8 47780 30515.9 17264.1 16933.7 849.794 442.386 407.407 29065.4 29058.1 21447.7 737.027 426.273 8561.73 4147.68 2350.54 4414.05 618.325 1797.14 20496.3 5145.94 2098.57 61.7974
internal_count=7149526 5674562 1972266 764737 660881 3702296 1030604 2671692 1804778 1658819 145959 129108 45695 31783 13912 796059 795831 866914 330039 223711 302854 113091 57762 189763 37964 55329 492977 428070 45107 5509
is_linear=0
shrinkage=0.055


Tree=101
num_leaves=31
num_cat=0
split_feature=42 25 0 26 53 41 53 43 46 53 15 54 6 28 27 25 55 25 13 54 33 10 37 27 7 8 45 1 48 51
split_gain=406.458 376.215 350.855 344.818 342.855 339.481 397.457 335.89 296.318 275.518 387.64 295.33 261.333 496.394 410.441 378.585 308.661 384.961 458.82 291.219 279.21 294.311 291.037 253.198 244.992 241.541 289.08 275.484 511.586 353.598
threshold=-1.0000000180025095e-35 -14.440463066101072 0.84523808956146251 204.00000000000003 -0.033686310052871697 -1.0000000180025095e-35 -0.037638455629348748 -1.0000000180025095e-35 4.3472628593444833 -0.035749942064285271 6.138805866241456 455.50000000000006 -7.1844375133514395 10.500000000000002 161.77120208740237 -11.234835624694822 0.87719726562500011 -13.52442407608032 3.7954261302948002 788.50000000000011 7.9736719131469735 11.918896675109865 1.0000000180025095e-35 1639.052185058594 2.9320592880249028 5.7349567413330087 0.77396744489669811 0.53571429848670971 243.50000000000003 33.500000000000007
decision_type=2 2 2 2 2 2 2 2 2 2 2 2 2 2 2 2 2 2 2 2 2 2 2 2 2 2 2 2 2 2
left_child=4 2 -2 -3 -1 6 -5 -7 23 10 -8 -11 19 20 15 24 17 18 -16 -9 21 -14 -22 -4 -15 26 -17 -28 29 -29
right_child=1 3 8 5 -6 7 9 12 -10 11 -12 -13 13 14 16 25 -18 -19 -20 -21 22 -23 -24 -25 -26 -27 27 28 -30 -31
leaf_value=-0.047365854768859447 -0.030286004200617198 0.016989636130660995 0.039875628312270484 -0.051632031566483924 0.0067869290335929528 -0.058788999557893636 0.24376226519035654 0.013270106485376925 -0.058090661982947524 -0.0095555028392517831 -0.048565096141204682 0.28574330087604138 -0.043884193819111551 0.027171688955959509 -0.041989001095307649 -0.029026614198178927 -0.027806735676871416 0.036947248332399582 0.35657246399760301 0.10920044680851908 -0.028119997322850112 0.22832530137847151 0.095798389799188963 -0.054108818342914221 -0.026919568296169455 0.015457673915356651 0.0032787608090475836 -0.0043974945342843573 0.066894375526350497 -0.033478973698220962
leaf_weight=977.31896186954691 2131.5899390895938 4104.434622066532 600.7237858051667 792.8359368267993 550.86564756609732 276.66834029380698 28.245584512013011 310.23647059171344 147.38169660081621 525.47130940033821 20.955667083500884 5.4475817655329584 1200.2940844706609 284.20300066575874 12.097598008665956 940.91296581932693 219.42443846346578 1123.6587139541807 19.470312852674397 134.54851803253405 130.83581993632833 7.253062700649024 94.796875531261321 96.73768286826089 2081.7500658385979 3790.7162831248716 46777.016530746332 6488.4523565145209 265.05363898206269 1566.590819370409
leaf_count=1408149 1615748 91320 92849 1443053 12659 17525 1790 20182 6123 25269 3996 751 188525 8105 3186 696793 3120 33417 1237 7375 18364 1044 5654 46495 135978 83111 1137517 11666 10755 17636
internal_value=0.000143623 0.000722938 -0.018418 0.00152432 -0.0278869 0.000577089 -0.0264406 0.00114345 0.0115277 0.00813489 0.126261 -0.00388789 0.00140128 0.0011121 0.00183486 0.00117656 0.0315064 0.0428437 0.218977 0.0431806 -0.0308411 -0.0413144 0.024891 0.0265477 -0.0203784 0.0020306 0.00112102 0.00163845 -0.0075801 -0.0100707
internal_weight=75706 74177.8 2976.43 71201.4 1528.18 67096.9 1372.96 65724 844.843 580.12 49.2013 530.919 65447.3 65002.5 63569.3 62194.7 1374.65 1155.23 31.5679 444.785 1433.18 1207.55 225.633 697.461 2365.95 59828.7 56038 55097.1 8320.1 8055.04
internal_count=7149392 5728584 1761215 3967369 1420808 3876049 1474859 2401190 145467 31806 5786 26020 2383665 2356108 2142521 2101561 40960 37840 4423 27557 213587 189569 24018 139344 144083 1957478 1874367 1177574 40057 29302
is_linear=0
shrinkage=0.055


Tree=102
num_leaves=31
num_cat=0
split_feature=42 26 50 19 56 31 50 25 53 8 16 29 50 47 45 47 15 35 45 28 27 13 9 25 45 51 28 40 52 45
split_gain=454.383 306.026 322.984 254.194 255.37 381.463 251.779 228.455 222.497 220.14 346.506 415.058 307.551 389.723 482.986 424.453 422.417 294.994 271.433 255.96 846.809 254.995 339.901 302.443 264.056 303.523 312.37 249.899 244.307 237.795
threshold=-1.0000000180025095e-35 24.500000000000004 -110.66150283813475 6.5000000000000009 -0.014404296874999998 2.6735538244247441 -1.0000000180025095e-35 -8.9880409240722638 -0.02392366528511047 2.5249279737472539 2301564.5000000005 0.18333333730697635 -16.857562065124508 -14.378097057342528 0.82506504654884349 -14.012220382690428 6.2136070728302011 1.2424533367156985 0.78163141012191784 16.500000000000004 430.35476684570318 3.113268375396729 4.9743888378143319 -9.9694399833679181 0.84979656338691723 432.50000000000006 22.500000000000004 2.9700856208801274 0.78066989779472362 0.79919466376304638
decision_type=2 2 2 2 2 2 2 2 2 2 2 2 2 2 2 2 2 2 2 2 2 2 2 2 2 2 2 2 2 2
left_child=-1 -2 3 4 -3 -6 9 -8 -5 10 29 12 13 14 -12 -15 -16 18 28 -18 -21 22 -11 24 -24 -26 -27 -23 -13 -4
right_child=1 2 6 8 5 -7 7 -9 -10 21 11 17 -14 15 16 -17 19 -19 -20 20 -22 27 23 -25 25 26 -28 -29 -30 -31
leaf_value=-0.029548692989512161 0.031172506238977649 -0.034352803133189017 -0.035050912356703809 -0.028739191275666542 -0.0062686517482811862 0.18097348697649918 -0.0061237738808355884 0.023026644247390073 0.4089981904170365 -0.021572675061710355 -0.052415335512817053 -0.031567632007017024 0.016023356050237102 0.52209424354160516 -0.051063893649038079 -0.030045840158468701 0.029788449868177736 -0.036419403517439261 0.0076327330556796033 0.14889411805273475 0.75357489235457265 0.00045460090373795995 -0.07185172559518091 0.014580203112845727 -0.021901546264952141 -0.050835507419063383 0.13047692800275784 0.009015175336757511 0.49960906285332501 -0.0066902850456974682
leaf_weight=1477.6863439255103 1011.4427397352702 1356.4154553845146 952.21501082048053 5.3499321331910323 158.71905728301499 36.422887723019812 1133.8896745154634 2855.2060889154382 2.6910168690374103 2914.8951785765967 72.187501949869329 3.4812430342135476 2669.7926994800946 6.8494109676685184 31.453832285187673 5.7336834826564864 30.475021644466324 822.55190966141527 715.83562992638326 71.186117348668631 3.4965411058801683 24751.748941911748 236.50947160675423 2376.6878857008705 574.88600778180989 39.535491405753419 82.398634985729586 17681.778409271486 1.4425475017342249 13712.982917100948
leaf_count=1421040 112176 1480850 653973 4470 43109 4583 1842 9355 56 191186 92537 2220 179795 511 11756 7939 10185 40797 24842 1944 439 1306798 47827 96685 9695 21807 1568 783126 24 585499
internal_value=0.00059947 0.00120086 0.000785232 -0.0239359 -0.0258894 0.0323278 0.00132424 0.0147434 0.218402 0.000533185 -0.00446987 0.00899498 0.021276 0.0828684 0.0603179 0.333503 0.119635 -0.0140062 0.0116471 0.170693 0.222714 0.00249727 -0.00789388 0.00416642 -0.0222883 -0.00507378 0.0720021 0.00402238 0.297368 -0.00854307
internal_weight=75795.9 74318.3 73306.8 1559.6 1551.56 195.142 71747.2 3989.1 8.04095 67758.1 19099.7 4434.49 2891.17 221.382 208.799 12.5831 136.612 1543.31 720.759 105.158 74.6827 48658.4 6224.91 3310.02 933.33 696.82 121.934 42433.5 4.92379 14665.2
internal_count=7148634 5727594 5615418 1533068 1528542 47692 4082350 11197 4526 4071153 1612461 372989 305106 125311 116861 8450 24324 67883 27086 12568 2383 2458692 368768 177582 80897 33070 23375 2089924 2244 1239472
is_linear=0
shrinkage=0.055


Tree=103
num_leaves=31
num_cat=0
split_feature=41 51 0 28 1 30 23 28 27 45 53 50 48 50 19 47 24 52 26 27 7 31 14 52 15 16 44 20 16 46
split_gain=388.769 525.121 315.693 404.538 369.737 370.938 348.056 316.142 422.752 273.352 272.357 310.206 266.88 255.23 264.527 253.054 270.821 506.211 377.348 251.114 306.187 750.309 244.027 341.479 289.957 236.973 299.657 563.606 495.566 267.726
threshold=-1.0000000180025095e-35 110.50000000000001 0.64583334326744091 10.500000000000002 0.61250001192092907 0.92857143282890331 6.5000000000000009 1.0000000180025095e-35 224.37039947509768 0.83291497826576244 -0.055661678314208977 -9.4020805358886701 67.500000000000014 -18.165961265563961 1.5000000000000002 -9.6309018135070783 -0.022009613923728463 0.83758556842803966 190.50000000000003 667.02706909179699 6.6666874885559091 2.6020033359527592 6.6431381702423105 0.83060505986213695 8.6133213043212908 2169981.0000000005 1.0000000180025095e-35 1.0000000180025095e-35 1287632.0000000002 9.0574235916137713
decision_type=2 2 2 2 2 2 2 2 2 2 2 2 2 2 2 2 2 2 2 2 2 2 2 2 2 2 2 2 2 2
left_child=1 15 3 6 5 19 7 8 -2 -7 11 -4 -13 -10 -15 16 18 -18 -1 25 21 -21 -6 24 -24 26 27 28 -5 -30
right_child=2 -3 10 4 22 9 -8 -9 13 -11 -12 12 -14 14 -16 -17 17 -19 -20 20 -22 -23 23 -25 -26 -27 -28 -29 29 -31
leaf_value=0.10417832317060273 0.048777319051179512 -0.049518772673601025 0.0046558016728849563 0.0034791411496556813 -0.029706529041771391 0.065915382894151733 0.057194557432103291 -0.035201716219394927 -0.043090480694097356 0.014214889147221677 0.00501444636780537 0.035324705319341836 0.11541040812049787 0.3055147157485652 0.013760189760515875 -0.011082117319857645 -0.043471510755450138 0.33176425183679631 -0.03464941003164252 -0.039722394351486917 0.031185513545491015 0.56931735021888452 0.028089916677917267 -0.013005442506872149 0.22743585531016303 0.0056485926677153154 0.00080634714901661275 -0.068180838373098698 -0.032307330333657652 -0.0021800360787870461
leaf_weight=99.561832372739445 364.65422692985157 1107.0846877266886 630.205324962124 5128.7561724868428 1965.6787530490838 392.01049299366423 165.75891622263589 2254.6866258842929 538.59693290173891 1421.4778971161577 16668.057975266944 425.4845316633 178.4478431980242 4.8734319280483751 211.52175025842735 815.12717800971586 17.034344998945016 20.755595967668341 132.50644073361764 12.469463854795324 374.11352464929223 5.9820374766422892 447.67262881231727 2351.0241692556592 18.405316417774884 14279.346004320745 20524.410177548853 488.92035317909904 2682.4360469495005 1336.9013900005375
leaf_count=6063 24758 2652532 236604 538897 26296 1120 32411 742701 795990 4765 118021 1751 4023 398 17009 70354 13336 503 68600 5906 27138 661 10558 14105 219 721848 468688 75682 463184 5043
internal_value=-0.000164071 -0.0229589 0.000523152 -0.00154283 -0.00030409 0.00118974 -0.0195131 -0.0233603 0.000535945 0.0255412 0.00686551 0.0317446 0.0597415 -0.0229318 0.0270822 0.00424477 0.0499002 0.177306 0.0258515 0.000202 0.0437191 0.237014 -0.0148596 -0.0044656 0.0382925 -0.000187281 -0.00295064 -0.0109483 -0.00785398 -0.0223016
internal_weight=75064 2192.07 72871.9 54969.7 51429.6 46646.8 3540.09 3374.33 1119.65 1813.49 17902.2 1234.14 603.932 754.992 216.395 1084.99 269.858 37.7899 232.068 44833.3 392.565 18.4515 4782.78 2817.1 466.078 44440.8 30161.4 9637.01 9148.09 4019.34
internal_count=7149164 2811388 4337776 3977377 2364110 2312932 1613267 1580856 838155 5885 360399 242378 5774 813397 17407 158856 88502 13839 74663 2307047 33705 6567 51178 24882 10777 2273342 1551494 1082806 1007124 468227
is_linear=0
shrinkage=0.055


Tree=104
num_leaves=31
num_cat=0
split_feature=42 13 25 41 56 16 48 16 45 14 29 9 7 0 8 24 15 15 53 46 45 47 23 46 9 46 37 48 48 26
split_gain=406.911 280.485 405.251 322.059 579.062 321.966 367.345 467.054 527.822 431.006 380.544 347.683 310.765 362.959 316.319 335.677 305.512 292.123 285.89 304.944 384.663 599.134 840.025 783.539 387.368 338.163 353.49 305.288 278.842 274.596
threshold=-1.0000000180025095e-35 3.4811217784881596 -9.9694399833679181 1.0000000180025095e-35 -100.88500976562499 1178216.0000000002 85.500000000000014 1289817.5000000002 0.84701162576675426 6.9730746746063241 0.23611111193895343 4.9467060565948495 1.762742340564728 0.64583334326744091 4.0163424015045175 -0.014404041692614554 6.5272264480590829 6.6366024017333993 -0.055661678314208977 4.3472628593444833 0.80488342046737682 -108.32809448242186 1.0000000180025095e-35 0.79144093394279491 4.9997084140777597 6.3318212032318124 1.0000000180025095e-35 17.500000000000004 168.50000000000003 64.500000000000014
decision_type=2 2 2 2 2 2 2 2 2 2 2 2 2 2 2 2 2 2 2 2 2 2 2 2 2 2 2 2 2 2
left_child=-1 2 -2 4 -3 -5 -7 9 12 11 -11 -8 -9 14 15 -14 -13 -6 19 20 -19 -22 23 24 -23 26 27 -21 -29 -10
right_child=1 3 -4 5 17 6 7 8 29 10 -12 16 13 -15 -16 -17 -18 18 -20 25 21 22 -24 -25 -26 -27 -28 28 -30 -31
leaf_value=-0.028568185191342084 -0.01298756659758221 -0.019772670570831066 0.0012585701802507124 -0.00041570643041353734 0.016902461650380243 0.0070990325018289394 -0.0010370547569110485 0.063283990283979796 0.054473269001148614 0.086541645102343329 -0.0342530135214981 0.07601624767132488 -0.035164397764043863 0.1204779820196101 0.038490527194395906 0.15311494031914372 0.23467462554430132 -0.043450365761055508 -0.0052703128770487089 -0.069899750514907127 -0.031516910655989785 -0.015408588456647047 0.048558569834083118 0.093237947972828972 0.7873795476829194 0.018952275431401436 -0.059389623829712891 0.15368178084418058 -0.046354583483846391 -0.0079884078569813048
leaf_weight=1436.6099379041116 9081.1776624154299 4295.529411303185 18016.114767245133 10386.271432858863 3550.4838273769128 13025.727511679899 44.964557592698839 884.88395653309999 236.15077567994012 169.61763556857477 140.08170337040792 69.581358181370888 443.60079729490099 92.731191185011994 524.96861398586771 25.68524963199161 93.0437392948661 422.16531860751275 9128.0560089993523 21.749117669882253 214.46499204434804 1.9183848325337765 161.82620173232863 18.328776529611787 7.0610368092602585 800.05394493151107 38.523462834084057 195.64550037923618 21.304352824721718 1812.9603352958511
leaf_count=1421506 1411626 1415644 1050232 297031 286388 40915 5919 26787 26500 8186 19394 2868 68749 2723 35433 188 3723 358830 152528 304 206219 1323 38657 2040 1101 12962 5746 5372 10160 231240
internal_value=0.000371605 0.000935899 -0.00351729 0.00351289 -0.00203699 0.00726088 0.0117992 0.0252668 0.0188838 0.0742274 0.0322283 0.134654 0.039159 0.0193197 0.00932932 -0.0233539 0.171083 0.00319268 -0.00122563 0.0181379 -0.0069952 0.031202 0.101301 0.357963 0.671702 0.0373465 0.0891553 0.113856 0.133437 -0.000674909
internal_weight=75361.3 73924.7 27097.3 46827.4 18877.1 27950.3 17564 4538.27 4020.98 517.289 309.699 207.59 1971.87 1086.99 994.255 469.286 162.625 14581.6 11031.1 1903.04 825.765 403.599 189.134 27.3082 8.97942 1077.28 277.222 238.699 216.95 2049.11
internal_count=7150294 5728788 2461858 3266930 2497274 769656 472625 431710 391620 40090 27580 12510 133880 107093 104370 68937 6591 1081630 795242 642714 608170 249340 43121 4464 2424 34544 21582 15836 15532 257740
is_linear=0
shrinkage=0.055


Tree=105
num_leaves=31
num_cat=0
split_feature=13 12 45 50 26 31 56 50 7 56 8 29 48 31 48 0 10 54 8 57 24 27 14 54 7 24 56 1 7 50
split_gain=354.824 348.152 297.494 532.861 308.542 305.645 259.074 257.405 495.108 382.77 248.701 246.289 278.145 250.852 295.187 270.153 335.326 315.119 274.57 244.55 237.505 234.556 280.805 268.176 234.441 232.259 308.859 244.447 231.212 450.769
threshold=2.9700856208801274 1.0000000180025095e-35 0.79919466376304638 -9.9689645767211896 912.00000000000011 1.8688348531723025 -100.87915039062499 -8.562098026275633 2.1021616458892827 -100.87915039062499 2.2499048709869389 0.18333333730697635 17.500000000000004 2.8617925643920903 982.50000000000011 0.41428571939468389 7.0904934406280526 868.50000000000011 4.2972624301910409 62.500000000000007 -3.6485718488693233 572.20037841796886 8.4295630455017108 1651.5000000000002 5.127209186553956 -0.016201525926589962 -100.87524414062499 0.46428571641445165 1.73383504152298 -12.825551509857176
decision_type=2 2 2 2 2 2 2 2 2 2 2 2 2 2 2 2 2 2 2 2 2 2 2 2 2 2 2 2 2 2
left_child=-1 2 3 25 21 6 -5 8 -7 -10 -9 -6 20 15 19 18 28 -18 -14 -15 -13 23 -23 -4 -19 -2 -27 -28 29 -17
right_child=1 -3 4 5 11 7 -8 10 9 -11 -12 12 13 14 -16 16 17 24 -20 -21 -22 22 -24 -25 -26 26 27 -29 -30 -31
leaf_value=-0.010632643741238696 -0.043922345029260457 -0.027930627159176664 0.011399057629010235 -0.034436615512761365 0.0055765904018121454 -0.0063472989150616735 0.0059138189965898163 -0.071950728971208286 0.29040565166138504 -0.041346067248676129 0.033394151935785606 -0.049850722019570755 -0.026790653407551216 -0.10377042057742283 0.064799806124781062 0.13319826918183203 0.0061979842044373222 -0.054179888533840828 -0.0031557872713856659 0.006748476988407426 0.0042526023184385441 -0.026628472016937021 0.13573362725070062 0.061653523172472607 0.11374097407400831 -0.050110954857177863 0.080819872548484301 0.4479903197140625 -0.024131149849752558 -0.0033459756358273662
leaf_weight=8439.9355730103853 1416.0443746772507 1202.5566621328326 10575.422774360268 730.6541379224218 20519.931268753251 57.026003149905591 1389.0433260688733 74.087323729603668 42.520658690991695 12.046724195563 477.4209310021397 244.91718221278279 4093.6851718166581 58.028744194598403 263.07401041404228 73.510373025506851 3127.245569956649 27.602715971326688 2335.6386486215342 1545.865887462307 13760.990353131667 696.22019117011223 28.851643515110482 326.62419017528009 132.88052495852753 48.359049764112569 42.240527745889267 2.0859017657348877 2359.5524162871297 1065.5007348550571
leaf_count=1057111 2243827 164229 245141 239869 1338576 23183 88064 13876 9194 3672 30072 3183 395552 914 39717 2290 105016 11882 137415 44107 25017 492904 10176 81221 26049 104334 17527 282 183207 13039
internal_value=-1.08846e-05 0.00133325 0.00187239 -0.0121179 0.00285377 0.00216374 -0.00804318 0.0346076 0.108941 0.219843 0.0187233 0.000963278 -0.0022915 -0.00747305 0.0113766 -0.0101392 -0.0024817 0.0101223 -0.0182137 0.00243985 0.00328906 0.0109159 -0.0192825 0.0129322 0.0840946 -0.0383801 0.0442084 0.141757 -0.0143236 0.00601006
internal_weight=75169.6 66729.6 65527.1 4291.53 61235.5 2782.8 2119.7 663.102 111.593 54.5674 551.508 49608.4 29088.5 15082.6 1866.97 13215.6 6786.29 3287.73 6429.32 1603.89 14005.9 11627.1 725.072 10902 160.483 1508.73 92.6855 44.3264 3498.56 1139.01
internal_count=7150646 6093535 5929306 2773900 3155406 407930 327933 79997 36049 12866 43948 2325964 987388 959188 84738 874450 341483 142947 532967 45021 28200 829442 503080 326362 37931 2365970 122143 17809 198536 15329
is_linear=0
shrinkage=0.055


Tree=106
num_leaves=31
num_cat=0
split_feature=1 41 53 46 26 38 14 6 25 7 19 8 43 31 28 52 52 50 16 40 40 25 56 22 25 48 14 53 22 10
split_gain=293.466 392.448 528.37 317.942 320.055 267.863 265.456 263.094 293.79 267.568 351.078 367.859 254.775 260.614 472.942 294.17 246.694 242.613 240.219 236.172 227.674 224.786 220.086 319.823 236.854 272.778 228.357 243.951 229.647 215.362
threshold=0.53571429848670971 1.0000000180025095e-35 -100.86584472656249 11.787520408630373 601.00000000000011 1.0000000180025095e-35 8.2616553306579608 -6.1693463325500479 -16.911339759826657 2.7351288795471196 4.5000000000000009 3.0201274156570439 -1.0000000180025095e-35 1.8688348531723025 56.500000000000007 0.80264297127723705 0.80819568037986766 -12.502453804016112 731.50000000000011 3.4175922870635991 1.7005987167358401 -17.802628517150875 -0.025634765624999997 1.8688347935676577 -14.730781555175779 850.50000000000011 6.1081352233886728 -0.043940216302871697 0.89587974548339855 6.112574815750123
decision_type=2 2 2 2 2 2 2 2 2 2 2 2 2 2 2 2 2 2 2 2 2 2 2 2 2 2 2 2 2 2
left_child=1 2 -1 4 -4 -6 29 8 -7 10 -9 17 -3 15 18 22 -5 -12 -15 20 -11 -8 24 -24 -14 26 28 -28 -26 -2
right_child=6 12 3 16 5 7 21 9 -10 19 11 -13 13 14 -16 -17 -18 -19 -20 -21 -22 -23 23 -25 25 -27 27 -29 -30 -31
leaf_value=-0.041415704166105981 -0.023794542674440766 -0.040289619420708855 0.0092243545304977557 0.043603036157395747 -0.015880329911814685 -0.053423446569969592 0.20029921403331444 0.00057407858275726497 0.073601160039170027 0.19393001064952028 -0.043041850888290399 -0.060947482901104508 -0.029513960975802615 0.19081095357382108 0.0022249059361078524 0.007223420194518001 0.0050250232038053658 0.21967353458188907 -0.038767923183020497 0.20615859990932789 -0.02938882926375121 0.027907567705449391 0.030296386268475715 0.21630157297820526 0.075569943258924285 0.082473663724886764 -0.022149421225063318 0.10044609415325349 -0.064085193324448383 -0.0052994964887944475
leaf_weight=1070.9301855318627 2500.0494926549727 365.66450295771938 3451.0022872257541 540.81781590756145 8311.7950065955956 65.908525090868352 20.325234077812638 4604.4311787700135 255.9679833323753 9.0288782136340142 11.224492574358008 25.475172098173061 187.16359540267149 9.0914964898838644 10385.106612034171 24939.374031191517 6193.8581830910989 53.001550387809402 1069.36251685975 8.3089482919604034 1335.4924157174391 269.86331711985986 72.713090495875804 42.538021283835405 249.11596259646467 283.73149173235288 377.92158693537931 51.339747866732068 37.516913676983677 7963.5068582832901
leaf_count=2303009 82263 54101 386743 1865 1527200 70638 1698 558017 69491 922 7235 8371 204817 609 161323 740306 15407 796 312361 1075 283765 3365 30644 9325 9307 23360 49410 226 6874 224314
internal_value=0.000123873 0.00153647 -0.0036807 -0.00204755 -0.00583757 -0.00938014 -0.00828091 -0.000891126 0.0471718 -0.00348635 0.00273069 0.107556 0.0050909 0.00553629 -0.0013816 0.00855806 0.00815302 0.173967 -0.0359609 -0.0249892 -0.0271762 0.0431703 0.0339964 0.105088 0.0266806 0.0372967 0.0189438 -0.00649928 0.0565054 -0.00972776
internal_weight=74761.6 64007.9 25937.2 24866.3 18131.6 14680.6 10753.7 6368.84 321.877 6046.96 4694.13 89.7012 38070.6 37705 11463.6 26241.4 6734.68 64.226 1078.45 1352.83 1344.52 290.189 1302.04 115.251 1186.79 999.626 715.894 429.261 286.633 10463.6
internal_count=7148837 6837197 5234534 2931525 2914253 2527510 311640 1000310 140129 860181 574419 16402 1602663 1548562 474293 1074269 17272 8031 312970 285762 284687 5063 333963 39969 293994 89177 65817 49636 16181 306577
is_linear=0
shrinkage=0.055


Tree=107
num_leaves=31
num_cat=0
split_feature=25 8 13 0 49 35 50 15 15 47 56 32 54 22 9 31 15 45 54 24 29 0 25 14 33 13 8 15 28 25
split_gain=298.593 319.298 384.565 315.664 287.437 315.603 281.921 471.075 641.573 468.976 423.164 283.795 379.008 276.682 275.494 346.762 348.881 345.74 243.075 250.954 242.145 245.187 237.64 236.674 221.779 219.887 232.435 217.822 214.575 205.948
threshold=-7.1768500804901114 3.7494349479675297 3.4811217784881596 0.64583334326744091 7.9566824436187753 1.2424533367156985 -17.251857757568356 6.7387444972991952 6.6637709140777597 -11.033621788024901 -100.92163085937499 2.6735538244247441 107.50000000000001 2.6735538244247441 4.8401389122009286 1.2424533367156985 7.7421848773956308 0.741563379764557 573.50000000000011 -8.5621948242187482 0.92857143282890331 0.58571431040763866 -10.400928020477293 6.9416735172271737 9.2103905677795428 2.8029010295867924 5.1149907112121591 6.7135634422302255 3825.5000000000005 -21.903315544128414
decision_type=2 2 2 2 2 2 2 2 2 2 2 2 2 2 2 2 2 2 2 2 2 2 2 2 2 2 2 2 2 2
left_child=1 2 14 29 5 25 7 8 23 -8 -10 12 -11 -3 20 -16 -17 -18 -5 -20 -1 28 -19 -7 -13 27 -27 -2 -22 -4
right_child=4 13 3 18 -6 6 9 -9 10 11 -12 24 -14 -15 15 16 17 22 19 -21 21 -23 -24 -25 -26 26 -28 -29 -30 -31
leaf_value=-0.031038028932018503 -0.063291726248557362 0.0053692441357110487 0.095636844146338634 0.0075733800553876209 0.016397801230877779 0.10207757107830916 -0.053501468831509767 -0.056799091474043474 0.66219344058988272 -0.00074808663585420167 -0.023012875009245978 0.021959131511180757 -0.044950272262281481 -0.0092772899348705917 0.0013466077127356891 -0.02572909099355777 0.36708776223591533 -0.075111371073786154 -0.051487852448580416 0.083482845069907718 -0.066594793263023519 -0.064764482731783882 0.024858822315433519 -0.053434176505201027 0.18811133618026188 0.023950111761380882 -0.044364797040164862 0.034309158858010752 0.054908204852679381 -0.0053730538841956343
leaf_weight=3063.3448489804141 194.83051240994246 22381.951479542578 56.337060322272009 5893.2218496633286 5979.2811588195618 125.96202677642577 667.19956765911775 82.914337503389106 4.5633965056331363 2684.651972366788 3.3586400335188946 665.77429692627629 745.99166700444766 4720.2835100731609 5596.8882244447159 3765.477350806992 3.4486454220896112 76.995262481708778 47.141584491691901 229.00822210179467 47.800040825808537 88.903678187998594 586.33079429117788 34.805362036495353 20.369159017122001 2480.4252188921528 155.85795458944631 101.86218466318678 274.19910117436666 14105.872150137278
leaf_count=636797 28904 1529214 38850 94263 9924 33001 228289 81053 574 13968 2809 20028 177342 444312 773071 542728 935 20122 44273 10042 12632 6794 25461 25673 199 253244 21185 8808 777 2063948
internal_value=3.06862e-05 -0.001631 -0.00519385 -0.000414618 0.00728846 0.000447184 -0.0079044 0.048278 0.100074 -0.0109065 0.475193 -0.00394672 -0.0104113 0.00281708 -0.012387 -0.00775602 -0.0192391 0.0173308 0.00996385 0.0599361 -0.0257248 0.0137832 0.0127797 0.0678138 0.0282168 0.014775 0.019835 -0.0297696 0.0361289 -0.00493763
internal_weight=74885.1 60937.2 33835 20331.6 13947.8 7968.57 5035.59 251.604 168.689 4783.99 7.92204 4116.79 3430.64 27102.2 13503.4 10029.1 4432.25 666.775 6169.37 276.15 3474.25 410.903 663.326 160.767 686.143 2932.98 2636.28 296.693 321.999 14162.2
internal_count=7149220 6244219 4270693 2251376 905001 895077 582936 143110 62057 439826 3383 211537 191310 1973526 2019317 1362317 589246 46518 148578 54315 657000 20203 45583 58674 20227 312141 274429 37712 13409 2102798
is_linear=0
shrinkage=0.055


Tree=108
num_leaves=31
num_cat=0
split_feature=53 7 23 6 41 35 46 14 27 6 26 25 50 13 53 15 55 16 14 54 53 15 46 14 7 10 54 37 7 53
split_gain=295.709 273.64 311.217 306.72 265.71 251.26 454.256 273.181 241.606 309.044 325.381 269.002 238.48 236.966 227.54 223.359 210.909 210.419 271.991 350.956 209.441 275.258 380.587 351.456 347.139 372.806 545.433 601.478 549.526 396.399
threshold=-100.8667526245117 2.6572058200836186 4.5000000000000009 -0.11336360871791838 1.0000000180025095e-35 1.2424533367156985 2.5563974380493169 5.9012653827667245 1355.3392333984377 -12.073047161102293 864.00000000000011 -13.083847999572752 -4.3811669349670401 3.8815107345581059 -100.86009597778319 8.5478196144104022 0.85864257812500011 4140.5000000000009 7.8385403156280526 40.500000000000007 -1.0000000180025095e-35 6.9879517555236825 -0.064974639564752565 6.1727433204650888 2.3604413270950322 6.908255100250245 100.50000000000001 1.0000000180025095e-35 2.5484650135040288 -0.06347560882568358
decision_type=2 2 2 2 2 2 2 2 2 2 2 2 2 2 2 2 2 2 2 2 2 2 2 2 2 2 2 2 2 2
left_child=4 3 8 -2 -1 6 7 12 9 10 11 -3 -4 -9 -11 -7 -17 18 19 -16 21 22 23 -5 -25 -26 -27 28 29 -28
right_child=1 2 5 20 -6 15 -8 13 -10 14 -12 -13 -14 -15 17 16 -18 -19 -20 -21 -22 -23 -24 24 25 26 27 -29 -30 -31
leaf_value=-0.040507428515039176 0.02293359105277764 -0.036704339282956043 -0.03646244783485058 -0.030520357393558732 0.004956221592509494 -0.0061653670544795074 0.0019053792119112327 0.043222483934244778 -0.043494076478967955 0.074096846769050234 0.052692086548300536 0.039153196809453533 0.10217438085438248 0.1162258618047488 0.037408527468902442 0.054508757241087745 -0.042566891420027529 -0.014565960594611302 0.19154819442668128 -0.053361841732192036 0.016440508758455645 0.0044376697124061809 -0.0069715517544073511 0.022708504524446154 -0.0028713005852839973 0.057636444338422042 -0.0216263063634369 -0.035592318648550003 -0.028452001358916602 0.65170159988979404
leaf_weight=1015.5887841416261 2159.509082224642 368.91859735497565 184.08696700919245 335.29768944898387 626.64482145771035 7136.5368126954854 2843.5457795012189 648.30712421212229 638.75286204238364 87.622087025622022 478.62514012084284 222.56317949239747 41.861987464275444 169.54538795119151 429.9237967444933 331.77847447934619 80.757665305543924 9586.6001645564684 21.253388477052795 178.23239726365136 2763.134034851566 26374.327647041151 16410.840340118069 1298.1844587651867 51.864522276489879 50.470578390784794 2.6602660307253272 8.9232316576672002 5.1265836778329676 16.349263333628191
leaf_count=2275421 54557 242028 51762 67583 261123 381837 41123 91781 595734 52539 152870 2216 796 10689 2690 12142 1603 1011511 766 42692 3305 930043 687356 149885 9877 2096 2526 5294 3031 2184
internal_value=-0.000152507 0.000367993 -0.00452528 0.00268733 -0.023197 0.00196847 0.0133198 0.0442579 -0.0107059 -0.00884617 0.0192247 -0.00807168 -0.00912097 0.0589708 -0.0117694 -0.00388178 0.0352232 -0.0125418 0.0181602 0.0105882 0.00176098 0.000848853 -0.00435743 0.0198465 0.0316918 0.113949 0.18255 0.340626 0.461955 0.572593
internal_weight=74567.8 72925.6 23448.9 49476.7 1642.23 11436.4 3887.35 1043.8 12012.5 11373.7 1070.11 591.482 225.949 817.853 10303.6 7549.07 412.536 10216 629.41 608.156 47317.2 44554 18179.7 1768.88 1433.58 135.394 83.5299 33.0593 24.1361 19.0095
internal_count=7149060 4612516 2694779 1917737 2536544 591733 196151 155028 2103046 1507312 397114 244244 52558 102470 1110198 395582 13745 1057659 46148 45382 1863180 1859875 929832 242476 174893 25008 15131 13035 7741 4710
is_linear=0
shrinkage=0.055


Tree=109
num_leaves=31
num_cat=0
split_feature=42 43 55 57 41 51 57 43 49 28 14 14 3 24 56 8 26 15 56 54 40 50 10 29 46 51 50 35 56 54
split_gain=374.318 259.923 255.821 302.588 269.688 331.433 389.347 264.615 251.351 286.844 253.218 327.405 327.317 241.443 223.048 222.458 308.953 291.488 304.421 313.155 320.47 342.76 298.893 274.008 275.108 271.649 236.369 355.009 368.431 420.663
threshold=-1.0000000180025095e-35 1.0000000180025095e-35 0.89233398437500011 3.5000000000000004 1.0000000180025095e-35 554.50000000000011 49.500000000000007 -1.0000000180025095e-35 6.2722833156585702 4192.5000000000009 6.367328643798829 6.0222353935241708 0.44722221791744238 -0.02863331604748964 -0.014404296874999998 4.610145330429078 204.00000000000003 3.7256208658218388 -100.86743164062499 336.50000000000006 3.2384861707687382 -11.427195549011229 11.918896675109865 0.58571431040763866 9.0574235916137713 162.50000000000003 -8.0631599426269513 1.2424533367156985 -0.041259765624999993 868.50000000000011
decision_type=2 2 2 2 2 2 2 2 2 2 2 2 2 2 2 2 2 2 2 2 2 2 2 2 2 2 2 2 2 2
left_child=8 2 3 -2 5 15 14 -6 -1 10 11 -10 13 -13 -7 16 -5 -17 23 -20 22 -22 -21 24 -19 -25 27 28 29 -18
right_child=1 -3 -4 4 7 6 -8 -9 9 -11 -12 12 -14 -15 -16 17 26 18 19 20 21 -23 -24 25 -26 -27 -28 -29 -30 -31
leaf_value=-0.048744711130243201 0.031292705462236732 0.024501600909466455 -0.011801219418887109 0.021282999519165204 -0.047471724146837473 0.052207524995509527 -0.029577830444921991 0.0042463744278645231 -0.070734047431627201 -0.035576022177386285 -0.0092723772440844107 -0.032868011406921485 0.093117996663169736 0.48054214046506832 -0.049362294411442527 0.18941008147432351 0.028682154190781906 -0.033534241096070519 0.010941620799829311 0.02860560969367193 0.41180810920698063 0.097704418467735518 0.3586736061129514 0.022445519912534326 0.01094622782600688 0.21184433481592979 -0.0026440929269656442 -0.03070933562720916 -0.053318440441075185 -0.054713445750824381
leaf_weight=769.90117264342553 999.93691257151659 1381.8749459526298 4796.9556915081339 1323.930432177367 296.64225950198306 296.17773870189558 2378.3496642761456 38403.115365135192 24.976533060194924 325.99373871824355 143.76853718826897 2.7640589968359563 88.407365957347793 7.7549998680478875 79.267499057154055 21.61599113617558 1096.4762314695108 1184.689255630452 3662.9165864472743 299.4443524365488 9.6569373476959282 57.078616680344567 3.6017309170565559 282.20603301023948 647.58420434975415 20.130769576295279 13152.199632160409 2496.3535503589665 288.04310241615167 214.64198464942456
leaf_count=1378213 5773 48091 162342 37730 40808 44586 2642587 1320452 1772 34330 5361 343 1325 57 14762 393 101353 188758 22023 19338 1264 838 164 2233 4004 2166 180693 624281 9762 253371
internal_value=0.000385859 0.000917232 0.000462984 0.00133907 0.000884397 -0.00327812 -0.0213609 0.00384386 -0.0281138 -0.00117463 0.0406065 0.0965972 0.140215 0.37851 0.0303962 -0.00126311 -0.00427254 0.00776371 0.00697413 0.0158576 0.0637577 0.168692 0.0382866 -0.00980631 -0.0178264 0.0382977 -0.00623977 -0.0177695 0.00246281 0.0148735
internal_weight=74756.5 73392.9 72011 67214.1 66214.1 27514.4 2753.79 38699.8 1363.57 593.665 267.671 123.903 98.9264 10.5191 375.445 24760.6 18571.6 6188.92 6167.31 4032.7 369.782 66.7356 303.046 2134.61 1832.27 302.337 17247.7 4095.51 1599.16 1311.12
internal_count=7149173 5727772 5679681 5517339 5511566 4150306 2701935 1361260 1421401 43188 8858 3497 1725 400 59348 1448371 1207190 241181 240788 43627 21604 2102 19502 197161 192762 4399 1169460 988767 364486 354724
is_linear=0
shrinkage=0.055


Tree=110
num_leaves=31
num_cat=0
split_feature=57 25 56 15 52 55 26 15 45 10 7 19 50 53 54 6 47 44 3 49 36 55 25 25 6 2 9 10 16 48
split_gain=313.974 280.592 302.689 361.436 518.395 321.856 272.894 296.759 265.729 240.9 230.609 267.396 246.5 244.661 228.228 428.017 404.521 262.609 259.914 255.027 281.955 267.912 243.437 306.867 234.59 257.927 228.156 301.892 497.284 372.517
threshold=14.500000000000002 -15.59683847427368 -0.026611328124999997 6.8808975219726571 0.82301250100135814 0.86889648437500011 2650.5000000000005 5.4049246311187753 0.77310436964035045 6.6220710277557382 2.6979467868804936 1.5000000000000002 -18.400738716125485 -100.86584472656249 455.50000000000006 -4.1631238460540763 -2.5976817607879634 3.5000000000000004 0.97368422150611889 8.9140625000000018 1.0000000180025095e-35 0.83520507812500011 -11.234835624694822 -12.432396888732908 -4.6701767444610587 0.38750000298023229 4.4013888835906991 8.7839236259460467 1289817.5000000002 168.50000000000003
decision_type=2 2 2 2 2 2 2 2 2 2 2 2 2 2 2 2 2 2 2 2 2 2 2 2 2 2 2 2 2 2
left_child=-1 2 -2 -4 5 -5 8 -8 -3 -7 11 -9 -12 -13 19 22 17 -17 -19 20 -10 -22 23 -16 25 -21 27 -15 29 -29
right_child=1 6 3 4 -6 9 7 10 14 -11 12 13 -14 26 15 16 -18 18 -20 24 21 -23 -24 -25 -26 -27 -28 28 -30 -31
leaf_value=0.012638373446873371 -0.04384316326560788 -0.031358675310775706 -0.042895320013643434 -0.01576780120717601 -0.054164521302617431 0.005641985392955357 -0.02571292749972735 0.021757387388277642 0.00089502297647681649 0.15525506825694846 -0.044905688139282779 -0.039656898352970697 -0.0070050372316203448 -0.034187248577134587 0.050320244173741389 -0.017303726756355903 0.060785232098100446 -0.032951063422200784 0.46261980384082829 -0.076756365618931288 -0.041808116735566628 0.0079319018656554118 0.07994546996390739 -0.027395659847276811 0.011423310289208745 0.0073496704714463845 0.0012064381170489211 0.052661337156009638 -0.05219061117557678 0.27651833213952054
leaf_weight=5630.2148191305605 926.39155944765662 631.97259325894993 267.34523827441444 69.669095347038819 116.18111320781463 42.443371911067516 1706.4148283560498 1680.0832106544258 13564.347190788365 140.42675156603218 540.6136047939217 477.90898926770024 10792.789236935932 1103.630056418915 487.13494650073699 1103.1288290156226 261.63366855218192 4.8322116464987621 1.8998000398278234 190.33289642265299 943.35106046927103 498.28353209787747 399.70387359523738 219.67942581837997 9876.0200808720547 251.56098223247682 22426.582395509162 103.74506371669122 107.71098305887426 25.052456278746831
leaf_count=67162 1171793 745802 253682 48234 47192 26351 239441 151990 448501 25050 494544 734027 656044 78253 97138 920110 14662 7711 2 3426 52715 12474 23587 58205 17060 2544 735745 642 12123 3169
internal_value=0.000155955 -0.000863997 -0.0238684 0.00533876 0.0404175 0.0841369 -0.000328969 -0.00331843 0.00376752 0.121605 -0.00228945 0.00057185 -0.00883194 -0.000900431 0.00457148 0.0204848 -7.21882e-05 -0.0146267 0.24446 0.00301058 -0.00156631 -0.0246481 0.0458502 0.0261432 0.00966457 -0.02933 -0.000112926 -0.0221143 0.0337639 0.10491
internal_weight=74591.1 68960.9 1562.46 636.066 368.72 252.539 67398.4 38964.5 28433.9 182.87 37258.1 25924.7 11333.4 24244.6 27801.9 2478.01 1371.49 1109.86 6.73201 25323.9 15006 1441.63 1106.52 706.814 10317.9 441.894 23766.7 1340.14 236.509 128.798
internal_count=7149379 7082217 1572302 400509 146827 99635 5509915 3105978 2403937 51401 2866537 1715949 1150588 1563959 1658135 1121415 942485 927823 7713 536720 513690 65189 178930 155343 23030 5970 829932 94187 15934 3811
is_linear=0
shrinkage=0.055


Tree=111
num_leaves=31
num_cat=0
split_feature=43 16 53 16 53 26 50 47 52 9 8 42 13 7 22 25 57 36 51 7 27 50 44 47 47 37 14 42 51 38
split_gain=246.516 235.07 328.824 296.746 338.389 382.09 289.7 486.284 299.472 295.249 291.217 341.473 344.025 276.488 255.944 454.928 270.911 351.693 301.183 302.358 279.484 249.155 235.422 233.171 443.278 371.497 343.271 258.845 404.489 333.994
threshold=1.0000000180025095e-35 2169981.0000000005 -100.86584472656249 2097573.5000000005 -0.087812811136245714 1627.0000000000002 -13.33339738845825 -113.07614517211913 0.75093373656272899 4.9394338130950937 3.2384861707687382 -1.0000000180025095e-35 3.860674381256104 2.7351288795471196 1.7005987167358401 -10.405081272125242 26.500000000000004 1.0000000180025095e-35 1018.5000000000001 2.8696424961090092 102.69549942016603 -115.02012252807616 3.5000000000000004 -30.647938728332516 -111.27952575683592 1.0000000180025095e-35 6.5065307617187509 1.0000000180025095e-35 698.50000000000011 1.0000000180025095e-35
decision_type=2 2 2 2 2 2 2 2 2 2 2 2 2 2 2 2 2 2 2 2 2 2 2 2 2 2 2 2 2 2
left_child=1 2 -1 13 5 22 -6 -8 -9 -10 11 12 -11 -4 16 -16 17 21 19 -18 -19 -15 -5 24 -21 -26 -27 -25 29 -29
right_child=-2 -3 3 4 6 -7 7 8 9 10 -12 -13 -14 14 15 -17 18 20 -20 23 -22 -23 -24 27 25 26 -28 28 -30 -31
leaf_value=-0.034876480528369537 0.023455693493325935 0.0043557075025846504 0.002830210851546167 0.077032939595668815 -0.060518478504126089 -0.031937539697040378 0.092954726284980679 0.27585637067331853 -0.033878157944289826 -0.054566584512825859 0.0039901500627259326 -0.030683440003124039 0.30622677397318815 0.098160244778694783 -0.04230920047459958 -0.003238255333408603 -0.038852157318546791 -0.0089965502151595125 -0.038627399011150372 -0.012247163507751698 0.084507446238190106 -0.0043592013204874387 0.39027606528456099 -0.012659019100102609 0.01862225677626362 0.23760269509198992 0.066081517721583771 0.023075658532395883 0.13116759022456687 -0.023115092541655995
leaf_weight=919.39850027726789 1344.9644723473612 22852.514939567831 29713.715962315371 181.77032345015323 396.88872989609081 120.40129399934085 125.12284245053888 5.7331792839104301 1759.7947673398303 11.82292721439444 2619.5594767043076 1403.0481346314045 13.453431698741042 71.612631379975937 1501.2420979927556 2247.5860761131626 620.35441280600207 133.51909687646548 777.0020920469542 317.06126202619635 337.31587065078202 1116.2686138373974 3.0100930599437552 3076.4687440342386 152.02006123140745 60.074646761218901 89.529045417089947 1386.5450816163793 78.037651515856851 713.09393127125804
leaf_count=1692025 47858 2248731 1179410 65590 164129 80027 4277 335 36420 3132 26765 22014 621 10916 444076 90849 22049 415 625100 61919 5544 28063 291 228901 13600 1546 4186 23598 4370 11583
internal_value=0.000167559 -0.000264242 -0.00237807 -0.0017652 -0.0125712 0.0435506 -0.0153068 -0.0122368 -0.0145788 -0.0151026 -0.00690827 -0.0268403 0.156325 -7.11595e-05 -0.00686975 -0.01892 -0.00180266 0.018221 -0.0063805 -0.00249495 0.0581757 0.00220682 0.0922836 0.0013753 0.033171 0.0803349 0.140414 -0.00239668 0.012097 0.00737039
internal_weight=74148.9 72804 49951.5 49032.1 6640.61 305.182 6335.42 5938.53 5813.41 5807.68 4047.88 1428.32 25.2764 42391.4 12677.7 3748.83 8928.9 1658.72 7270.19 6493.18 470.835 1187.88 184.78 5872.83 618.685 301.624 149.604 5254.15 2177.68 2099.64
internal_count=7148340 7100482 4851751 3159726 403601 145908 257693 93564 89287 88952 52532 25767 3753 2756125 1576715 534925 1041790 44938 996852 371752 5959 38979 65881 349703 81251 19332 5732 268452 39551 35181
is_linear=0
shrinkage=0.055


Tree=112
num_leaves=31
num_cat=0
split_feature=50 26 41 53 1 31 46 43 29 45 15 49 49 22 50 50 54 16 2 0 15 54 15 6 47 45 7 47 49 56
split_gain=290.667 234.071 322.371 433.838 263.378 244.825 372.874 243.899 231.078 386.384 378.187 575.234 476.878 291.815 265.063 367.267 248.437 376.043 259.283 243.481 246.649 289.705 240.697 239.933 234.611 230.548 321.691 233.778 228.594 237.216
threshold=-117.00613021850585 204.00000000000003 -1.0000000180025095e-35 -0.037638455629348748 0.18333333730697635 2.8029010295867924 3.8917894363403325 -1.0000000180025095e-35 0.23611111193895343 0.83146595954895031 5.4743669033050546 1.1674799323081972 -0.031219394877552983 1.7005987167358401 -6.1361060142517081 -16.09357929229736 114.50000000000001 44726.500000000007 0.16025641560554507 0.30952382087707525 8.4662156105041522 100.50000000000001 8.0738701820373553 -7.4760391712188712 -105.62426376342772 0.82130855321884166 2.1613165140151982 -2.5976817607879634 13.28848457336426 -100.91870117187499
decision_type=2 2 2 2 2 2 2 2 2 2 2 2 2 2 2 2 2 2 2 2 2 2 2 2 2 2 2 2 2 2
left_child=-1 -2 3 28 7 8 -7 -4 9 10 11 12 -6 -14 15 24 17 -12 23 20 21 -10 -19 -18 -11 26 -5 -28 -3 -30
right_child=1 2 4 25 5 6 -8 -9 19 14 16 -13 13 -15 -16 -17 18 22 -20 -21 -22 -23 -24 -25 -26 -27 27 -29 29 -31
leaf_value=-0.037283627650061761 0.011969612948007175 -0.055060663112277135 -0.052442633978903676 -0.050501423535010553 0.043294407547799285 0.047291198513594319 0.00082515604383869077 0.0037474044121577886 -0.01068375490482789 -0.051939469810645379 0.19025741887534081 0.014992481319074855 0.17418245430023968 0.53781850740515047 0.0051514538005156471 -0.041007670063948676 0.13621597108915506 0.0064324666362475681 0.050380452008067608 -0.0041347575751372566 0.025314784911463651 -0.036260963216096592 0.081351078613923877 -0.020505864880123827 0.071994220043389304 -0.0018080723878129111 -0.034263483623307785 0.28333689513569299 0.16950770017060485 -0.051110578223038043
leaf_weight=639.31208276229154 4496.3313748585642 916.41814767272444 230.47446133979247 20.627694096241612 27.884124479780439 676.12158761816681 2242.8439742571209 30910.071476518395 4078.2755711033533 60.319823812926188 45.368103411514312 89.841459924529772 23.889527529958286 12.081700782291589 2587.533916688757 954.89547750542988 25.825603705729009 370.74598427463206 243.10612441101694 20738.650732297494 398.93652135187585 1994.8379501187737 195.34419890266145 734.10674988132087 158.22275633411482 696.96248037938494 7.931051863764881 24.035725514870137 24.30472178402124 26.12098539766157
leaf_count=860749 392881 2501616 28613 4106 12493 60521 15097 2084996 36220 44723 302 4710 3333 731 6169 28022 3272 4291 10117 534010 12003 292441 642 156270 11480 34085 2295 154 629 1995
internal_value=-0.000504245 -0.000179664 -0.000977773 -0.0244782 -0.000372147 -0.00359926 0.0116506 0.00332318 -0.00496045 0.00528641 0.0264524 0.107529 0.227181 0.347046 -0.00468653 -0.02631 0.0184259 0.0459043 0.00153031 -0.00704318 -0.0163524 -0.019108 0.032771 -0.0143243 0.0373907 0.00691849 0.112677 0.210563 -0.0487292 0.0609242
internal_weight=73651.4 73012.1 68515.8 1716.4 66799.4 35658.8 2918.97 31140.5 32739.9 5529.17 1768.19 153.697 63.8554 35.9712 3760.97 1173.44 1614.5 611.458 1003.04 27210.7 6472.05 6073.11 566.09 759.932 218.543 749.557 52.5945 31.9668 966.844 50.4257
internal_count=7148966 6288217 5895336 2544880 3350456 1236847 75618 2113609 1161229 286555 196161 21267 16557 4064 90394 84225 174894 5235 169659 874674 340664 328661 4933 159542 56203 40640 6555 2449 2504240 2624
is_linear=0
shrinkage=0.055


Tree=113
num_leaves=31
num_cat=0
split_feature=45 25 56 55 43 47 31 46 26 41 3 52 54 28 32 54 26 53 50 31 54 24 6 53 9 24 29 53 52 25
split_gain=285.878 286.416 318.338 299.578 238.632 219.219 369.19 265.076 217.452 273.518 264.616 238.903 336.958 279.259 474.27 287.873 265.377 284.411 274.721 253.156 376.143 259.987 290.399 230.916 235.711 258.681 229.976 228.577 297.843 281.393
threshold=0.763332098722458 -15.59683847427368 -0.027587890624999997 0.89233398437500011 -1.0000000180025095e-35 -108.32809448242186 2.6735538244247441 4.3472628593444833 90.500000000000014 -1.0000000180025095e-35 0.86607143282890331 0.76450842618942272 1589.5000000000002 31.500000000000004 1.8688348531723025 641.50000000000011 581.50000000000011 -0.062499344348907464 -10.917760848999022 2.8617925643920903 265.50000000000006 -0.29797270894050593 -0.023084346204996106 -0.033686310052871697 4.8890287876129159 -7.2466139793395987 0.21111111342906955 -0.042475372552871697 0.81110298633575451 -5.4122555255889884
decision_type=2 2 2 2 2 2 2 2 2 2 2 2 2 2 2 2 2 2 2 2 2 2 2 2 2 2 2 2 2 2
left_child=-1 2 -2 5 -3 6 -4 -7 -6 10 27 16 13 14 15 23 17 -11 -18 26 -21 -22 -23 -13 -25 -26 -15 29 -29 -10
right_child=1 4 3 -5 8 7 -8 -9 9 11 -12 12 -14 19 -16 -17 18 -19 -20 20 21 22 -24 24 25 -27 -28 28 -30 -31
leaf_value=-0.036923976589985821 -0.045749281263059091 -0.042589871959429974 -0.039776194246183609 -0.04700912017547617 0.018841159573357167 0.054405869119043715 0.1113215825280716 -0.063665630147292054 -0.055077557503241399 0.0560286709706731 0.073582848544512691 -0.025856036542304291 -0.057610710014811349 0.0049097071699900734 -0.045404989555773677 0.055355471174349247 -0.027778268481906961 0.27418849994245348 0.026713418188610553 0.0086910963800633338 -0.065120816144201538 0.080969196791999862 -0.067767906308863993 -0.028635579467585274 0.10640527759761932 0.011002732905886367 -0.0021191321975166906 0.12073606321859155 -0.014127343265208363 0.082408585475814006
leaf_weight=614.56558702325856 833.62308849976398 369.98294382056338 313.10586803934711 313.09842199346167 2093.8521246801974 432.58027202580706 52.890621437603841 61.944697554630693 747.92584980578977 210.39687307280838 79.542317019513575 1153.3078804873512 291.59219540058984 25881.184048910509 1008.0454973185842 238.65969979792135 368.90646878887492 15.453533120249629 1112.3800961535308 3896.3650084580295 44.232656090258388 461.26776156309643 39.667638609767891 436.16840793815209 87.97058514598757 1169.9171750691021 30873.155184098432 48.242256229452323 707.97257759681088 43.555282898785663
leaf_count=904924 1134214 163491 263018 124194 53100 71273 25126 3296 2094566 35324 7032 203572 88639 720999 119503 44659 462435 728 117707 32505 4770 20692 7124 7131 1589 11715 348728 6734 56453 14661
internal_value=0.000279556 0.000593604 -0.0198702 -0.00137214 0.00117041 0.0154084 -0.0167348 0.0391269 0.0014014 0.000870202 -0.0213763 0.00140974 0.000880169 0.00114579 -0.0127521 -0.00202994 0.0216917 0.0765713 0.0130948 0.00207654 0.0147142 0.057292 0.0686378 -0.00692846 0.00599553 0.0180696 0.00108632 -0.0264779 -0.00478728 -0.0470418
internal_weight=74001.6 73387 2007.24 1173.62 71379.7 860.521 365.996 494.525 71009.8 68915.9 1627.24 67288.7 65581.5 65289.9 4094.07 3086.02 1707.14 225.85 1481.29 61195.9 4441.53 545.168 500.935 2847.36 1694.06 1257.89 56754.3 1547.7 756.215 791.481
internal_count=7149902 6244978 1621121 486907 4623857 362713 288144 74569 4460366 4407266 2179446 2227820 1611626 1522987 388169 268666 616194 36052 580142 1134818 65091 32586 27816 224007 20435 13304 1069727 2172414 63187 2109227
is_linear=0
shrinkage=0.055


Tree=114
num_leaves=31
num_cat=0
split_feature=50 13 50 26 50 54 54 35 35 14 26 13 51 10 52 56 56 52 9 54 30 46 50 22 33 19 1 53 15 1
split_gain=258.395 223.75 253.778 254.851 333.486 326.921 323.703 403.441 342.531 357.103 381.237 377.044 382.521 330.796 265.505 261.072 365.155 271.075 260.576 365.723 270.274 269.328 249.47 588.621 359.118 246.237 265.316 249.876 248.521 237.15
threshold=-1.0000000180025095e-35 3.4811217784881596 -114.61469268798827 1167.0000000000002 -18.866843223571774 1408.5000000000002 265.50000000000006 1.2424533367156985 2.3502402305603032 6.5388629436492929 906.50000000000011 3.3497501611709599 508.50000000000006 5.7054464817047128 0.80530381202697765 -100.91870117187499 -100.89868164062499 0.82032141089439403 4.7781505584716806 21.500000000000004 0.92857143282890331 7.6884434223175058 -113.30623626708983 3.5114340782165532 7.3135535717010507 3.5000000000000004 0.21111111342906955 -0.039364784955978387 4.1666352748870858 0.26785714924335485
decision_type=2 2 2 2 2 2 2 2 2 2 2 2 2 2 2 2 2 2 2 2 2 2 2 2 2 2 2 2 2 2
left_child=1 2 -1 4 -4 14 25 13 -9 10 -10 -12 -13 -8 -5 17 -17 -15 19 -16 21 -21 23 -20 -25 -6 28 -28 -27 -23
right_child=-2 -3 3 5 6 -7 7 8 9 -11 11 12 -14 15 18 16 -18 -19 22 20 -22 29 -24 24 -26 26 27 -29 -30 -31
leaf_value=-0.047934080007124992 0.013067173718635021 0.0010826425371346011 -0.039596820259357644 0.020693118514785773 -0.0028122963559064598 -0.047301652200914861 -0.05967562657960266 -0.063141846068982044 0.0080354839658716044 -0.017312214251411249 0.11685836223128848 -0.025255347704516689 0.62973664098750903 -0.037226200147474089 -0.049074149729398747 -0.05947195527192118 0.096240602687925836 0.32101816249745824 0.0066402899368925893 -0.041802434781925274 0.075178510663659506 0.040956348013393463 -0.0060938410444062912 -0.024657544888516243 0.56592862678471245 0.19487504696978161 -0.082040639260639217 0.016592053005336647 0.045111867594955911 -0.020956366402876861
leaf_weight=412.34654471198155 4007.3479522292182 44077.15518065817 501.23819288512459 984.73961434882949 5262.3627814171487 625.25694737469894 46.891283446893794 159.74083844678535 70.801062388898572 176.75439419227769 58.768047937977826 3.1807906174071814 5.0258112477749819 7.1577109807985861 1075.5760123866494 49.348570256857784 327.4563664355228 21.455145757441642 44.916540810241713 570.31055729606305 107.74956517574901 349.41431357635884 13068.230140242755 3.7779009191144706 6.0461737997538876 32.25304459373001 85.204106271761702 555.64149971876759 420.57683309944696 391.94962495661457
leaf_count=572106 14128 4090403 409062 203765 63454 871247 34064 104182 23178 78621 10224 1772 2793 17319 7479 47582 54921 843 16172 112751 2907 2878 390607 3101 932 332 4094 1841 3548 3841
internal_value=-0.000504098 -0.00128748 -0.0053959 -0.00468518 0.00357273 -0.00841618 0.00656908 0.0368474 0.00129223 0.0344924 0.0992321 0.188384 0.462421 0.0737071 -0.00693795 0.0896735 0.0753358 0.239194 -0.0086862 -0.0249618 -0.00658241 -0.0135588 -0.00558348 0.106567 0.407102 0.00212963 0.0258129 0.00294465 0.0577906 0.00830278
internal_weight=73508.7 69501.3 25424.2 25011.8 7783.86 17228 7282.62 926.58 474.271 314.53 137.776 66.9746 8.2066 452.309 16602.7 405.418 376.805 28.6129 15618 2495 1419.42 1311.67 13123 54.7406 9.82407 6356.04 1093.68 640.846 452.83 741.364
internal_count=7150147 7136019 3045616 2473510 857830 1615680 448768 375499 220770 116588 37967 14789 4565 154729 744433 120665 102503 18162 540668 129856 122377 119470 410812 20205 4033 73269 9815 5935 3880 6719
is_linear=0
shrinkage=0.055


Tree=115
num_leaves=31
num_cat=0
split_feature=12 13 57 17 25 53 46 15 52 27 9 52 51 45 38 53 56 28 15 57 37 15 8 15 25 13 56 40 54 52
split_gain=243.349 335.922 226.999 202.347 185.275 246.715 308.043 299.219 233.423 243.72 238.418 269.824 265.398 264.102 435.125 403.893 350.812 231.536 223.565 210.884 367.67 201.746 198.393 287.464 245.343 220.915 290.289 202.093 234.986 221.257
threshold=1.0000000180025095e-35 3.113268375396729 3.5000000000000004 113.00000000000001 -14.440463066101072 -0.03105869889259338 2.6805584430694585 7.0089571475982675 0.82879599928855907 1166.2376098632815 4.9997084140777597 0.82815009355545055 25.500000000000004 0.83561745285987865 1.0000000180025095e-35 -0.081749022006988512 -0.025634765624999997 1.0000000180025095e-35 6.7387444972991952 172.50000000000003 1.0000000180025095e-35 7.2906336784362802 4.0163424015045175 4.1666352748870858 -5.0516593456268302 2.6735538244247441 -0.023681640624999997 2.9700856208801274 401.50000000000006 0.78688237071037304
decision_type=2 2 2 2 2 2 2 2 2 2 2 2 2 2 2 2 2 2 2 2 2 2 2 2 2 2 2 2 2 2
left_child=2 -2 -1 -4 5 8 7 -7 9 10 -5 13 -13 14 -12 -16 -15 -6 -18 -9 -21 -20 24 -24 25 26 -19 -25 -29 -30
right_child=1 -3 3 4 17 6 -8 19 -10 -11 11 12 -14 16 15 -17 18 22 21 20 -22 -23 23 27 -26 -27 -28 28 29 -31
leaf_value=0.019979208487685692 0.028226643681490145 -0.037895053184001611 -0.077001511098815215 -0.025021140627928595 0.032961213844688191 -0.023322387365537545 -0.04535039218556082 0.071854296076326554 -0.055215932095658199 -0.042518503131284496 -0.010624001037865399 0.54815064947553482 -0.022963193063537012 -0.0541839934029065 -0.042132768775841468 0.26682545657936096 -0.050513313530299017 -0.012066823013284234 0.11254964320518097 -0.034135862896303555 0.42363049794788143 -0.047378260456888116 0.068778217674029016 -0.00032250303643846929 0.023431663068666741 -0.0016042995833606419 -0.07405214022300545 0.0122736741366965 0.014035610419406786 -0.043334728986385788
leaf_weight=1788.5423028424557 295.79807788251492 1029.2981524852657 97.641168283313164 426.70312988039223 665.48607738614373 95.215266857063398 130.48179301095661 171.2679732311517 502.91806157655083 498.61371095119102 62.273251633901964 0.92597368569113214 3.5560933629458304 176.03220891657111 15.485758389593682 45.572426494094543 46.000253588674241 1614.1411317466991 122.5990201493114 7.3491685794433588 9.2596693394007161 26.377403671242064 203.00480090377096 14499.231553611986 1130.9730940649752 39810.650052920551 261.87994093680754 9334.2645310815278 357.02006001607515 461.63651390455198
leaf_count=14080 34152 153616 59006 361925 17321 8321 3370 5048 282578 792587 55481 30 2688 205133 23836 7762 37046 194674 9506 1004 210 13067 10325 845324 16823 3497627 3113 127035 269142 98156
internal_value=0.000228469 -0.0230842 0.000655738 0.000166052 0.000278097 -0.0149209 0.0234211 0.055356 -0.0231889 -0.0117254 0.0050033 0.0306803 0.321855 0.0248439 0.0928547 0.191209 0.00130151 0.000799725 0.0514981 0.0948009 0.260046 0.0836142 0.000481041 0.00438916 -0.00178783 -0.00247477 -0.0208934 0.00384509 0.009794 -0.0183819
internal_weight=73890.2 1325.1 72565.1 70776.6 70678.9 2340.63 413.574 283.092 1927.06 1424.14 925.526 498.822 4.48207 494.34 123.331 61.0582 371.009 68338.3 194.977 187.877 16.6088 148.976 67672.8 24855.2 42817.6 41686.7 1876.02 24652.2 10152.9 818.657
internal_count=7149986 187768 6962218 6948138 6889132 1809592 17953 14583 1791639 1509061 716474 354549 2718 351831 87079 31598 264752 5079540 59619 6262 1214 22573 5062219 1349982 3712237 3695414 197787 1339657 494333 367298
is_linear=0
shrinkage=0.055


Tree=116
num_leaves=31
num_cat=0
split_feature=50 51 49 54 8 51 25 42 6 35 22 31 45 30 7 56 14 53 27 48 14 46 10 32 8 45 50 10 52 48
split_gain=279.227 382.669 381.621 450.936 554.238 405.389 371.4 324.082 308.38 276.026 264.901 252.807 377.291 331.543 414.573 302.735 391.922 415.201 378.774 404.843 391.054 373.578 328.553 320.363 294.592 341.648 303.541 280.043 442.405 317.202
threshold=-4.3811669349670401 92.500000000000014 7.9566824436187753 232.50000000000003 3.4175922870635991 453.50000000000006 -8.6950330734252912 -1.0000000180025095e-35 -0.024712016806006428 1.2424533367156985 3.5972183942794804 1.7005987167358401 0.79482653737068187 0.92857143282890331 2.9320592880249028 -100.89721679687499 6.0026509761810312 -0.041014283895492547 462.62709045410162 42.500000000000007 6.6059741973876962 2.5563974380493169 6.2176032066345224 1.8688348531723025 1.4978661537170412 0.8010644018650056 -19.655097007751461 5.7054464817047128 0.79709830880165111 110.50000000000001
decision_type=2 2 2 2 2 2 2 2 2 2 2 2 2 2 2 2 2 2 2 2 2 2 2 2 2 2 2 2 2 2
left_child=7 6 3 -3 5 8 10 -1 9 -5 -2 12 -9 -13 -15 -14 -17 18 19 20 24 -19 -23 -24 25 -18 -26 28 -21 -29
right_child=1 2 -4 4 -6 -7 -8 11 -10 -11 -12 13 15 14 -16 16 17 21 -20 27 -22 22 23 -25 26 -27 -28 29 -30 -31
leaf_value=-0.038341003963702672 -0.0012114276512879771 -0.010002705548833053 0.08924343018647192 0.16300597913855558 -0.032923657371074277 -0.049176022909552336 0.0077535376926197771 -0.023482623834503689 0.27227484870205343 0.0010337814341809873 -0.022799399463999403 -0.012158336844565118 -0.0090895531705066073 0.040186652372807261 -0.030903560690147963 -0.0094399600882329997 0.25464108669946162 0.018801957337981977 -0.011990041527306575 0.0875691699251573 0.032502314137187516 0.010127550538327536 -0.019108340310517218 0.036429986268944878 0.12491339878407248 0.015432490722024687 -0.043154515453034399 0.083362259043880629 -0.026068320849628148 0.036786769919787937
leaf_weight=781.54502558994864 13056.296192968584 638.62833584827604 280.43952374870423 81.682221724709962 104.03900607780088 33.507930006351671 17353.811152574897 1869.4943464425596 45.187050001346506 50.39426495929365 1975.3343741548888 11084.685620401549 5646.2369236403902 811.9546836236259 352.10730598599184 4208.9739761781384 16.589712030327064 3092.6849457669014 819.34993071598001 138.61003573318885 910.730904032127 2823.1773710900452 3660.3231370795984 339.03749033081112 29.470842944065225 115.30068188461883 639.35246118000941 642.83898206800222 367.44924318506673 1451.2170222458226
leaf_count=1401945 33559 7237 2084 3869 15022 10870 36363 1723866 4125 6197 6986 1535289 646996 1933 62226 393466 209 96026 711880 28622 5321 13291 23838 1127 177 1076 5688 18414 54817 295715
internal_value=-0.000269422 0.00342081 0.0334202 0.0166208 0.0699415 0.120303 0.00227286 -0.00338654 0.15281 0.103497 -0.00405498 -0.00268159 0.000313316 -0.00922472 0.018643 0.00210418 0.00538806 0.00953778 0.0222306 0.0287401 0.00793308 0.00296164 -0.00422736 -0.0143606 -0.0200402 0.053723 -0.0348769 0.0423941 0.0056093 0.0512492
internal_weight=73420.5 33619.3 1233.88 953.439 314.81 210.771 32385.4 39801.1 177.264 132.076 15031.6 39019.6 26770.8 12248.7 1164.06 24901.3 19255.1 15046.1 5130.91 4311.56 1711.44 9915.22 6822.54 3999.36 800.714 131.89 668.823 2600.12 506.059 2094.06
internal_count=7148234 126312 49404 47320 40083 25061 76908 7021922 14191 10066 40545 5619977 4020529 1599448 64159 2296663 1649667 1256201 1121919 410039 12471 134282 38256 24965 7150 1285 5865 397568 83439 314129
is_linear=0
shrinkage=0.055


Tree=117
num_leaves=31
num_cat=0
split_feature=53 26 23 47 22 10 13 27 45 9 10 21 53 15 24 47 40 40 33 8 52 52 47 15 50 53 10 51 13 26
split_gain=250.965 248.872 221.039 209.676 297.607 295.878 294.53 270.818 250.627 232.307 327.538 243.245 380.858 305.617 222.9 273.246 314.374 302.768 525.084 517.304 485.515 263.404 342.967 283.345 262.253 240.553 256.275 254.27 290.298 237.703
threshold=-100.8667526245117 24.500000000000004 6.5000000000000009 -5.4076528549194327 0.89587974548339855 7.3814969062805185 3.113268375396729 595.25463867187511 0.77746590971946727 4.8001670837402353 4.2696731090545663 1.0000000180025095e-35 -0.041014283895492547 6.7644619941711435 -2.2554284334182735 -117.29086303710936 2.3502402305603032 2.8029010295867924 7.7939457893371591 4.0163424015045175 0.83060505986213695 0.85711631178855907 -13.328734397888182 7.2906336784362802 -122.6723175048828 -0.049804031848907464 8.2941746711730975 33.500000000000007 3.7726949453353886 1019.0000000000001
decision_type=2 2 2 2 2 2 2 2 2 2 2 2 2 2 2 2 2 2 2 2 2 2 2 2 2 2 2 2 2 2
left_child=2 -2 -1 4 5 8 -7 -6 -3 10 -10 -11 13 -13 21 17 -17 18 -16 -20 -21 22 23 -8 -18 26 -24 -28 29 -29
right_child=1 3 -4 -5 7 6 14 -9 9 11 -12 12 -14 -15 15 16 24 -19 19 20 -22 -23 25 -25 -26 -27 27 28 -30 -31
leaf_value=-0.031651770336921257 0.027730532685186052 -0.039375769382086832 0.031966766547113314 0.0029127462800500599 -0.0082409167934750852 -0.036541600627499365 0.02361513562451668 -0.043458627987887896 -0.057993221335026546 0.0062286704422397999 -0.001995023663867947 -0.057148818511246556 0.0040333988070359698 0.097572771922538812 0.035906795027907293 -0.070504613885437079 0.25274970498281996 -0.0062617808501504151 0.1129909423149684 -0.023487375318833843 0.89247148418509237 -0.045454024348562765 -0.0088722281783275639 -0.049936849428472554 -0.0096892794252746595 0.025560122938847334 0.039802621248050389 0.10705873991797184 0.050195003403920281 0.33151224610076663
leaf_weight=1224.5750043254957 976.69869957516494 384.89447988948086 186.73057330964366 34587.132511388671 10736.868817017545 1000.2112961499661 424.87508208495274 699.28384366082901 360.82380374857166 13550.714273781909 2321.2377875666862 40.599722865954391 465.06512364646187 315.30438161357597 51.047349947009934 261.50039055808156 6.5531500574725206 96.301008745984291 15.482755348537468 1.9779142928309728 2.2537550529232249 188.57207223665318 52.213977949228138 245.93984480784275 4602.372968921205 366.76475438644411 66.484329381928546 31.737481329226284 39.104520152293844 37.809631111667841
leaf_count=2422567 86890 355223 114679 148673 1079993 172007 156632 485807 69400 1135806 299774 18260 6418 21488 9375 40278 4988 22616 2494 636 136 4594 7674 105876 362910 5667 637 1237 2991 4039
internal_value=-0.000223738 0.000227691 -0.0231512 -0.000152824 -0.00306844 0.000301901 -0.00883656 -0.0104124 0.00422896 0.00522435 -0.00962248 0.00799747 0.0369783 0.0793757 -0.00454258 -0.0100167 -0.0124115 0.0581323 0.140397 0.348956 0.683503 0.0143987 0.0234653 -0.00352106 -0.00904264 0.0537106 0.0975962 0.128703 0.178957 0.243135
internal_weight=73341.1 71929.8 1411.31 70953.1 36366 24929.8 7491.2 11436.2 17438.6 17053.7 2682.06 14371.7 820.969 355.904 6490.99 5037.49 4870.43 167.063 70.7618 19.7144 4.23167 1453.5 1264.93 670.815 4608.93 594.115 227.35 175.136 108.652 69.5471
internal_count=7149765 4612519 2537246 4525629 4376956 2811156 904787 1565800 1906369 1551146 369174 1181972 46166 39748 732780 443433 408176 35257 12641 3266 772 289347 284753 262508 367898 22245 16578 8904 8267 5276
is_linear=0
shrinkage=0.055


Tree=118
num_leaves=31
num_cat=0
split_feature=57 9 56 42 49 9 13 45 45 16 48 30 29 0 25 51 53 51 1 15 28 1 53 14 28 47 16 13 50 9
split_gain=259.028 259.088 389.415 267.587 241.953 321.358 274.424 256.226 324.798 622.473 580.79 319.151 245.302 316.223 232.953 361.218 338.726 365.472 329.303 327.124 245.565 232.073 230.723 278.319 267.338 437.049 374.702 285.944 277.441 230.644
threshold=7.5000000000000009 4.9193377494812021 -0.012451171874999998 1.0000000180025095e-35 6.7131190299987802 4.8621456623077401 3.5408543348312382 0.79830989241600048 0.8010644018650056 1178210.5000000002 85.500000000000014 0.46428571641445165 0.18333333730697635 0.84523808956146251 -13.722517490386961 186.50000000000003 -0.04761987924575805 244.50000000000003 0.30952382087707525 8.39807176589966 24145.000000000004 0.30952382087707525 -0.039364784955978387 5.9571309089660653 24145.000000000004 -12.26583957672119 2301617.5000000005 3.65057384967804 -9.6054368019103986 4.5560796260833749
decision_type=2 2 2 2 2 2 2 2 2 2 2 2 2 2 2 2 2 2 2 2 2 2 2 2 2 2 2 2 2 2
left_child=-1 2 3 4 5 6 -2 11 9 10 -9 -8 22 -14 -5 29 17 21 20 -19 -18 -17 23 -10 27 -26 -27 -25 -28 -16
right_child=1 -3 -4 14 -6 -7 7 8 12 -11 -12 -13 13 -15 15 16 18 19 -20 -21 -22 -23 -24 24 25 26 28 -29 -30 -31
leaf_value=0.015268779022382646 -0.026038752216090626 0.0020291707595957464 -0.06008064119096436 -0.055640719379248617 -0.0028256735955592659 -0.042927092517099821 -0.055952805051917735 0.51707647623119946 -0.056684392328731292 0.001425278965172465 -0.034786353621146932 0.11247971808731598 -0.031062871965446076 0.065980815496661002 -0.018499313300888564 -0.028354435041701157 0.019741831269004657 0.042072841974860213 -0.059634232678853261 0.27887805901025225 0.11490309773060571 0.35381415198975541 -0.0034404320911530532 0.10311136573782134 -0.046508740635830638 0.10368929143618927 0.50251465366408909 0.013034807113513385 -0.022477176914525183 0.008483660737522835
leaf_weight=3405.9480837545561 1954.0933044123885 47824.042980465478 378.74869021868653 178.45179447240662 9903.8668863025086 1152.1048135250676 349.28312483012269 12.640895113741864 71.777069095682236 44.79487460947712 7.6859564190672236 32.990379432594636 752.89792394325195 112.52609018847579 1252.1884741721151 5.0988731786492307 370.16639044630574 157.74369969996042 118.61067659291439 15.333185898023656 101.5095642140368 19.622332479339093 659.52699174091686 148.01641297765309 22.277464843617054 34.913201876173844 13.110823525144953 357.41959775352734 3.1617769686563397 4025.7807838547888
leaf_count=33568 885214 4497463 20561 172629 91163 422102 488601 372 44407 20026 7157 3908 168690 9331 7742 1050 7747 20950 4777 1281 2274 857 18692 34633 14995 4172 727 146879 600 14010
internal_value=0.000468185 -0.000252171 -0.00515363 -0.00418922 -0.00803285 -0.017024 -0.0104642 0.001166 0.00828866 0.124802 0.342735 -0.0401525 0.00452296 -0.0181383 0.00543204 0.00727302 0.0418824 0.10327 0.0206175 0.0702931 0.041212 0.28348 0.0195034 0.0426082 0.0552993 0.150229 0.232373 0.0401653 0.419201 0.00207055
internal_weight=73486.3 70080.4 22256.3 21877.6 15633.1 5729.22 4577.12 2623.02 2240.75 65.1217 20.3269 382.274 2175.63 865.424 6244.51 6066.05 788.085 197.798 590.287 173.077 471.676 24.7212 1310.2 650.676 578.899 73.4633 51.1858 505.436 16.2726 5277.97
internal_count=7146578 7113010 2615547 2594986 2361669 2270506 1848404 963190 470681 27555 7529 492509 443126 178021 233317 60688 38936 24138 14798 22231 10021 1907 265105 246413 202006 20494 5499 181512 1327 21752
is_linear=0
shrinkage=0.055


Tree=119
num_leaves=31
num_cat=0
split_feature=4 41 54 32 13 14 8 22 49 48 35 43 56 8 29 31 27 7 40 56 31 15 6 50 1 52 29 1 26 52
split_gain=228.314 227.596 268.441 244.901 221.353 218.919 228.931 279.424 236.621 264.992 235.564 189.18 194.288 186.346 254.126 253.65 278.493 235.244 228.363 207.562 211.784 376.974 247.738 240.556 556.303 393.724 316.787 372.116 248.222 246.259
threshold=1.0000000180025095e-35 -1.0000000180025095e-35 253.50000000000003 1.2424533367156985 3.3497501611709599 7.136085271835328 2.0126758813858037 3.4175922870635991 3.480473637580872 17.500000000000004 0.89587974548339855 -1.0000000180025095e-35 -0.022705078124999997 1.8688348531723025 0.26785714924335485 2.8029010295867924 0.41293486952781683 2.508723378181458 3.3497501611709599 -100.91870117187499 1.4978661537170412 7.9726383686065683 -5.0963032245635977 -16.09357929229736 0.30952382087707525 0.82692098617553722 0.13392857462167743 0.18333333730697635 2650.5000000000005 0.82998669147491466
decision_type=2 2 2 2 2 2 2 2 2 2 2 2 2 2 2 2 2 2 2 2 2 2 2 2 2 2 2 2 2 2
left_child=1 2 3 5 -2 6 7 10 -9 -10 -1 12 -3 14 19 -16 17 -17 -15 -13 22 -22 -21 24 25 -24 29 -28 -26 -27
right_child=4 11 -4 -5 -6 -7 -8 8 9 -11 -12 13 -14 18 15 16 -18 -19 -20 20 21 -23 23 -25 28 26 27 -29 -30 -31
leaf_value=0.068711698282153386 -0.0088019310170920732 -0.060029043431520802 -0.04366996270617745 -0.039629789397657003 0.017039834862867254 0.1326012467898097 -0.014830114409668527 0.035521058348575177 -0.050111443784852078 0.34053509134340459 -0.072607561932083758 0.04565378385604564 0.05068520747946384 0.00062886113101112738 -0.01991597903653573 0.0096447947307814665 -0.069288997893744236 0.092900208343176638 0.022000904738298858 -0.042398247213816687 -0.033423717252865852 0.050027577253122617 -0.054363949110808614 0.0028684861773204621 0.28278601030497869 0.14713193301518376 0.31668817895051787 -0.044945512525225391 0.051169480328701583 0.0080841384023158692
leaf_weight=89.515517028383329 1316.522792450909 276.61547792606871 802.90554615775181 311.60307133485912 4166.1090196993173 43.074856379753328 376.31101297862187 27.380977255408652 5.1581650953157832 20.256634666526224 52.4749310065381 293.07704310685222 53.795129983787774 52780.374957010965 4544.7281069143792 330.48821218997182 86.090301675634691 144.8324412672664 1552.0028520515334 320.48622712212091 1100.1778659463016 187.66614215991285 138.1680561050307 4021.3848705378477 33.86086234592949 42.491854544583475 21.935464360809419 11.003845920989987 26.014515855204081 207.73222003068076
leaf_count=10973 32045 51703 2620239 87244 67364 3335 62025 6495 134 448 15818 28762 3192 2951714 318359 4463 26630 1477 64372 213367 206486 13659 149880 177565 3701 2100 295 918 11694 13090
internal_value=4.11924e-05 -0.000830847 -0.0205027 -0.000283494 0.0108322 0.0198379 0.0102557 0.0578776 0.159907 0.266046 0.0157916 -0.000315436 -0.0415165 -0.000105544 -0.00646106 -0.0156068 0.0191444 0.0357161 0.00124132 0.00083768 -0.00134725 -0.0211166 0.00394792 0.00729013 0.0438317 0.0204887 0.0573222 0.205877 0.193853 0.0341164
internal_weight=73384.2 67901.6 1728.68 925.775 5482.63 614.172 571.097 194.786 52.7958 25.4148 141.99 66172.9 330.411 65842.5 11510.1 5106.14 561.411 475.321 54332.4 6404 6110.92 1287.84 4823.08 4502.59 481.207 421.331 283.163 32.9393 59.8754 250.224
internal_count=7149547 7050138 2806711 186472 99409 99228 95893 33868 7077 582 26791 4243427 54895 4188532 1172446 350929 32570 5940 3016086 821517 792755 220145 572610 359243 181678 166283 16403 1213 15395 15190
is_linear=0
shrinkage=0.055


Tree=120
num_leaves=31
num_cat=0
split_feature=0 30 53 3 14 14 25 10 30 9 55 9 16 10 14 47 22 19 9 49 8 10 25 26 50 13 51 13 8 43
split_gain=251.692 294.655 211.59 233.171 279.376 232.244 254.379 209.355 196.657 190.86 317.09 235.333 217.1 325.54 314.285 247.031 275.56 232.921 227.599 243.982 236.234 223.698 212.317 338.427 350.894 202.116 289.48 194.98 194.69 193.669
threshold=0.81666666269302379 0.6904762089252473 -100.8667526245117 0.75735294818878185 6.2215831279754648 6.2055668830871591 -7.0704395771026602 7.8242459297180185 0.92857143282890331 4.4013888835906991 0.88891601562500011 4.470381736755372 2301568.0000000005 9.1078610420227069 6.5388629436492929 -5.4076528549194327 4.6395599842071542 4.5000000000000009 4.2679488658905038 -3.8867676258087154 1.7005987167358401 0.89587974548339855 -7.1768500804901114 1053.5000000000002 -11.100204944610594 2.9700856208801274 92.500000000000014 2.8029010295867924 4.7405652999877939 1.0000000180025095e-35
decision_type=2 2 2 2 2 2 2 2 2 2 2 2 2 2 2 2 2 2 2 2 2 2 2 2 2 2 2 2 2 2
left_child=2 -2 3 8 5 -5 -7 -3 -1 10 12 28 15 14 17 16 22 21 19 -18 -20 -14 -4 -24 -25 26 -23 -28 -11 -13
right_child=1 7 9 4 -6 6 -8 -9 -10 11 -12 29 13 -15 -16 -17 18 -19 20 -21 -22 25 23 24 -26 -27 27 -29 -30 -31
leaf_value=-0.04853156559589604 0.011726280788690247 -0.035129049380565845 -0.045910719295129715 0.033597173024493845 -0.031784537412447217 -0.027448968839311125 0.52297549193495407 0.013055836635844089 0.083525186702688409 0.045984035274177514 -0.070231198381158239 -0.00064738173413875992 -0.056421404722897799 -0.076892600308694894 -0.044081830548472554 0.0010094526676225006 0.094853031450721673 0.16768054756554787 0.295664223974686 -0.063709037388905099 -0.041375327071090422 -0.012094984450102387 -0.036194510272179604 0.1606262371105843 -0.0098683692233114354 0.030519584217978544 0.05194432054517379 0.25815820369161424 -0.0760256596078593 0.02365879286912528
leaf_weight=733.07880707425647 8689.3624413745129 744.46659875145997 1236.9305387051427 266.42992052182672 312.0359468946408 3.5142708045314066 1.1833064670790907 425.48453117783356 31.334554968459997 490.41285685055482 257.42803946189815 55779.225969183928 67.90779140048835 96.704755923012272 146.9731646408618 1661.3965473716235 50.402204360245378 38.276099509268533 14.105101773078788 57.547934869871824 7.7360234802472396 33.847970760747558 271.04337802808732 61.484839964425191 79.808569660090143 456.1822811691527 25.455915188431391 36.457685602406855 38.519028943192097 1004.583538606501
leaf_count=2246485 143549 24474 374887 77310 200129 2306 66 7508 2690 31123 30975 3763119 12942 20335 20362 13150 11261 2056 88 12773 2048 554 41065 8640 4795 46530 7208 3295 6763 31034
internal_value=6.47691e-05 0.00823624 -0.00120934 -0.0227291 0.00347258 0.0438902 0.309357 -0.0176243 -0.0426107 -0.000739142 -0.0115122 0.000126389 -0.00795433 0.0160048 0.0275689 -0.0142486 -0.0284604 0.0437817 0.047421 0.0112457 0.190817 0.0348504 -0.0345572 -0.000356948 0.0672777 0.0464856 0.117255 0.18359 0.03647 -0.000215327
internal_weight=73119.3 9859.31 63260 1347.58 583.163 271.127 4.69758 1169.95 764.413 61912.4 4599.69 57312.7 4342.26 901.806 805.101 3440.46 1779.06 658.128 129.791 107.95 21.8411 619.852 1649.27 412.337 141.293 551.944 95.7616 61.9136 528.932 56783.8
internal_count=7149520 175531 6973989 2528986 279811 79682 2372 31982 2249175 4445003 612964 3832039 581989 113282 92947 468707 455557 72585 26170 24034 2136 70529 429387 54500 13435 57587 11057 10503 37886 3794153
is_linear=0
shrinkage=0.055


Tree=121
num_leaves=31
num_cat=0
split_feature=57 24 56 9 13 54 24 15 41 49 6 57 15 16 33 51 16 16 44 23 9 9 15 16 46 33 16 13 53 25
split_gain=226.183 226.724 209.838 361.813 308.202 269.124 254.025 239.201 228.357 558.672 469.992 331.204 519.428 329.972 289.765 268.073 313.298 468.61 376.102 342.615 330.916 310.64 296.204 291.459 264.632 309.74 332.712 328.715 383.763 274.417
threshold=7.5000000000000009 -15.006587028503416 -0.019775390624999997 4.8401389122009286 3.4811217784881596 7.5000000000000009 -14.828420162200926 5.8902609348297128 1.0000000180025095e-35 4.3431277275085458 -2.6268191337585445 451.50000000000006 6.7884085178375253 86459.000000000015 9.7555203437805194 68.500000000000014 2301874.5000000005 2302860.5000000005 1.5000000000000002 2.5000000000000004 4.1879529953002939 4.9860236644744882 6.4093518257141122 2303808.0000000005 3.5588891506195073 4.610145330429078 2303117.5000000005 3.1567740440368657 -0.052733719348907464 -11.234835624694822
decision_type=2 2 2 2 2 2 2 2 2 2 2 2 2 2 2 2 2 2 2 2 2 2 2 2 2 2 2 2 2 2
left_child=-1 -2 5 4 -4 -3 -5 -7 9 10 -9 12 13 -12 24 -10 -17 19 20 -18 -19 -20 -21 -22 25 26 -11 -27 -29 -26
right_child=1 2 3 6 -6 7 -8 8 15 14 11 -13 -14 -15 -16 16 17 18 21 22 23 -23 -24 -25 29 27 -28 28 -30 -31
leaf_value=0.014174199930846006 -0.054150289653738283 0.00887576626674004 -0.076556434147913674 0.15617971113900833 -0.015930966013621945 -0.011003082377676474 -0.0047328506765673042 0.0097795385006437027 0.0005059398376131729 -0.07335282805796435 0.1991597311493441 -0.036873641230083826 -0.040114860399657545 0.017318301209068476 -0.090573304006759794 0.0091177787291088271 -0.051083870606125743 0.10878578908613827 -0.043745735982785812 0.37654389303590996 -0.024921126659478241 0.22839200542253479 0.12688655835739202 0.11299115513400788 -0.036306271436730708 0.13592774560779788 0.04269155928198487 -0.041296480866752396 0.054492242347584645 0.0012859921307386108
leaf_weight=3341.5073625162622 232.1371957402007 10111.95389255193 403.95097913499922 24.859857714778627 677.34273741216748 6261.1738160270761 4919.0768446211296 1098.0800871114043 21697.385987408052 157.77249833320093 57.603186187508982 3047.5059845408905 153.80507632280933 60.315454352094093 98.759233528617187 6282.1578839157301 17.939402902062284 84.112825137824984 15.520614570894393 18.303488820558414 368.83687193031074 41.30105342164461 64.166843596642138 47.937699021131266 611.50802292500157 101.38560574199801 133.70539224692038 162.74433394408697 518.81977876025485 12439.399096981339
leaf_count=33619 466413 18723 27810 3625 19565 1250430 114540 842929 92936 18101 831 2943530 8827 2194 6636 864937 3985 6126 5209 527 51525 5296 2661 1987 26958 4551 5072 27235 4145 287471
internal_value=0.000205904 -0.000462712 -0.000279974 -0.0100858 -0.0388276 0.00064895 -0.00376675 -0.000905503 0.000432743 -0.00430425 -0.0213781 -0.031685 0.0261226 0.110636 0.00100371 0.00351646 0.0129211 0.0488836 0.0284985 0.155387 0.0125705 0.156533 0.200652 -0.00790694 0.0016758 0.0278475 -0.0202992 0.0457867 0.0314856 -0.000488645
internal_weight=73251.1 69909.6 69677.4 6025.23 1081.29 63652.2 4943.94 53540.2 47279.1 18641.4 4417.31 3319.23 271.724 117.919 14224.1 28637.7 6940.28 658.119 557.709 100.41 500.887 56.8217 82.4703 416.775 14125.3 1074.43 291.478 782.95 681.564 13050.9
internal_count=7148394 7114775 6648362 165540 47375 6482822 118165 6464099 5213669 4178480 3798311 2955382 11852 3025 380169 1035189 942253 77316 70143 7173 59638 10505 3188 53512 373533 59104 23173 35931 31380 314429
is_linear=0
shrinkage=0.055


Tree=122
num_leaves=31
num_cat=0
split_feature=18 50 25 55 26 15 2 54 24 8 45 1 10 26 53 35 56 49 25 57 42 36 42 54 54 50 47 56 30 9
split_gain=194.388 193.129 215.12 184.185 174.899 187.354 245.095 222.729 289.27 257.587 205.383 199.285 203.017 189.014 211.682 198.387 171.518 192.676 180.979 222.223 166.206 164.904 164.487 294.162 253.069 217.397 175.488 236.068 324.155 262.508
threshold=1.0000000180025095e-35 -1.0000000180025095e-35 -8.9880409240722638 0.90307617187500011 81.500000000000014 5.1089665889739999 0.4083333313465119 40.500000000000007 -0.016728835180401799 4.7664294242858896 0.80011689662933361 0.26785714924335485 7.439265489578248 384.50000000000006 -0.046384900808334344 1.2424533367156985 -100.89624023437499 8.9140625000000018 -7.4237289428710929 253.50000000000003 1.0000000180025095e-35 1.0000000180025095e-35 1.0000000180025095e-35 1267.5000000000002 1294.5000000000002 -114.61469268798827 -4.3433227539062491 -100.89331054687499 0.92857143282890331 4.7447893619537362
decision_type=2 2 2 2 2 2 2 2 2 2 2 2 2 2 2 2 2 2 2 2 2 2 2 2 2 2 2 2 2 2
left_child=-1 3 -3 4 -2 6 7 8 11 13 -11 16 -13 14 -9 -16 17 -6 19 -18 -5 -15 25 -24 -25 -7 27 28 29 -27
right_child=1 2 -4 20 5 22 -8 9 -10 10 -12 12 -14 21 15 -17 18 -19 -20 -21 -22 -23 23 24 -26 26 -28 -29 -30 -31
leaf_value=-0.078559245461240199 0.015649052395741235 -0.0084812646175367358 0.020090934515486818 -0.047644719051760633 -0.06402460916217298 -0.037562333290941732 -0.063942160020853248 -0.05975646031230155 -0.081050700919166774 0.13561505464830639 -0.023454473991443903 -0.0033071488789500475 -0.068998132730614017 -0.06214004660919685 0.098019408744168118 -0.06030011988576555 0.016766383505813626 0.054898903819839584 0.042182830044128934 -0.074997509965141498 -0.0078798119957624001 0.026362250107779248 0.0037269230305589842 0.23103836638476666 0.041728450747231041 -0.041420990104036617 0.002892678000623631 -0.0010152605818642413 0.046036504655029883 -0.01049111483417201
leaf_weight=90.793727774420404 1987.4744348203676 1119.8716027813061 2740.7316193365841 448.61541434335231 139.74762665157323 502.17297616833821 259.23051267487608 76.406177597906208 122.04908409868949 42.944954514190613 47.773372870477033 762.87203199318901 170.11136734810134 628.78474892518716 82.40184120889171 29.118845364399021 421.03227352416434 53.250676419469528 723.10355026333127 93.239378237514757 1072.0641242935671 68.039683419388894 14174.068789334269 18.335881134087685 321.44867625477491 949.90450824743311 18010.334539539457 20884.661534467967 272.8000390737725 6409.0890330352995
leaf_count=60259 280416 2896 11057 16971 3187 808363 19975 83465 1358 6461 11832 4563 1871 468203 1358 1853 4239 87 1915 2549 43324 35748 337366 1781 78416 543912 100233 2133211 5174 2076386
internal_value=-0.000262736 -0.00015946 0.0118026 -0.000831781 -0.000403048 -0.00089305 -0.0128705 -0.00895833 -0.00020076 -0.031157 0.0549977 0.00413681 -0.0155886 -0.0402503 0.00852738 0.0558674 0.0170125 -0.0306544 0.0245407 -0.000432699 -0.0197285 -0.0533722 -0.000168058 0.00494929 0.0551466 -0.00174771 -0.00135716 -0.00404129 -0.012316 -0.014509
internal_weight=72722.5 72631.7 3860.6 68771.1 67250.4 65262.9 3720.11 3460.88 2485.41 975.47 90.7183 2363.36 932.983 884.751 187.927 111.521 1430.37 192.998 1237.38 514.272 1520.68 696.824 61542.8 14513.9 339.785 47029 46526.8 28516.5 7631.79 7358.99
internal_count=7148429 7088170 13953 7074217 7013922 6733506 648664 628689 19769 608920 18293 18411 6434 590627 86676 3211 11977 3274 8703 6788 60295 503951 6084842 417563 80197 5667279 4858916 4758683 2625472 2620298
is_linear=0
shrinkage=0.055


Tree=123
num_leaves=31
num_cat=0
split_feature=47 48 31 50 47 31 13 50 45 55 48 53 56 8 13 48 40 22 10 7 7 31 15 43 16 12 54 35 50 6
split_gain=270.879 209.438 307.331 284.761 280.308 275.204 255.676 399.499 216.375 293.782 214.944 287.015 276.419 213.017 206.716 198.685 285.611 197.847 187.098 292.469 254.004 187.007 178.471 177.559 194.454 243.538 231.217 258.697 395.228 430.232
threshold=-116.39890670776366 982.50000000000011 2.6020033359527592 -18.866843223571774 -109.32284927368163 2.1383330821990971 3.5972183942794804 -7.1366455554962149 0.82010406255722057 0.82934570312500011 660.50000000000011 -0.057616114616394036 -100.90942382812499 4.0517470836639413 3.65057384967804 764.50000000000011 2.9700856208801274 4.863673448562623 8.6130485534667987 1.3824248909950259 1.3456293344497683 2.6735538244247441 7.387399673461915 1.0000000180025095e-35 2169981.0000000005 1.0000000180025095e-35 1651.5000000000002 2.2769384384155278 -16.857562065124508 -0.024837171658873555
decision_type=2 2 2 2 2 2 2 2 2 2 2 2 2 2 2 2 2 2 2 2 2 2 2 2 2 2 2 2 2 2
left_child=18 3 4 8 -3 13 7 -4 -2 10 11 12 -10 17 -14 16 -12 -6 -1 20 -20 -21 -16 24 25 -5 -26 -28 29 -29
right_child=1 2 6 23 5 -7 -8 -9 9 -11 15 -13 14 -15 22 -17 -18 -19 19 21 -22 -23 -24 -25 26 -27 27 28 -30 -31
leaf_value=-0.031587276979907271 -0.055100947709572613 -0.0054343598276274845 -0.058493447742204094 -0.0014295590853981325 0.042215066264027719 -0.057186570083981557 0.06557087741464207 0.081302786432395316 -0.051615540869942182 -0.048045260475965634 -0.039090984717592828 -0.058727845807522328 -0.045739392386802837 -0.012807788924580829 0.18239386545407615 0.029891549855806027 0.27206354340984629 -0.060155676281872017 0.076065583225848762 -0.057409618284861269 0.43421533282800506 0.08372180361288066 -0.042353315075995039 0.022219303714714089 0.0032471274192286538 -0.034373472712912731 0.0063248094335711363 0.098771909748942358 0.043751645664941684 0.49825880365705238
leaf_weight=1206.3784937557648 479.76072146501974 2650.1316516372608 148.83277832384192 43251.282296155623 1302.9794068111296 116.98195483766176 513.96098717702262 98.406625186966266 46.702430084718799 285.82055044884328 10.980030545193584 129.12766270359862 18.723252321899054 305.45692761250393 60.878320983509184 67.628907812446414 25.691015603384585 55.460379202253534 57.209215052011132 99.356422094264417 2.2994420061877454 34.195984044745273 10.771364984524551 1112.6735683313455 19251.057387644585 684.63958731239836 560.31890960974852 34.819098504813155 365.68265146186604 7.3972216316251425
leaf_count=819676 1315452 965252 83764 2141710 261096 42042 71822 826 32881 27910 7594 15328 9480 75160 4221 32145 6240 27124 7705 77121 205 2847 4018 7580 406090 59210 426054 24364 185655 8425
internal_value=0.000372814 0.000841995 0.0114747 9.81178e-06 0.00590586 0.0227493 0.043641 -0.00234286 -0.0272285 -0.00659172 0.0256011 -0.00104325 0.0534512 0.0285237 0.107606 0.0905419 0.185386 0.0378303 -0.0235483 0.0262142 0.122488 -0.0195558 0.148048 0.000485985 0.000107352 -0.00194677 0.00457027 0.0307265 0.0637638 0.214122
internal_weight=72995.6 71596.2 5192.21 66404 4431.01 1780.88 761.2 247.239 1136.08 656.324 370.503 266.203 137.075 1663.9 90.3729 104.3 36.671 1358.44 1399.44 193.061 59.5087 133.552 71.6497 65267.9 64155.2 43935.9 20219.3 968.218 407.899 42.2163
internal_count=7148997 6241443 1527086 4714357 1370674 405422 156412 84590 1455269 139817 111907 65928 50600 363380 17719 45979 13834 288220 907554 87878 7910 79968 8239 3259088 3251508 2200920 1050588 644498 218444 32789
is_linear=0
shrinkage=0.055


Tree=124
num_leaves=31
num_cat=0
split_feature=18 50 9 22 47 33 29 51 26 27 8 28 45 13 16 56 50 45 45 28 25 33 38 16 31 54 49 47 48 53
split_gain=190.654 183.919 198.906 200.669 262.405 322.703 322.712 245.561 231.858 268.914 221.273 265.939 239.338 311.72 219.72 438.976 244.578 217.729 353.493 311.732 434.645 234.805 462.826 518.585 397.974 296.238 226.743 284.069 215.022 212.948
threshold=1.0000000180025095e-35 -1.0000000180025095e-35 4.9355530738830575 3.5972183942794804 -5.4076528549194327 5.3155903816223153 0.30952382087707525 42.500000000000007 73.500000000000014 2.4653425216674809 5.9519429206848153 5058.0000000000009 0.82506504654884349 3.9219243526458745 44726.500000000007 -100.91333007812499 -13.991899967193602 0.79919466376304638 0.80888608098030101 1659.5000000000002 -6.4721848964691153 7.0904934406280526 1.0000000180025095e-35 2097893.5000000005 1.4978661537170412 1437.5000000000002 1.5828133225440981 -7.1798448562622061 26.500000000000004 -0.037638455629348748
decision_type=2 2 2 2 2 2 2 2 2 2 2 2 2 2 2 2 2 2 2 2 2 2 2 2 2 2 2 2 2 2
left_child=-1 2 3 4 10 -6 7 28 -5 14 17 -12 13 -13 15 16 -10 -2 19 -19 21 25 -23 -24 -25 26 27 -21 -7 -9
right_child=1 -3 -4 8 5 6 -8 29 9 -11 11 12 -14 -15 -16 -17 -18 18 -20 20 -22 22 23 24 -26 -27 -28 -29 -30 -31
leaf_value=-0.07813773870795189 -0.037385235178387488 0.011960726658517884 0.0018296730519385546 0.037025070889378467 -0.0073783857637774539 0.027796159172751762 0.003411160765373174 0.13643129147519609 0.24025990452900503 -0.054243012894560558 -0.033691330092611757 0.074475600523251792 0.022737380203058672 0.33641374918977635 -0.017712184733839179 -0.03510224261838759 0.059281987289731386 -0.041914771294521133 -0.010052590871229283 -0.017004108979420281 0.32141184044280957 0.028338885146268485 0.11015530059199083 -0.021627273599732967 0.69146870720332376 0.095771519186746021 -0.055229960692149964 0.21497830714621766 -0.059803560355895097 0.039916046314662036
leaf_weight=88.812986120974529 790.38640095373557 3881.2349171118694 44781.784182373209 225.00237586576259 3940.7325834287403 1489.5178722045384 3471.1624166687325 109.96490630427434 28.378213038507965 573.01085634454648 158.12548051067279 95.254411401750986 287.32546117689344 12.244739200483307 2506.6594726617332 121.41001505479653 86.208726131204457 123.65179795772565 9315.7050248092128 43.782838948376593 12.970542980547178 88.00770943491807 33.637670895950578 2.6634288175482634 5.6631654993980192 94.131607295421418 150.56459852683474 19.557637050980702 85.240858823730377 189.69511094334302
leaf_count=60413 967515 14008 4304870 23502 26584 2901 11940 11478 3755 221387 31958 20003 4358 1802 222891 12766 2950 51148 1027718 29271 549 19658 6686 1451 749 46011 19589 520 752 1093
internal_value=0.000218749 0.000319806 -0.000337313 -0.00437006 -0.00228177 0.00455759 0.0133554 0.0317127 -0.0164525 -0.0201317 -0.00793504 0.0258422 0.0498083 0.117938 -0.0129193 0.0373001 0.112274 -0.00969499 -0.00746436 0.0342199 0.0553256 0.0439075 0.104462 0.244093 0.540836 0.0170971 -0.0189213 0.065113 0.0228802 0.0769916
internal_weight=72812.5 72723.7 68842.4 24060.7 20520 9286.31 5345.58 1874.42 3540.67 3315.67 11233.7 552.95 394.825 107.499 2742.66 235.997 114.587 10680.7 9890.34 574.631 450.979 438.009 129.972 41.9643 8.32659 308.037 213.905 63.3405 1574.76 299.66
internal_count=7150276 7089863 7075855 2770985 2283734 54748 28164 16224 487251 463749 2228986 58121 26163 21805 242362 19471 6705 2170865 1203350 175632 124484 123935 28544 8886 2200 95391 49380 29791 3653 12571
is_linear=0
shrinkage=0.055


Tree=125
num_leaves=31
num_cat=0
split_feature=42 50 15 15 7 22 45 51 25 25 7 29 51 0 31 16 50 49 49 2 45 7 54 24 37 29 27 49 2 54
split_gain=177.959 261.32 367.502 249.408 482.671 341.253 243.097 451.612 241.826 259.94 742.705 507.246 246.322 278.222 232.626 312.512 293.998 239.104 512.924 448.139 422.524 291.957 229.491 226.714 332.154 293.596 279.648 224.387 268.684 418.786
threshold=1.0000000180025095e-35 -11.265707969665526 7.387399673461915 7.1758723258972177 1.5983874797821047 2.0126758217811589 0.84840014576911937 50.500000000000007 -7.7946922779083243 -7.8723735809326163 1.2282000780105593 0.46428571641445165 25.500000000000004 0.30952382087707525 1.8688348531723025 84435.000000000015 -122.6723175048828 6.7131190299987802 7.9566824436187753 0.38750000298023229 0.84560769796371471 2.6181311607360844 79.500000000000014 -2.8265535831451412 1.0000000180025095e-35 0.92857143282890331 52.682279586791999 8.9140625000000018 0.19090909510850909 14.500000000000002
decision_type=2 2 2 2 2 2 2 2 2 2 2 2 2 2 2 2 2 2 2 2 2 2 2 2 2 2 2 2 2 2
left_child=1 2 3 -1 -5 -6 7 -2 9 12 11 -11 13 -4 17 -16 -17 -9 20 -20 21 -19 -8 24 26 -26 -3 28 -25 -30
right_child=6 23 8 4 5 -7 22 14 -10 10 -12 -13 -14 -15 15 16 -18 18 19 -21 -22 -23 -24 27 25 -27 -28 -29 29 -31
leaf_value=-0.0067879676492037392 0.0040869248135372988 0.022318196690466568 0.057818528888723165 -0.052273602080431351 0.058770716053715609 -0.056937665392697595 0.0051973496224984534 0.04518858371551663 -0.064506038297693566 -0.027014312052879352 -0.020375711161263445 0.68355432518767789 -0.029287952596328017 -0.035692747976958261 0.11588271252382125 0.22294850710586947 -0.052258084960792567 -0.047757117583941293 -0.057417169024843527 0.17078160872559678 0.37919876417911691 0.18655700355257362 -0.013582599524986905 -0.0019844392498201504 0.050145520350150824 -0.05140141671037337 -0.011037918387625354 0.0026003226675394425 0.0010676212782207027 -0.036639604730230702
leaf_weight=4919.4212740151925 1947.0143559337594 1376.542103361593 222.70727875205921 191.26988609979162 636.90346172999125 83.602163998759352 12949.158280702919 581.88674383131001 414.42330846992263 3.9860710033681226 36.132396511122352 4.2261457545828307 2059.510732814364 162.29156708996743 49.367361301367055 7.6815592181374077 168.66661876474973 20.552793386857957 66.087607309862506 36.247501947626006 25.679111670411658 48.343590312171727 2316.1303956702104 13229.38850953232 897.5377654017866 91.184897895655013 1686.1411649988149 25243.180461476499 1675.9154240724165 1896.6719487547307
leaf_count=2987474 6927 23265 1898 127835 240391 88626 75252 46079 313581 3519 19044 87 1401024 2372 1969 703 16308 1300 2965 349 328 1082 462172 1051355 30331 3559 92090 74051 3716 69599
internal_value=0.000432034 -0.00113277 -0.0098526 -0.00188585 0.0244559 0.0450449 0.00514099 0.0195763 -0.025823 -0.0192653 0.105902 0.458955 -0.0217475 0.0184478 0.0494299 0.000225763 -0.0344539 0.0635981 0.115534 0.027602 0.204516 0.118156 0.00234444 0.000520366 0.0129378 0.0405689 0.00396614 -0.000677556 -0.00560153 -0.0189742
internal_weight=73047.9 54831 8734.47 5831.2 911.776 720.506 18216.8 2951.53 2903.28 2488.85 44.3446 8.21222 2444.51 384.999 1004.51 225.716 176.348 778.797 196.911 102.335 94.5755 68.8964 15265.3 46096.6 4051.41 988.723 3062.68 42045.2 16802 3572.59
internal_count=7149251 6533817 5185851 3444326 456852 329017 615434 78010 1741525 1427944 22650 3606 1405294 4270 71083 18980 17011 52103 6024 3314 2710 2382 537424 1347966 149245 33890 115355 1198721 1124670 73315
is_linear=0
shrinkage=0.055


Tree=126
num_leaves=31
num_cat=0
split_feature=18 56 32 50 32 10 24 43 1 42 13 53 1 9 52 10 46 53 8 37 25 49 15 28 39 26 48 56 15 53
split_gain=169.36 170.404 445.579 319.807 266.931 260.919 214.227 231.166 231.089 209.35 199.809 214.561 229.003 242.313 277.98 277.882 242.092 279.922 250.479 265.667 245.93 296.729 514.846 282.565 308.019 269.752 237.313 321.543 225.257 222.235
threshold=1.0000000180025095e-35 -100.88500976562499 3.5972183942794804 -4.3811669349670401 3.7954261302948002 10.130654811859133 -0.29797270894050593 1.0000000180025095e-35 0.23611111193895343 -1.0000000180025095e-35 2.9700856208801274 -0.055661678314208977 0.18333333730697635 4.7647428512573251 0.80264297127723705 9.2104907035827654 4.9422855377197275 -0.018036961555480954 1.2424533367156985 1.0000000180025095e-35 -11.496982574462889 4.3431277275085458 6.2470748424530038 7086.0000000000009 1.0000000180025095e-35 124.50000000000001 26.500000000000004 -0.014404296874999998 8.632395267486574 -100.86584472656249
decision_type=2 2 2 2 2 2 2 2 2 2 2 2 2 2 2 2 2 2 2 2 2 2 2 2 2 2 2 2 2 2
left_child=-1 2 3 5 10 9 7 8 -5 -2 -3 29 28 14 -14 -16 17 20 19 -18 -15 22 23 25 -25 -22 -20 -28 -13 -12
right_child=1 4 -4 6 -6 -7 -8 -9 -10 -11 11 12 13 16 15 -17 18 -19 26 -21 21 -23 -24 24 -26 -27 27 -29 -30 -31
leaf_value=-0.075537854705932272 -0.043427303007108752 -0.0072098248284211365 0.033457607860586019 -0.075002925970582154 -0.050787680758130345 -0.064736545255008673 0.0053946046535160381 0.051315597219063015 -0.013320261161629793 -0.0075335902379001507 -0.033724218280761102 0.0078128007305908031 0.066687139380699284 -0.023623627250787732 -0.026822147989972372 0.033385337885377446 -0.068643205419650147 0.038759298539013803 0.0037700261395013854 0.012070271643659983 0.074343272085624273 0.048150802198692513 -0.043310894200637176 0.058875808943207819 0.27861643238235878 -0.065804128539250259 -0.0090546114923395673 -0.085733373159889437 -0.076998403622920458 0.018755119902027412
leaf_weight=83.654363438225118 505.38014497856057 5315.1838028973798 967.71408082207927 245.11597459574114 277.65177398152446 252.40358456175454 9496.464902876025 115.79755235568155 703.71995866438374 13540.032870878 255.01761533236277 17283.61435515323 110.43523409523186 671.23613860071055 2255.9873451884923 254.12298819373245 330.38836816709954 1014.8086937416811 10159.479849850526 193.04481590521755 85.070803137437906 534.67878193472279 423.0113191233977 66.089480342750903 24.729952077759663 72.198052551742876 3244.956327296386 169.46107355796266 90.291891836284776 4103.4076010387289
leaf_count=60514 1197915 527224 59248 6140 29537 122044 55431 316 4850 2669813 378337 301906 5175 90409 36811 2693 2308 3537 17833 822 291 3181 20332 2161 267 3485 23885 1613 2478 1519171
internal_value=0.000434238 0.000526768 -0.00306098 -0.00448903 0.0025011 -0.00984915 0.00276883 -0.0205687 -0.0295646 -0.00884011 0.00282362 0.0041143 0.00275299 -0.00132074 -0.016871 -0.0206725 0.00108212 0.0155637 -0.00189299 -0.0390431 0.00295331 0.0177847 -0.00658578 0.0556522 0.130127 0.00996006 -0.000446566 -0.0129801 0.00735001 0.0156494
internal_weight=72845.1 72761.5 25826.6 24858.9 46934.9 14297.8 10561.1 1064.63 948.836 14045.4 46657.2 41342 36983.6 19609.7 2620.55 2510.11 16989.2 2891.82 14097.3 523.433 1877.01 1205.78 671.1 248.088 90.8194 157.269 13573.9 3414.42 17373.9 4358.43
internal_count=7149727 7089213 4115757 4056509 2973456 3989772 66737 11306 10990 3867728 2943919 2416695 519187 214803 44679 39504 170124 123663 46461 3130 120126 29717 26536 6204 2428 3776 43331 25498 304384 1897508
is_linear=0
shrinkage=0.055


Tree=127
num_leaves=31
num_cat=0
split_feature=45 47 1 10 29 52 8 48 31 13 49 31 52 33 47 19 51 19 26 16 45 15 15 45 15 14 14 16 51 54
split_gain=312.149 174.44 237.124 222.268 195.929 166.45 167.868 165.487 231.217 279.451 295.575 237.388 307.219 260.347 214.956 252.04 250.227 238.703 209.174 226.95 197.277 186.11 453.568 339.923 304.277 261.582 304.338 223.618 247.165 221.491
threshold=0.763332098722458 -116.39890670776366 0.38750000298023229 8.2941746711730975 0.53571429848670971 0.81828957796096813 2.6020033359527592 982.50000000000011 2.6020033359527592 3.5972183942794804 4.8458251953125009 1.8688348531723025 0.79106718301773082 4.9904096126556405 -109.32284927368163 6.5000000000000009 1222.5000000000002 2.5000000000000004 46.500000000000007 731.50000000000011 0.81212550401687633 7.2906336784362802 7.2323718070983896 0.86316621303558361 7.8881468772888192 7.1510934829711923 7.136085271835328 86467.500000000015 50.500000000000007 14.500000000000002
decision_type=2 2 2 2 2 2 2 2 2 2 2 2 2 2 2 2 2 2 2 2 2 2 2 2 2 2 2 2 2 2
left_child=-1 2 3 -2 -4 -5 -7 -3 11 10 -10 13 -13 14 15 18 20 -18 -9 -20 -16 22 25 -24 -23 26 29 -26 -29 -15
right_child=1 7 4 5 -6 6 -8 8 9 -11 -12 12 -14 21 16 -17 17 -19 19 -21 -22 24 23 -25 27 -27 -28 28 -30 -31
leaf_value=-0.041261879268914087 -0.041822589424586068 0.00068030533931136999 0.054647985882306946 -0.055593726261390197 -0.054415379323712439 -0.0525089866391691 0.070984332345876561 0.034721770207901299 -0.052660511959065667 0.06102577567177031 0.080522641745505108 0.046886533232835252 -0.041630246438891794 0.069209107861930769 -0.056357757337070095 0.21891586801204155 -0.054719203698498795 0.051657374970207268 0.046395323520274263 -0.049845227441391506 0.063259566831508393 -0.039642104838423606 -0.046579543733755772 0.21348431763932829 0.070845762333157675 -0.059294596954254174 0.18238225662494678 0.052484689992426142 -0.058546094624910727 0.014912276043080574
leaf_weight=526.57808255779673 888.47267223771632 65926.767794236002 200.82098807190778 65.485728094346996 61.331184323811613 39.024340522264538 142.56687068917381 135.05642968506436 158.40375441089418 522.66620237148891 67.974180172401248 145.85776396420988 557.32785795869131 306.14093213912565 43.945978538264171 7.8275803623109814 191.79584182622057 89.827888656087453 79.794933005883649 639.27049234719743 318.14673284869059 307.34857425157679 17.475874185620341 63.998855321973679 214.10934313578036 92.165317877879716 35.991778355302813 109.66672139817092 123.81768304239085 858.51244723915443
leaf_count=904911 622097 3872083 99517 79131 57381 16334 16928 30572 82968 70610 434 82300 166465 1945 16574 108 96447 28553 8882 337362 11428 102348 7404 3160 17318 45597 4362 834 49077 316693
internal_value=0.000730738 0.00103894 -0.0181681 -0.0290409 0.0285914 0.0168389 0.0437494 0.00141822 0.0109712 0.0390858 -0.0117939 0.00607738 -0.0230683 0.0117397 -0.00575565 -0.023656 0.0182109 -0.0204796 -0.0271402 -0.0389187 0.0481721 0.0240959 0.036112 0.158234 0.00212817 0.0278357 0.0347423 0.0309316 -0.00638836 0.0294196
internal_weight=72938.2 72411.6 1397.7 1135.55 262.152 247.077 181.591 71013.9 5087.12 749.044 226.378 4338.08 703.186 3634.89 1505.67 861.949 643.716 281.624 854.122 719.065 362.093 2129.23 1374.29 81.4747 754.942 1292.81 1200.65 447.594 233.484 1164.65
internal_count=7149823 6244912 891388 734490 156898 112393 33262 5353524 1481441 154012 83402 1327429 248765 1078664 529926 376924 153002 125000 376816 346244 28002 548738 379161 10564 169577 368597 323000 67229 49911 318638
is_linear=0
shrinkage=0.055


Tree=128
num_leaves=31
num_cat=0
split_feature=53 45 25 31 33 40 13 15 26 41 51 40 29 0 32 25 33 15 30 31 13 51 2 42 6 47 28 14 33 47
split_gain=183.101 202.414 187.099 247.919 252.929 203.62 242.485 216.387 170.279 178.613 262.232 184.478 194.847 280.026 267.919 240.818 218.454 208.562 310.037 184.927 287.651 262.647 270.285 219.132 312.144 342.161 294.041 228.234 226.084 361.168
threshold=-1.0000000180025095e-35 0.89312580227851879 -8.0523972511291486 2.0126758813858037 1.8688348531723025 2.3502402305603032 3.0201274156570439 8.10937547683716 4.5000000000000009 1.0000000180025095e-35 1173.5000000000002 3.4498615264892583 0.18333333730697635 0.41428571939468389 3.860674381256104 -21.711912155151364 9.1187891960144061 8.4662156105041522 0.26785714924335485 2.0126758813858037 3.6762205362319951 50.500000000000007 0.64583334326744091 1.0000000180025095e-35 -0.027874349616467949 -123.54420471191405 22.500000000000004 6.7962646484375009 7.3168756961822519 -111.63571548461913
decision_type=2 2 2 2 2 2 2 2 2 2 2 2 2 2 2 2 2 2 2 2 2 2 2 2 2 2 2 2 2 2
left_child=1 8 3 4 -3 -6 -7 -8 -1 10 -10 12 16 14 17 -15 19 -14 -19 21 -21 -11 23 24 27 -26 -25 -23 29 -28
right_child=-2 2 -4 -5 5 6 7 -9 9 11 -12 -13 13 15 -16 -17 -18 18 -20 20 -22 22 -24 26 25 -27 28 -29 -30 -31
leaf_value=0.048781377917128305 0.011478630410797467 -0.045481584890711753 0.0074604711816817831 -0.052414452436180058 0.045732053367809451 -0.080453898448135552 0.0024394384284757544 -0.11845017843087725 -0.0028405638430219638 0.0034693564378713037 -0.027885895624289336 0.043839596530427599 -0.011764305696032842 0.10510681052364626 0.037744351933478699 0.0034622378427337616 -0.035525600621635123 0.040031551603661578 -0.050694679426376434 -0.032006697445301519 0.011093637086871562 0.029301592249146906 0.10382801440227218 -0.032683190892557723 0.16921910624318104 -0.021041348052091697 -0.056177840081184371 -0.013035758438266992 -0.013962708275430008 0.061064087104720756
leaf_weight=206.80629454223526 3645.744350071036 517.42912978178356 933.9404384046793 590.6354080228557 231.48929331585532 126.79659089537745 1211.9292476302217 41.502662842263817 24889.599026362492 8266.889141090156 1327.4431152014076 307.79784074111376 9896.0806983878356 65.946440236832132 366.73095884357463 11654.645803720909 365.98098006089276 513.11901163874427 141.46272728791519 870.27742884381587 1003.690567102356 1881.0966418146127 107.46083952604386 168.69153021267266 24.470049130817642 995.32269577356055 81.994770074743428 480.90117365671904 176.54941516398685 1069.7901534742705
leaf_count=24563 4979 40009 1330 49085 5013 21255 51081 2536 3347089 26698 1989438 8407 469752 23711 10062 273497 30751 11050 4852 95632 53088 298574 4168 106949 1336 60092 9397 100783 10196 13849
internal_value=-0.000523202 -0.00116261 -0.013749 -0.0210324 -0.0122245 -0.00143998 -0.00948809 -0.00201809 -0.000452608 -0.000613847 -0.00411376 0.00177347 0.00142821 -0.00182427 -0.00816052 0.00407872 0.00617967 -0.00977325 0.0201889 0.00720008 -0.00895422 0.00948677 0.0194497 0.0174868 0.00970544 -0.0156727 0.0349742 0.0206724 0.0436567 0.052511
internal_weight=72162.2 68516.5 3653.72 2719.78 2129.15 1611.72 1380.23 1253.43 64862.7 64655.9 26217 38438.9 38131.1 22638 10917.4 11720.6 15493.1 10550.7 654.582 15127.1 1873.97 13253.2 4986.28 4878.82 3381.79 1019.79 1497.03 2362 1328.33 1151.78
internal_count=7149222 7144243 170309 168979 119894 79885 74872 53617 6973934 6949371 5336527 1612844 1604437 792924 495716 297208 811513 485654 15902 780762 148720 632042 605344 601176 460785 61428 140391 399357 33442 23246
is_linear=0
shrinkage=0.055


Tree=129
num_leaves=31
num_cat=0
split_feature=47 42 43 48 56 3 7 50 7 51 56 48 56 56 26 49 57 35 31 45 6 14 52 48 15 10 52 47 50 10
split_gain=187.745 157.785 279.522 264.61 299.555 227.502 286.03 219.012 369.172 351.324 291.568 275.273 238.884 217.859 217.846 238.233 387.068 266.709 307.003 344.265 257.755 251.883 249.428 271.482 313.902 303.554 351.375 348.543 372.193 261.729
threshold=-121.68048858642577 1.0000000180025095e-35 -1.0000000180025095e-35 160.50000000000003 -0.047119140624999993 0.80625000596046459 7.0092246532440194 -24.948117256164547 1.8839673399925234 855.50000000000011 -100.92065429687499 193.50000000000003 -100.90258789062499 -0.022705078124999997 46.500000000000007 8.9140625000000018 193.50000000000003 1.8317808508872988 2.6020033359527592 0.77660623192787182 -4.6701767444610587 7.5052170753479013 0.77674004435539257 59.500000000000007 7.0089571475982675 5.5234570503234872 0.83278146386146557 -7.1798448562622061 -8.562098026275633 6.8040599822998056
decision_type=2 2 2 2 2 2 2 2 2 2 2 2 2 2 2 2 2 2 2 2 2 2 2 2 2 2 2 2 2 2
left_child=-1 14 13 -4 7 6 -6 8 -5 -10 -9 12 -12 -3 -2 16 -16 22 21 -20 -17 -19 -18 24 -24 -25 27 -27 29 -29
right_child=1 2 3 4 5 -7 -8 10 9 -11 11 -13 -14 -15 15 20 17 18 19 -21 -22 -23 23 25 -26 26 -28 28 -30 -31
leaf_value=-0.036858542335402034 0.022890743554938284 -0.072912360618536218 0.0027354346456285703 0.1698560927425922 -0.016147512922947194 -0.011977795916714521 0.071800197316085335 -0.032985919737287338 0.13709422113787897 -0.052308933359609323 0.12179478479921661 0.025849442583472212 -0.010161567026528895 0.050001438756785588 0.0077438804004075915 -0.031487481698303614 -0.028400774123796539 -0.01655828942132084 0.098938291770545 0.00029655639326388582 0.0031302109731723387 -0.055661814882354568 -0.024251802571273552 -0.021806790556208315 0.0053860679889508271 0.018323212303812769 -0.0064796774486293677 0.24249062384889944 0.051321142366410395 -0.039689701255123999
leaf_weight=398.08756321197143 1153.1751163169974 221.1745593522428 14243.481918783058 86.633494520923705 193.06798923756287 1106.085652383932 256.01119907877728 209.80257698392961 43.083452020262484 72.573676964173501 172.3112586811767 1349.2779760461344 53.227827755952603 50.280576795994421 5536.7294706036337 661.70127353548014 975.68318931366957 8034.020944639582 110.79085329388181 1414.6540231100007 27029.622233221606 527.57105200924707 2070.2547453854349 715.77508594076062 2253.234453075449 1789.7255095051805 1221.3992675063637 49.325204260181636 461.49275114087504 10.604970603395484
leaf_count=340922 128331 40267 59935 2459 25442 242602 44096 21804 1911 50566 1993 62753 1479 2937 511660 26177 1621229 2463981 56267 212010 101211 194556 28171 175355 20690 591652 93736 1039 21475 2074
internal_value=0.000572965 0.000782257 0.00523239 0.0060838 0.0195255 0.0014319 0.0342283 0.0336483 0.0873106 0.021003 0.0273386 0.0354543 0.0911078 -0.0496529 -0.00070573 -0.00122259 -0.00509475 -0.00871616 -0.0149503 0.00776059 0.00229746 -0.018999 -0.00212533 0.000880274 -0.00881732 0.0107482 0.0173661 0.0299549 0.0693263 0.193346
internal_weight=72470.9 72072.8 18057 17785.6 3542.08 1555.16 449.079 1986.91 202.291 115.657 1784.62 1574.82 225.539 271.455 54015.8 52862.6 25171.3 19634.5 10087 1525.44 27691.3 8561.59 9547.5 8571.81 4323.49 4248.32 3532.55 2311.15 521.423 59.9302
internal_count=7148780 6807858 558244 515040 455105 312140 69538 142965 54936 52477 88029 66225 3472 43204 6249614 6121283 5993895 5482235 2926814 268277 127388 2658537 2555421 934192 48861 885331 709976 616240 24588 3113
is_linear=0
shrinkage=0.055


Tree=130
num_leaves=31
num_cat=0
split_feature=1 53 50 26 54 47 55 13 9 45 55 13 0 8 54 52 15 54 9 16 25 46 50 56 25 26 19 57 10 47
split_gain=230.453 272.901 222.66 188.884 160.925 224.07 164.077 150.066 171.675 259.746 309.229 262.298 189.97 181.35 168.334 213.408 195.071 298.261 252.596 188.122 188.246 188.071 192.256 179.969 165.54 151.15 184.857 215.564 172.471 149.03
threshold=0.18333333730697635 -100.88603591918944 -114.61469268798827 4.5000000000000009 59.500000000000007 -116.39890670776366 0.82934570312500011 3.4175922870635991 4.6367657184600839 0.86003205180168163 0.84497070312500011 3.113268375396729 0.41428571939468389 2.1383330821990971 7.5000000000000009 0.83758556842803966 8.5478196144104022 59.500000000000007 4.9448547363281259 2097892.5000000005 -6.982757329940795 11.787520408630373 -12.129750728607176 -0.022705078124999997 -6.4721848964691153 124.50000000000001 3.5000000000000004 301.50000000000006 5.0139575004577646 -121.02257156372069
decision_type=2 2 2 2 2 2 2 2 2 2 2 2 2 2 2 2 2 2 2 2 2 2 2 2 2 2 2 2 2 2
left_child=1 -1 4 -2 5 -3 -7 8 9 10 12 13 -5 -12 15 24 -16 19 -19 20 29 22 -20 -17 -9 -10 -27 28 -28 -18
right_child=3 2 -4 7 -6 6 -8 14 25 -11 11 -13 -14 -15 16 23 17 18 21 -21 -22 -23 -24 -25 -26 26 27 -29 -30 -31
leaf_value=-0.046398934878358347 0.058364039998589086 -0.054946410989155856 0.0042337177361048998 -0.0060917280223986604 -0.054526598372382024 0.13810468342976578 -0.0064898138015991695 -0.10000115426689757 0.022910360435877401 -0.052678401987564696 0.11607134260435029 -0.078891793646672051 -0.085286503833992888 -0.066285019123887887 -0.0045732771506875308 0.019159910006425803 0.056975290085758586 -0.01013050105285327 -0.051070580314273507 0.012385102227461243 0.035366795837495919 -0.053561737803835913 0.080816558760166801 -0.0010086913983839787 0.018413072319359014 -0.0035408446731687079 -0.067998912530622735 -0.039515334265072172 0.0013644462492728906 -0.11074035741946243
leaf_weight=327.28460044531676 146.03952803114953 78.250631775285001 33539.791256750985 392.67582150938688 331.64736957266723 44.397883005374752 44.878255562318373 91.891973233781755 513.80767077293422 622.5959665873379 118.9607390908277 29.109067281322496 114.86932239482849 15.725805436421068 18951.727229101358 2771.6913823612267 15.255319454619892 207.5140912683346 32.884166908086627 280.60382807863061 45.290499059017748 36.136440618298366 433.56514164270629 2582.7749390059616 54.40526475943625 7863.1562898726916 115.33295617004478 1052.2255326159284 1095.2009272298455 120.05994973596535
leaf_count=1043424 11226 11004 3230302 79185 613496 2076 2889 643 58215 64692 5929 5864 12270 1994 1305042 3951 72 22880 22753 1241 54 262 8548 5182 64 457966 7580 127403 41521 1384
internal_value=-5.21133e-05 0.00320528 0.00368896 -0.00302121 -0.0325923 0.0111522 0.0689292 -0.00326764 -0.00836064 -0.0272399 -0.0034335 0.0611601 -0.0246725 0.0931692 -0.000894536 0.00762754 -0.00322542 0.0185096 0.0407668 -0.0158283 -0.0588156 0.0616747 0.0710756 0.00943954 -0.0568118 -0.00605293 -0.00753317 -0.0213682 -0.00549663 -0.0904758
internal_weight=72069.7 34366.2 34039 37703.5 499.174 167.527 89.2761 37557.5 11933.7 1293.94 671.341 163.796 507.545 134.687 25623.8 5500.76 20123 1171.31 710.1 461.21 180.606 502.586 466.449 5354.47 146.297 10639.7 10125.9 2262.76 1210.53 135.315
internal_count=7149112 4903191 3859767 2245921 629465 15969 4965 2234695 862619 169934 105242 13787 91455 7923 1372076 9840 1362236 57194 54443 2751 1510 31563 31301 9133 707 692685 634470 176504 49101 1456
is_linear=0
shrinkage=0.055


Tree=131
num_leaves=31
num_cat=0
split_feature=47 8 27 8 33 45 50 52 48 51 41 52 8 13 12 51 25 10 27 47 8 52 19 51 50 39 53 15 51 7
split_gain=217.555 184.874 259.244 207.167 247.183 191.325 174.141 173.4 172.538 214.451 223.18 370.315 200.702 180.497 247.975 251.12 194.011 192.402 261.625 235.491 224.027 220.552 202.072 289.725 238.206 209.751 270.016 290.788 199.059 247.84
threshold=-113.73448944091795 3.7494349479675297 161.77120208740237 4.3241107463836679 7.6011524200439462 0.83428856730461132 -27.357310295104977 0.83060505986213695 982.50000000000011 896.50000000000011 1.0000000180025095e-35 0.80819568037986766 5.1503930091857919 2.9700856208801274 1.0000000180025095e-35 8.5000000000000018 -16.762228965759274 6.6739296913146982 12.669766902923586 -7.7960078716278067 4.7405652999877939 0.80318313837051403 3.5000000000000004 76.500000000000014 -4.3811669349670401 1.0000000180025095e-35 -0.043940216302871697 7.0938198566436776 50.500000000000007 0.44430957734584814
decision_type=2 2 2 2 2 2 2 2 2 2 2 2 2 2 2 2 2 2 2 2 2 2 2 2 2 2 2 2 2 2
left_child=1 -1 3 6 -5 7 -3 -6 9 13 -11 -12 -10 16 -15 -16 -2 18 28 20 -19 -21 25 -24 -25 -23 27 -27 -18 -30
right_child=8 2 -4 4 5 -7 -8 -9 12 10 11 -13 -14 14 15 -17 17 19 -20 21 -22 22 23 24 -26 26 -28 -29 29 -31
leaf_value=-0.031402674055105939 0.090860808409329183 -0.050790581024842303 -0.054391635102829239 -0.040444292173415927 0.05985893082325397 -0.061226105754365864 0.062921561912248736 0.31069443486200193 0.014348877305355629 -0.04867722886717412 0.081337839405297763 -0.025255630686108244 -0.037271986044777113 0.001632492541550815 0.0057676690780516836 -0.050302217658511748 -0.0035933934796767656 -0.04773662083206081 -0.056766690954568537 0.040508074160659734 0.023133890796374346 -0.033048527113663483 0.0010248526984771541 0.01671928945310389 0.22151633882116803 -0.071925422196703129 -0.011496373390320237 0.1295037506413276 -0.070518136207461862 0.037519158129364773
leaf_weight=1215.8915804527351 54.316951895503735 43.38703499964322 195.76405825061374 270.94092298413307 97.102485375100514 31.893971363620949 291.84987374748016 4.740371121937641 3886.6773770465807 554.36661126351828 126.60070241836365 388.06319034988701 237.27819050938706 56823.566289006929 422.30249377468135 556.86280432768399 1979.5185057053532 984.39175421044638 212.37445823950839 248.55338960210793 153.16686849832331 1378.5924857993814 428.49136001226725 34.902554298940231 30.617890523863025 25.087366944382666 517.32496494345833 83.802768035646295 65.5625330205512 756.47588375245687
leaf_count=921743 4598 23806 258959 66328 8359 4135 20189 399 1055960 1572041 45218 51900 75029 2610245 857 69267 8031 171281 27677 14214 10610 9647 1130 936 126 737 2037 231 15561 98206
internal_value=-9.93892e-05 -0.0173051 0.00108399 0.0160281 -0.0104499 0.0495842 0.0476746 0.0855277 0.000431042 -0.000253045 -0.0246281 0.00149531 0.0113373 0.000151224 0.00115856 -0.0262135 -0.00821772 -0.00906304 0.00136579 -0.0171451 -0.0381348 -0.00840074 -0.0133368 0.0180384 0.121342 -0.0210937 0.00527776 0.0819759 0.00586585 0.0285283
internal_weight=72100.5 2151.57 935.679 739.915 404.678 133.737 335.237 101.843 69948.9 65824.9 1069.03 514.664 4123.96 64755.9 57802.7 979.165 6953.18 6898.86 3013.93 3884.93 1137.56 2747.37 2498.82 494.012 65.5204 2004.81 626.215 108.89 2801.56 822.038
internal_count=7149457 1303918 382175 123216 79221 12893 43995 8758 5845539 4714550 1669159 97118 1130989 3045391 2680369 70124 365022 360424 149475 210949 181891 29058 14844 2192 1062 12652 3005 968 121798 113767
is_linear=0
shrinkage=0.055


Tree=132
num_leaves=31
num_cat=0
split_feature=4 26 45 6 28 7 7 56 54 32 51 54 3 33 31 38 16 44 35 40 25 6 35 8 13 45 11 26 32 28
split_gain=186.937 173.358 205.313 218.052 263.005 192.315 283.457 203.629 268.358 224.587 191.434 338.887 330.356 273.724 267.42 222.656 219.106 206.82 247.361 202.295 191.407 270.46 191.385 186.941 185.76 185.15 183.736 183.328 253.663 217.316
threshold=1.0000000180025095e-35 4076.5000000000005 0.88458001613616954 -8.3555216789245588 9.5000000000000018 12.151627063751222 7.0638105869293222 -100.89233398437499 1528.5000000000002 3.6242519617080693 8.5000000000000018 807.50000000000011 0.97368422150611889 7.0071430206298837 2.4414010047912602 1.0000000180025095e-35 1289847.5000000002 2.5000000000000004 1.7005987167358401 1.7005987167358401 -13.52442407608032 -5.7125914096832267 2.3502402305603032 2.1383330821990971 3.5114340782165532 0.78813192248344432 1.0000000180025095e-35 779.50000000000011 2.4414010047912602 2466.5000000000005
decision_type=2 2 2 2 2 2 2 2 2 2 2 2 2 2 2 2 2 2 2 2 2 2 2 2 2 2 2 2 2 2
left_child=1 5 3 26 -5 6 7 8 9 10 -1 12 15 20 -13 -12 -17 19 -19 -18 21 -14 -21 -11 -16 -7 -3 28 -22 -29
right_child=-2 2 -4 4 -6 25 -8 -9 -10 23 11 14 13 -15 24 16 17 18 -20 22 27 -23 -24 -25 -26 -27 -28 29 -30 -31
leaf_value=0.005985606905476698 0.0097932358587467603 -0.0024092046028439387 -0.01678375636359445 -0.045345931979455488 -0.0020371974528001005 -0.042728959463602056 -0.044841227764599402 0.003893214194682523 -0.049265871348852394 -0.08490822927072704 -0.049707249455769049 0.019771581452383894 -0.04169423411841898 -0.03592621504188899 0.19203046365893581 -0.043468784093942135 0.21557033948030244 0.26527640497996846 0.015936616078720805 -0.055648736731484787 0.027132974929418907 0.24696233560717126 0.024301412142566533 0.043540599345316226 -0.041323054350006577 0.01382247125100395 0.10847739260392864 -0.044382023506824596 -0.066484074814228078 -0.001985281913303234
leaf_weight=3078.0879668738853 5406.550171662122 83.068595354379795 3353.3338842509256 426.34804830513167 25550.416101500909 177.03134050386143 413.77997365470219 20812.415420621386 401.00408299179253 32.618084880996321 1042.1956422611038 274.54892061048304 15.348398588132111 755.09814523406385 45.646013825848058 337.87326052306889 7.9161568589915978 15.839409087493548 30.133162627891579 139.94396635029989 953.20539356452355 17.247177386889234 236.62719206841575 428.38857554033893 10.995048728669643 4769.5269667343382 93.607950031204382 422.34385711560026 91.59715150174452 2540.1140101749479
leaf_count=5832 99173 59187 45569 312949 2108046 142997 671586 1493642 1234904 3813 187488 179361 13626 22522 8210 91363 20 1205 4847 29527 10973 630 30425 9880 11762 303666 9697 15799 2015 38598
internal_value=-3.72845e-05 -0.00083652 -0.00398154 -0.00233717 -0.0027566 0.00166842 0.000112264 0.000706224 -0.00539099 -0.00368879 -0.00542301 -0.0104861 -0.0132189 -0.00564672 0.0434032 -0.033202 -0.0106369 0.0153364 0.119439 0.00151551 5.02962e-05 0.123573 -0.00575009 0.0336388 0.147055 0.0117575 0.05771 -0.0011072 0.0186481 -0.00809419
internal_weight=71962.9 66556.3 29506.8 26153.4 25976.8 37049.5 32103 31689.2 10876.8 10475.8 10014.8 6936.67 6605.48 4794.95 331.19 1810.53 768.333 430.46 45.9726 384.487 4039.86 32.5956 376.571 461.007 56.6411 4946.56 176.677 4007.26 1044.8 2962.46
internal_count=7149312 7050139 2535448 2489879 2420995 4514691 4068028 3396442 1902800 667896 654203 648371 449038 104163 199333 344875 157387 66024 6052 59972 81641 14256 59952 13693 19972 446663 68884 67385 12988 54397
is_linear=0
shrinkage=0.055


Tree=133
num_leaves=31
num_cat=0
split_feature=16 16 14 2 13 12 49 48 1 56 56 10 50 51 14 14 45 53 48 50 51 35 14 11 56 13 14 15 54 31
split_gain=185.087 236.964 221.648 200.769 163.615 261.823 193.153 194.828 176.973 164.014 161.63 153.05 171.14 444.34 153.63 253.873 156.136 149.919 194.516 249.632 241.558 200.439 339.738 262.651 385.501 256.798 246.856 328.877 245.621 562.68
threshold=2169981.0000000005 2097894.5000000005 6.3500125408172616 0.13809524476528171 2.6735538244247441 1.0000000180025095e-35 10.47168016433716 59.500000000000007 0.38750000298023229 -100.89672851562499 -100.92944335937499 9.5781679153442401 -9.6054368019103986 76.500000000000014 6.5546452999114999 6.4208085536956796 0.80685439705848705 -100.86584472656249 160.50000000000003 -29.118812561035153 25.500000000000004 1.7005987167358401 6.7171998023986825 1.0000000180025095e-35 -100.91870117187499 3.9219243526458745 6.2700424194335946 7.519963502883912 283.50000000000006 2.4414010047912602
decision_type=2 2 2 2 2 2 2 2 2 2 2 2 2 2 2 2 2 2 2 2 2 2 2 2 2 2 2 2 2 2
left_child=1 17 -3 -4 5 6 -2 8 -8 -9 -5 -6 -13 -14 15 -15 -17 -1 19 -19 -21 23 26 24 -22 28 27 -23 -24 -30
right_child=4 2 3 10 11 -7 7 9 -10 -11 -12 12 13 14 -16 16 -18 18 -20 20 21 22 25 -25 -26 -27 -28 -29 29 -31
leaf_value=-0.025980702948153675 -0.046056377561067195 -0.058866191787788187 -0.056182095418350661 0.10257869834981047 0.0063793345197248452 0.12323607260601378 0.014699780487502598 0.15674193488543584 -0.08704996423072188 -0.0069586520945401683 -0.0044992717895782847 -0.060075048396007746 -0.025423426261595876 0.013040719924579955 -0.056064371736198909 0.29052810273626356 0.10106540122841702 0.095496468681792804 0.0061837976532264968 0.00028993382139824166 0.053272389141738354 -0.049166903631259085 -0.010903720435847189 0.023007715343415929 -0.012630066244960257 -0.065267102835557811 -0.059819015680891971 0.035559340581894056 -0.011677047003791088 0.10571137626261734
leaf_weight=709.69608906027861 512.8200469154981 381.91365215685073 231.06177804604522 39.738526721863309 20391.860361925479 32.527024230439565 173.94367206396419 37.789865174607257 67.93651123100426 31.914794597192667 905.42584460564831 199.84189025608066 685.48375221328752 84.319494107359787 23.710247977331164 14.614339849322276 79.010485481820069 73.572053166666592 10056.153342100173 25819.355814430695 285.2436692079209 309.31179688686098 4210.0623181846895 1069.4877585389986 3591.6230214843526 230.421682524473 795.11273478658404 243.19711329014535 361.53899322288635 181.95386119909381
leaf_count=1628726 130950 77933 87845 1155 1955034 2250 421 179 315 246 46228 138196 4392 10548 4396 1106 585 9622 2674452 67388 7325 14278 58671 19348 87320 8675 33894 6265 56279 15228
internal_value=0.000209203 -0.00166629 -0.0227399 -0.0108104 0.00436464 -0.0191347 -0.025461 0.00862771 -0.0150627 0.0863412 0.000518822 0.00530642 -0.0147586 -0.00427089 0.0665083 0.0839264 0.143869 -0.000979014 -0.000600595 -0.00243662 -0.00264368 -0.00935696 -0.0158337 -0.00105872 -0.00771887 -0.00918868 -0.0402847 -0.0118886 -0.00640463 0.0282284
internal_weight=71830.6 49494.9 1558.14 1176.23 22335.8 856.932 824.405 311.585 241.88 69.7047 945.164 21478.8 1086.98 887.138 201.655 177.944 93.6248 47936.7 47227 37170.9 37097.3 11278 6331.6 4946.35 3876.87 4983.98 1347.62 552.509 4753.56 543.493
internal_count=7149250 4900632 213161 135228 2248618 134361 132111 1161 736 425 47383 2114257 159223 21027 16635 12239 1691 4687471 3058745 384293 374671 307283 193290 113993 94645 138853 54437 20543 130178 71507
is_linear=0
shrinkage=0.055


Tree=134
num_leaves=31
num_cat=0
split_feature=0 54 22 37 9 52 15 26 16 35 49 50 52 39 0 22 10 51 13 10 54 10 45 21 14 40 26 50 14 54
split_gain=182.61 247.653 191.212 169.899 285.321 242.337 167.509 209.463 237.396 239.423 342.679 276.966 230.78 235.503 213.452 208.258 218.301 219.063 275.541 464.483 353.703 305.892 581.346 370.369 307.462 248.02 234.868 238.288 225.802 210.747
threshold=0.64583334326744091 322.50000000000006 6.3161699771881112 1.0000000180025095e-35 1.0000000180025095e-35 0.83060505986213695 8.0738701820373553 1642.0000000000002 2303438.5000000005 1.2424533367156985 7.2336952686309823 -7.1366455554962149 0.84134745597839367 1.0000000180025095e-35 0.46428571641445165 1.2424533367156985 2.9174053668975835 42.500000000000007 3.7726949453353886 7.3142197132110605 27.500000000000004 8.9247875213623065 0.81318825483322155 1.0000000180025095e-35 6.5228276252746591 3.1984648704528813 1230.5000000000002 -6.7188162803649893 6.1081352233886728 7.5000000000000009
decision_type=2 2 2 2 2 2 2 2 2 2 2 2 2 2 2 2 2 2 2 2 2 2 2 2 2 2 2 2 2 2
left_child=2 -2 6 4 -3 -5 7 8 9 11 -11 12 13 -1 -14 16 -8 -18 21 20 -20 23 24 29 -23 26 -22 -28 -25 -19
right_child=1 3 -4 5 -6 -7 15 -9 -10 10 -12 -13 14 -15 -16 -17 17 18 19 -21 25 22 -24 28 -26 -27 27 -29 -30 -31
leaf_value=0.042160995942747206 0.0037181715817087538 0.089878625809487286 -0.070633248775374954 0.08117084380569628 -0.0060494906788414564 -0.067307455806040112 -0.019802712439289612 -0.0049078860053596704 -0.044138795541791204 -0.0096055875141956987 0.012041392921714918 0.0011732093356870068 -0.024348563611832387 -0.026605520210338289 0.03689017835777738 -0.0087949246250273328 0.0071881312417771031 0.048301039163947852 -0.028918633075199655 -0.018568061407486919 0.0074430273089926982 -0.037714434493102821 -0.054309616354034015 0.19454273777002101 0.30891324564190087 -0.026214104967515164 0.12432894365680019 0.034146263703871124 0.024376347089728367 -0.039221035537592354
leaf_weight=1722.0455577860921 16727.3529506138 114.70104698490468 114.83039731786994 290.63937296051881 430.8427021514799 33.667622194727301 599.6715510152244 31310.421184347386 311.58567295887042 5774.2293040321529 3579.1290462128527 2783.4306338164715 437.02937676954025 161.70715465676039 277.03102382697398 2050.2036913288757 3541.1504248674319 96.38895701803267 94.826751841581427 232.88067949417746 85.677645631461928 8.5573783106265164 34.891556760230742 33.601127065136097 31.331688745347492 55.749452224321431 435.12562233123026 116.86546660284512 65.079943107732106 471.47098255643505
leaf_count=575534 190626 14601 43807 41524 127497 8449 48934 3876268 59942 1379638 14193 31673 7899 101588 3904 223672 14241 200 872 69912 24210 8789 7801 2104 8291 15427 78760 2490 10024 157368
internal_value=0.000341682 0.0052113 -0.00123315 0.033739 0.0147526 0.0649688 -0.00107992 -0.00234525 0.00298732 0.00399851 -0.00132021 0.0132358 0.0261333 0.0362031 -0.000498714 0.00629188 0.0115345 0.0150931 0.0309107 0.0493704 0.0694327 0.00532331 0.107113 -0.00680916 0.238633 0.0829933 0.0926706 0.105714 0.0889059 -0.0240731
internal_weight=72022.1 17597.2 54424.9 869.851 545.544 324.307 54310.1 46356.6 15046.2 14734.6 9353.36 5381.24 2597.81 1883.75 714.06 7953.47 5903.27 5303.6 1762.45 1021.13 788.245 741.322 74.7806 666.541 39.8891 693.418 637.669 551.991 98.6811 567.86
internal_count=7150238 382697 6767541 192071 142098 49973 6723734 6050639 2174371 2114429 1393831 720598 688925 677122 11803 673095 449423 400489 386248 191671 121759 194577 24881 169696 17080 120887 105460 81250 12128 157568
is_linear=0
shrinkage=0.055


Tree=135
num_leaves=31
num_cat=0
split_feature=43 18 7 6 24 35 51 51 27 46 15 2 13 51 23 31 16 15 27 22 49 10 15 7 53 22 50 57 55 50
split_gain=160.224 151.48 148.51 252.388 196.986 177.914 318.875 421.229 265.903 311.595 284.326 256.99 254.484 355.149 232.506 224.377 236.273 226.1 206.57 204.337 198.493 197.812 206.293 280.276 189.66 187.868 181.899 178.566 225.744 186.065
threshold=1.0000000180025095e-35 1.0000000180025095e-35 2.7351288795471196 -3.2532060146331783 -2.4470409154891963 1.2424533367156985 170.50000000000003 228.50000000000003 544.26547241210949 1.6364414691925051 8.5478196144104022 0.095454547554254546 2.4414010047912602 50.500000000000007 2.5000000000000004 1.8688348531723025 2303382.5000000005 4.6200466156005868 14.870215415954592 1.8688347935676577 7.2336952686309823 6.5517940521240243 8.3417677879333514 3.5320675373077397 -0.027831792831420895 3.9981586933135991 -8.7809662818908674 100.50000000000001 0.89086914062500011 -17.251857757568356
decision_type=2 2 2 2 2 2 2 2 2 2 2 2 2 2 2 2 2 2 2 2 2 2 2 2 2 2 2 2 2 2
left_child=1 -1 3 -3 -5 6 19 20 9 15 -10 14 13 -13 -7 16 17 -9 24 -4 -8 22 23 -16 -15 -25 -23 28 -14 -29
right_child=-2 2 5 4 -6 11 7 8 10 -11 -12 12 27 18 21 -17 -18 -19 -20 -21 -22 26 -24 25 -26 -27 -28 29 -30 -31
leaf_value=-0.075401491529369591 0.019443922872630609 0.047393504122788498 0.0017221850060903238 -0.090332795014109013 0.0013767139655581418 -0.045459184551410778 0.091565559972096783 -0.036296840801920055 -0.041113352050453578 -0.041952959463427364 0.15426849102498874 -0.06274503551558952 0.011320798199646027 0.25020227723988531 0.045785263390122677 -0.032832060045446296 -0.057458383405528904 0.056059041082935461 0.032623035593865826 -0.023235029437717807 -0.051170539203432765 -0.050296660937178488 0.059851210112923749 -0.036071896956462658 0.037997314593903757 0.03768383013335605 -0.010538380912549262 -0.049180686020084061 -0.017292303759818984 -0.0082411077542384487
leaf_weight=75.846091266852454 1279.2077561996848 356.12532028478745 4248.0031755255623 65.952402949733369 48890.335847000752 854.84376559868542 296.23130888387095 84.682543644332327 368.10459607611847 194.88202832919342 19.10722901194822 43.649323053658009 3239.0206393867629 37.625920232196222 238.46162580946111 137.15089662721584 64.77905977384944 891.13864628663578 53.501969125514734 1289.6524507110807 29.487740005424712 553.69906662230642 171.01337184403383 569.36734386642638 21.0946910076309 123.40159611341369 932.98170851207396 354.08760881973285 1117.9447365112865 5262.088373536717
leaf_count=60388 47979 6255 75261 12706 3449959 745724 32490 34947 520092 97827 10433 491 144936 396 28594 80021 47323 326145 17704 32003 3394 353135 16737 167694 93 19254 32209 482748 59075 243358
internal_value=0.000191114 -0.00015916 -7.28803e-05 0.00158201 0.00124395 -0.00392244 0.00280007 0.0211026 0.0103685 0.0217179 -0.0296284 -0.00769781 -0.00328079 0.0653479 -0.0206658 0.0323863 0.041098 0.0479001 0.115721 -0.00410576 0.0780652 -0.0124074 0.00523978 -0.00505527 0.182933 -0.022758 -0.0254649 -0.00438561 0.00396762 -0.0108637
internal_weight=71863.5 70584.3 70508.4 49312.4 48956.3 21196 7623.22 2085.56 1759.84 1372.63 387.212 13572.8 10129 155.872 3443.77 1177.75 1040.6 975.821 112.223 5537.66 325.719 2588.92 1102.24 931.231 58.7206 692.769 1486.68 9973.14 4356.97 5616.18
internal_count=7149371 7101392 7041004 3468920 3462665 3572084 1259936 1152672 1116788 586263 530525 2312148 948801 18684 1363347 488436 408415 361092 18193 107264 35884 617623 232279 215542 489 186948 385344 930117 204011 726106
is_linear=0
shrinkage=0.055


Tree=136
num_leaves=31
num_cat=0
split_feature=42 54 25 14 55 13 43 46 8 33 16 57 56 31 33 15 10 28 51 47 50 50 57 26 57 26 57 53 49 35
split_gain=192.709 203.843 241.077 185.283 182.578 178.917 178.89 213.315 213.792 239.84 250.567 221.724 212.882 207.36 212.85 198.425 193.969 180.587 195.268 183.002 187.799 171.368 188.951 170.595 169.711 168.265 166.863 167.798 161.898 270.999
threshold=1.0000000180025095e-35 1267.5000000000002 -14.155459403991697 8.4295630455017108 0.92065429687500011 4.0163424015045175 -1.0000000180025095e-35 4.6263937950134286 2.3502402305603032 7.3830463886260995 2179361.5000000005 187.50000000000003 -100.92504882812499 1.8688348531723025 4.6200466156005868 5.800605535507203 7.3142197132110605 101.00000000000001 144.50000000000003 -108.80416870117186 -19.931792259216305 -115.02012252807616 33.500000000000007 124.50000000000001 18.500000000000004 46.500000000000007 26.500000000000004 -0.049804031848907464 8.9140625000000018 1.8317808508872988
decision_type=2 2 2 2 2 2 2 2 2 2 2 2 2 2 2 2 2 2 2 2 2 2 2 2 2 2 2 2 2 2
left_child=5 2 3 4 -2 21 23 8 13 11 16 15 -13 -8 -15 -10 -11 18 -14 -19 -21 22 24 -4 -1 -23 -17 -28 29 -27
right_child=1 -3 6 -5 -6 -7 7 -9 9 10 -12 12 17 14 -16 26 -18 19 -20 20 -22 25 -24 -25 -26 28 27 -29 -30 -31
leaf_value=-0.052108017554030314 -0.057244908112224623 0.042766676481413225 0.046210886892200903 0.070557260948979419 0.059294230556135627 -0.049374760883937364 0.0099035272014563937 0.0021931672440673859 -0.086187266489620759 0.022140523202339085 0.22260472299045175 -0.044195505913417185 -0.041588025576878122 0.020301369478560143 -0.080273520784734556 0.050092032082231931 -0.063481527831646581 -0.0014163882981713183 0.040099623746831105 0.13083840781765185 0.050702406748820789 0.020063485806508838 -0.048768794595164582 -0.063322293622586581 0.090996089110074396 0.00083952377763458065 0.10150596200421759 -0.040094759282655296 0.0011510981415174106 -0.010746807876070066
leaf_weight=37.27500877960847 389.75001986837015 411.77299433966255 50.525191241278662 41.514160233673465 41.276073195098434 233.3110974437659 830.55139645012969 12952.954923083191 69.825334152992582 133.21429946488934 7.5430629836628205 86.956847153560375 146.53228652634425 95.686549108693725 175.54915270583297 177.42469396966044 188.18439998483518 187.53003095537133 208.0409298826562 92.512827233556891 1340.652441753773 1087.0129645969428 420.81946458337916 200.01982941867027 58.383669602917507 12098.942410490832 24.373544754344039 184.33993401381304 27381.208724107848 12323.348077067705
leaf_count=13391 322804 130521 535 12660 3312 48674 20696 50588 1726 2237 110 4360 2435 1218 7590 399 7781 7448 11813 1510 7555 89591 936182 14582 14482 2472105 862 2244 129854 2829644
internal_value=-0.000170542 0.0047467 0.00384656 -0.034702 -0.0455329 -0.00182427 0.00491836 0.00560735 0.0167894 0.0247387 -0.019199 0.0305048 0.0381625 -0.00377158 -0.0450675 -0.00416718 -0.0281971 0.0418905 0.0062322 0.0496486 0.0563122 -0.00161194 -0.0329868 -0.0407617 0.0354147 -0.00130247 0.0115767 -0.0215707 -0.0017527 -0.00500788
internal_weight=71677 18036.7 17625 472.54 431.026 53640.3 17152.4 16901.9 3948.92 2847.13 328.942 2518.19 2062.23 1101.79 271.236 455.964 321.399 1975.27 354.573 1620.7 1433.17 53407 516.478 250.545 95.6587 52890.5 386.138 208.713 51803.5 24422.3
internal_count=7148909 614986 484465 338776 326116 6533923 145689 130572 79984 50480 10128 40352 35121 29504 8808 5231 10018 30761 14248 16513 9065 6485249 964055 15117 27873 5521194 3505 3106 5431603 5301749
is_linear=0
shrinkage=0.055


Tree=137
num_leaves=31
num_cat=0
split_feature=45 14 18 52 51 53 51 53 53 45 30 13 15 23 13 25 52 29 47 33 49 51 53 15 32 14 14 16 9 9
split_gain=160.091 194.863 145.61 142.808 271.408 238.13 178.66 187.077 172.406 153.824 150.843 149.961 148.724 146.192 249.861 145.63 215.577 336.361 210 194.034 231.423 227.438 306.811 264.037 246.62 199.874 391.245 174.399 194.792 172.717
threshold=0.76943159103393566 7.8963665962219247 1.0000000180025095e-35 0.75093373656272899 269.50000000000006 -100.86302185058592 212.50000000000003 -100.85242080688475 -0.062499344348907464 0.77660623192787182 0.30952382087707525 1.7005987167358401 7.7670521736145028 2.5000000000000004 3.4811217784881596 -6.8895328044891349 0.78192168474197399 0.46428571641445165 -1.0000000180025095e-35 7.0071430206298837 6.2722833156585702 50.500000000000007 -0.06445217132568358 6.2813313007354745 3.2384861707687382 6.2055668830871591 6.4544119834899911 2301565.5000000005 4.9997084140777597 1.0000000180025095e-35
decision_type=2 2 2 2 2 2 2 2 2 2 2 2 2 2 2 2 2 2 2 2 2 2 2 2 2 2 2 2 2 2
left_child=1 -1 -2 4 6 11 7 13 -7 10 -5 -6 -8 -4 -15 -11 17 -17 19 21 -21 -18 25 29 27 -23 -27 -25 -29 -24
right_child=2 -3 3 9 5 8 12 -9 -10 15 -12 -13 -14 14 -16 16 18 -19 -20 20 -22 22 23 24 -26 26 -28 28 -30 -31
leaf_value=-0.033476916790329672 -0.078279028575261006 0.058763724877141384 -0.034695011058406305 -0.068225475606972827 0.11193651538610323 0.016155834047835233 0.0065067569472772504 0.060287978403915837 0.22535588179498361 -0.00061837655127727634 0.047551549801302759 -0.046228129031124811 0.12780273793685598 -0.055811814153675553 0.034470442037246113 0.028800030927483185 -0.00039313543812953783 0.22087681537364889 0.027004187489367924 -0.048141455032155896 0.0029742608654056099 -0.046776904591802726 -0.06472032094776474 -0.053639910567353594 0.066335665781859482 0.20738118594231861 0.033488401860193417 -0.067610543126462738 0.058655034124605071 0.037439627861858456
leaf_weight=700.51120765805535 65.794745285238605 72.25670117046684 173.80357605475729 170.66812563755957 14.331796472783024 282.21864947579161 45.960193714607158 293.69173971085547 7.5108433666318879 59582.250745869584 38.433960203648894 394.83960226668569 89.809110880327353 104.62733836465486 608.00345951553754 145.9528150008482 4677.6135022459785 29.619438207038911 1200.1954015343363 467.88041710488324 616.94312273460673 25.311155567869719 48.44416581428959 321.69120005899458 89.796480489821988 67.421678052436619 90.290045585017651 50.854656594499829 104.9927083793882 928.85001130581077
leaf_count=1210869 30955 36563 118286 69291 1693 335820 62062 13213 982 3298662 900 1664075 20924 25926 53726 15147 18518 125 4299 33319 1364 24918 2910 17597 1172 8815 54361 2844 2155 18614
internal_value=0.000287157 -0.0245297 0.000559982 0.000638913 0.0150531 -0.0125874 0.0297256 0.0226271 0.0253102 0.000214853 -0.0463316 -0.0394037 0.0884316 0.00988116 0.0209188 0.000360422 0.00693499 0.0664226 0.00569565 0.00226548 -0.0191915 0.00591165 0.0229337 0.0148061 -0.0149563 0.089309 0.111916 -0.0307715 0.0166323 0.0320719
internal_weight=71510.6 772.768 70737.8 70672 2014.8 698.901 1315.9 1180.13 289.729 68657.2 209.102 409.171 135.769 886.434 712.631 68448.1 8865.86 175.572 8690.28 7490.09 1084.82 6405.27 1727.65 1544.63 567.335 183.023 157.712 477.539 155.847 977.294
internal_count=7150105 1247432 5902673 5871718 2296707 2002570 294137 211151 336802 3575011 70191 1665768 82986 197938 79652 3504820 206158 15272 190886 186587 34683 151904 133386 45292 23768 88094 63176 22596 4999 21524
is_linear=0
shrinkage=0.055


Tree=138
num_leaves=31
num_cat=0
split_feature=42 50 57 0 25 15 48 31 16 16 10 8 51 7 9 47 50 27 40 15 15 26 13 15 54 7 47 46 52 1
split_gain=211.068 189.649 243.673 159.829 199.871 211.785 211.475 306.639 223.218 229.478 196.885 193.778 186.81 290.559 412.491 391.287 410.123 266.695 303.479 213.591 230.967 219.159 191.45 189.652 184.305 175.727 203.327 215.443 270.903 175.69
threshold=-1.0000000180025095e-35 -4.3811669349670401 22.500000000000004 0.64583334326744091 -10.879147052764891 5.7541573047637948 724.50000000000011 2.7403194904327397 2303426.5000000005 2301565.5000000005 5.9927129745483407 5.2496488094329843 50.500000000000007 2.9320592880249028 4.9997084140777597 -14.744943618774412 -7.1366455554962149 161.77120208740237 2.0126758813858037 6.9474565982818612 7.0295302867889413 292.50000000000006 3.5114340782165532 7.2720510959625253 322.50000000000006 4.1691007614135751 -115.18450546264647 -7.3858997821807852 0.86387246847152721 0.64583334326744091
decision_type=2 2 2 2 2 2 2 2 2 2 2 2 2 2 2 2 2 2 2 2 2 2 2 2 2 2 2 2 2 2
left_child=1 2 -1 4 5 -2 29 8 9 -8 -11 12 17 14 -14 -16 -17 18 -7 21 22 -15 -21 -20 -5 -22 -27 -28 -29 -6
right_child=3 -3 -4 24 6 11 7 -9 -10 10 -12 -13 13 19 15 16 -18 -19 23 20 25 -23 -24 -25 -26 26 27 28 -30 -31
leaf_value=0.094399378049943944 -0.044970364773979053 0.0013953104664564272 -0.052167385807642616 0.0035496061876841307 -0.00022794308618648477 0.069738101787712045 0.001067670318467071 0.045462098319231842 -0.0625708076543664 -0.023174297790737743 0.049003113499360075 -0.044359015087671212 -0.054661007054923008 0.025364639634402619 -0.048195540606422241 0.34627169999810148 -0.039821577473592128 0.0065505575996811782 -0.02338652140042561 -0.047812825818902317 -0.043883248649595405 -0.042042850946137994 0.10942067041475943 -0.082106438414835003 0.029918951119475127 -0.047062724022809914 0.044590337195686704 -0.026946564662243044 0.10315341663132138 -0.011729394754181782
leaf_weight=31.920008008630248 526.13539956201566 503.49504943085776 588.83236609052983 16509.702886359053 39446.781360958681 62.53228895724169 3082.1157815610932 662.28534692693211 137.04157189973193 138.23436107262387 591.74719842932245 393.16542385956927 30.855993146600667 200.55958827408176 14.661681281264462 32.08842348188773 9.4959733316791226 622.64640240947483 336.04948457950377 26.063874636201945 174.76964086317457 504.57833143102107 114.79052326461533 335.73671114319586 837.89576450057939 136.07161259865825 582.65398196497335 331.51308597759271 51.579500458261464 4468.2334029138656
leaf_count=1724 491250 19141 1400778 186137 2165551 389 823622 69000 73378 56701 145081 127317 4458 102283 2674 1336 233 19751 3249 23914 49486 457667 26559 4547 182489 214522 320629 137053 893 37089
internal_value=-0.000128736 -0.0237184 -0.0439366 0.000249851 -0.00124975 -0.0123504 -0.0002224 0.0109755 0.00514182 0.00765481 0.0352704 -0.007965 -0.00389667 0.00596659 0.101603 0.184792 0.263295 -0.0199209 -0.0422593 0.00181249 0.014107 -0.0228268 0.0796843 -0.0531226 0.00483151 0.00658878 0.0147567 0.0236645 -0.00832663 -0.00139939
internal_weight=71484.2 1124.25 620.752 70360 53012.4 4485.95 48526.4 4611.42 3949.14 3812.1 729.982 3959.81 3566.65 2209.68 87.1021 56.2461 41.5844 1356.96 734.318 2122.58 1417.44 705.138 140.854 671.786 17347.6 1276.59 1101.82 965.747 383.093 43915
internal_count=7148901 1421643 1402502 5727258 5358632 1988210 3370422 1167782 1098782 1025404 201782 1496960 1369643 1341707 8701 4243 1569 27936 8185 1333006 773056 559950 50473 7796 368626 722583 673097 458575 137946 2202640
is_linear=0
shrinkage=0.055


Tree=139
num_leaves=31
num_cat=0
split_feature=12 13 56 46 26 9 8 13 29 50 30 46 53 13 2 41 55 21 2 15 22 19 35 39 40 6 6 7 15 49
split_gain=214.466 187.74 167.107 177.705 161.469 200.442 160.32 277.215 181.936 226.351 380.268 360.86 273.429 344.971 264.181 217.449 215.338 200.951 287.832 195.186 239.289 230.208 238.577 258.086 227.571 203.384 194.669 353.43 318.284 324.793
threshold=1.0000000180025095e-35 3.113268375396729 -100.89135742187499 -63.815510749816887 941.00000000000011 4.5791289806365976 4.5163240432739267 3.8176519870758061 0.26785714924335485 -4.3811669349670401 0.63333335518836986 3.8917894363403325 -0.03105869889259338 2.8029010295867924 0.58571431040763866 -1.0000000180025095e-35 0.87768554687500011 1.0000000180025095e-35 0.240384615957737 5.7541573047637948 2.7403194904327397 3.5000000000000004 1.9088562130928042 1.0000000180025095e-35 2.9700856208801274 -0.014414584264159201 -6.8907735347747794 6.8068952560424814 7.5981485843658456 7.9566824436187753
decision_type=2 2 2 2 2 2 2 2 2 2 2 2 2 2 2 2 2 2 2 2 2 2 2 2 2 2 2 2 2 2
left_child=4 2 3 -2 5 -1 7 8 15 10 19 17 13 -12 -14 16 -6 18 -11 20 24 22 -21 -24 25 -10 27 28 -17 -30
right_child=1 -3 -4 -5 6 -7 -8 -9 9 11 12 -13 14 -15 -16 26 -18 -19 -20 21 -22 -23 23 -25 -26 -27 -28 -29 29 -31
leaf_value=-0.012608374519933277 0.1959134834137253 -0.034446868184326636 -0.016487319476805803 0.028444241374954982 -0.054423285614457341 0.007847444758158087 0.0038858023080018535 0.0048348273200883966 -0.031333006402276396 -0.068887233809136861 0.08607226962283844 -0.0066546230852716657 0.03677615237218107 -0.042346664054998429 -0.08040450618059769 0.039542765882166264 0.047486660007501576 0.063378318742088754 0.066635662150112046 -0.012197208943419007 -0.070842486876946414 -0.058908908243120256 -0.049599721644826199 0.015501404418894147 0.036428152977764541 0.099299428504074472 -0.00098443937481496719 -0.031483383470839219 0.10636471594336161 0.4240420555170108
leaf_weight=1630.6668273394243 21.469858342628868 942.73492407946469 162.66167737356955 77.78672806144823 386.02623021964246 12723.145710307377 14818.964827436335 10684.479488323777 391.52586975364829 99.193431025109021 69.610355435972451 8127.6564911287569 779.69838076992892 418.79560658455375 58.197390057146549 168.45866032416598 70.696831060224213 356.39517609732138 82.031450387672521 2311.9256721356214 125.98652553252032 641.96182546139607 1288.8438593542887 212.40019285873132 440.20777418377111 34.79399250188726 14185.275380511906 130.89309865557152 49.832083970941312 9.2555280873202701
leaf_count=309567 2573 153339 20710 10859 1268318 1324342 968682 959825 55898 2333 7207 21464 3469 55420 853 56768 1379 2964 388 223904 32076 58506 200946 15794 38082 584 1175751 167254 9447 296
internal_value=-7.79553e-05 -0.0230398 0.0178943 0.0723274 0.000317145 0.00551998 -0.00101817 -0.00278555 -0.0054607 -0.00965094 -0.0171793 -0.0037592 0.00920331 -0.0233569 0.0282085 -0.00114612 -0.0383051 0.0396713 -0.00740072 -0.0236051 -0.00153796 -0.028514 -0.0233264 -0.0403682 0.008887 -0.019644 3.35657e-05 0.0397805 0.0805697 0.185327
internal_weight=71501.6 1204.65 261.918 99.2566 70296.9 14353.8 55943.1 41124.1 30439.7 15439.2 6773.95 8665.28 1326.3 488.406 837.896 15000.4 456.723 537.62 181.225 5447.65 992.514 4455.13 3813.17 1501.24 866.528 426.32 14543.7 358.439 227.546 59.0876
internal_count=7148998 187481 34142 13432 6961517 1633909 5327608 4358926 3399101 719888 692739 27149 66949 62627 4322 2679213 1269697 5685 2721 625790 126640 499150 440644 216740 94564 56482 1409516 233765 66511 9743
is_linear=0
shrinkage=0.055


Tree=140
num_leaves=31
num_cat=0
split_feature=57 56 53 25 28 36 31 50 54 26 56 36 6 45 25 8 7 33 57 54 50 24 40 16 50 53 8 21 14 10
split_gain=175.084 216.11 166.392 162.495 148.226 324.393 272.968 305.256 543.941 285.509 266.358 248.329 266.154 242.908 282.897 228.86 220.313 197.312 195.625 193.129 251.629 212.867 192.447 226.703 313.274 301.918 274.615 201.213 194.955 264.267
threshold=7.5000000000000009 -0.014404296874999998 -1.0000000180025095e-35 -21.711912155151364 31.500000000000004 1.0000000180025095e-35 0.89587974548339855 -17.060758590698239 173.50000000000003 101.00000000000001 -100.89672851562499 1.0000000180025095e-35 -2.8626616001129146 0.80389401316642772 -15.59683847427368 1.2424533367156985 2.6979467868804936 6.4861316680908212 97.500000000000014 7.5000000000000009 -10.322669506072996 -0.01976748742163181 2.1383330821990971 4138.5000000000009 -10.527798175811766 -0.03105869889259338 3.5114340782165532 1.0000000180025095e-35 4.7833075523376474 4.6200466156005868
decision_type=2 2 2 2 2 2 2 2 2 2 2 2 2 2 2 2 2 2 2 2 2 2 2 2 2 2 2 2 2 2
left_child=-1 2 4 -3 5 6 7 -2 -9 -8 16 12 -6 -12 -15 17 -10 -13 -19 20 -17 -21 28 24 25 26 27 -24 29 -14
right_child=1 3 -4 -5 11 -7 9 8 10 -11 13 15 22 14 -16 19 -18 18 -20 21 -22 -23 23 -25 -26 -27 -28 -29 -30 -31
leaf_value=0.012306950583183483 -0.037478559313411063 0.093038217550819161 0.016731890609399148 -0.019398108906908459 0.022243515450882639 0.019547642267272024 0.0041288111850902691 -0.013771787901477154 0.11101641606279848 -0.040179869607130714 -0.024050695818707342 -0.07707415624541275 0.070823698777364955 -0.050778073451345412 0.091631007025088709 -0.08348594941833877 -0.039985998378911529 0.037769493205268248 -0.038584167759238633 -0.0076798400151730428 0.019473879742281101 -0.063407446271692924 0.18569231311904938 0.0013141909576605923 0.010898845760059051 -0.066688800881057456 0.0023045751398878228 -0.042129170042677876 -0.0206460455868827 -0.0098607270708715358
leaf_weight=3277.9960164930235 588.24196878387738 34.701588767886278 1720.1289082290969 2210.5691394530586 1842.1207029695361 1006.2637086806571 594.15524317607196 1332.0601746337015 30.911273979003454 1680.05613767861 79.690422022493294 248.04611567938264 174.29065552865723 43.509115358909185 435.03225067590392 71.29657249036245 152.99366497973097 137.26206790009746 352.32146540424219 6224.5998312566771 1240.0280898585916 209.6405058028613 105.71175041549213 44206.476252681547 569.02574201903553 27.615390136837959 43.947460548428353 11.267507819036835 2172.561955974983 386.59184924637884
leaf_count=33660 802500 10151 2182 77222 109373 365428 124151 50102 3301 949581 51424 67044 15726 18509 21792 544 110521 593 91397 696218 1487 75247 16169 3096011 10606 414 13364 9512 262112 63224
internal_value=-9.82443e-05 -0.000697715 -0.000123548 -0.0174575 -0.000578087 -0.00884706 -0.0146488 -0.00268341 0.00725089 -0.0286202 0.0448241 0.000269542 0.0017587 0.0635982 0.078292 -0.00842269 -0.0123384 -0.0375922 -0.0170119 -0.00562234 0.0135801 -0.00954338 0.000965313 0.00182724 0.0315604 0.092025 0.120449 0.162921 -0.0131905 0.0156157
internal_weight=71209.1 67931.1 65685.8 2245.27 63965.7 5942.91 4936.65 2662.44 2074.2 2274.21 742.137 58022.8 49539.6 558.232 478.541 8483.19 183.905 737.63 489.584 7745.56 1311.32 6434.24 47697.5 44964 757.568 188.542 160.927 116.979 2733.44 560.883
internal_count=7149565 7115905 7028532 87373 7026350 2497309 2131881 1058149 255649 1073732 205547 4529041 3596511 91725 40301 932530 113822 159034 91990 773496 2031 771465 3487138 3146076 50065 39459 39045 25681 341062 78950
is_linear=0
shrinkage=0.055


Tree=141
num_leaves=31
num_cat=0
split_feature=4 13 16 53 1 16 52 46 50 7 40 15 53 50 52 8 16 9 52 15 16 56 45 7 33 2 49 56 29 46
split_gain=139.9 164.271 144.489 218.366 190.858 183.034 269.083 290.499 480.994 341.064 359.989 284.884 249.55 231.034 217.321 181.911 173.341 371.443 260.843 187.886 195.129 293.795 230.752 221.808 256.243 204.09 447.105 186.62 185.579 239.413
threshold=1.0000000180025095e-35 3.3497501611709599 2169981.0000000005 -100.86584472656249 0.64583334326744091 2301072.0000000005 0.81631869077682506 4.3472628593444833 -6.7188162803649893 2.0684719085693364 2.8617925643920903 6.6637709140777597 -0.050770640373229974 -110.2455711364746 0.77336335182189953 0.89587974548339855 2097573.5000000005 4.9394338130950937 0.75093373656272899 8.4662156105041522 2061703.5000000002 -100.89916992187499 0.86162301898002636 2.3604413270950322 6.2156071662902841 0.11437908560037614 10.47168016433716 -100.91479492187499 0.30952382087707525 1.6364414691925051
decision_type=2 2 2 2 2 2 2 2 2 2 2 2 2 2 2 2 2 2 2 2 2 2 2 2 2 2 2 2 2 2
left_child=2 -2 3 -1 5 6 7 11 9 -9 -11 -4 -8 -7 -10 -6 19 18 -18 20 -5 22 -22 25 -25 -23 -27 -19 29 -21
right_child=1 -3 4 16 15 13 12 8 14 10 -12 -13 -14 -15 -16 -17 17 27 -20 28 21 23 -24 24 -26 26 -28 -29 -30 -31
leaf_value=-0.034486623295267881 -0.0087821934506471383 0.013810269982726747 0.072132779368684632 -0.0029622754282141854 -0.090929434479088161 -0.045058041087507709 -0.069683889764736301 0.079228797177768887 0.082372556384566017 -0.035480275739895338 0.38126986091058673 -0.057771999233284854 0.017342834061946106 0.0038998176890102589 -0.075713638052674809 -0.0094069277047414447 0.076260976265705452 0.049252968072907306 -0.036007438229713723 -0.021714365623726955 0.022096327465494271 0.031472464415255967 0.09054600252489739 -0.050227493819704698 0.0068006215017069683 -0.061312472672621944 0.017943350421135592 -0.0046733180589329966 -0.0025212917848640476 0.049093267088567531
leaf_weight=637.44093013847305 1280.1755886297033 4021.6685863195889 109.4601333972787 33389.209420009305 81.49423319487687 291.92809720734658 104.45242806234455 39.1907590007213 78.446423903209507 6.5515238093321377 32.837008662696462 87.40264242095509 1118.2593166991865 16238.095756284765 33.875471785315312 2003.2195832738616 60.40849783162048 198.44362467786414 1710.8504298201442 178.80298647775635 555.56121464172611 939.33690479338111 201.18952759624517 434.53244881671708 518.42810508981347 290.15590382266964 791.09659940004349 4237.3106210722799 758.43526334830676 696.31847300203663
leaf_count=1694020 32002 67378 62032 2412547 7585 483619 30932 2331 513 2187 1269 89885 17683 1465122 289 58624 33439 15832 125450 43914 64376 52737 3025 74653 44127 7492 1315 221598 23617 9387
internal_value=-0.000238518 0.00835199 -0.000931042 -0.00264717 0.00293765 0.00474968 0.0224201 0.0620367 0.109482 0.209591 0.315763 0.0144556 0.0096549 0.00302183 0.0335001 -0.0128037 -0.00219197 -0.0107213 -0.0319747 -0.000824637 -0.00162899 0.010293 0.0407692 0.00248159 -0.0193296 0.0127906 -0.0035094 -0.00220806 0.0174019 0.0345848
internal_weight=71124.6 5301.84 65822.7 45597.5 20225.2 18140.5 1610.48 387.764 190.901 78.5793 39.3885 196.863 1222.71 16530 112.322 2084.71 44960.1 6207.01 1771.26 38753.1 37119.5 3730.3 756.751 2973.55 952.961 2020.59 1081.25 4435.75 1633.56 875.121
internal_count=7148980 99380 7049600 4827529 2222071 2155862 207121 158506 6589 5787 3456 151917 48615 1948741 802 66209 3133509 396319 158889 2737190 2660272 247725 67401 180324 118780 61544 8807 237430 76918 53301
is_linear=0
shrinkage=0.055


Tree=142
num_leaves=31
num_cat=0
split_feature=18 57 45 10 33 27 57 39 42 50 15 2 46 56 51 2 54 42 54 51 45 8 23 10 16 9 26 46 35 7
split_gain=143.578 124.421 186.508 222.38 293.875 244.417 227.044 205.26 178.482 173.782 155.982 149.358 170.158 149.035 204.938 249.716 148.082 144.962 183.765 266.348 229.752 262.982 313.118 307.659 304.731 209.128 316.322 194.177 191.94 177.254
threshold=1.0000000180025095e-35 18.500000000000004 0.87463909387588512 8.6995978355407733 7.0071430206298837 87.841522216796889 33.500000000000007 1.0000000180025095e-35 1.0000000180025095e-35 -109.83748626708983 8.5478196144104022 0.47222222387790685 9.0574235916137713 -0.020751953124999997 25.500000000000004 0.20714285969734195 7.5000000000000009 1.0000000180025095e-35 27.500000000000004 50.500000000000007 0.84840014576911937 2.8617925643920903 1.0000000180025095e-35 7.439265489578248 2170116.5000000005 4.9907515048980722 3167.5000000000005 -0.049947828054428094 1.8317808508872988 0.15255977213382724
decision_type=2 2 2 2 2 2 2 2 2 2 2 2 2 2 2 2 2 2 2 2 2 2 2 2 2 2 2 2 2 2
left_child=-1 -2 17 4 5 13 7 -7 11 -5 -8 12 -6 -4 -15 16 -16 -3 -19 25 21 -21 -23 27 -25 28 -27 -24 -20 -28
right_child=1 2 3 9 8 6 10 -9 -10 -11 -12 -13 -14 14 15 -17 -18 18 19 20 -22 22 23 24 -26 26 29 -29 -30 -31
leaf_value=-0.075444744816787826 0.0079539128374002781 -9.0646743241966208e-05 0.0017805865479875061 0.097170434509261952 -0.033995149510286392 -0.0081554643721861355 -0.059602035365119536 0.14319560144604568 -0.013614893426088952 0.011013505709966585 0.05168725394716963 -0.021176891823461309 -0.10400252517676266 -0.0047519610964002496 0.016541331251019267 -0.080220375614043701 -0.073745585084872667 0.016609265228440653 0.019992115646585228 -0.016299734945962006 0.001679130487433986 -0.056157049253149412 0.02136545389976454 -0.032423129031251531 0.16784146366191408 0.0031558976751674983 0.047225859971224603 0.10659170158588756 -0.011027692074170982 -0.054991765941099557
leaf_weight=70.225286996079376 6304.2017495772379 42248.100843395085 6880.4611382363 70.815840564544487 212.42688178326352 150.58318269527081 527.49218670692062 27.93414175590442 1009.4349132558564 1113.4666683052201 37.284582541084092 341.38173028635356 217.62026410212275 1601.017409697175 210.79496101289988 274.4780929916451 68.771958052238915 3889.2986357793561 1068.9455599609064 208.12413348298287 1295.6235525945958 67.073807174878311 107.06871018765378 138.00157400230091 22.386198621665244 697.85250415379414 51.506826467812061 366.84785306526464 1372.3900455659023 717.55028676689835
leaf_count=60382 86226 6144067 26165 20729 25459 27083 375522 3361 43704 16307 5809 10950 1450 2588 479 2645 1271 10372 2994 29330 199075 5462 10761 16080 329 2413 65 8571 6103 4412
internal_value=0.000499789 0.000579876 -0.00013593 -0.00610034 -0.00842724 -0.00467784 -0.0348858 0.0187839 -0.0289447 0.0165522 -0.051866 -0.0487872 -0.0702097 -0.0021749 -0.0147785 -0.0434503 -0.00657427 0.00131923 0.0072712 0.00132164 0.0165841 0.0376915 0.0537146 0.0656812 -0.00024197 -0.00729997 -0.0236751 0.0877612 0.00256752 -0.047885
internal_weight=71369.2 71298.9 64994.7 12744 11559.7 9778.82 743.294 178.517 1780.86 1184.28 564.777 771.429 430.047 9035.52 2155.06 554.045 279.567 52250.8 10002.7 6113.37 2205.13 909.502 701.378 634.304 160.388 3908.25 1466.91 473.917 2441.34 769.057
internal_count=7150164 7089782 7003556 563522 526486 444923 411775 30444 81563 37036 381331 37859 26909 33148 6983 4395 1750 6440034 295967 285595 269608 70533 41203 35741 16409 15987 6890 19332 9097 4477
is_linear=0
shrinkage=0.055


Tree=143
num_leaves=31
num_cat=0
split_feature=1 0 14 56 13 22 47 14 9 9 46 48 51 13 48 46 49 53 13 8 7 33 41 49 55 15 44 0 7 7
split_gain=143.77 199.709 211.85 154.097 212.432 147.247 279.003 179.529 192.539 243.316 164.093 264.057 243.262 157.328 200.609 324.624 189.891 154.917 145.494 156.963 164.256 232.267 149.664 241.47 405.608 271.378 254.526 387.325 288.13 493.725
threshold=0.53571429848670971 0.58571431040763866 8.1282901763916033 -100.91333007812499 2.4414010047912602 1.8688347935676577 -5.4076528549194327 6.2850661277771005 4.4013888835906991 4.4997041225433358 3.7101294994354252 34.500000000000007 50.500000000000007 3.4175922870635991 8.5000000000000018 3.5588891506195073 4.8458251953125009 -0.058592796325683587 2.2499048709869389 3.3497501611709599 12.151627063751222 7.1534409523010263 1.0000000180025095e-35 3.7544003725051884 0.81860351562500011 7.2906336784362802 2.5000000000000004 0.38750000298023229 1.2282000780105593 1.1345181465148928
decision_type=2 2 2 2 2 2 2 2 2 2 2 2 2 2 2 2 2 2 2 2 2 2 2 2 2 2 2 2 2 2
left_child=18 2 3 4 -2 7 -7 -5 -9 17 12 -12 -8 14 -11 16 -16 -10 19 -1 -21 -22 23 24 -20 -26 -25 28 29 -28
right_child=1 -3 -4 5 -6 6 10 8 9 13 11 -13 -14 -15 15 -17 -18 -19 22 20 21 -23 -24 26 25 -27 27 -29 -30 -31
leaf_value=-0.041576359031614406 0.072979128232864676 0.0014539455915908556 0.036035462490648075 -0.04525714456395364 -0.054929557068980193 -0.055835472750534798 -0.055971537823829083 -0.088055937381121163 0.27768775614707192 0.0023378883224489918 0.016695649026736054 -0.06843397619473604 0.14568819251259443 -0.001705046448896644 -0.060898841841710967 -0.087046301744324747 0.081636979908928833 0.03424915772472286 -0.021621786026676779 -0.01049934169203599 -0.067208410316434278 0.15672870624524016 0.0036089595426082007 0.00051004661187603302 0.025257785964758916 -0.023562433802553951 0.1220227646848938 -0.035345137906528767 0.027028317324816951 0.59143359196078282
leaf_weight=489.38474360636974 38.516541585700907 5386.4682106050459 241.8507370072366 644.95684976112898 472.4796176686832 207.26538206296755 22.677858765295241 92.957970582931011 8.8740303115555452 282.24863764362817 956.86479340634833 119.52741035503277 55.377988190921315 1536.0273924311296 43.557019910327654 297.56915865953852 63.434747928826255 22.343070072587579 3928.6985610811425 288.61216466001861 17.130993523336656 39.080191406450467 35812.621659994773 18404.029455790318 1161.8485839159548 484.17480756940131 30.018967159216118 47.814071190005052 28.849610130560905 5.6041143085494687
leaf_count=110211 524 124464 4801 30552 21639 46154 143 9251 516 457 1752 1783 1844 38659 23005 5071 1117 237 4087555 27985 2846 1074 1550664 503972 346767 184887 3484 2699 14399 233
internal_value=8.72917e-06 -0.00593456 -0.0137219 -0.0162301 -0.0446746 -0.0128441 0.00214551 -0.0196584 -0.0125426 -0.00924043 0.0127511 0.00696977 0.0872568 -0.0115196 -0.0332985 -0.0578859 0.0234815 0.132234 0.00103589 -0.0217064 0.00668483 0.0885662 0.00135438 -0.00199723 -0.0120271 0.0108695 0.00102489 0.0817903 0.164952 0.259575
internal_weight=71230.9 10493 5106.53 4864.68 510.996 4353.68 1361.71 2991.97 2347.01 2254.05 1154.45 1076.39 78.0558 2222.84 686.81 404.561 106.992 31.2171 60737.9 834.208 344.823 56.2112 59903.7 24091 5574.72 1646.02 18516.3 112.287 64.4727 35.6231
internal_count=7148745 311969 187505 182704 22163 160541 51676 108865 78313 69062 5522 3535 1987 68309 29650 29193 24122 753 6836776 142116 31905 3920 6694660 5143996 4619209 531654 524787 20815 18116 3717
is_linear=0
shrinkage=0.055


Tree=144
num_leaves=31
num_cat=0
split_feature=42 14 51 15 57 43 8 18 25 10 28 56 56 50 25 54 14 56 16 8 14 57 8 51 1 51 28 50 51 2
split_gain=153.86 189.371 192.263 221.149 155.776 155.601 142.802 132.902 131.973 128.658 173.924 126.424 125.913 125.852 116.142 198.277 229.692 255.674 224.84 236.654 242.359 399.296 192.652 228.305 206.766 229.231 208.361 187.51 193.876 239.527
threshold=-1.0000000180025095e-35 5.3775877952575692 16.500000000000004 6.138805866241456 22.500000000000004 -1.0000000180025095e-35 4.2413008213043222 1.0000000180025095e-35 -5.0516593456268302 5.708768606185914 4192.5000000000009 -100.89331054687499 -0.019775390624999997 -2.6792641878128047 -8.6950330734252912 14.500000000000002 6.0222353935241708 -0.036865234374999993 86457.500000000015 4.7664294242858896 7.2960741519927987 343.50000000000006 3.7012257575988774 127.50000000000001 0.26785714924335485 118.50000000000001 3332.0000000000005 -2.6792641878128047 92.500000000000014 0.19090909510850909
decision_type=2 2 2 2 2 2 2 2 2 2 2 2 2 2 2 2 2 2 2 2 2 2 2 2 2 2 2 2 2 2
left_child=1 11 3 -3 -4 8 9 -7 12 10 -5 -1 -2 -11 27 -16 17 -17 19 22 21 -21 23 24 -18 26 -26 -9 -29 -30
right_child=5 2 4 6 -6 7 -8 14 -10 13 -12 -13 -14 -15 15 16 18 -19 -20 20 -22 -23 -24 -25 25 -27 -28 28 29 -31
leaf_value=-0.018204807970276075 -0.073951532344035356 -0.091871346894277492 0.096324895630802737 0.10604113614703911 -0.056029289424915744 -0.075656544573339493 -0.061490770861301537 0.0010195918103081091 0.045011223829369174 -0.067333642539203473 -0.075128684915353308 0.10431091523579553 0.047773924899197774 0.025634232041109345 0.007893251234644948 -0.013432556659732742 0.014888166251987451 -0.12564208348601141 0.0045823063907806686 0.06993258211410891 0.048749465860645658 -0.061158774856428844 -0.05038621013813193 -0.056948188999725188 -0.08613567282601492 0.18566862324295128 -0.01014780151504273 -0.009361380110594732 -0.032365182102158822 0.071162403761368273
leaf_weight=42.841763184449519 191.14018057809153 65.551489531790139 16.729146059660707 88.741135331278201 504.40036493020671 63.835654826150858 60.195775935659185 26413.378514407628 40.826155465336342 51.873426665770239 15.598436038024373 53.53169122503823 26.093262295536988 190.56929237066652 14790.03979272041 2372.7040101228558 808.11060403715237 58.166822658618912 13781.291600622906 99.75413211947307 332.41497980674467 209.51777980876068 522.23151584502921 275.14278182841372 161.98540977729135 9.5875029901217186 319.81791680185415 9271.6873731906562 99.386163132658112 191.67951845447533
leaf_count=85684 44474 1303 1599 530 1312024 45631 1422 3663482 60 2294 338 15231 1792 765 26898 365670 16009 341 1201860 54 11428 33256 66716 217452 2963 455 3191 21048 4195 1383
internal_value=0.000249788 -0.0202073 -0.027399 -0.0019139 -0.0502695 0.000569587 0.0135146 0.000728699 -0.0416511 0.0272232 0.0767598 0.0516362 -0.0585844 0.00478403 0.000804061 0.00312186 -0.000603058 -0.0163699 0.00172126 -0.0126585 0.0164761 -0.018436 -0.0215923 -0.0119135 -0.00219656 -0.03016 -0.0363177 -0.00136985 -0.00796685 0.0358627
internal_weight=71128.8 1090.03 993.659 472.53 521.13 70038.8 406.978 69780.7 258.06 346.782 104.34 96.3735 217.233 242.443 69716.9 33740.8 18950.7 2430.87 16519.9 2738.56 641.687 309.272 2096.88 1574.64 1299.5 491.391 481.803 35976.1 9562.75 291.066
internal_count=7149548 1421190 1320275 6652 1313623 5728358 5349 5682032 46326 3927 868 100915 46266 3059 5636401 1946293 1919395 366011 1553384 351524 44738 33310 306786 240070 22618 6609 6154 3690108 26626 5578
is_linear=0
shrinkage=0.055


Tree=145
num_leaves=31
num_cat=0
split_feature=26 13 47 13 22 9 15 54 41 49 46 50 0 49 47 23 53 50 22 26 41 32 40 19 6 14 43 47 47 45
split_gain=135.483 254.3 223.292 197.763 354.358 195.374 204.09 193.165 182.706 464.196 332.763 312.65 307.021 225.119 361.537 214.384 256.553 208.345 175.764 177.115 173.594 169.101 163.189 162.658 158.687 350.085 206.363 171.938 355.781 217.13
threshold=1167.0000000000002 3.7012257575988774 -4.3433227539062491 3.6762205362319951 6.0878584384918222 4.9394338130950937 4.9452011585235605 173.50000000000003 1.0000000180025095e-35 3.9281036853790288 3.5588891506195073 -4.3811669349670401 0.64583334326744091 -0.032443573698401444 -113.43185806274413 1.5000000000000002 -0.048724085092544549 -12.296352386474608 4.5695295333862314 1033.5000000000002 -1.0000000180025095e-35 0.89587974548339855 2.5249279737472539 6.5000000000000009 -0.24534496665000913 7.1192309856414804 1.0000000180025095e-35 -110.13536453247069 -20.185149192810055 0.85269689559936535
decision_type=2 2 2 2 2 2 2 2 2 2 2 2 2 2 2 2 2 2 2 2 2 2 2 2 2 2 2 2 2 2
left_child=1 -1 5 4 24 6 -3 -4 9 12 11 17 -5 14 -10 16 -16 -11 19 20 21 -7 -19 -17 25 27 -27 -2 29 -29
right_child=3 2 7 8 -6 18 -8 -9 13 10 -12 -13 -14 -15 15 23 -18 22 -20 -21 -22 -23 -24 -25 -26 26 -28 28 -30 -31
leaf_value=0.0089548708581384633 -0.04773198075061437 0.035928913260371391 0.012456996301088841 -0.044646001762185202 -0.083127695796342757 0.108820855634767 -0.037113407525402854 -0.0475576944192245 -0.05466022949677677 -0.053849908693554341 -0.0017718159032878036 -0.048048095148456371 0.037708605094730958 0.0046751028285796862 -0.049512550624160115 -0.001187732647164896 0.089279322850182294 -0.057565810758825879 -0.06320898965353372 -0.038602489628274922 0.0012416802433667939 -0.048713623293397422 0.076354855148644624 0.19047900665137096 -0.0019744177945130105 -0.04939652887871096 0.044024406742050382 -0.0098490455097835113 -0.0083085978217458025 0.077932797609877036
leaf_weight=12528.764282392633 256.31728279200252 124.36756409942245 2365.5924694901914 1103.2247384031434 166.57296465502077 80.645804471674637 1172.0748085031883 169.26277313570608 111.55835163487791 42.690814583445899 8183.3381931831063 97.454379008879187 152.38353735682904 14545.591396893389 41.947659593948629 235.96756487820676 369.62110765818215 25.81668742831971 139.06246002177068 322.39292283246323 2159.0784796951266 23.914817229855544 438.42238421552247 9.1962048152054177 22441.888852871216 911.00307155194241 73.7815091299708 126.85701199875621 2674.6271293471254 248.56223391499589
leaf_count=1534498 296148 17656 4086 1407919 29862 49072 273511 9441 82778 22819 182802 1356 25275 212525 43341 50838 12713 2623 43219 85864 208960 54168 14467 122 1748192 271945 6285 127610 277577 51236
internal_value=0.000398016 0.00436342 -0.00441064 -0.0010505 -0.00433517 -0.012463 -0.0299954 0.00836383 0.00243413 -0.00332978 0.0011469 0.0403564 -0.0345413 0.00621414 0.0351332 0.0506841 0.074709 0.057655 -0.00408251 -0.000787171 0.00467179 0.0722112 0.0683734 0.00966516 -0.00382876 -0.013513 -0.0422103 -0.00491489 -0.00124443 0.0485311
internal_weight=71342 19085.2 6556.39 52256.8 26899.6 4021.54 1296.44 2534.86 25357.2 10043.3 8787.72 604.384 1255.61 15313.9 768.291 656.733 411.569 506.93 2725.09 2586.03 2263.64 104.561 464.239 245.164 26733 4291.15 984.785 3306.36 3050.05 375.419
internal_count=7148908 2280475 745977 4868433 2808855 732450 291167 13527 2059578 1657261 224067 41265 1433194 402317 189792 107014 56054 39909 441283 398064 312200 103240 17090 50960 2778993 1030801 278230 752571 456423 178846
is_linear=0
shrinkage=0.055


Tree=146
num_leaves=31
num_cat=0
split_feature=57 13 8 22 40 9 36 16 51 16 57 16 45 26 48 13 31 27 14 7 19 44 50 33 25 2 0 53 15 46
split_gain=131.403 139.11 129.172 250.455 233.651 258.343 203.895 230.964 243.844 178.19 334.419 259.05 414.106 462.615 358.551 262.249 253.295 232.334 227.792 255.484 374.425 189.878 187.168 175.566 219.983 215.38 217.49 198.91 197.567 188.246
threshold=14.500000000000002 2.3502402305603032 2.5249279737472539 6.0246567726135263 2.8617925643920903 4.9997084140777597 1.0000000180025095e-35 2303106.5000000005 8.5000000000000018 86468.500000000015 73.500000000000014 86469.500000000015 0.84979656338691723 3167.5000000000005 26.500000000000004 2.4414010047912602 2.9174053668975835 1355.3392333984377 7.404583454132081 2.1304405927658085 2.5000000000000004 1.5000000000000002 -2.6792641878128047 7.6989336013793954 -9.6511645317077619 0.095454547554254546 0.73214286565780651 -0.027831792831420895 6.138805866241456 6.9457826614379892
decision_type=2 2 2 2 2 2 2 2 2 2 2 2 2 2 2 2 2 2 2 2 2 2 2 2 2 2 2 2 2 2
left_child=1 -1 3 9 5 6 -4 8 -8 10 17 12 13 22 -15 -13 23 -2 19 -16 21 -21 -11 24 -12 29 -27 28 -25 -26
right_child=2 -3 4 -5 -6 -7 7 -9 -10 11 16 15 -14 14 18 -17 -18 -19 -20 20 -22 -23 -24 27 25 26 -28 -29 -30 -31
leaf_value=-0.081044595237141401 0.0081096535373507174 0.0092996455855774499 -0.005653790485587235 -0.062800629659835072 0.0044122341345166271 0.0039869746366657946 -0.0035240214088892567 -0.0019253431556569109 -0.062241377844493649 -0.068037579570864926 -0.053351817337614668 -0.053295870486184831 -0.013173056165244673 -0.074461861004495519 0.12279397270325376 -0.00092851231451139679 0.020278038152926416 0.10260303422427859 -0.042249445163616853 0.40251919008409659 -0.03703176733218607 -0.021174260332955667 0.067098089447200332 0.089728871294402351 -0.020087737076902763 -0.055902518737520397 0.0077613337042975487 -0.056161019750473974 0.00013663500756108587 0.027938976397465311
leaf_weight=47.112591981043806 769.67300839797099 5238.2168601667072 10789.713585844758 215.12791357587412 26106.153871280669 8540.7302676501422 315.7216085299151 692.13365213977886 662.80084363234346 51.699740684511198 875.83910259970071 290.88739880342109 238.11196844878577 15.367417754292545 62.058758286788361 12964.562155551463 410.8970073147575 82.832550086634001 10.224591817866893 34.615424256990082 7.0957761015670249 2.9533744236250632 63.460822568093135 99.150319671869511 724.79769576715262 661.61979962665282 213.089962686121 114.17133738863049 261.20107249372813 368.16523302290079
leaf_count=2661 18675 64490 1039129 41210 2100523 814676 649 63308 164354 20287 306148 83150 16550 147 3004 1937276 43276 13422 2564 2870 2586 1109 164 24796 286266 25814 424 1434 65862 2243
internal_value=7.98608e-05 0.0084185 -0.000592106 -0.00448068 0.000938435 -0.00337982 -0.00842882 -0.0262806 -0.0434104 -0.00377899 -0.013166 -0.000645597 0.0386018 0.0876919 0.155876 -0.00209736 -0.0202679 0.0178357 0.187956 0.210914 0.308663 0.370637 0.00612412 -0.025312 -0.0304726 -0.0201793 -0.0404373 0.00560741 0.0256785 -0.00385635
internal_weight=70930.2 5285.33 65644.9 18537.6 47107.3 21001.1 12460.4 1670.66 978.522 18322.5 4581.44 13741 485.588 247.476 132.315 13255.4 3728.93 852.506 116.948 106.723 44.6646 37.5688 115.161 3318.03 2843.51 1967.67 874.71 474.523 360.351 1092.96
internal_count=7149067 67151 7081916 2899277 4182639 2082116 1267440 228311 165003 2858067 788360 2069707 49281 32731 12280 2020426 756263 32097 12133 9569 6565 3979 20451 712987 620895 314747 26238 92092 90658 288509
is_linear=0
shrinkage=0.055


Tree=147
num_leaves=31
num_cat=0
split_feature=47 8 9 10 56 47 7 10 26 26 52 40 33 29 10 15 15 40 51 31 45 7 46 33 51 51 33 16 56 45
split_gain=127.174 271.795 347.584 207.922 185.552 181.622 234.831 244.13 315.813 225.975 175.329 174.917 233.387 149.2 251.712 245.587 197.233 201.906 185.815 175.286 211.937 244.96 274.356 208.063 192.473 189.521 251.57 404.227 810.578 318.063
threshold=-113.43185806274413 3.7494349479675297 4.9743888378143319 6.6739296913146982 -100.88940429687499 -112.4034957885742 2.0344052314758305 7.3142197132110605 3167.5000000000005 3418.5000000000005 0.84352630376815807 2.0126758813858037 7.7939457893371591 0.26785714924335485 1.0000000180025095e-35 8.5478196144104022 5.4743669033050546 2.9700856208801274 16.500000000000004 1.8688348531723025 0.7703230381011964 0.97869792580604564 2.0517178773880009 4.610145330429078 1335.5000000000002 50.500000000000007 7.3830463886260995 2302229.0000000005 -100.91967773437499 0.80488342046737682
decision_type=2 2 2 2 2 2 2 2 2 2 2 2 2 2 2 2 2 2 2 2 2 2 2 2 2 2 2 2 2 2
left_child=1 -1 4 -4 11 6 -2 8 -8 -10 -11 12 -3 19 15 -15 17 18 -16 20 21 22 -7 -21 -24 -22 29 -28 -29 -27
right_child=5 2 3 -5 -6 13 7 -9 9 10 -12 -13 -14 14 16 -17 -18 -19 -20 23 25 -23 24 -25 -26 26 27 28 -30 -31
leaf_value=-0.030143066043998846 -0.050823072252402804 -0.037282061143725738 -0.011426324674312026 0.063805946431036445 -0.055259861981475637 -0.054688624350906483 0.012794867966713792 -0.01794050944101876 0.25729904969924111 0.021240450315393396 0.13706797877156807 0.00067156707694118203 0.40122333673175153 -0.029034108175657106 -0.0087322380422262622 0.042971610264157502 0.00055794066884850581 -0.00062644254252502984 -0.05110387998410712 -0.046090466911266295 0.0026220267791865347 -0.058283466488578482 0.043693809114373858 -0.0031161357155886633 0.2961936060886054 -0.012486521503433134 -0.020088337962234488 0.51139379577044264 0.036471625796424781 0.020622483779329397
leaf_weight=1187.1876417820495 83.173913224189164 5.4786603635111515 160.00842791381001 348.9826285767158 263.06539213168071 97.884874111601675 158.36306600535318 125.59938867025994 26.277361473439669 70.992754015620449 90.705230336745444 204.98005532902607 2.8186829513360863 1540.8558566659194 598.47716385973399 153.50750818892266 30373.463742923021 1389.8794580459617 657.25007073527377 365.42506918318395 19692.063934106867 332.10402769611028 135.01585841879933 4274.8376290738415 5.1122011659281261 1010.7302236409814 1173.7874369598503 7.1135048771357097 116.66061953992175 6518.9609467758528
leaf_count=960996 15824 3210 71882 76935 183241 233499 77235 47270 1878 26404 3309 62668 38 71670 1340 3209 888181 66316 70149 96809 99998 755973 25862 787283 3241 1230658 417674 6187 42288 817983
internal_value=0.000613416 -0.0124735 0.00886054 0.0402745 -0.0247762 0.00102635 0.0322182 0.0472327 0.0707867 0.118046 0.0883769 0.0132281 0.206535 0.000771034 -0.00176013 -0.0224032 -0.000697603 -0.015086 -0.0310244 0.00337589 0.00495952 -0.0281008 0.0143464 -0.00654637 0.0627928 0.00562522 0.0123196 -0.0100171 0.0825626 0.0161728
internal_weight=71170.8 2172.52 985.334 508.991 476.343 68998.2 555.112 471.938 346.338 187.975 161.698 213.277 8.29734 68443.1 34713.4 1694.36 33019.1 2645.61 1255.73 33729.7 29089.4 570.117 238.013 4640.26 140.128 28519.3 8827.25 1297.56 123.774 7529.69
internal_count=7149210 1358970 397974 148817 249157 5790240 171920 156096 108826 31591 29713 65916 3248 5618320 1100865 74879 1025986 137805 71489 4517455 3633363 1018575 262602 884092 29103 2614788 2514790 466149 48475 2048641
is_linear=0
shrinkage=0.055


Tree=148
num_leaves=31
num_cat=0
split_feature=55 25 13 51 33 57 56 55 14 8 40 8 9 27 15 28 9 14 51 51 57 50 9 21 2 26 14 0 8 8
split_gain=170.646 200.134 239.655 149.927 199.94 145.293 179.826 192.34 127.918 126.72 120.987 234.425 164.116 171.516 124.204 120.771 119.568 169.958 260.063 214.646 298.269 201.559 154.609 260.234 221.325 302.278 168.14 166.585 137.898 140.768
threshold=0.89233398437500011 -6.2305400371551505 3.113268375396729 8.5000000000000018 9.903262138366701 11.500000000000002 -0.015869140624999997 0.89428710937500011 6.8281705379486093 4.2972624301910409 3.3497501611709599 1.7005987167358401 4.7146430015563974 0.78585162758827221 7.7215702533721933 9584.0000000000018 4.9254989624023446 6.0579535961151132 8.5000000000000018 33.500000000000007 253.50000000000003 -1.0000000180025095e-35 4.2679488658905038 1.0000000180025095e-35 0.13809524476528171 3418.5000000000005 5.2907860279083261 0.26785714924335485 6.2869281768798837 5.8507635593414316
decision_type=2 2 2 2 2 2 2 2 2 2 2 2 2 2 2 2 2 2 2 2 2 2 2 2 2 2 2 2 2 2
left_child=10 2 3 8 9 -4 7 -7 -2 -5 16 -12 -13 14 -14 -16 17 18 -1 20 -20 22 23 24 26 27 -21 -26 29 -18
right_child=1 -3 5 4 -6 6 -8 -9 -10 -11 11 12 13 -15 15 -17 28 -19 19 21 -22 -23 -24 -25 25 -27 -28 -29 -30 -31
leaf_value=0.0064802570863094263 0.0095299911553618413 0.034176054660439506 0.0080101597489666294 -0.089792407104777761 0.075691341528958081 -0.050050867429062666 -0.042360795329643944 0.00012609136708622434 -0.059985867740725347 -0.016581556061752448 -0.068355022774356705 0.06234477075010688 0.030351809985332909 -0.044941287133304496 0.017387960795903597 -0.052860561561834392 0.0021980512767661798 -0.00059658173213977719 -0.012452953596519449 0.05499625757154683 -0.075621131070168435 0.19863371527648571 -0.026132038130073292 -0.058994109883707825 0.27570519225976581 -0.053019536384418135 -0.057398251259685222 0.091961536690980547 -0.017195132085043384 0.020245447258350847
leaf_weight=1203.0234015373317 238.35383998975158 291.5691868681497 1314.1900920269545 296.8717788464819 25.738129739896976 262.60647725755189 544.2666400109083 1693.4527737675926 114.76135760825127 97.141838408504555 89.663042148051318 238.70981676401061 868.88539599259093 133.35174736405315 182.88271861438261 117.46877854237755 41116.717813826603 17516.176987693583 432.52847069775453 68.397591308676056 474.26875720145472 8.7775675869997922 861.99953233883934 103.08169291617014 15.392832022469518 34.040434798323986 84.277794326244475 103.98088916857887 1067.7667992636343 1345.4343140207711
leaf_count=2389 351 275 16563 55225 265 15516 26440 63028 353 4429 24154 14903 41018 38094 7939 7676 4108249 2003083 1765 22018 6232 683 353217 79487 1547 8759 72311 12030 84572 74505
internal_value=0.000280431 -0.00964021 -0.0124593 -0.0402867 -0.0623255 -0.00677579 -0.0145479 -0.00672074 -0.0135845 -0.0721766 0.00101373 0.0157845 0.0208844 0.0130771 0.0198573 -0.0105022 0.000638668 -0.00277965 -0.0140429 -0.0253225 -0.0457244 -0.0107469 -0.0129653 0.0147537 0.0401388 0.0856903 -0.00689896 0.125786 0.0022805 0.00277221
internal_weight=70945.8 4878.95 4587.38 772.867 419.752 3814.52 2500.33 1956.06 353.115 394.014 66066.8 1630.96 1541.3 1302.59 1169.24 300.351 64435.9 20905.9 3389.77 2186.75 906.797 1279.95 1271.17 409.171 306.09 153.414 152.675 119.374 43529.9 42462.2
internal_count=7147076 182445 182170 60623 59919 121547 104984 78544 704 59654 6964631 133784 109630 94727 56633 15615 6830847 2563521 560438 558049 7997 550052 549369 196152 116665 22336 94329 13577 4267326 4182754
is_linear=0
shrinkage=0.055


Tree=149
num_leaves=31
num_cat=0
split_feature=47 1 10 14 0 7 48 48 15 15 16 55 45 48 33 8 22 31 33 7 6 56 53 7 48 47 45 22 47 49
split_gain=170.254 131.62 288.738 182.934 171.364 195.735 203.207 208.821 183.19 250.637 241.64 210.031 175.565 178.182 170.29 165.519 163.672 166.149 182.598 239.36 209.97 175.218 160.927 154.169 241.189 228.604 188.577 162.465 151.759 148.824
threshold=-121.68048858642577 0.61250001192092907 4.610145330429078 8.1282901763916033 0.64583334326744091 2.7351288795471196 243.50000000000003 252.50000000000003 6.6637709140777597 7.2720510959625253 2058736.5000000002 0.90209960937500011 0.82758721709251415 42.500000000000007 5.3155903816223153 4.6298508644104013 1.8688347935676577 0.89587974548339855 6.909752845764161 0.44430957734584814 -0.015569206792861221 -100.90502929687499 -0.041014283895492547 2.3910751342773442 17.500000000000004 -2.5976817607879634 0.8263017237186433 2.2499048709869389 -12.805934906005858 10.47168016433716
decision_type=2 2 2 2 2 2 2 2 2 2 2 2 2 2 2 2 2 2 2 2 2 2 2 2 2 2 2 2 2 2
left_child=-1 -2 15 4 5 6 16 -8 29 11 12 -10 13 -11 -14 -3 17 -4 21 -20 -21 -19 -12 24 -18 -25 27 -26 -5 -6
right_child=1 2 3 28 8 -7 7 -9 9 10 22 -13 14 -15 -16 -17 23 18 19 20 -22 -23 -24 25 26 -27 -28 -29 -30 -31
leaf_value=-0.040069325058503982 0.00051385057779042623 -0.054549333122860338 -0.04279640795218953 0.11492182824759756 -0.04463343194048764 -0.034104008330028412 0.19991525410869204 0.02532017726690099 0.032095116690157306 -0.0034807706169633565 -0.084627781018958112 -0.06965644345102448 0.04281075489364853 0.22892222296916648 -0.0076692808207349354 -0.00680835464873405 0.017177646186403567 -0.057239006315379509 0.029732282868270819 -0.093969842582589183 0.043756898662243478 0.014754462274316793 -0.013425455822887577 -0.073303320057700183 0.12514516042750604 0.080683013677945711 -0.065589158568219466 -0.059702741529265385 0.018727489411586772 -0.0033103624219236608
leaf_weight=324.7094226051122 60260.254910239368 550.88795277236568 604.26685819567138 53.992419078003877 368.92093728868349 1012.4166187046358 20.902605308332568 113.80274031759836 1286.110636677724 17.144327466929099 101.48212879986386 59.824518997193081 335.05208281976957 18.397165264017531 495.44386575670069 365.8566538332052 618.56738511059666 112.63973951789376 96.30625118608441 197.28914097637607 37.050042554772517 778.99464435240952 1015.7282962239697 31.693696017602633 28.827798515103495 151.87127276680985 224.69306121187401 21.008608707263193 332.22673430015493 897.01441450082348
leaf_count=340591 6524016 26611 6126 4906 40763 117211 277 10579 19128 64 17454 1756 3288 324 8174 7412 970 1367 352 1916 81 2557 4134 554 354 257 1921 1347 1509 2873
internal_value=-0.000639104 -0.000453902 -0.00631315 -0.00331861 -0.00498056 -0.013221 -0.00621689 0.0585978 0.00228936 0.0090597 -0.00337795 0.0273314 0.0183676 0.130214 0.0128305 -0.035637 -0.00931979 -0.0193266 -0.00759663 -0.0421785 -0.0717354 0.00539109 -0.0202414 0.00766757 -0.00186322 0.0528575 -0.0443058 0.0488836 0.0334721 -0.015481
internal_weight=70533.4 70208.7 9948.41 9031.67 8645.45 4050.33 3037.91 134.705 4595.12 3329.18 1983.25 1345.94 866.037 35.5415 830.496 916.745 2903.21 1826.55 1222.28 330.645 234.339 891.634 1117.21 1076.66 893.097 183.565 274.529 49.8364 386.219 1265.94
internal_count=7148872 6808281 284265 250242 243827 145869 28658 10856 97958 54322 33438 20884 11850 388 11462 34023 17802 12399 6273 2349 1997 3924 21588 5403 4592 811 3622 1701 6415 43636
is_linear=0
shrinkage=0.055


Tree=150
num_leaves=31
num_cat=0
split_feature=18 26 27 14 57 46 57 50 45 6 26 32 52 24 27 16 53 33 53 4 56 22 8 31 1 12 56 9 8 33
split_gain=120.881 115.762 156.942 148.78 164.249 125.754 118.687 115.513 184.588 126.061 160.756 162.15 158.499 139.891 155.612 203.568 198.817 135.964 135.288 120.254 165.852 153.721 163.289 132.841 129.755 225.463 225.638 220.948 359.841 205.769
threshold=1.0000000180025095e-35 4.5000000000000009 1480.1147460937502 7.0062420368194589 22.500000000000004 7.6884434223175058 11.500000000000002 -113.92946243286131 0.88238692283630382 -12.073047161102293 641.00000000000011 2.1383330821990971 0.80164024233818065 -8.1578731536865217 1328.888610839844 86469.500000000015 -0.03105869889259338 7.0950558185577401 -100.85662460327147 1.0000000180025095e-35 -100.90112304687499 5.9229099750518808 4.5591125488281259 2.4414010047912602 0.35416667163372045 1.0000000180025095e-35 -0.021728515624999997 4.882413625717164 1.4978661537170412 8.9996666908264178
decision_type=2 2 2 2 2 2 2 2 2 2 2 2 2 2 2 2 2 2 2 2 2 2 2 2 2 2 2 2 2 2
left_child=-1 -2 7 -4 6 -6 -5 8 -3 10 12 -12 -9 -11 19 16 -16 -18 -17 21 23 24 -23 -21 29 26 -26 -28 -29 -15
right_child=1 2 3 4 5 -7 -8 9 -10 13 11 -13 -14 14 15 18 17 -19 -20 20 -22 22 -24 -25 25 -27 27 28 -30 -31
leaf_value=-0.0736320024750865 0.038918855307012834 -0.037967842431299241 -0.049258279453495209 -0.015469630535348321 -0.055640995061087918 0.05001644312217101 0.098548318516314626 0.020989539375429075 0.033500319881540383 -0.044118270734453457 0.044553389440166527 -0.055328491296474977 -0.037518925950833518 0.0021710004990098774 -0.04934324864856119 0.074335596661277648 0.07200140340884513 0.22268693762052552 -0.059740309129182136 0.043334329239590449 0.0047717894492553294 -0.055553117403086376 0.022493046993109451 -0.061017741581295235 -0.00080305719807866169 -0.052203170356530375 -0.047127731140077699 -0.092194805176746775 -0.0039952059107078207 -0.023239835614471727
leaf_weight=62.28492543331231 226.89313792045868 508.60964936151868 372.9471495063226 43.160889344595489 131.1631803770324 41.137073955222149 66.180426292798074 331.08733982293415 134.70249595893256 210.26002877941937 598.79241691050265 49.314914072670945 235.18275696684577 39655.765731686435 19.352148278590903 30.669799708764913 54.259041874029208 29.754856197105255 58.220899565429136 530.83657224913622 4252.9375509366801 290.56993078979576 108.57321032506297 35.326181330077816 18374.257790507818 281.33882975453525 590.648244111042 144.43983748064784 2207.9145718867658 983.00996414585097
leaf_count=60517 26313 940280 448794 5258 234998 861 5804 117887 75444 86250 123867 37026 81104 4011310 8878 4128 270 115 17341 2693 19309 65853 11522 506 558797 16005 5572 1967 11015 169095
internal_value=5.25342e-05 0.000122753 -5.09243e-06 -0.0267075 0.0034923 -0.0297159 0.054833 0.000247524 -0.0228602 0.000464379 0.0179918 0.0365879 -0.00342584 0.00014941 0.000290251 0.0490694 0.0997044 0.13488 -0.0119852 0.000147598 0.00851506 -0.000496802 -0.0343077 0.036346 -0.000277226 -0.00372149 -0.00306955 -0.0171948 -0.00959492 0.00155356
internal_weight=70659.6 70597.3 70370.4 654.589 281.642 172.3 109.341 69715.8 643.312 69072.5 1214.38 648.107 566.27 67858.1 67647.9 192.257 103.366 84.0139 88.8907 67455.6 4819.1 62636.5 399.143 566.163 62237.4 21598.6 21317.3 2943 2352.35 40638.8
internal_count=7148779 7088262 7061949 695715 246921 235859 11062 6366234 1015724 5350510 359884 160893 198991 4990626 4904376 30732 9263 385 21469 4873644 22508 4851136 77375 3199 4773761 593356 577351 18554 12982 4180405
is_linear=0
shrinkage=0.055


Tree=151
num_leaves=31
num_cat=0
split_feature=18 43 51 54 15 1 46 49 49 22 8 53 0 52 50 45 24 14 26 50 25 50 14 10 47 46 7 53 19 46
split_gain=118.485 114.19 162.288 145.887 126.598 175.988 154.526 184.403 143.554 117.131 111.228 181.235 222.527 170.48 242.493 263.772 300.707 191.489 169.077 219.099 155.721 152.691 140.35 184.589 166.832 137.683 132.219 131.828 187.633 179.953
threshold=1.0000000180025095e-35 1.0000000180025095e-35 50.500000000000007 1497.5000000000002 8.632395267486574 0.30952382087707525 5.3277359008789071 5.1356866359710702 5.8406724929809579 3.3842465877532963 4.3502571582794198 -100.86584472656249 0.30952382087707525 0.75093373656272899 -17.060758590698239 0.7703230381011964 -0.024000579491257664 6.7816250324249276 384.50000000000006 -8.0631599426269513 -5.0516593456268302 -16.857562065124508 4.7833075523376474 7.3135535717010507 -2.5976817607879634 5.7863478660583505 12.151627063751222 -0.079736918210983262 2.5000000000000004 11.787520408630373
decision_type=2 2 2 2 2 2 2 2 2 2 2 2 2 2 2 2 2 2 2 2 2 2 2 2 2 2 2 2 2 2
left_child=-1 4 -3 -4 10 9 7 -7 -9 -6 11 12 -2 14 -13 16 -16 18 -17 -20 22 -18 23 24 -15 -19 -14 28 29 -24
right_child=1 2 3 -5 5 6 -8 8 -10 -11 -12 13 26 20 15 17 21 25 19 -21 -22 -23 27 -25 -26 -27 -28 -29 -30 -31
leaf_value=-0.073383813832641337 -0.045266795188946302 0.027074141721874188 -0.042991895577928298 0.058155664453556175 -0.085633608951393686 -0.059374951051561368 -0.032871686029862922 0.14339089885579287 0.0086146251053192003 0.0065289134336472109 0.0041726341551496862 -0.040947916897490028 -0.028295747352784742 0.056570378448914688 -0.060864821184291283 0.14520128401919091 0.25323174811121585 -0.05651601701684595 -0.050831267548530255 0.075684427265503021 0.019676947112543763 0.036024034338202261 -0.01112254011780712 -0.036670086719043864 -0.039823267587424521 0.056402917523720432 0.057857202019086076 -0.0011529404092774135 -0.046037684334660732 0.08499303922962903
leaf_weight=60.337947114821873 557.08124360341753 998.67485426075291 200.66789046819758 49.957908361662703 165.73718040090898 32.980444776516379 167.87071589423431 50.239020289598557 43.341084356296051 54.309014365764597 19262.353312220381 143.67746842771521 91.201170473610546 367.55077042673656 143.54526587711007 82.76177706575254 6.4669196241011369 62.811723442682705 45.477946054917993 259.21578181617224 1095.9099929382646 86.758421711198025 388.92582968395436 107.17841097581913 59.919756539489754 58.027785278958618 118.97463662984592 45759.95688188514 474.22213922417723 64.297271563380491
leaf_count=60451 1811253 2900 36801 8347 30680 11230 1253 207 523 6983 1331341 365073 188923 21711 153553 4459 1786 55229 63480 13319 10796 55135 345217 9237 282 788 39322 2043400 474474 93
internal_value=0.000647281 0.000715358 0.0171631 -0.0220867 0.000419554 -0.0266307 0.00133444 0.0462306 0.084573 -0.0632475 0.000622466 -0.000746219 -0.0271838 -0.00033127 0.0234708 0.0360834 -0.0117131 0.0582448 0.0768859 0.0562852 -0.00077146 0.0632148 -0.00124805 0.0266403 0.0427544 -0.00220517 0.0206842 -0.00157024 -0.0220431 0.00329169
internal_weight=71060.4 71000.1 1249.3 250.626 69750.8 514.477 294.431 126.561 93.5801 220.046 69236.3 49974 767.257 49206.7 888.743 745.066 236.771 508.295 387.456 304.694 48318 93.2253 47222.1 534.649 427.471 120.84 210.176 46687.4 927.445 453.223
internal_count=7148246 7087795 48048 45148 7039747 50876 13213 11960 730 37663 6988871 5657530 2039498 3618032 712822 347749 210474 137275 81258 76799 2905210 56921 2894414 31230 21993 56017 228245 2863184 819784 345310
is_linear=0
shrinkage=0.055


Tree=152
num_leaves=31
num_cat=0
split_feature=42 53 23 54 50 49 10 52 10 25 25 41 48 46 6 3 25 29 50 29 46 48 10 53 16 15 1 15 15 45
split_gain=128.893 244.68 165.853 140.405 172.477 143.436 116.723 124.066 243.236 241.734 219.366 195.112 258.916 209.22 201.368 315.03 272.289 215.832 200.326 196.193 269.367 435.115 523.646 554.741 569.595 301.95 197.874 219.018 582.306 225.206
threshold=-1.0000000180025095e-35 -0.033686310052871697 3.5000000000000004 27.500000000000004 -17.060758590698239 6.2722833156585702 12.102104663848879 0.83131366968154918 1.0000000180025095e-35 -6.6345360279083243 -13.722517490386961 1.0000000180025095e-35 76.500000000000014 9.0574235916137713 -3.7834789752960201 0.34057971835136419 -10.575509071350096 0.92857143282890331 -11.955196380615233 0.26785714924335485 6.3318212032318124 119.50000000000001 6.6220710277557382 -0.04761987924575805 2096642.0000000002 7.212663173675538 0.30952382087707525 6.37587594985962 6.4385509490966806 0.82506504654884349
decision_type=2 2 2 2 2 2 2 2 2 2 2 2 2 2 2 2 2 2 2 2 2 2 2 2 2 2 2 2 2 2
left_child=1 -1 3 4 -3 -5 7 8 9 -2 -9 13 -13 14 18 16 -16 -18 -10 20 21 22 23 24 25 -14 27 -23 29 -29
right_child=6 2 -4 5 -6 -7 -8 10 11 -11 -12 12 19 -15 15 -17 17 -19 -20 -21 -22 26 -24 -25 -26 -27 -28 28 -30 -31
leaf_value=-0.043640764808992441 -0.028972621628763393 0.1091479518247645 -0.082649286059611693 -0.054665309506991333 -0.017164598007300719 0.083160738997520758 -0.037287856930784735 -0.029044465384553877 -0.0035889958925101519 0.026342424118871111 -0.00045538658044737257 0.0018986787990966296 0.24272842140176018 0.014185008067999317 -0.064646946187460905 -0.035858055618094471 -0.0026151527666437623 0.038607490445493137 0.034357260052814927 0.0047610417822876302 -0.065944634409627528 -0.01672163896361973 0.01922096043771989 0.062398442608105786 -0.044285252905079196 0.61244490376644067 0.065512347601918125 0.23256253747179356 0.02209183126285455 -0.039848501611143151
leaf_weight=561.20982875047775 1150.5956158091612 32.014852437830996 48.978037721157307 23.816520576481707 275.74161207175348 131.38421150634531 242.14245232114627 820.89057255779335 864.47731459879287 297.09906391446202 47892.492591960588 3232.0241161928716 38.667240360751748 3045.4484051052168 198.53924437128808 941.84100093184679 6189.6543094210338 404.61549349289271 813.51180276111882 1170.4252564922244 77.468245087162359 383.74908770734692 117.34059581634938 66.019298830535263 11.16241997873294 10.151466427967533 340.90443587641494 50.985622389329365 1343.4211405975293 9.3920263593099644
leaf_count=1408236 381514 644 3165 5333 2906 600 35140 267707 825817 19204 387237 24312 505 19491 93519 1229872 1443411 1498 52259 413644 6297 195545 4007 256 772 339 59143 1453 259890 6133
internal_value=0.000151171 -0.0187203 0.00875657 0.0192065 -0.00248987 0.0609644 0.000442996 0.000577182 0.00413725 -0.0175692 -0.000940085 0.00576875 0.0132201 0.00166701 -0.00238855 -0.00613669 -0.0019924 -5.84521e-05 0.0148553 0.0233124 0.0321497 0.0354857 0.104477 0.18011 0.2949 0.369364 0.0273717 0.0199354 0.02998 0.190381
internal_weight=70786.2 1073.15 511.935 462.957 307.756 155.201 69713 69470.9 20757.5 1447.69 48713.4 19309.8 6851.71 12458.1 9412.64 7734.65 6792.81 6594.27 1677.99 3619.69 2449.26 2371.79 243.341 126 59.9811 48.8187 2128.45 1787.55 1403.8 60.3776
internal_count=7149849 1420884 12648 9483 3550 5933 5728965 5693825 5038881 400718 654944 4638163 972296 3665867 3646376 2768300 1538428 1444909 878076 947984 534340 528043 5879 1872 1616 844 522164 463021 267476 7586
is_linear=0
shrinkage=0.055


Tree=153
num_leaves=31
num_cat=0
split_feature=42 50 33 8 26 55 53 57 56 43 57 15 15 33 10 25 26 50 35 16 16 16 16 16 32 25 10 16 7 27
split_gain=169.458 230.175 149.626 184.353 133.234 130.227 128.364 151.481 173.992 214.248 170.826 266.214 174.114 160.931 151.124 142.543 141.952 139.252 130.796 253.543 238.636 185.918 164.777 154.667 179.651 167.28 140.893 138.27 241.196 128.369
threshold=-1.0000000180025095e-35 -4.3811669349670401 6.908255100250245 0.89587974548339855 81.500000000000014 0.89624023437500011 -1.0000000180025095e-35 3.5000000000000004 -0.019775390624999997 -1.0000000180025095e-35 135.50000000000003 8.6133213043212908 5.6542406082153329 6.909752845764161 10.31093215942383 -8.9880409240722638 2003.5000000000002 -120.4408721923828 2.3502402305603032 2303382.5000000005 64339.500000000007 2303427.5000000005 2302229.0000000005 86470.500000000015 0.89587974548339855 -8.6950330734252912 6.8911144733428964 1287648.0000000002 2.7351288795471196 1355.3392333984377
decision_type=2 2 2 2 2 2 2 2 2 2 2 2 2 2 2 2 2 2 2 2 2 2 2 2 2 2 2 2 2 2
left_child=1 4 3 -3 -1 -5 7 -2 9 14 12 13 15 -12 -9 -10 -8 -11 19 22 -20 27 23 29 -25 -26 -23 -22 -29 -14
right_child=6 2 -4 5 -6 -7 16 8 10 17 11 -13 18 -15 -16 -17 -18 -19 20 -21 21 26 -24 24 25 -27 -28 28 -30 -31
leaf_value=0.032862885350582627 0.022374238755816019 0.059083020043256378 0.037239592629238885 -0.065222358469955222 -0.057660163222364669 0.042884539998927808 0.022280691097474315 -0.07200200815048298 -0.058056939293005698 -0.053520966926497618 -0.084578852799163121 0.090610046399462435 0.010537038954405517 0.0010231239704061733 0.063275583174202607 -0.0047336534029164554 1.7443307358963597e-05 0.00017385796022701322 -0.072879839513310743 -0.070719001418605154 0.005836405866624309 -0.10307965587849471 0.037542266032891534 0.0073098850348805111 -0.052385075822882404 0.0046189570095944406 0.071502550279082741 -0.0044090974483971587 -0.069011840279751102 0.082664504781346571
leaf_weight=51.7144225748998 841.85771905592264 60.372594966740508 220.80372541552788 181.23510172647002 464.07905007062618 37.492000205442309 1575.338275527567 185.42859589464933 347.73410459870502 141.46766558714444 241.915073077118 34.338360082569125 1050.0802340378941 90.727532542849076 24.825250607478665 267.69455453380942 1917.5690134949982 58882.327642898599 196.21153992306063 131.60227493679122 537.35145805506181 11.34673125939298 421.62677778318175 728.11953684679611 430.16513862660941 241.32484519667923 117.76044754665054 426.85034821252339 291.95751503549036 75.598550692084245
leaf_count=24242 13023 1568 5923 11659 1377489 28 1837 43708 64367 382511 36497 288 16151 6149 740 499 3053 5039048 12134 6107 14733 671 3935 18089 24641 355 830 737 26068 11593
internal_value=-0.000518671 -0.0227654 0.0038558 -0.0227457 -0.0483558 -0.0461475 -0.000190572 -0.000736957 -0.00103856 -0.000159103 -0.0102628 -0.0462965 -0.00771463 -0.0615617 -0.0549306 -0.0350878 0.0100759 4.06402e-05 -0.00406582 0.00254153 -0.0168952 -0.00873185 0.00592741 0.000585184 -0.0116042 -0.0320158 0.0528881 -0.0152497 -0.0309442 0.0157251
internal_weight=70226.9 1015.7 499.903 279.1 515.793 218.727 69211.2 65718.3 64876.5 59234 5642.41 366.981 5275.42 332.643 210.254 615.429 3492.91 59023.8 4660 3078.52 1581.48 1385.27 2946.92 2525.29 1399.61 671.49 129.107 1256.16 718.808 1125.68
internal_count=7148673 1420909 19178 13255 1401731 11687 5727764 5722874 5709851 5466007 243844 42934 200910 42646 44448 64866 4890 5421559 136044 80871 55173 43039 74764 70829 43085 24996 1501 41538 26805 27744
is_linear=0
shrinkage=0.055


Tree=154
num_leaves=31
num_cat=0
split_feature=16 16 9 0 56 10 48 8 51 56 55 49 35 26 44 15 27 8 8 7 47 48 54 24 54 54 30 0 10 7
split_gain=151.229 266.406 245.142 232.371 332.621 240.707 324.921 221.879 213.696 263.506 325.465 295.263 272.807 243.386 208.15 298.581 231.613 221.239 292.338 235.287 323.484 324.75 291.429 371.935 348.387 259.55 224.877 270.79 224.159 216.333
threshold=2169981.0000000005 2097573.5000000005 4.9334011077880868 0.38750000298023229 -0.045654296874999993 8.5174932479858416 135.50000000000003 4.2121002674102792 68.500000000000014 -100.90356445312499 0.86206054687500011 10.47168016433716 1.7005987167358401 601.00000000000011 1.5000000000000002 7.1758723258972177 0.035023218020796783 2.9700856208801274 6.6547963619232187 1.7009398937225344 -18.746548652648922 93.500000000000014 253.50000000000003 -0.061153257265686982 271.50000000000006 40.500000000000007 0.30952382087707525 0.38750000298023229 8.5161924362182635 2.0043064355850224
decision_type=2 2 2 2 2 2 2 2 2 2 2 2 2 2 2 2 2 2 2 2 2 2 2 2 2 2 2 2 2 2
left_child=1 -1 -3 4 -4 7 -7 -5 -2 13 11 14 -13 -10 17 -16 -17 19 26 22 21 -21 23 -11 28 -25 29 -28 -24 -19
right_child=8 2 3 5 -6 6 -8 -9 9 10 -12 12 -14 -15 15 16 -18 18 -20 20 -22 -23 24 25 -26 -27 27 -29 -30 -31
leaf_value=0.00013310980539273882 0.0010032484394748428 -0.028856117982802035 -0.0082546227304606708 -0.01488389430504419 -0.064468054283919107 0.02163818325311323 0.21590313065490385 0.019823961100705351 0.042302690587082692 -0.059311343742110299 -0.011472382813257324 -0.052730498561894164 0.13057716810611453 -0.038415512737095946 -0.016165841063792267 0.15086882557958017 -0.04671903657907462 -0.033057005178689959 0.087374328923658956 0.20497283915115488 -0.020116724832072375 0.032677600763019649 -0.022223810620812627 0.081743984670862704 0.087922957732492549 -0.025486730769753455 0.090466664192926136 -0.056802134406714125 0.45740169717164247 0.0098553381435998594
leaf_weight=42037.721387372774 16678.913650457645 1829.7628792209907 1980.7237229529637 1080.7910720763466 374.89711269147301 87.385927933471976 32.922653439047281 1139.5694468309812 142.91071326677593 99.747412135388004 887.51942643888469 27.133251620754891 129.94667108248541 479.09947812527207 69.612027207862411 114.62069006858655 18.725799534446196 606.43455099971834 117.61468615775448 31.434005048351537 416.87179872887282 405.54601455343982 3.2123331046022932 297.46960045438391 203.01466674447147 85.595640047657071 146.21512615904794 46.531609771205694 8.3236088894409459 844.59506266150493
leaf_count=4244254 102708 255079 299702 41958 37885 501 1739 20156 43832 8881 186156 1016 2240 622963 88721 48665 25317 194437 19679 906 151192 229125 1145 1833 139318 10569 13895 10865 341 344471
internal_value=0.000237563 -0.00147244 -0.0118068 -0.00514047 -0.0173186 0.00712623 0.0812928 0.00293395 0.00403576 0.0137856 0.0183669 0.0255836 0.0982636 -0.0196806 0.0222012 0.0756517 0.122436 0.0188173 0.00545012 0.0339293 0.0144343 0.0472502 0.0575263 0.0332164 0.11023 0.0577637 -0.000658868 0.0543767 0.357508 -0.00813112
internal_weight=70424.9 48563.8 6526.05 4696.29 2355.62 2340.67 120.309 2220.36 21861.1 5182.17 4560.16 3672.64 157.08 622.01 3515.56 202.959 133.346 3312.61 1761.39 1551.22 853.852 436.98 697.363 482.813 214.551 383.065 1643.78 192.747 11.5359 1451.03
internal_count=7149549 4901274 657020 401941 337587 64354 2240 62114 2248275 2145567 1478772 1292616 3256 666795 1289360 162703 73982 1126657 583347 543310 381223 230031 162087 21283 140804 12402 563668 24760 1486 538908
is_linear=0
shrinkage=0.055


Tree=155
num_leaves=31
num_cat=0
split_feature=17 51 42 43 28 2 55 28 54 10 10 29 35 23 47 56 49 26 48 53 13 13 26 54 24 9 28 3 55 22
split_gain=112.128 105.329 284.447 190.011 213.849 228.612 208.557 195.289 204.038 189.14 261.51 230.197 228.534 219.54 330.586 177.171 170.278 279.528 233.477 185.512 213.985 170.332 184.835 164.646 252.299 221.867 171.478 250.13 258.711 224.889
threshold=113.00000000000001 50.500000000000007 -1.0000000180025095e-35 1.0000000180025095e-35 10.500000000000002 0.38750000298023229 0.89428710937500011 11.500000000000002 47.500000000000007 5.3082554340362558 4.4716224670410165 0.35416667163372045 2.4414010047912602 7.5000000000000009 -7.4891092777252188 -0.014404296874999998 8.9140625000000018 8319.5000000000018 34.500000000000007 -0.04761987924575805 3.1567740440368657 2.6020033359527592 263.50000000000006 205.50000000000003 -5.6611504554748526 4.4013888835906991 9584.0000000000018 0.83771929144859325 0.84497070312500011 3.7494349479675297
decision_type=2 2 2 2 2 2 2 2 2 2 2 2 2 2 2 2 2 2 2 2 2 2 2 2 2 2 2 2 2 2
left_child=-1 3 -3 4 5 -2 -7 8 -6 10 11 13 -11 23 -15 -13 21 -18 -19 -20 -21 22 -9 25 -25 -4 29 28 -28 -27
right_child=1 2 9 -5 7 6 -8 16 -10 12 -12 15 -14 14 -16 -17 17 18 19 20 -22 -23 -24 24 -26 26 27 -29 -30 -31
leaf_value=-0.073140716799337036 -0.035206456503989729 -0.041687245214655375 -0.064096889971838558 0.02350350316717886 -0.024644156073047402 0.019884906233042961 -0.053238528705943096 0.025679945322628506 0.10994281505754579 0.0082166364689453767 -0.02945419984994754 -0.048944395612591472 -0.035218796696734757 0.018426740222276645 0.30897414738556017 0.042280790228910216 0.0065131079452698838 -0.00052683711460818964 -0.04212605932890183 -0.058419037445673262 -0.004126930348901158 -0.0046793759983967077 -0.058409948865892916 0.033201160508928067 -0.046440364029375854 -0.0069003665604763795 0.10482221065167308 0.00063336488896200002 -0.065628084718146532 0.060988718369841939
leaf_weight=57.468138983735116 1112.6199702758313 400.65533590651103 86.187623159068607 951.7796243847697 50.340937590808608 563.00042387243593 143.95569947536569 99.44055014802143 91.187236436468083 16267.364615000406 1068.8353606021556 353.11948961284361 370.01457209129148 34.485166189355368 13.617891953494107 74.469923227705294 16469.324448005034 13685.148117742472 700.23341412926675 240.68881087005138 2077.9165306864306 13797.459185862186 339.64412166926923 183.93282880112019 328.24781731720941 602.79008597058419 232.45682303859212 169.85323281615274 26.989109763031593 190.12061677048769
leaf_count=60015 30522 1375489 10309 2889 407 7225 3009 441 660 4322514 356754 86668 150216 9579 609 6002 30767 33037 7220 1305 6360 111265 3555 140694 338481 35922 6863 3997 307 6798
internal_value=0.000513779 0.000578793 0.00391163 -0.000772748 -0.00124308 -0.0197213 0.00472565 -0.000534005 0.0628634 0.00483518 -0.00704925 0.00342082 0.00724034 0.011763 0.122027 -0.0327514 -0.000729868 0.00142952 -0.00358311 -0.0174142 -0.00987644 -0.0057603 -0.0392912 0.00852338 -0.0177953 0.0188545 0.0249414 0.0527335 0.0861853 0.00965795
internal_weight=70783.3 70725.9 20403.1 50322.7 49371 1819.58 706.956 47551.4 141.528 20002.5 3365.11 2296.27 16637.4 1868.68 48.1031 427.589 47409.9 33173.3 16704 3018.84 2318.61 14236.5 439.085 1820.58 512.181 1308.4 1222.21 429.299 259.446 792.911
internal_count=7149879 7089864 6851202 238662 235773 40756 10234 195017 1067 5475713 1002983 646229 4472730 553559 10188 92670 193950 78689 47922 14885 7665 115261 3996 543371 479175 64196 53887 11167 7170 42720
is_linear=0
shrinkage=0.055


Tree=156
num_leaves=31
num_cat=0
split_feature=12 13 16 57 24 13 52 30 2 26 49 19 15 28 16 14 57 16 9 52 49 14 48 50 50 55 47 16 56 24
split_gain=122.419 239.73 139.103 213.791 146.94 136.565 238.977 226.416 177.668 263.746 263.862 229.234 248.502 213.286 193.032 254.273 214.666 188.336 195.953 173.687 326.451 269.634 236.055 221.335 185.956 172.302 170.517 166.216 248.253 163.89
threshold=1.0000000180025095e-35 3.113268375396729 2301617.5000000005 387.50000000000006 -0.070449501276016221 2.9700856208801274 0.84884047508239757 0.92857143282890331 0.19090909510850909 8319.5000000000018 -0.023440575227141377 2.5000000000000004 6.8117947578430185 1.0000000180025095e-35 2303705.5000000005 5.9309172630310067 11.500000000000002 2058731.5000000002 4.9945502281188974 0.8366849720478059 7.2336952686309823 6.1727433204650888 26.500000000000004 -14.594948768615721 -118.33173370361327 0.81860351562500011 -2.5976817607879634 86469.500000000015 -100.91674804687499 -0.019351040944457051
decision_type=2 2 2 2 2 2 2 2 2 2 2 2 2 2 2 2 2 2 2 2 2 2 2 2 2 2 2 2 2 2
left_child=5 -2 4 -4 -3 6 7 8 9 10 27 12 -12 -11 15 16 -10 18 -13 21 24 23 -22 -17 -21 -9 -25 28 -1 -8
right_child=1 2 3 -5 -6 -7 29 25 14 13 11 17 -14 -15 -16 19 -18 -19 -20 20 22 -23 -24 26 -26 -27 -28 -29 -30 -31
leaf_value=0.25849903418299652 0.025811451947636354 -0.067152153956915719 0.042372769211140984 -0.072768435457200228 -0.016866383438076608 0.0015136734809910264 -0.012733518458993266 0.078725328760789026 0.048691159069904649 0.13756095810736479 -0.0027465808834923034 -0.076604153808360095 0.061246231626370572 -0.061013381227131493 0.12377512077228386 0.14653707290052462 -0.084436894719613423 -0.064856417030210514 0.039418139118077469 0.12483683920884325 0.02674530551948729 -0.019076824832991092 0.10996548705173138 -0.072864633374514182 -0.066238714009893285 -0.07035053151809402 0.077090443475652096 -0.053717822676685636 -0.0058376376682272831 -0.061470951496636873
leaf_weight=6.3706419469708626 297.43852788947152 355.15990381015581 155.12537581716606 65.195047692464868 352.11190420053936 61721.646565401032 3845.8855979183718 176.6475623119768 46.718504673757707 12.544157480631837 329.70268983919595 52.764593234081985 407.98259487304858 343.39132783167224 43.685280735375272 56.128654479998659 128.63933713055121 156.15982144665941 181.22266896075416 13.439606973635817 220.70548868237529 457.44187395055815 195.8649154209852 37.864008965032554 96.344837952456146 22.987040020558197 44.40704867761815 353.81223762444097 192.88695818178167 216.23273998552759
leaf_count=14642 34155 97193 4543 16048 35944 5929050 46326 1903 988 3597 25060 18337 12716 174293 930 14784 28506 38376 22579 1889 450 121241 1687 3157 14903 13974 87 339528 132325 1273
internal_value=0.000349963 -0.0168495 -0.030594 0.00744261 -0.0424118 0.000654924 -0.0062793 0.00408364 0.000679604 -0.00954827 -0.000387253 0.0148633 0.0328192 -0.0522064 0.0161897 0.0121063 -0.0486026 -0.0190732 0.0121996 0.0217664 0.0446289 0.0013668 0.0667143 0.0672467 -0.0384286 0.0602604 0.00785531 -0.0313411 0.0087346 -0.0154003
internal_weight=70586.5 1225.03 927.592 220.32 707.272 69361.5 7639.83 3577.71 3378.08 2036.84 1680.9 1127.83 737.685 355.935 1341.24 1297.55 175.358 390.147 233.987 1122.2 526.355 595.842 416.57 138.4 109.784 199.635 82.2711 553.07 199.258 4062.12
internal_count=7150484 187883 153728 20591 133137 6962601 1033551 985952 970075 781453 603563 117068 37776 177890 188622 187692 29494 79292 40916 158198 18929 139269 2137 18028 16792 15877 3244 486495 146967 47599
is_linear=0
shrinkage=0.055


Tree=157
num_leaves=31
num_cat=0
split_feature=40 8 15 10 16 10 7 8 50 15 10 53 33 53 1 52 51 32 9 38 49 51 11 52 10 33 47 55 33 27
split_gain=118.204 199.184 133.496 167.877 188.424 138.364 152.347 131.926 126.693 251.104 166.812 145.566 145.397 125.754 118.768 194.852 246.906 215.312 192.977 184.225 167.808 166.036 181.433 165.116 162.796 248.192 181.323 162.154 173.401 196.875
threshold=3.3497501611709599 1.4978661537170412 6.4700248241424569 8.1240024566650408 1178214.5000000002 6.2156071662902841 2.8696424961090092 3.0677825212478642 -8.7809662818908674 6.4385509490966806 8.2941746711730975 -0.07617092132568358 0.89587974548339855 -0.027831792831420895 0.61250001192092907 0.82639771699905407 33.500000000000007 2.5249279737472539 4.9074609279632577 1.0000000180025095e-35 4.5746545791625985 50.500000000000007 1.0000000180025095e-35 0.82032141089439403 6.2176032066345224 8.9996666908264178 -116.84663772583006 0.90014648437500011 9.2103905677795428 1088.112487792969
decision_type=2 2 2 2 2 2 2 2 2 2 2 2 2 2 2 2 2 2 2 2 2 2 2 2 2 2 2 2 2 2
left_child=14 -2 8 4 5 -4 7 -7 9 10 -3 -11 -10 -5 24 19 20 27 -19 21 -17 -16 -23 -24 25 26 -1 28 29 -18
right_child=1 2 3 13 -6 6 -8 -9 12 11 -12 -13 -14 -15 15 16 17 18 -20 -21 -22 22 23 -25 -26 -27 -28 -29 -30 -31
leaf_value=-0.037187224604316053 -0.06980200380886678 0.016956729094475816 -0.069943423360051021 -0.06595268956226015 0.039949944447662769 -0.084993433953268943 -0.082914604740333867 0.030754332152313851 0.054719345189299266 0.51377948554103658 0.13713049227449176 -0.015012404251916248 -0.030540393812487042 0.013804331973565767 0.0046551141293275184 -0.097260277889362465 -0.055528663701731436 -0.068518013778388148 0.025713954946479243 -0.024241063779498213 -0.0031650111247849442 0.026649756028127809 0.049674577613050039 0.17889241518963206 -0.0016655507782265952 -0.084317512811309531 0.005189761866132311 0.011281497478615368 0.037698310493085592 0.028703413407024963
leaf_weight=304.64744118923045 76.601256304067647 87.192632584086823 81.184489975086763 133.88988038942989 577.11431981340502 28.073863892914233 44.78896711282141 310.45100079360782 148.09807701708633 1.2834572667961768 55.222209833544184 1.7337126044076274 95.879342175365309 102.44496670702938 574.19674765851414 52.848741090565454 1081.0508308797034 76.209121010175295 341.09971846806002 297.86978079223263 6538.7352688952524 334.36073285194107 80.925288850598008 48.507222607266158 35608.931546590189 90.315374214169424 22769.922825212998 181.98265815666673 70.470393732044613 87.959119175116939
leaf_count=305667 21939 22700 10146 24923 30274 3295 9802 8663 903 663 3865 364 1624 331 3965 752 45111 5694 10778 63975 14890 89571 15326 2694 4204282 26142 2179494 18020 2569 21136
internal_value=9.59226e-05 0.0142153 0.0182724 0.00959714 0.0190993 -0.00695604 0.0071133 0.020058 0.0462599 0.0860775 0.0666255 0.390066 0.0212731 -0.0318104 -0.000264348 -0.00587928 -0.0089725 -0.0267652 0.00789779 0.0136021 -0.00399258 0.0245261 0.0488152 0.102954 0.000669083 0.00425745 0.00462233 -0.0369334 -0.0440293 -0.0490956
internal_weight=70284 1743.96 1667.36 1277.95 1041.61 464.498 383.314 338.525 389.409 145.432 142.415 3.01717 243.977 236.335 68540 9766.22 8430.36 1838.77 417.309 1335.86 6591.58 1037.99 463.793 129.433 58773.8 23164.9 23074.6 1421.46 1239.48 1169.01
internal_count=7149558 139492 117553 87434 62180 31906 21760 11958 30119 27592 26565 1027 2527 25254 7010066 294481 118950 103308 16472 175531 15642 111556 107591 18020 6715585 2511303 2485161 86836 68816 66247
is_linear=0
shrinkage=0.055


Tree=158
num_leaves=31
num_cat=0
split_feature=41 49 56 16 16 38 6 56 15 52 14 33 55 13 14 54 42 16 16 8 16 52 26 54 31 15 15 13 6 31
split_gain=119.916 191.003 247.073 235.493 336.853 313.674 217.53 213.25 236.621 183.621 249.589 203.132 186.19 162.349 161.726 159.134 158.216 171.319 227.037 231.916 235.842 209.941 206.691 238.896 325.992 239.018 197.711 191.359 181.962 177.487
threshold=1.0000000180025095e-35 1.1674799323081972 -100.87231445312499 2302184.5000000005 2302480.5000000005 1.0000000180025095e-35 -6.1693463325500479 -100.86938476562499 5.3351285457611093 0.80373939871788036 6.2215831279754648 5.9750609397888192 0.86547851562500011 2.5249279737472539 5.9309172630310067 14.500000000000002 -1.0000000180025095e-35 1178213.5000000002 2096704.5000000002 1.2424533367156985 2302857.5000000005 0.83758556842803966 614.00000000000011 225.50000000000003 2.4414010047912602 7.8369622230529794 8.5999703407287615 3.7012257575988774 -0.014414584264159201 1.0000000180025095e-35
decision_type=2 2 2 2 2 2 2 2 2 2 2 2 2 2 2 2 2 2 2 2 2 2 2 2 2 2 2 2 2 2
left_child=1 2 3 6 5 -5 -1 8 -4 10 -2 12 -12 -13 -10 -6 -11 -18 21 20 -20 22 -19 25 26 -24 -25 -22 -26 -23
right_child=9 -3 7 4 15 -7 -8 -9 14 16 11 13 -14 -15 -16 -17 17 18 19 -21 27 29 23 24 28 -27 -28 -29 -30 -31
leaf_value=0.048797085866925029 0.044791352874822221 -0.0011861419018827785 0.14367719822711972 0.032401151601169603 0.084601488837213454 0.32611586474229998 -0.050076184874409492 -0.0071897569434428085 0.13356271391306582 -0.028419444334420649 -0.067972432012247092 0.107904838659655 0.050060434452703313 0.008416457235858054 -0.053368001177360812 -0.031967478843008511 -0.0030697033598304801 -0.0087542020520266807 -0.043830977447548825 0.0015535529518063069 -0.02943893420745854 0.023818996968722445 0.057206442738559404 -0.026529314202212384 0.044905660219312943 -0.038018823376585374 0.081855793181373121 0.049736186646175164 0.20474787951505888 0.0028097130191024979
leaf_weight=67.957512224167658 689.41809147514505 23729.108812730494 56.63577605511091 31.833638326679647 36.91013319636113 12.913912423835425 1063.5999561346598 1940.5434298996752 13.731078326438363 541.16184279935987 182.48058085544108 48.609367758537701 47.602911044341454 684.24025100550352 50.529123326505214 227.1469201792388 15945.969824262444 441.46230445520268 695.28750579687767 12639.461136081882 177.4117595138523 1448.2503536115109 991.32707768250839 468.91488319271957 215.4096302230646 83.274997228509164 52.158539108699188 182.39041441636073 19.79649642307777 7474.4465570262437
leaf_count=74999 133945 1389395 7571 55503 249 11999 2335827 984947 9379 156928 97099 16783 45352 227069 49147 444338 453200 83612 38647 264458 8409 12543 33038 83990 19636 4986 1523 3019 65 102209
internal_value=-0.000101075 -0.00295703 -0.0149382 -0.0323734 0.0100699 0.141423 -0.0439496 -0.00270709 0.0666737 0.00170645 0.0196575 0.00152437 -0.0430068 0.0157019 -0.00666623 -0.014404 0.000987294 0.00138043 0.00423153 -0.000518292 -0.0252283 0.0100395 0.0249469 0.0330746 0.00930117 0.0496852 -0.0150053 0.010828 0.0623409 0.00623118
internal_weight=70260 27230.9 3501.8 1440.36 308.805 44.7476 1131.56 2061.44 120.896 43029.1 1652.35 962.933 230.083 732.85 64.2602 264.057 41376.7 40835.6 24889.6 13694.6 1055.09 11195 2272.34 1830.88 756.28 1074.6 521.073 359.802 235.206 8922.7
internal_count=7149865 5363354 3973959 2922915 512089 67502 2410826 1051044 66097 1786511 520248 386303 142451 243852 58526 444587 1266263 1109335 656135 314533 50075 341602 226850 143238 105214 38024 85513 11428 19701 114752
is_linear=0
shrinkage=0.055


Tree=159
num_leaves=31
num_cat=0
split_feature=27 28 22 46 15 33 35 7 53 14 16 51 25 3 47 49 15 10 11 19 56 35 31 10 10 10 7 10 44 10
split_gain=153.922 138.767 213.401 173.603 357.116 288.524 286.286 552.641 225.679 220.149 223.286 213.993 256.177 282.177 221.791 438.438 229.16 217.718 208.387 208.108 223.834 200.421 196.035 190.222 351.785 187.889 225.389 212.216 186.388 185.771
threshold=1480.1147460937502 1449.5000000000002 2.5249279737472539 -0.056543854996561997 6.7644619941711435 7.0904934406280526 1.2424533367156985 2.3910751342773442 -0.033686310052871697 7.8963665962219247 759.50000000000011 287.50000000000006 -6.4721848964691153 0.67543861269950878 -17.120319366455075 -0.034488728269934647 8.2352285385131854 6.908255100250245 1.0000000180025095e-35 1.5000000000000002 -100.87231445312499 1.8317808508872988 3.1567740440368657 8.1240024566650408 8.2984070777893084 3.2384861707687382 0.75636866688728344 2.9174053668975835 1.5000000000000002 6.6864848136901864
decision_type=2 2 2 2 2 2 2 2 2 2 2 2 2 2 2 2 2 2 2 2 2 2 2 2 2 2 2 2 2 2
left_child=1 2 -1 4 5 29 7 -7 -9 10 -6 -5 13 -13 15 17 -17 -15 19 20 23 -14 -11 -12 -25 27 -27 -16 -20 -3
right_child=-2 3 -4 11 9 6 -8 8 -10 22 18 12 21 14 25 16 -18 -19 28 -21 -22 -23 -24 24 -26 26 -28 -29 -30 -31
leaf_value=0.008641511422046718 -0.026389788733040896 0.033520103641337534 -0.0046993973025097379 -0.00096679028782580294 0.068853207061178034 0.0062645267509121661 0.036340162406049946 0.26271292790844752 -0.037516368910569906 0.068046064071220214 -0.001283565122971231 -0.044158188384017985 0.09272089874019579 -0.039163300411759076 0.011237594970017525 -0.033918563949686259 0.12232657961690827 0.22863781543083375 -0.0031829130401067264 -0.044671369008470053 -0.05657264399353968 -0.064791579095508214 -0.020425276033670479 0.16495309130149327 -0.060655056076599496 0.021471117836955485 -0.038275413269275346 0.17989642826979868 0.094932272029172746 -0.012389806291783906
leaf_weight=12261.57358718491 647.63420571116148 728.15468703671831 5145.9710873429722 46338.810059358089 89.112897161679939 56.910305007528223 249.48599919168919 65.40883066965398 7.1890483344322993 204.68789344140532 172.88452342938399 979.02430184113473 99.516323554185874 9.8149399435987998 129.98894199814094 128.51337917688943 31.066388318784448 41.15361692111037 226.6370842739525 804.8364549945436 118.88627217993781 27.977133203228732 115.66387161352031 61.481229874774726 27.360078628415067 250.18951065327565 766.69162419787608 22.512964657049451 73.837507090336658 415.64781518512063
leaf_count=1738577 708612 153802 815523 712486 11404 17555 58666 9783 555 20344 46699 1949100 10808 6634 13571 59317 4222 7481 67957 357419 24647 11341 17100 2202 13814 21010 131187 371 21745 136052
internal_value=0.000196205 0.000445286 0.00469749 -0.000971865 0.0110016 0.0307892 0.0720738 0.137002 0.232481 -0.00493539 -0.0134067 -0.00181115 -0.0175136 -0.0216537 -0.00558556 0.0457232 -0.000709104 0.178176 -0.0185543 -0.028905 0.00458124 0.0570157 0.0362802 0.0328995 0.0959437 -0.0149791 -0.0235425 0.0410562 0.0220868 0.0168555
internal_weight=70298.6 69651 17407.5 52243.4 3418.18 1522.8 378.994 129.508 72.5979 1895.39 1575.04 48825.3 2486.45 2358.96 1379.93 210.548 159.58 50.9686 1485.92 1185.45 380.612 127.493 320.352 261.726 88.8413 1169.38 1016.88 152.502 300.475 1143.8
internal_count=7149984 6441372 2554100 3887272 959744 376413 86559 27893 10338 583331 545887 2927528 2215042 2192893 243793 77654 63539 14115 534483 444781 87362 22149 37444 62715 16016 166139 152197 13942 89702 289854
is_linear=0
shrinkage=0.055


Tree=160
num_leaves=31
num_cat=0
split_feature=16 16 42 16 56 33 7 2 33 50 30 45 50 14 40 53 27 46 8 3 51 9 56 15 42 46 10 6 51 45
split_gain=147.651 186.695 194.644 197.908 206.553 319.631 236.867 203.609 326.124 214.038 182.322 237.429 181.031 171.192 166.643 235.273 161.794 161.361 188.776 154.673 153.071 149.747 162.611 159.882 151.089 163.405 148.752 147.297 146.799 247.861
threshold=2169981.0000000005 2097573.5000000005 -1.0000000180025095e-35 2061703.5000000002 -100.90307617187499 6.8860175609588632 2.4300206899642949 0.240384615957737 6.2215714454650888 -11.427195549011229 0.22500000149011615 0.87463909387588512 -111.08388900756835 5.3775877952575692 3.0677825212478642 -0.049804031848907464 1480.1147460937502 -0.045052247121930115 2.6020033359527592 0.97368422150611889 25.500000000000004 4.9092381000518808 -100.87377929687499 7.8881468772888192 -1.0000000180025095e-35 7.6884434223175058 6.9092540740966806 -0.039140418171882622 68.500000000000014 0.86316621303558361
decision_type=2 2 2 2 2 2 2 2 2 2 2 2 2 2 2 2 2 2 2 2 2 2 2 2 2 2 2 2 2 2
left_child=1 2 13 16 7 6 17 8 19 -9 12 14 26 -1 -12 -16 -4 18 -6 -5 -19 23 24 -3 25 -23 -7 -13 -2 -30
right_child=28 21 3 4 5 10 -8 9 -10 -11 11 27 -14 -15 15 -17 -18 20 -20 -21 -22 22 -24 -25 -26 -27 -28 -29 29 -31
leaf_value=0.075593880567514829 0.0013732214910484092 -0.015943488072591699 -0.00071575926414731291 -0.047114660366949994 -0.063575246185413839 0.19941205157873523 -0.035013140343957395 0.20717173697540703 -0.063792403851845314 0.057379787362651959 0.057292689425310586 -0.072302482047391245 0.0034533548619172824 -0.038916749123362432 0.28205748033512373 0.0068674679211105788 -0.040061486179841933 0.0088208587695232012 0.072589368490940484 0.061635868483466458 -0.034734678504058557 -0.044838314871441243 -0.015581864773968983 -0.059241816367355773 0.0021229766987959689 0.14086356807452077 -0.037708624112930467 0.032122757687532234 0.01767822096043169 -0.013746008424812599
leaf_weight=37.862060050883883 16760.717545314517 1241.1169618902004 36687.446124125105 42.457213436255188 33.234952672497457 20.99432841333692 639.74297723258132 31.679793871666334 104.78017470054692 173.41895110285259 433.19635176073643 62.003452018478129 781.22345882706213 564.04272403115829 19.770143940382695 15.554715574253349 313.9007638830517 938.7679807320219 172.12437315801799 269.1574270596393 324.2542664841385 17.693407019698498 2453.1692914078449 322.9853946408839 2438.103845923788 42.462564210738492 9.5500793178580334 99.954122636467218 4199.1021714571289 922.72588922916839
leaf_count=32777 102912 188599 2700220 39154 11195 3275 112982 1975 28896 1649 10647 4758 47135 806360 1034 234 372578 1778 16770 7454 31406 83166 134566 43018 206189 1301 13301 126 1955930 189371
internal_value=0.000117528 -0.00158076 -0.00022972 0.000226028 0.0115747 0.00642704 -0.00722136 0.0406956 0.018175 0.0848965 0.0263329 0.0484046 0.00899892 -0.0311502 0.0680713 0.176759 -0.00105492 0.00496467 0.0495654 0.0463087 -0.00245398 -0.0102363 -0.00553786 -0.0250448 0.00433629 0.0869945 0.130398 -0.0088232 0.00386483 0.0120091
internal_weight=70173.2 48290.6 41775.1 41173.2 4171.86 3550.37 2108.12 621.494 416.395 205.099 1442.25 630.479 811.768 601.905 468.521 35.3249 37001.3 1468.38 205.359 311.615 1263.02 6515.53 4951.43 1564.1 2498.26 60.156 30.5444 161.958 21882.5 5121.83
internal_count=7150756 4902543 4245704 3406567 333769 254641 174131 79128 75504 3624 80510 16799 63711 839137 11915 1268 3072798 61149 27965 46608 33184 656839 425222 231617 290656 84467 16576 4884 2248213 2145301
is_linear=0
shrinkage=0.055


Tree=161
num_leaves=31
num_cat=0
split_feature=57 16 26 16 14 16 50 54 19 23 53 40 2 14 57 25 10 53 9 6 13 56 7 45 7 45 40 7 50 9
split_gain=110.922 134.617 241.55 269.188 197.381 190.808 187.525 228.128 239.646 208.418 190.539 273.618 214.32 202.607 210.661 170.831 202.036 161.12 155.429 154.583 153.221 193.347 150.551 149.939 247.421 241.038 215.279 147.378 244.794 164.699
threshold=14.500000000000002 86456.500000000015 590.00000000000011 44726.500000000007 6.8829500675201425 84192.500000000015 -10.917760848999022 120.50000000000001 3.5000000000000004 7.5000000000000009 -0.033686310052871697 2.1383330821990971 0.13809524476528171 5.0072908401489267 66.500000000000014 -8.0831961631774885 5.708768606185914 -0.02392366528511047 4.7062745094299325 -0.022992487065494057 4.3757371902465829 -100.90307617187499 0.027393628843128685 0.83428856730461132 1.0000000180025095e-35 0.83561745285987865 3.2769666910171513 1.762742340564728 -4.3811669349670401 4.9531707763671884
decision_type=2 2 2 2 2 2 2 2 2 2 2 2 2 2 2 2 2 2 2 2 2 2 2 2 2 2 2 2 2 2
left_child=-1 2 18 6 5 15 7 8 10 -9 11 -4 19 -12 17 -5 -17 -15 -2 -13 21 -7 -14 24 26 -25 -6 28 -8 -29
right_child=1 -3 3 4 23 20 27 9 -10 -11 13 12 22 14 -16 16 -18 -19 -20 -21 -22 -23 -24 25 -26 -27 -28 29 -30 -31
leaf_value=0.0080333364023357934 -0.038470970377165487 0.00093793833453218226 -0.011403413293172411 -0.088406040738039815 -0.053256547963722319 -0.074020993697780979 -0.04893548814597206 -0.041334879419501584 -0.044916760779316001 0.093655470702073626 0.077039926559006669 0.13862428680459851 0.1354471249203042 0.12033926776039225 -0.055590052977888653 0.025572268823466568 -0.065418415744551067 -0.027385236658120551 0.021974363645958627 -0.043289610131283851 0.078034233402359834 -0.011500011330848077 -0.057230287145765883 0.081246924828226375 -0.038571992483240058 -0.0075018842757146927 0.19645958487136078 0.022365663843089023 0.0010821530098886205 -0.0079997710243879232
leaf_weight=5240.1805605419795 138.4763331892409 52600.510621500405 79.48035941143462 272.68277315975502 14.469546024494774 176.30888967484861 491.52385187345135 223.59582157657496 88.69605402059824 35.937426375043287 111.57421224191785 203.49989337727311 12.425165728505815 44.024007005093154 130.49230356473709 123.19796791650515 171.55557052812583 38.21239083528053 1276.755955150149 12.93488979617541 43.308064805580216 872.47843415592615 36.442741619765002 89.740383341075358 750.15869978760202 4079.284359771922 21.221578125117958 919.13397571081987 732.36775609816323 1296.6797928231299
leaf_count=67329 43636 5603976 4357 58733 8934 59924 41276 402357 6022 11937 446 8282 27 406 5229 8818 26514 330 140744 1596 962 102425 4010 4217 336873 140193 1901 21296 3397 33006
internal_value=0.000339163 -0.000280866 -0.00541345 -0.00814965 -0.0151854 -0.031578 0.00229701 0.0229805 0.0381606 -0.0212259 0.0494251 0.0776247 0.104014 0.0187213 -0.012933 -0.0573348 -0.0275949 0.0540615 0.0159453 0.12702 -0.0179948 -0.0223116 -0.000215182 -0.00966876 -0.0316285 -0.00549648 0.101118 -0.00384473 -0.0191227 0.00461801
internal_weight=70327.4 65087.2 12486.7 11071.4 6614.41 1659.53 4457.02 1017.32 757.782 259.533 669.086 344.783 265.303 324.303 212.729 567.436 294.754 82.2364 1415.23 216.435 1092.1 1048.79 48.8679 4954.87 785.85 4169.02 35.6911 3439.71 1223.89 2215.81
internal_count=7149153 7081824 1477848 1293468 749494 257376 543974 444999 30705 414294 24683 18272 13915 6411 5965 94065 35332 736 184380 9878 163311 162349 4037 492118 347708 144410 10835 98975 44673 54302
is_linear=0
shrinkage=0.055


Tree=162
num_leaves=31
num_cat=0
split_feature=10 26 23 27 27 53 35 11 36 24 54 26 7 46 14 16 45 16 51 1 51 57 9 48 3 9 8 54 10 48
split_gain=156.2 121.96 235.239 255.705 154.995 138.129 256.924 232.281 223.961 179.617 201.907 328.654 272.548 222.886 224.986 256.714 224.444 193.098 306.457 326.599 185.515 183.185 226.968 182.61 170.634 197.467 163.386 163.026 162.027 163.926
threshold=12.102104663848879 2650.5000000000005 6.5000000000000009 1193.2954101562502 26.195541381835941 -0.018036961555480954 1.7005987167358401 1.0000000180025095e-35 1.0000000180025095e-35 -0.025851494632661339 79.500000000000014 1114.5000000000002 1.5631472468376162 6.9457826614379892 7.8963665962219247 86469.500000000015 0.82381767034530651 1289831.5000000002 59.500000000000007 0.18333333730697635 16.500000000000004 304.50000000000006 4.9560623168945321 644.50000000000011 0.5419580638408662 4.2006096839904794 2.8617925643920903 271.50000000000006 6.8992187976837167 8.5000000000000018
decision_type=2 2 2 2 2 2 2 2 2 2 2 2 2 2 2 2 2 2 2 2 2 2 2 2 2 2 2 2 2 2
left_child=1 2 3 5 -4 6 8 9 -1 10 12 13 -8 14 16 -16 23 -15 -19 -20 21 22 -11 -12 25 26 -9 -23 29 -26
right_child=-2 -3 4 -5 -6 -7 7 24 -10 20 11 -13 -14 17 15 -17 -18 18 19 -21 -22 27 -24 -25 28 -27 -28 -29 -30 -31
leaf_value=0.010125098720732327 -0.044204970257114756 -0.00086829362058318024 -0.039286713994950838 -0.043841471997458921 0.036481974826598505 0.0095495491108965255 0.0087130509697774926 0.0094960760903495083 -0.040514133253564635 -0.15610261608670459 -0.053456972052150963 0.041840737038472513 -0.017976277273873357 -0.020900447421676346 0.095395684453917801 -0.026285215382141722 0.0031086588634648645 0.039264827264892818 0.30595658080701915 -0.041065085933708521 -0.027674728415860595 0.010617431649196292 -0.016843395722035946 0.020663275553755193 0.020284448431928524 -0.020800219237866315 0.19413341707059625 -0.066901959941915889 -0.091646827740551579 -0.062939789362474144
leaf_weight=7924.9341543289866 226.38490664215351 41200.100600300051 85.521109488177899 345.51824454006419 918.84822774879649 7961.9769144374186 2270.3346888683282 35.435780251496908 268.4479925739488 41.954571986570954 505.52219494551537 869.40440041859438 2351.458044177496 121.26455470039218 124.46536827517411 85.19916408170684 971.83933055326997 277.793400823095 22.686089118666132 10.130999871864331 1436.9867098675149 1376.6790194869991 150.10389473848045 122.34163290693323 125.53552344953641 332.68868920273235 20.196691841938446 82.281767389038578 194.03686821016163 155.94654395525504
leaf_count=940592 45077 3603928 1958 644808 53922 15009 12065 13428 93164 199 263777 358500 37721 1351 16090 29318 284659 771 245 917 419382 2613 272 116490 189 124493 380 1247 34546 31715
internal_value=0.00091048 0.00105871 0.00377829 0.00284347 0.0298677 0.00343065 0.000977945 -0.00425763 0.00844226 -0.00205968 0.00241957 0.0132417 -0.0048706 0.00207936 -0.00641738 0.046489 -0.0134748 0.037343 0.0600526 0.207562 -0.0132616 -0.000671276 -0.0504531 -0.0389652 -0.0316188 -0.00444547 0.0870079 0.00603197 -0.0535321 -0.0261172
internal_weight=70616 70389.6 29189.5 28185.2 1004.37 27839.6 19877.7 11684.3 8193.38 10820.4 7732.44 3110.65 4621.79 2241.24 1809.37 209.665 1599.7 431.875 310.61 32.8171 3088.01 1651.02 192.058 627.864 863.84 388.321 55.6325 1458.96 475.519 281.482
internal_count=7148826 7103749 3499821 3443941 55880 2799133 2784124 1750368 1033756 1545617 1121904 1072118 49786 713618 710334 45408 664926 3284 1933 1162 423713 4331 471 380267 204751 138301 13808 3860 66450 31904
is_linear=0
shrinkage=0.055


Tree=163
num_leaves=31
num_cat=0
split_feature=26 40 8 9 10 7 8 47 47 37 23 48 50 50 13 1 45 35 51 31 10 45 31 47 7 15 40 22 50 47
split_gain=122.439 117.338 180.125 153.941 113.111 139.599 110.327 164.65 156.943 150.745 121.018 174.335 157.915 166.089 164.64 159.663 157.338 150.545 127.872 155.585 204.949 168.928 168.845 153.743 144.954 154.203 153.2 170.845 148.981 141.318
threshold=356.50000000000006 3.3497501611709599 1.4978661537170412 4.7146430015563974 6.2156071662902841 1.3824248909950259 4.2413008213043222 -6.7314977645874015 -112.00061798095702 1.0000000180025095e-35 6.5000000000000009 160.50000000000003 -18.165961265563961 -16.857562065124508 3.5114340782165532 0.46428571641445165 0.83839559555053722 1.8317808508872988 118.50000000000001 1.0000000180025095e-35 5.5234570503234872 0.77396744489669811 3.3140207529067998 -6.1873106956481925 12.151627063751222 7.5024621486663827 2.9700856208801274 2.9174053668975835 -12.296352386474608 -12.984100818634031
decision_type=2 2 2 2 2 2 2 2 2 2 2 2 2 2 2 2 2 2 2 2 2 2 2 2 2 2 2 2 2 2
left_child=6 -2 -3 -4 5 -5 10 8 -8 -10 12 -12 14 16 -1 -16 -14 -17 23 20 -20 -22 -21 24 25 26 27 29 -28 -15
right_child=1 2 3 4 -6 -7 7 -9 9 -11 11 -13 13 18 15 17 -18 -19 19 22 21 -23 -24 -25 -26 -27 28 -29 -30 -31
leaf_value=-0.05140419554190994 -0.0013790555939881869 -0.073941924252505939 0.056999561248957581 0.019364864898293019 0.015920925190990108 -0.081766826051909838 0.020844991882726909 0.014370066305354345 -0.065081332736605421 0.014108304974528047 -0.053264230082666147 0.058648273095816252 0.10555553253087641 -0.052529820258642883 -0.02502196434123944 0.072615072981726383 -0.024531712692355306 -0.054487024528156708 -0.064995867560550119 -0.0044949702001784815 0.21165937701805407 0.059071093325600343 0.11222634468518559 0.016503970728919484 0.022147788253703973 -0.065117108170671026 0.013721034950151942 -0.054521551872880547 -0.068426130217837472 0.031581263193857519
leaf_weight=250.14287637292728 62352.952818863836 63.118863532194155 245.53070531370031 76.994086868489831 1130.9789614877427 80.318028431829589 134.79343613084711 470.84827832104929 310.95312756646854 92.410417125913227 45.301709460414713 282.97276750184028 99.207977602480241 65.284727244266833 214.55220449328408 128.60968474420952 36.278453643011744 31.779314239756786 32.799616051997873 363.6216241826296 20.093288139127253 279.74827292679038 36.759427200213395 1694.0615900221947 358.9504876200881 171.01898730061293 98.096280107536586 107.63323251019028 194.9072811792139 440.87475619535689
leaf_count=282558 6322011 19779 14862 2945 77519 13494 45191 2534 36882 8204 256 18346 6522 1792 149756 19425 3615 27622 6474 41037 5414 12055 861 6541 1659 5942 2349 4584 4467 4168
internal_value=-0.000298588 -0.00100155 0.0136964 0.0175313 0.00981794 -0.0331976 0.00723651 -0.00930606 -0.0299625 -0.0469884 0.0106127 0.042637 0.00829578 0.0123155 -0.0173167 0.00580209 0.0710894 0.0465453 0.0101654 0.0307638 0.0582713 0.0726004 0.00747338 0.00530135 -0.00791886 -0.0179881 -0.00879143 0.00686547 -0.0411549 0.0203249
internal_weight=69911.6 63949.9 1596.94 1533.82 1288.29 157.312 5961.7 1009.01 538.157 403.364 4952.69 328.274 4624.42 3999.34 625.084 374.941 135.486 160.389 3863.85 733.022 332.641 299.842 400.381 3130.83 1436.77 1077.82 906.796 613.793 293.004 506.159
internal_count=7148864 6450610 128599 108820 93958 16439 698254 92811 90277 45086 605443 18602 586841 107480 479361 196803 10137 47047 97343 65841 23943 17469 41898 31502 24961 23302 17360 10544 6816 5960
is_linear=0
shrinkage=0.055


Tree=164
num_leaves=31
num_cat=0
split_feature=12 16 13 28 25 27 56 54 56 51 21 9 25 57 56 9 10 27 51 40 15 41 13 8 49 25 13 13 14 53
split_gain=109.908 184.633 196.416 178.823 139.634 136.662 161.766 169.664 124.842 122.444 114.237 112.988 106.009 100.859 218.24 194.811 203.395 160.763 245.894 207.251 206.915 203.647 143.504 143.424 161.932 151.916 132.706 191.071 165.356 145.115
threshold=1.0000000180025095e-35 2300316.0000000005 3.113268375396729 6508.0000000000009 -9.6540513038635236 1480.1147460937502 -0.020751953124999997 27.500000000000004 -100.93530273437499 8.5000000000000018 1.0000000180025095e-35 4.8948321342468271 -10.575509071350096 18.500000000000004 -0.021728515624999997 4.8858101367950448 8.5174932479858416 132.52103424072268 16.500000000000004 2.4414010047912602 6.7644619941711435 -1.0000000180025095e-35 2.3502402305603032 5.9121499061584482 -0.10584411770105361 -8.0831961631774885 3.6762205362319951 2.5249279737472539 6.4731185436248788 -1.0000000180025095e-35
decision_type=2 2 2 2 2 2 2 2 2 2 2 2 2 2 2 2 2 2 2 2 2 2 2 2 2 2 2 2 2 2
left_child=5 2 4 -3 12 13 -7 -8 -4 11 -9 -10 -2 22 -15 16 23 18 -17 -20 -19 -21 -1 24 25 -16 27 -23 -28 -29
right_child=1 3 8 -5 -6 6 7 10 9 -11 -12 -13 -14 14 15 17 -18 20 19 21 -22 26 -24 -25 -26 -27 28 29 -30 -31
leaf_value=-0.080947867223947659 -0.051078820328900348 0.035336405596701238 0.077258379681808029 -0.042584722610266593 -0.029874846140126567 -0.052387881411997558 -0.065041594099370478 0.049224441556176321 0.0097361087350678142 -0.073313357192394915 -0.05088582402510998 -0.077902849935207033 0.089169995713202388 0.0014348510314393316 -0.029300164739864541 0.0029946193012310189 0.023176068667624703 -0.034322422629790704 0.015385586351809028 0.10106945162058097 0.046289976832247663 0.01620245981421211 0.00880446292466717 0.036932475348056548 -0.055663627432074661 0.10079719793744633 -0.10165473881703417 -0.080987947756960665 -0.0066388778244306623 -0.00013343825206252557
leaf_weight=49.43038497661837 16.914866105442343 302.46536413284957 18.68713434334677 120.70725318219593 96.771192384698224 310.30754323297515 72.323197350717237 170.68439122930795 136.25409469380975 344.02599753126015 38.582348022533552 60.429430417716503 75.851199198441464 57321.483290916294 77.235828105523979 2155.2570169894025 175.40862420642225 127.3354814361337 285.69397972563456 26.977886988468526 355.36583528035408 90.317001636896748 5839.5278205986651 63.274953204221674 762.1930795055523 35.664357490837574 58.631744582991814 462.27011284463515 435.46936202381039 78.43487785756588
leaf_count=2017 14227 30037 1497 11350 8906 584652 4988 55121 303 118008 43869 270 3110 6051295 40803 3058 3943 56432 1146 318 40938 595 53803 836 8664 17 663 5039 2327 126
internal_value=0.000592401 -0.0160724 -0.0324039 0.0128722 0.0156768 0.000876664 -0.0253264 0.00488858 -0.0486894 -0.0537102 0.0300105 -0.018454 0.0622927 0.00110525 0.000456722 -0.0103383 -0.0306698 -0.00475153 -0.00876282 -0.0263365 0.0248908 -0.0367044 0.00798307 -0.0408047 -0.0466035 0.0143285 -0.0404405 -0.0570892 -0.0188192 -0.0693678
internal_weight=70164 1172.11 748.934 423.173 189.537 68991.9 591.897 281.59 559.397 540.71 209.267 196.684 92.7661 68400 62511 5189.53 1113.78 4075.75 3593.05 1437.79 482.701 1152.1 5888.96 938.368 875.093 112.9 1125.12 631.022 494.101 540.705
internal_count=7148358 187708 146321 41387 26243 6960650 688630 103978 120078 118581 98990 573 17337 6272020 6216200 164905 54263 110642 13272 10214 97370 9068 55820 50320 49484 40820 8750 5760 2990 5165
is_linear=0
shrinkage=0.055


Tree=165
num_leaves=31
num_cat=0
split_feature=0 30 45 19 25 19 45 22 42 50 26 15 7 51 51 45 56 47 45 7 10 50 22 53 8 15 14 16 52 40
split_gain=119.796 220.293 263.475 196.846 194.711 171.349 238.29 209.216 161.222 279.432 156.642 185.594 285.883 357.258 240.716 174.602 150.484 149.723 232.011 171.77 168.316 180.118 158.699 153.541 156.155 158.404 149.77 148.754 229.661 226.589
threshold=0.64583334326744091 0.92857143282890331 0.83561745285987865 1.5000000000000002 -10.141743183135985 2.5000000000000004 0.88994082808494579 4.2413008213043222 1.0000000180025095e-35 -118.33173370361327 263.50000000000006 8.0373816490173358 0.31759184598922735 519.50000000000011 613.50000000000011 0.79312324523925792 -100.92163085937499 -4.3433227539062491 0.86629080772399913 1.8266440629959109 6.8911144733428964 -10.322669506072996 2.4414010047912602 -0.06445217132568358 5.2122108936309823 6.5546452999114999 6.1559185981750497 2301875.5000000005 0.80874678492546093 2.6020033359527592
decision_type=2 2 2 2 2 2 2 2 2 2 2 2 2 2 2 2 2 2 2 2 2 2 2 2 2 2 2 2 2 2
left_child=1 5 -3 -4 -5 6 8 10 17 -10 -7 15 13 -13 -15 16 -12 18 27 -20 -21 22 -22 24 25 -19 -27 28 29 -1
right_child=-2 2 3 4 -6 7 -8 -9 9 -11 11 12 -14 14 -16 -17 -18 23 19 20 21 -23 -24 -25 -26 26 -28 -29 -30 -31
leaf_value=-0.03456703495576241 0.0035597901063146018 0.045414927628966845 -0.073261392548974097 -0.037626081591114351 0.014217305225771497 0.011848406391295493 -0.030309961888730683 -0.038976018214900827 0.12383218656667218 0.0086098235901917817 0.10520556354793918 0.029007399625114168 -0.0014230633006906824 0.28150570279667914 -0.036177757426499257 -0.0077475283177990458 -0.042834426512661193 -0.031110945046748828 0.037286055047327737 -0.029318348803550293 0.068265532344585142 -0.011500242967417983 -0.055822204355931722 0.0027412250213564274 -0.08247150059083698 -0.010029076807560209 0.057930247978780075 0.0048775987606727621 -0.016246144901025234 0.010333125291770263
leaf_weight=398.10305698301272 17176.820617798745 602.60127065295092 89.551405724989309 244.69177622431016 1794.0364202843193 1532.6666879752229 731.96394293904086 560.73006667057052 59.505634656670736 5140.557005218714 16.880068364373074 501.66043914058719 3627.2115310766039 23.944042546756464 8.219728271762504 17044.363587158274 582.82323655454638 92.821612943336731 638.28780378877127 352.34878783408931 225.43115616905925 275.56501474756806 32.212633171588095 6738.3414989113789 31.567576860916233 120.38013630667774 494.87835280211584 2418.9413109522029 6196.897348732371 2167.7175947073702
leaf_count=368038 382709 5128 5066 47095 3667 222333 58344 146832 15151 174962 87069 13428 306105 1933 13830 1441405 993602 16207 1578 72811 38410 2652 24465 34498 3842 7637 20523 552219 478581 1607834
internal_value=-0.000428873 -0.00172803 0.0134691 0.00433865 0.00791814 -0.00255909 0.00052058 -0.00592386 0.00141541 0.010046 -0.00512154 -0.00631679 0.00412807 0.0415099 0.206374 -0.0087805 -0.0378321 -0.000810117 -0.00444369 0.0156559 -5.64005e-05 0.0193729 0.0519838 0.00536237 0.0290628 0.0345786 0.0446598 -0.00718865 -0.0105204 0.00331291
internal_weight=69921.7 52744.9 2730.88 2128.28 2038.73 50014 26115.5 23898.5 25383.6 5200.06 23337.8 21805.1 4161.04 533.824 32.1638 17644.1 599.703 20183.5 12705.5 1523.85 885.558 533.209 257.644 7477.99 739.648 708.08 615.258 11181.7 8762.72 2565.82
internal_count=7147954 6765245 60956 55828 50762 6704289 3477752 3226537 3419408 190113 3079705 2857372 335296 29191 15763 2522076 1080671 3229295 3146588 139916 138338 65527 62875 82707 48209 44367 28160 3006672 2454453 1975872
is_linear=0
shrinkage=0.055


Tree=166
num_leaves=31
num_cat=0
split_feature=40 35 9 56 9 33 9 54 54 19 8 13 50 27 10 1 7 29 7 8 28 0 9 53 26 28 7 28 54 45
split_gain=115.584 192.528 224.131 273.797 244.267 207.49 204.045 185.971 276.437 229.289 200.242 182.569 179.815 226.656 178.779 178.558 248.289 230.068 217.562 215.288 201.973 252.849 228.205 201.859 176.198 232.556 175.744 198.782 175.738 216.016
threshold=2.8029010295867924 1.4978661537170412 4.7895965576171884 -0.032470703124999993 4.4997041225433358 8.7843050956726092 4.6539671421051034 455.50000000000006 911.50000000000011 3.5000000000000004 3.3140207529067998 3.9981586933135991 -10.917760848999022 544.26547241210949 2.9174053668975835 0.46428571641445165 0.8847118914127351 1.0000000180025095e-35 1.9440013170242312 2.9174053668975835 65.500000000000014 0.84523808956146251 4.9268908500671396 -0.037638455629348748 941.00000000000011 2523.0000000000005 2.4300206899642949 16.500000000000004 1963.5000000000002 0.80389401316642772
decision_type=2 2 2 2 2 2 2 2 2 2 2 2 2 2 2 2 2 2 2 2 2 2 2 2 2 2 2 2 2 2
left_child=1 7 3 5 26 -3 -7 12 9 14 -10 -2 13 15 -9 17 23 18 19 -1 21 -20 -22 -17 25 -16 -5 -28 29 -4
right_child=11 2 28 4 -6 6 -8 8 10 -11 -12 -13 -14 -15 24 16 -18 -19 20 -21 22 -23 -24 -25 -26 -27 27 -29 -30 -31
leaf_value=0.016774019787303373 0.0020351455338570384 -0.0485754332724515 -0.046664989399694538 -0.029059043706709656 -0.040852690960436741 0.0090047700057341012 0.27595510655687899 -0.051087850458783168 -0.028574712169707906 -0.046912432867913419 0.01700709699376303 -0.065993223740449941 -0.0041370437578764725 -0.054201037774877649 0.073999761566082331 0.1723905949333456 0.027076714180523612 -0.039202125201886248 -0.061899366245548204 -0.050882647672706158 -0.017911431787758999 0.061984673987641424 0.056321964239599509 -0.026695566185193885 0.035424103016488205 0.27206194734629624 -0.063732423210527439 0.066885823319706245 0.030411794601750874 -0.0046987028965884726
leaf_weight=335.96894357528072 42860.216485479192 1055.6864984104523 385.78353098805383 115.63818318315134 250.27109720362932 47.343949041081942 5.7034516540552422 48.903655510284807 484.33688631314544 82.469547729990154 716.28092608492807 114.67316370354092 12317.833946877625 143.61605850553678 232.30743531883491 63.22977621237078 486.6850304260297 267.67225752980085 133.8117352896661 239.57564644520971 151.17515192658539 72.996999911367311 672.35765684859507 18.323107181699015 545.24148578703898 15.632340305906835 36.658639442957792 257.9196485141656 398.71005763476933 7387.3008785083221
leaf_count=32545 4083812 284156 99989 408 13155 10571 1986 17288 738477 32874 469564 23513 96047 129238 36411 1269 27709 31252 44287 26461 22527 1459 43717 193 88165 775 19499 1294 462184 307995
internal_value=7.48498e-05 -0.00274718 -0.00882709 -0.0265479 0.00149732 -0.0431865 0.0590038 0.00080376 0.0160047 0.0385223 -0.00142314 0.00184596 -0.0013685 0.0118043 0.0471168 0.0157893 0.0426573 0.0075486 0.0154386 -0.0115844 0.0305166 -0.0177412 0.0426692 0.128702 0.0534537 0.0916185 0.0275157 0.0498387 -0.00497659 -0.00681018
internal_weight=69944.3 26969.4 9941.02 1769.22 660.488 1108.73 53.0474 17028.4 2125.17 924.554 1200.62 42974.9 14903.2 2585.41 842.085 2441.8 568.238 1873.56 1605.89 575.545 1030.34 206.809 823.533 81.5529 793.181 247.94 410.216 294.578 8171.79 7773.08
internal_count=7148820 3041495 1201237 331069 34356 296713 12557 1840258 1383554 175513 1208041 4107325 456704 360657 142639 231419 29171 202248 170996 59006 111990 45746 66244 1462 125351 37186 21201 20793 870168 407984
is_linear=0
shrinkage=0.055


Tree=167
num_leaves=31
num_cat=0
split_feature=18 57 13 7 6 23 33 31 0 47 54 22 27 7 55 26 54 13 21 47 13 53 3 35 9 52 13 0 7 13
split_gain=100.959 100.232 120.528 113.183 227.913 195.832 301.588 313.169 222.229 214.039 212.605 290.563 272.972 273.147 206.726 204.247 194.251 277.072 233.716 233.62 231.977 217.181 320.401 236.305 213.64 235.187 264.957 198.662 195.621 190.596
threshold=1.0000000180025095e-35 14.500000000000002 2.2499048709869389 2.7351288795471196 -3.2532060146331783 2.5000000000000004 7.9736719131469735 1.2424533367156985 0.30952382087707525 -123.54420471191405 153.50000000000003 2.5249279737472539 849.27178955078136 6.7363092899322519 0.90649414062500011 4076.5000000000005 79.500000000000014 2.9700856208801274 1.0000000180025095e-35 -8.5566253662109357 3.0201274156570439 -0.046384900808334344 0.97368422150611889 1.0000000180025095e-35 4.9743888378143319 0.83939433097839367 3.7726949453353886 0.46428571641445165 3.007843136787415 3.7494349479675297
decision_type=2 2 2 2 2 2 2 2 2 2 2 2 2 2 2 2 2 2 2 2 2 2 2 2 2 2 2 2 2 2
left_child=-1 2 -2 4 -3 6 7 10 9 -8 -5 12 13 -12 15 -7 17 -17 -19 20 -20 22 -18 28 25 29 -27 -26 -23 -24
right_child=1 3 -4 5 -6 14 8 -9 -10 -11 11 -13 -14 -15 -16 16 21 18 19 -21 -22 23 24 -25 27 26 -28 -29 -30 -31
leaf_value=-0.072099412972629867 -0.093117197487318809 0.046266999581501482 0.0084528176335913596 -0.020017684494555765 0.00093315221319787735 0.0083125196052022728 0.15853012959584956 -0.038634782080751238 0.037528586445357372 -0.052683912567886737 0.03804269873603016 -0.044466569673583735 -0.052752491177673326 0.34689886166273298 -0.081636813581916587 -0.041253250221120981 -0.034004325357763321 0.013175819091450592 0.13085143392486562 -0.0035415713757493798 -0.075219196791860343 -0.074071554817769544 -0.044208352165302084 -0.050647218971734798 -0.041496038999340325 0.10134194223065283 -0.070367573868644812 0.030300470740081298 0.022334871071359098 0.038577691322562724
leaf_weight=53.141019703252823 30.614654450058879 332.92151335669041 5151.9670528414063 1472.5415161596793 46238.748566792376 5425.8503265203271 11.103969881038209 1552.8368510819328 521.81211139833249 156.42693171636529 635.87505084346776 201.54382174944294 101.37005548568595 3.8774491752483291 89.403366511116474 428.93063062238798 663.41226131110125 3232.4905460872615 13.284766633471007 1392.1971899099299 229.43028478855558 75.763837909755239 128.00500128442218 839.56106307296432 284.62043856540549 201.60778112906337 27.703500414005248 190.56267484946147 295.85093000127381 224.27675266038204
leaf_count=60326 2139 6227 64881 118726 3464052 755071 5208 794076 81486 139980 326208 321227 272626 2459 7240 7141 516070 23175 154 4154 8177 3416 24961 49632 45109 6564 2320 9743 13591 13921
internal_value=0.000346603 0.000406614 0.00776365 -0.000180782 0.00126216 -0.00383225 -0.0135725 -0.0194055 0.0199021 -0.0344961 -0.00698797 0.013364 0.0292833 0.0425903 -0.000527614 3.31791e-05 -0.00542846 0.00086133 0.00461112 -0.0123112 -0.0615266 -0.0167748 -0.0041848 -0.0345653 0.014607 0.0368259 0.0795385 -0.0126878 0.00195734 0.00829887
internal_weight=70207.7 70154.6 5182.58 64972 46571.7 18400.3 4657.39 3968.04 689.343 167.531 2415.21 942.666 741.123 639.753 13743 13653.5 8227.7 5296.33 4867.4 1634.91 242.715 2931.36 1720.19 1211.18 1056.78 581.593 229.311 475.183 371.615 352.282
internal_count=7150060 7089734 67020 7022714 3470279 3552435 2061996 1835322 226674 145188 1041246 922520 601293 328667 1490439 1483199 728128 42801 35660 12485 8331 685327 618688 66639 102618 47766 8884 54852 17007 38882
is_linear=0
shrinkage=0.055


Tree=168
num_leaves=31
num_cat=0
split_feature=7 23 22 27 13 50 47 7 44 15 28 15 24 35 47 13 15 53 40 45 25 50 53 40 6 27 47 52 8 19
split_gain=126.743 196.048 227.063 214.995 206.961 193.13 215.155 188.428 183.696 191.312 207.705 210.04 193.464 182.332 208.925 172.198 167.566 166.479 233.936 160.336 159.599 150.032 265.494 149.091 145.288 225.404 187.845 207.132 152.41 267.276
threshold=2.6572058200836186 4.5000000000000009 1.7005987167358401 14.870215415954592 2.1383330821990971 -8.3377952575683576 -6.7314977645874015 3.0868413448333745 1.0000000180025095e-35 8.4662156105041522 502.50000000000006 7.1948122978210458 -0.42316663265228266 1.0000000180025095e-35 -7.7960078716278067 2.1383330821990971 8.3417677879333514 -0.042475372552871697 3.2384861707687382 0.79653614759445202 -12.020956039428709 -5.45890188217163 -0.018036961555480954 3.3140207529067998 -7.3544647693634024 873.85217285156261 -119.72573471069335 0.86918920278549205 3.9607677459716801 2.5000000000000004
decision_type=2 2 2 2 2 2 2 2 2 2 2 2 2 2 2 2 2 2 2 2 2 2 2 2 2 2 2 2 2 2
left_child=20 2 -2 5 7 8 17 -4 -3 10 11 -10 -11 14 -12 -15 21 18 19 -7 -1 22 -8 -18 25 -6 -26 -28 29 -29
right_child=1 3 4 -5 24 6 16 -9 9 12 13 -13 -14 15 -16 -17 23 -19 -20 -21 -22 -23 -24 -25 26 -27 27 28 -30 -31
leaf_value=0.057708603405170394 -0.0033666300694587298 -0.051936435301208526 0.11595253675195033 0.012796117929477003 0.023715318207911038 -0.061510481601410691 -0.065986297454361215 -0.056989159019916885 0.038967975554528689 -0.061403720089796471 -0.013676074793743472 -0.070653311495312232 0.088869040261153304 0.10472737735466978 0.13525889416948456 -0.057987131153804709 -0.079541370512108814 0.0036826917995193423 -0.077956634413261158 0.057408017727794337 0.001750641834329208 0.0006732971715544332 0.030025775790284037 0.046357691769419326 0.082093996834697924 -0.054081623476903748 -0.042610534848955169 -0.091032620265744227 0.014669374746065661 0.0013697117054654918
leaf_weight=149.68705693447555 7869.3253373461757 407.29554400626512 56.130411917478341 3727.4891655047268 401.16281363348389 32.586591328301438 262.97845415771008 24.066365530472467 275.52336686068702 30.546431708475211 195.77886332693015 60.367374405019291 99.200940003875075 16.041469939318631 28.221350971012725 485.67543782544453 145.78007013120805 866.12298635627667 42.099542679683509 544.80100316284734 47674.171867896483 3858.8336796379044 125.53413985716179 31.571032641608326 40.533856870924865 150.90765056108103 1593.665002381158 144.441564105 417.31467030660133 258.08044716891163
leaf_count=3291 1774991 171483 1286 327940 146705 13580 14698 19793 55990 10303 70113 31511 5673 1544 1559 186259 2074 5542 4104 14816 3408266 20626 352 102 17014 319789 513575 1932 1740 2183
internal_value=0.00033779 -0.00309697 -0.00833056 0.00200727 -0.0209615 -0.00335333 0.00123873 0.0637554 -0.0202814 -0.00928743 -0.0170528 0.0185191 0.0525246 -0.0335309 0.00763151 -0.0518026 -0.00484456 0.0193125 0.0409605 0.050226 0.0019318 -0.00262491 -0.0349761 -0.056473 -0.0233237 0.0021551 -0.0290482 -0.0310806 -0.00854547 -0.0324982
internal_weight=70015.9 22192.1 10955.6 11236.4 3086.3 7508.96 5910.31 80.1968 1598.65 1191.36 1061.61 335.891 129.747 725.717 224 501.717 4424.7 1485.61 619.487 577.388 47823.9 4247.35 388.513 177.351 3006.11 552.07 2454.04 2413.5 819.837 402.522
internal_count=7148834 3737277 2799008 938269 1024017 610329 75894 21079 534435 362952 346976 87501 15976 259475 71672 187803 37852 38042 32500 28396 3411557 35676 15050 2176 1002938 466494 536444 519430 5855 4115
is_linear=0
shrinkage=0.055


Tree=169
num_leaves=31
num_cat=0
split_feature=50 41 8 53 35 0 26 49 51 50 45 52 16 47 35 46 56 16 48 53 10 28 53 0 10 45 6 51 49 25
split_gain=134.351 119.564 187.128 194.625 139.736 155.59 153.75 218.806 132.619 234.504 235.211 191.616 241.894 208.377 214.426 209.869 248.309 205.291 233.79 279.376 336.205 453.041 403.39 412.895 410.825 607.759 269.323 260.139 248.459 240.525
threshold=-121.07350921630858 -1.0000000180025095e-35 2.1383330821990971 -0.06640529632568358 3.0201274156570439 0.84523808956146251 890.50000000000011 10.47168016433716 92.500000000000014 -6.1361060142517081 0.7703230381011964 0.84134745597839367 1289817.5000000002 -10.065336704254149 1.0000000180025095e-35 4.9422855377197275 -100.88842773437499 4140.5000000000009 119.50000000000001 -0.041014283895492547 7.3142197132110605 1659.5000000000002 -0.06347560882568358 0.38750000298023229 6.5532207489013681 0.82506504654884349 -0.03020756226032972 144.50000000000003 4.8458251953125009 -6.8895328044891349
decision_type=2 2 2 2 2 2 2 2 2 2 2 2 2 2 2 2 2 2 2 2 2 2 2 2 2 2 2 2 2 2
left_child=-1 2 3 -2 5 6 7 -4 -3 10 -10 17 13 14 -13 16 -15 -12 19 20 21 -19 29 24 26 28 -24 -21 -26 -23
right_child=1 8 4 -5 -6 -7 -8 -9 9 -11 11 12 -14 15 -16 -17 -18 18 -20 27 -22 22 23 -25 25 -27 -28 -29 -30 -31
leaf_value=-0.05379062538875011 -0.052763316706893992 -0.00067145424097575653 -0.043890801381244605 0.029002958732339414 0.11548723597162171 0.021194073314546018 -0.059352572179141479 0.063052352763650996 -0.053871050987025 0.022099217123826967 0.04952521436226074 -0.019564361390094966 -0.020216809694032754 -0.05510402303193996 0.027373441813149095 -0.060178758651444092 0.036508110463184078 -0.029267867831070639 0.0030800311900082635 -0.054575730666856261 -0.015327871882915973 -0.050529791166448408 0.16539722700390527 -0.045943149391390388 0.23063361196973661 -0.039555929592065366 -0.045831894030497589 0.052283432853579857 0.5594030075219677 0.13696915038836927
leaf_weight=134.72912579984404 107.8324996064639 55022.784397938405 159.89070338427337 398.0191246437571 14.715760042730833 132.08991458415403 526.05361813477612 84.212877682111866 216.4609487166399 2139.6195937869525 354.33893442902445 379.1503408143144 1920.8812492507968 132.19298832074855 1266.7472698987185 242.02634096026304 252.54484663554467 72.817335047053348 5756.2742654888461 153.15184970060363 122.52129729389344 51.871281422976608 80.078865010756999 22.047731138882227 29.848925217665965 11.142275063553823 20.87759649407235 117.22227864747401 16.855545071564848 27.655405412355321
leaf_count=400708 765716 315599 260429 117032 11863 4289 1549894 365 679084 54060 96358 22457 116240 5108 100812 7767 1200 11530 2571405 3439 22178 19953 1633 2003 1127 786 2308 1944 391 1538
internal_value=8.65892e-05 0.00019438 -0.0155579 0.011227 -0.0303148 -0.0333162 -0.0427417 -0.00647162 0.000523118 0.00543167 0.00225236 0.00337765 -0.00587391 0.00626664 0.0165343 -0.0206139 0.00472777 0.00905258 0.0068038 0.036102 0.062153 0.0904494 0.12385 0.168242 0.198474 0.312265 0.121614 -0.00813821 0.391908 0.0189182
internal_weight=69966.7 69831.9 1422.81 505.852 916.963 902.247 770.157 244.104 68409.1 13386.3 11246.7 11030.2 4193.54 2272.66 1645.9 626.764 384.738 6836.7 6482.36 726.09 455.716 333.195 260.378 180.851 158.803 57.8467 100.956 270.374 46.7045 79.5267
internal_count=7149216 6748508 2709588 882748 1826840 1814977 1810688 260794 4038920 3723321 3669261 2990177 253584 137344 123269 14075 6308 2736593 2640235 68830 63447 41269 29739 8248 6245 2304 3941 5383 1518 21491
is_linear=0
shrinkage=0.055


Tree=170
num_leaves=31
num_cat=0
split_feature=42 25 1 2 51 45 13 47 10 57 25 10 25 33 33 10 15 32 8 16 43 3 47 47 10 33 15 10 16 16
split_gain=104.434 140.53 223.616 244.157 146.023 229.035 187.29 240.602 193.158 193.093 227.988 173.555 146.681 166.957 184.912 176.616 165.36 156.923 149.131 143.826 142.442 143.349 138.324 223.305 161.66 132.82 131.5 164.469 144.118 130.284
threshold=1.0000000180025095e-35 -13.722517490386961 0.46428571641445165 0.38750000298023229 50.500000000000007 0.84840014576911937 2.9700856208801274 -15.095443248748778 6.1994898319244394 80.500000000000014 -8.0861721038818342 1.0000000180025095e-35 -13.315961360931395 5.5353152751922616 6.3977622985839853 7.8268392086029062 8.2896647453308123 3.2769666910171513 2.7403194904327397 86468.500000000015 -1.0000000180025095e-35 0.62828946113586437 -14.012220382690428 -14.744943618774412 7.0904934406280526 4.9904096126556405 6.0626208782196054 4.610145330429078 4140.5000000000009 86468.500000000015
decision_type=2 2 2 2 2 2 2 2 2 2 2 2 2 2 2 2 2 2 2 2 2 2 2 2 2 2 2 2 2 2
left_child=-1 2 -2 -4 6 -6 9 8 -8 -3 11 -11 19 15 16 17 22 26 -18 -7 -9 25 23 -15 -25 -22 28 -28 -14 -5
right_child=1 4 3 29 5 12 7 20 -10 10 -12 -13 13 14 -16 -17 18 -19 -20 -21 21 -23 -24 24 -26 -27 27 -29 -30 -31
leaf_value=-0.0011236428826162201 -0.057804523829664695 0.014403907581503997 -0.053656384443982262 0.097585066326816669 0.035697415533692961 0.13710845789395323 0.011283097030981796 -0.059550855252581927 -0.075442592018632404 0.030688886017725635 -0.010571906800378008 -0.082118263905638769 0.068400785152929924 -0.022316565436805203 0.0056801062850128908 -0.049043492982090292 0.11323529690229663 -0.067145113230762596 -0.060070020396210712 -0.04331478014586556 -0.049383859141675403 0.0036875284468235207 -0.059176939545041864 -0.038971926049116257 0.25064016499800834 0.029325402500014967 -0.029857348002099653 0.045353833793755835 -0.026251678694076193 -0.012234899861952491
leaf_weight=52205.280215038692 274.00726478578508 386.48345106269699 89.529697214813496 90.293456160012283 1034.4257922688776 42.979371856024954 123.50378694583196 96.676341204787605 199.22200549900299 45.133922769222409 581.97960842424072 296.94691271090414 57.744056869065389 193.61031911351893 1505.8059254012405 100.67506871506339 38.628532477887347 49.078032594523393 19.040710611952818 15.770476792160478 64.6744733620435 9550.6496148285223 360.8864822507021 7.1286842764820912 11.707139404315967 1044.7466320042731 94.048152202754864 894.91575169689895 212.08411238111148 48.183344434637547
leaf_count=6532224 313793 576 111627 13216 51235 1353 394 727 1418 82 1319 1674 551 8393 32232 2761 82 888 352 4647 224 19370 4840 227 96 1546 1856 9039 4499 26078
internal_value=0.000109774 0.00378211 -0.0247557 0.0153489 0.00463045 0.0129488 0.00151228 0.00384034 -0.0425878 -0.0181092 -0.0317119 -0.0670069 0.00637925 0.00488533 -0.00480521 0.0195512 -0.029675 0.024998 0.0557876 0.089078 0.00525242 0.00586777 -0.0386794 -0.00329966 0.15585 0.024536 0.028842 0.0380872 -0.00511985 0.0602782
internal_weight=69735.8 17530.6 502.014 228.006 17028.5 4638.53 12390 11079.5 322.726 1310.54 924.06 342.081 3604.1 3545.35 2136.81 1408.55 631.002 1307.87 57.6692 58.7498 10756.7 10660.1 573.333 212.446 18.8358 1109.42 1258.79 988.964 269.828 138.477
internal_count=7147319 615095 464714 150921 150381 123051 27330 23679 1812 3651 3075 1756 71816 65816 46222 19594 13990 16833 434 6000 21867 21140 13556 8716 323 1770 15945 10895 5050 39294
is_linear=0
shrinkage=0.055


Tree=171
num_leaves=31
num_cat=0
split_feature=57 41 26 53 23 3 10 14 1 26 3 22 7 51 15 56 45 3 47 25 7 29 9 24 13 24 40 57 9 8
split_gain=108.939 127.068 225.852 167.264 169.593 138.433 216.715 167.954 151.995 137.108 123.958 123.462 125.801 119.017 205.149 233.972 268.38 276.683 280.13 348.968 256.137 224.841 222.211 218.439 202.788 205.828 193.101 289.303 239.024 300.293
threshold=18.500000000000004 -1.0000000180025095e-35 190.50000000000003 -0.037638455629348748 3.5000000000000004 0.34057971835136419 5.8622088432312021 7.136085271835328 0.13392857462167743 174.50000000000003 0.86607143282890331 1.4978661537170412 2.2930061817169194 68.500000000000014 8.0738701820373553 -0.047119140624999993 0.80389401316642772 0.51086956262588512 -107.04434585571288 -15.972563743591307 2.0344052314758305 0.92857143282890331 4.9334011077880868 -0.027811473235487934 3.9019217491149907 -0.022009613923728463 3.1984648704528813 122.50000000000001 4.9355530738830575 4.1190040111541757
decision_type=2 2 2 2 2 2 2 2 2 2 2 2 2 2 2 2 2 2 2 2 2 2 2 2 2 2 2 2 2 2
left_child=-1 2 9 10 5 7 8 -5 11 -2 -4 12 -7 -3 22 16 21 18 -18 -20 23 -16 24 -21 25 -15 -24 -28 29 -29
right_child=1 13 3 4 -6 6 -8 -9 -10 -11 -12 -13 -14 14 15 -17 17 -19 19 20 -22 -23 26 -25 -26 -27 27 28 -30 -31
leaf_value=0.0067941141181428371 0.013929239418874145 -0.0018250079011264259 -0.055199559293026453 -0.05263118980550243 -0.07533033475604585 0.057519506822506887 -0.038476729639109176 0.13760276188246742 -0.050213003127629698 0.13366822787769558 0.073897935403612641 -0.034769965906887607 0.20152236121923989 -0.0018524261104260374 -0.055390974563937774 -0.014095942258845152 -0.050447088149091483 0.022594720868844273 0.39483898965633063 0.13555394741421231 0.022126678841927663 0.095895033867043192 0.0099017521131857938 -0.047276194761071554 -0.052756521198975635 -0.046365668087211827 0.039513573139593916 0.45976024228082296 -0.027195449971924877 -0.037734717242458263
leaf_weight=6231.0517710507193 193.86537758369286 47012.735094264317 513.7224921620591 17.023230716076796 87.005394529682235 89.57878280080331 243.46839454430301 41.091374163501314 39.208628571563167 29.339490112117346 19.328448189426126 26.103168118512258 20.879809116609977 3672.0912823732469 162.48824083199361 455.41455196171228 43.257016966737865 911.15738378398964 6.5784570809410061 198.024539398044 137.80486163053865 31.39374887325539 7333.1263114292215 19.4505416493339 292.28205108044313 338.69287443128997 258.20029366730887 1.9392594564487788 1115.4573144956375 6.3416907029532013
leaf_count=86451 66837 226970 2684654 1488 13041 2350 19910 574 1993 5261 8735 2210 1018 1216217 161541 81943 36343 81098 2479 5601 16167 197 1843286 2239 117079 86891 45108 135 330443 1597
internal_value=-0.000141801 -0.000824849 -0.017674 -0.0279289 -0.00694408 0.00617208 -0.00520007 0.0821235 0.0406824 0.0322523 -0.0498753 0.0676315 0.0922884 -0.000464541 0.00380323 0.0203418 0.0307393 0.0396301 0.0772023 0.0929412 0.0819492 -0.0290995 0.00129928 0.118507 -0.00892063 -0.00566442 0.00634759 -0.01248 -0.0245486 0.207999
internal_weight=69548.1 63317.1 1320.61 1097.41 564.359 477.353 419.239 58.1146 175.77 223.205 533.051 136.562 110.459 61996.4 14983.7 1965.57 1510.15 1316.27 405.115 361.858 355.28 193.882 13018.1 217.475 4303.07 4010.78 8715.06 1381.94 1123.74 8.28095
internal_count=7149856 7063405 2808071 2735973 42584 29543 27481 2062 7571 72098 2693389 5578 3368 4255334 4028364 387608 305665 143927 62829 26486 24007 161738 3640756 7840 1420187 1303108 2220569 377283 332175 1732
is_linear=0
shrinkage=0.055


Tree=172
num_leaves=31
num_cat=0
split_feature=12 13 28 49 50 45 0 47 27 35 50 0 18 48 48 51 33 32 16 24 15 50 15 24 33 56 16 51 33 13
split_gain=116.585 112.22 226.002 153.349 112.329 142.834 185.372 172.432 135.775 125.643 119.953 109.705 91.1234 89.7275 190.205 355.009 257.987 221.745 220.483 222.104 233.788 234.293 267.252 256.278 266.987 237.901 209.722 211.718 208.821 191.787
threshold=1.0000000180025095e-35 2.9174053668975835 4505.5000000000009 -0.034673586487770074 -7.1366455554962149 0.85121017694473278 0.84523808956146251 -7.1798448562622061 2914.6103515625005 1.7005987167358401 -1.0000000180025095e-35 0.46428571641445165 1.0000000180025095e-35 67.500000000000014 34.500000000000007 25.500000000000004 7.9736719131469735 3.0677825212478642 44731.500000000007 -0.027885644696652886 7.6589355468750009 -16.293237686157223 7.4636499881744394 -0.02883198298513889 7.5043575763702401 -0.028564453124999997 64339.500000000007 42.500000000000007 8.2959218025207537 3.1567740440368657
decision_type=2 2 2 2 2 2 2 2 2 2 2 2 2 2 2 2 2 2 2 2 2 2 2 2 2 2 2 2 2 2
left_child=12 2 -2 -4 8 7 10 11 -3 -9 -7 -6 -1 14 -14 16 -16 18 -17 20 21 22 -20 24 25 29 -26 -28 -18 -23
right_child=1 4 3 -5 5 6 -8 9 -10 -11 -12 -13 13 -15 15 17 28 -19 19 -21 -22 23 -24 -25 26 -27 27 -29 -30 -31
leaf_value=-0.071182001547519289 -0.077017885063366071 -0.064417216807684072 0.17868524800871557 0.028855713457663263 -0.00089483344705731992 -0.083390276413939882 0.020078478131279165 -0.083421774866913753 0.080891216534802357 0.0071896023390006321 0.017599094830363787 0.10832742278694975 0.00054553459356365122 0.0034504481068051078 0.0018035231710724733 -0.056016926908803555 0.091047245999987522 0.018997280720324059 0.020938243157732038 -0.038329119483116306 -0.035973420421264668 -0.056479221480734407 0.18523221943195681 0.073178587447775986 0.16696722024324914 -0.061063203452247708 -0.052587904581477933 0.032977716591589261 0.0029431518925163358 -0.0011480780098617276
leaf_weight=48.863766427530209 42.611481623915097 254.51490018813638 22.809806811084854 91.129878515988821 45.02113420740352 190.49572437055758 110.99264420627151 55.462265854728685 16.826101758037112 194.69860581939793 41.593374831601977 67.460291716419306 40984.904948726689 20296.869885837688 1626.6209525708691 461.80193245227565 192.57813802277087 479.96466668029825 120.53812101812582 1038.1483132594076 756.15983852720819 220.80101048247161 35.572519349600043 113.98950115407933 24.307631462048448 340.28187288931804 105.36129446503037 420.63213672630445 138.95414376952976 1180.0433304279431
leaf_count=59353 15499 152648 1412 3317 1553 1448 269 1715 5755 3544 50 258 157969 6590437 7035 15692 337 6435 8334 42334 18622 7842 1090 2809 141 3044 1561 7573 644 29462
internal_value=3.70064e-05 -0.017418 0.0252314 0.0651011 -0.0243452 -0.0126025 -0.0377885 0.0114148 -0.0541059 -0.0141406 -0.0653022 0.0664333 0.000326757 0.000382928 -0.00090793 -0.0091127 0.0108781 -0.0165052 -0.0200582 -0.016186 -0.00920991 -0.00125466 0.0629622 -0.00554427 -0.00961123 -0.0201575 0.0236378 0.0155043 0.0547128 -0.0100392
internal_weight=69720 1133.62 156.551 113.94 977.065 705.724 343.082 362.642 271.341 250.161 232.089 112.481 68586.4 68537.5 48240.7 7255.76 1958.15 5297.6 4817.64 4355.84 3317.69 2561.53 156.111 2405.42 2291.43 1741.13 550.301 525.993 331.532 1400.84
internal_count=7148182 187468 20228 4729 167240 8837 1767 7070 158403 5259 1498 1811 6960714 6901361 310924 152955 8016 144939 138504 122812 80478 61856 9424 52432 49623 40348 9275 9134 981 37304
is_linear=0
shrinkage=0.055


Tree=173
num_leaves=31
num_cat=0
split_feature=4 13 35 48 49 52 50 48 49 14 14 51 8 41 3 49 35 44 31 56 53 25 45 16 39 25 46 47 23 38
split_gain=122.804 137.245 155.041 178.43 231.255 134.544 181.204 163.066 294.383 243.382 207.579 221.945 250.326 197.914 299.871 276.798 252.066 243.763 220.796 273.381 316.812 286.281 205.144 220.103 246.69 223.449 320.545 202.665 286.013 336.349
threshold=1.0000000180025095e-35 3.3497501611709599 1.4978661537170412 8.5000000000000018 0.55977809429168712 0.83131366968154918 -117.89371109008788 67.500000000000014 13.28848457336426 7.2573552131652841 7.3353080749511728 33.500000000000007 2.5249279737472539 1.0000000180025095e-35 0.1702898591756821 3.7544003725051884 2.1383330821990971 2.5000000000000004 1.4978661537170412 -100.90600585937499 -0.072264790534973131 -21.223799705505368 0.7703230381011964 2303425.5000000005 1.0000000180025095e-35 -7.4290931224822989 -1.5526019930839536 -11.202970027923582 1.0000000180025095e-35 1.0000000180025095e-35
decision_type=2 2 2 2 2 2 2 2 2 2 2 2 2 2 2 2 2 2 2 2 2 2 2 2 2 2 2 2 2 2
left_child=5 2 -2 -4 -5 6 -1 8 9 -8 11 -11 -13 14 15 16 22 -17 -15 20 -20 -21 -9 24 25 26 27 28 29 -24
right_child=1 -3 3 4 -6 -7 7 13 -10 10 -12 12 -14 18 -16 17 -18 -19 19 21 -22 -23 23 -25 -26 -27 -28 -29 -30 -31
leaf_value=-0.053709082303621869 0.010199843733794862 0.012955384527477694 -0.0022374735946249355 0.014990291248532427 -0.097499063634072097 -0.0025100386524050805 -0.010352965543129103 -0.053451522774901873 0.017041159241667863 0.023381885566128188 0.0041103737955115452 0.21160287641331879 0.018701842355789613 0.027023602127927038 -0.026095171506798652 0.022821171720308259 -0.024962475078309933 0.29262355536366064 -0.041835964911475454 0.07404371749926926 0.080915776640312881 -0.027970669721347794 -0.00090498346098797755 -0.056889705950827853 -0.056290637483788944 0.064699397651466095 -0.043131583173161403 0.1259346700991523 -0.0039400517676697836 0.16290545229966269
leaf_weight=164.52247008361155 679.24411828046505 3981.1443739341157 345.31411172263324 78.414992917867494 173.14687419436086 44141.11861492652 6902.8859980647558 133.23874910500217 2150.0423996073732 207.34156739281025 1504.0141819344153 43.583659105781408 36.836227343290375 2669.3523885871382 944.04334824711532 1805.9765319453327 1009.665825174623 5.2280571613737257 87.746493550643208 88.2751519473386 203.91303505224278 778.79613972310108 71.275639995081292 107.84122433215998 103.29483690465349 383.99799427252947 213.98221180353357 61.128319922616356 354.9179624030312 75.881132121947303
leaf_count=668982 13567 67334 572 14252 3722 749275 158302 354315 7015 1416 28248 1364 2100 559916 2601584 180354 788061 354 50760 47956 19205 253928 32600 62033 70788 47936 144769 5857 194039 19200
internal_value=-0.000149852 0.00792789 -0.00774586 -0.0280831 -0.0628259 -0.000811391 0.00291722 0.00339771 -0.00115784 -0.00566536 0.0123724 0.054747 0.129511 0.00882519 0.00190743 0.00804077 -0.00376694 0.0244034 0.0183346 -0.00171229 0.0439029 -0.0172198 0.0104829 0.0168618 0.023351 0.0306466 0.0135155 0.0352281 0.0230515 0.0861411
internal_weight=69506.2 5257.26 1276.12 596.876 251.562 64248.9 20107.8 19943.3 10844.7 8694.66 1791.78 287.761 80.4199 9098.56 5270.47 4326.43 2515.22 1811.2 3828.08 1158.73 291.66 867.071 1505.56 1372.32 1264.48 1161.18 777.185 563.203 502.075 147.157
internal_count=7149804 99447 32113 18546 17974 7050357 6301082 5632100 198445 191430 33128 4880 3464 5433655 4501890 1900306 1719598 180708 931765 371849 69965 301884 931537 577222 515189 444401 396465 251696 245839 51800
is_linear=0
shrinkage=0.055


Tree=174
num_leaves=31
num_cat=0
split_feature=8 40 46 16 31 45 30 15 54 52 45 8 52 14 6 8 48 22 13 29 11 54 46 45 51 16 28 19 51 15
split_gain=103.553 124.992 181.589 206.299 189.144 283.939 261.734 233.812 192.673 321.831 217.058 204.22 249.96 193.308 235.405 193.492 242.729 186.053 180.532 184.249 177.395 169.364 196.454 193.458 159.012 196.559 156.622 215.715 203.231 150.071
threshold=4.0163424015045175 2.8029010295867924 11.787520408630373 64339.500000000007 1.7005987167358401 0.80586624145507824 0.46428571641445165 7.8619196414947519 186.50000000000003 0.80530381202697765 0.82010406255722057 6.6547963619232187 0.8192717730998994 6.8829500675201425 -0.090226802974939332 5.2496488094329843 34.500000000000007 6.0878584384918222 3.9219243526458745 0.26785714924335485 1.0000000180025095e-35 375.50000000000006 5.7863478660583505 0.78244677186012279 76.500000000000014 2169975.5000000005 8288.0000000000018 2.5000000000000004 68.500000000000014 8.187716484069826
decision_type=2 2 2 2 2 2 2 2 2 2 2 2 2 2 2 2 2 2 2 2 2 2 2 2 2 2 2 2 2 2
left_child=-1 -2 4 -4 8 21 18 -8 9 -3 11 26 -13 14 -12 16 -15 -10 19 -7 -18 -6 -23 -24 -5 -26 -11 -28 -29 -17
right_child=1 2 3 24 5 6 7 -9 17 10 13 12 -14 15 -16 29 20 -19 -20 -21 -22 22 23 -25 25 -27 27 28 -30 -31
leaf_value=-0.00099799663002719786 -0.0015615171939203658 -0.081489943821579147 -0.015921220172597207 0.016673956560842525 0.059222772163321252 -0.014726719735502915 0.013894232314911232 -0.036556309911673197 -0.014123237569577151 0.016420853713054864 0.017047658902411882 -0.013746436319939079 0.32135981879206332 0.0077465272163925502 -0.015261189414812318 -0.034414059804945184 0.044838297896604949 0.080099548780841551 0.015191598926846911 -0.051375575665316794 0.12716467763532077 -0.058728919085698501 0.10730993378247142 -0.069386728466006034 0.0058516051724445068 0.13422395154397632 -0.011074659960746787 0.071432421680615518 0.24754432930453996 0.035322056429049044
leaf_weight=44607.669081761182 9596.4491389561554 101.67861811523835 589.03062760479952 4588.8977604194952 285.22541815791192 851.1328586006257 1352.5541884244049 344.44104511552723 1362.7291719499317 266.16697505010961 1492.6007619489283 10.190404719091021 12.81441317871213 581.12527512788074 1247.9753868388943 246.55285208997157 734.75730617047157 61.534634124891454 273.85169641119865 815.40981047291461 86.376364030191326 99.548326995542084 55.565546535613976 23.091852709399973 67.606106739447569 73.560902734410774 44.82049122259923 66.836697170976549 27.84332068189542 143.61894935074815
leaf_count=5328921 774051 10262 1435 8013 9879 85770 40505 13967 568079 4063 30944 228 3 1470 10579 6110 15019 6682 11985 59648 1043 154464 972 1807 985 392 1205 100 1180 1113
internal_value=0.000600263 0.00339534 0.00638519 0.0146711 0.00221781 -0.00702294 -0.0121988 0.00357692 0.00805978 0.0130844 0.0151026 0.0522946 0.196967 0.0115317 0.00233419 0.0255489 0.0350538 -0.00978642 -0.0259695 -0.0327584 0.0542156 0.0332984 -0.00867837 0.0543895 0.0184935 0.0750485 0.0417922 0.0879575 0.133042 -0.00862265
internal_weight=70111.7 25504 15907.5 5319.1 10588.4 4100.82 3637.39 1697 6487.62 5063.36 4961.68 428.672 23.0048 4533.01 2740.58 1792.43 1402.26 1424.26 1940.39 1666.54 821.134 463.431 178.206 78.6574 4730.06 141.167 405.667 139.501 94.68 390.172
internal_count=7150874 1821953 1047902 10825 1037077 378997 211875 54472 658080 83319 73057 6779 231 66278 41523 24755 17532 574761 157403 145418 16062 167122 157243 2779 9390 1377 6548 2485 1280 7223
is_linear=0
shrinkage=0.055


Tree=175
num_leaves=31
num_cat=0
split_feature=42 50 35 55 0 42 56 56 33 32 24 9 0 14 50 8 45 45 3 49 22 53 49 1 23 49 13 8 2 15
split_gain=100.221 142.626 200.999 179.202 184.099 193.754 197.221 187.015 233.654 233.628 218.019 213.876 245.115 290.374 229.637 238.153 203.637 267.097 263.201 221.432 189.89 188.924 191.183 186.559 186.339 184.858 169.45 168.306 156.722 200.703
threshold=1.0000000180025095e-35 -4.3811669349670401 2.4414010047912602 0.89721679687500011 0.81666666269302379 -1.0000000180025095e-35 -100.91674804687499 -100.89721679687499 9.2104907035827654 3.7494349479675297 -0.027885644696652886 4.9092381000518808 0.38750000298023229 6.4208085536956796 -9.7833590507507306 3.1984648704528813 0.82010406255722057 0.8263017237186433 0.32456140220165258 7.9566824436187753 4.3372693061828622 -0.065429449081420885 10.47168016433716 0.23611111193895343 7.5000000000000009 5.4652485847473153 3.9219243526458745 1.2424533367156985 0.26136364042758947 7.9421844482421884
decision_type=2 2 2 2 2 2 2 2 2 2 2 2 2 2 2 2 2 2 2 2 2 2 2 2 2 2 2 2 2 2
left_child=1 2 3 4 5 -1 24 10 9 -9 11 12 -8 14 15 -14 -13 19 -19 26 -12 27 -23 25 -7 -22 -18 -21 29 -20
right_child=-2 -3 -4 -5 -6 6 7 8 -10 -11 20 16 13 -15 -16 -17 17 18 28 21 23 22 -24 -25 -26 -27 -28 -29 -30 -31
leaf_value=-0.041632070123664815 0.0039899099208414966 0.0022608358102925051 -0.049799622758063163 -0.041814017125544764 0.015663784279772573 0.014485533179716566 -0.053522328741612064 -0.00044442792234168247 -0.048705242218116805 -0.064965635306595979 -0.037581935054940792 -0.031286924390707779 0.22810799997567774 -0.039845168698184039 0.0072381375508436306 -0.040835501860387959 -0.030189175852283704 -0.066134630243944198 0.026007166932611507 0.11571197661249953 -0.05254618853002016 0.24903503172625419 0.063811339455888766 -0.065503705686176264 0.10948152830599603 0.096949527875780803 0.11062707577333547 -0.059938981250109796 -0.047484587921953827 -0.036972627398137135
leaf_weight=394.80266040196148 17493.801838829902 24332.744614364987 275.76947114327777 350.71114331298668 1581.4854542040666 925.16819310675055 480.77964952589173 19516.628605976264 310.63744041464452 166.25440477981101 1379.4519607388684 404.69584867856611 35.161636487002397 133.91578451479472 62.666093259282206 11.44159693401525 88.735195630382805 145.3856031813084 1027.2844743051864 29.222263647432555 30.205853779903919 37.182474046800053 35.759254235017579 46.311011644742393 62.238139444605622 91.205571290745866 30.731087937376287 27.468803263629525 122.29747428478731 175.19615936563423
leaf_count=1357999 614830 109660 151207 36022 106454 275144 280378 2999133 79899 28029 435967 432642 4704 16200 4428 5273 26690 22453 77099 106 40729 188 83 8307 8514 421 1593 1228 9414 13710
internal_value=0.000386781 -0.000818428 -0.00349634 -0.00302651 -0.00252163 -0.00364044 -0.00304128 -0.00401851 -0.00175887 -0.00100578 -0.0142841 -0.00523568 -0.030942 0.0138785 0.0785825 0.16452 0.00357856 0.0118524 0.00284315 0.0639224 -0.0308691 0.112302 0.168149 0.0238307 0.0209947 0.0591493 0.00902282 0.032643 0.0106332 0.0167162
internal_weight=69805.3 52311.5 27978.8 27703 27352.3 25770.8 25376 24388.6 19993.5 19682.9 4395.1 2847.92 723.965 243.185 109.269 46.6032 2123.96 1719.26 1470.16 249.099 1547.17 129.633 72.9417 167.722 987.406 121.411 119.466 56.6911 1324.78 1202.48
internal_count=7148504 6533674 6424014 6272807 6236785 6130331 4772332 4488674 3107061 3027162 1381613 896189 310983 30605 14405 9977 585206 152564 122676 29888 485424 1605 271 49457 283658 41150 28283 1334 100223 90809
is_linear=0
shrinkage=0.055


Tree=176
num_leaves=31
num_cat=0
split_feature=8 15 56 48 8 26 33 40 54 48 52 51 13 26 50 56 25 33 2 8 16 2 47 35 50 13 26 53 48 56
split_gain=98.7365 219.001 189.693 205.218 377.436 302.933 385.984 256.748 195.537 180.773 161.26 226.567 191.017 153.064 147.951 249.083 155.474 149.895 143.813 142.055 280.581 195.453 168.47 154.958 262.362 218.921 254.159 262.043 247.358 258.946
threshold=3.9981586933135991 6.6100225448608407 -100.89965820312499 219.50000000000003 5.059420347213746 15844.000000000002 5.3008110523223886 3.0677825212478642 146.50000000000003 772.50000000000011 0.78297665715217601 345.50000000000006 3.4811217784881596 614.00000000000011 -6.1361060142517081 -100.87084960937499 -9.4656548500061017 9.2103905677795428 0.73214286565780651 3.9019217491149907 1178214.5000000002 0.16025641560554507 -6.1873106956481925 1.2424533367156985 -7.1366455554962149 3.3497501611709599 8319.5000000000018 -0.042475372552871697 67.500000000000014 -100.91870117187499
decision_type=2 2 2 2 2 2 2 2 2 2 2 2 2 2 2 2 2 2 2 2 2 2 2 2 2 2 2 2 2 2
left_child=19 2 18 8 5 9 -7 -8 -4 13 11 12 -3 -5 16 -16 -14 -18 -2 23 21 -21 -23 -1 25 26 27 -25 29 -27
right_child=1 10 3 4 -6 6 7 -9 -10 -11 -12 -13 14 -15 15 -17 17 -19 -20 20 -22 22 -24 24 -26 28 -28 -29 -30 -31
leaf_value=0.0027561872296947951 -0.014367002817168448 -0.030607249753039269 0.015250576616962341 -0.06400634319118928 -0.059542199136464254 -0.049397710310783854 0.20830601460664896 -0.044372048283828742 -0.043457531632382404 0.00088582243989229314 -0.0012595549629197153 -0.033453546232585354 0.069520608859966998 0.0774608138334687 -0.055728899441433895 0.048516077567359761 -0.041350079720053064 0.12505652141963183 0.14962169633468156 -0.031320570694542582 -0.043336707611654299 0.064408243849070582 -0.0033737492384338912 -0.045492310862686458 -0.00011391859634494421 0.039464969049636055 -0.058129140513340172 -0.0025861094056686415 0.002494287317247882 -0.025966978374581125
leaf_weight=16703.608049253489 800.38295656191258 129.16558817932855 3016.6829650759337 21.482948376684362 89.275706671627631 26.077701589334538 91.794952964013646 12.112153293241134 177.18144334432145 218.38264454733326 19611.645379439102 196.40838441730193 463.36169746100859 278.64440392433244 109.41487547381257 171.15132844881737 76.450903674127403 15.513232572333434 11.532371212775614 266.69905418912822 710.10711458126025 200.61885430436087 239.83002043960005 624.32365559048594 17197.251616887952 195.8347501793578 555.64679118549975 1365.558602453988 3772.226914231087 2113.1499348530651
leaf_count=1920188 144759 42932 10768 3708 51699 12430 9642 4509 19575 93133 644163 643536 61664 35828 7132 1468 60752 1522 41 42161 88979 8454 631 764720 150767 7202 234792 35010 1993771 52965
internal_value=-0.000363279 0.00235771 0.0130139 0.0180089 0.0440637 0.0586732 0.132374 0.178167 0.0119309 0.0391093 -7.81808e-05 0.0197895 0.0307421 0.0664518 0.0403477 0.00759879 0.0566779 -0.00827819 -0.0111362 -0.00194332 -0.019042 0.00548732 0.0278765 -0.00137132 -0.00404111 -0.0118653 -0.0253923 -0.0161282 -0.00618686 -0.0203441
internal_weight=69461.5 25516.7 4743.55 3931.63 737.771 648.495 129.985 103.907 3193.86 518.51 20773.1 1161.47 965.058 300.127 835.892 280.566 555.326 91.9641 811.915 43944.9 1417.26 707.148 440.449 42527.6 25824 8626.74 2545.53 1989.88 6081.21 2308.98
internal_count=7148901 1849261 386092 241292 210949 159250 26581 14151 30343 132669 1463169 819006 175470 39536 132538 8600 123938 62274 144800 5299640 140225 51246 9085 5159415 3239227 3088460 1034522 799730 2053938 60167
is_linear=0
shrinkage=0.055


Tree=177
num_leaves=31
num_cat=0
split_feature=43 56 47 47 25 49 48 51 51 7 13 8 2 1 15 25 45 52 8 11 26 51 48 15 33 14 52 15 13 32
split_gain=90.0842 142.825 109.693 88.0743 197.153 99.4099 163.811 115.679 212.617 176.674 97.8866 125.928 111.525 95.3582 267.694 215.475 168.567 173.601 207.395 205.475 206.212 158.8 155.027 139.995 135.126 128.521 127.296 122.201 119.691 150.133
threshold=-1.0000000180025095e-35 -100.90356445312499 -6.7314977645874015 -1.0000000180025095e-35 -8.4344043731689435 -0.03691581264138221 756.50000000000011 253.50000000000003 144.50000000000003 2.2930061817169194 3.3140207529067998 4.4005842208862314 0.13809524476528171 0.61250001192092907 5.4049246311187753 -7.0217301845550528 0.80201655626297008 0.82639771699905407 3.1984648704528813 1.0000000180025095e-35 4076.5000000000005 127.50000000000001 26.500000000000004 7.0295302867889413 5.5234570503234872 5.5194568634033212 0.82936045527458202 4.7405652999877939 2.2499048709869389 2.5249279737472539
decision_type=2 2 2 2 2 2 2 2 2 2 2 2 2 2 2 2 2 2 2 2 2 2 2 2 2 2 2 2 2 2
left_child=1 -1 -3 13 10 6 -6 8 -7 -10 11 -5 -12 -2 15 -15 -16 18 19 20 21 24 -21 -20 25 -18 -19 -17 29 -28
right_child=3 2 -4 4 5 7 -8 -9 9 -11 12 -13 -14 14 16 27 17 26 23 22 -22 -23 -24 -25 -26 -27 28 -29 -30 -31
leaf_value=-0.064516844772979254 0.00070121557551104782 -0.05861014106361416 0.045147498614763762 -0.031252451916419927 -0.064695574973892681 0.018745329643698877 0.05255513004503614 -0.058283666207622278 0.044297351674301842 0.24967185817140536 -0.057184547236291322 -0.18476690941169743 0.0029315169173778355 -0.067018175953013265 -0.081899633241454065 -0.067196987824891058 0.087054874970852944 -0.06682180859468595 -0.06950144994700086 -0.073142809458730168 -0.064424071512802883 -0.054036474694214957 0.11232340506534408 0.0061144556144178235 0.070692790251755108 -0.083342562953090435 -0.010285104239262306 0.029371477720799965 -0.0053989525351688279 0.10184838619637125
leaf_weight=158.35140084549857 56374.454863155224 40.588374883149299 90.79012258282637 158.9746480345857 101.89827818165031 2335.0309202134831 49.912257949448758 51.745954611620618 36.666408653902181 16.951498057467688 99.787001393793616 13.52239411710252 851.84913515858352 361.28834314466076 76.029421875078697 48.604275725569096 15.633899749191185 95.250936624594033 81.686913696881675 11.672418849717358 66.489094585762359 44.186487287404816 137.80880952405641 504.64593729020635 236.58962142034579 34.064347927695053 71.362220168372005 147.30439665655285 7188.1121850158415 66.450860692282731
leaf_count=164333 6623457 39484 1103 1105 4952 4259 1142 7538 910 85 2931 228 1157 50096 16601 313 41 10247 22818 104 13012 43388 9632 38798 1369 861 1325 369 87646 320
internal_value=0.000192424 -0.0301502 0.0121188 0.000321488 0.00855243 0.016885 -0.0256993 0.0195812 0.0213862 0.124985 -0.0106518 -0.0481526 -0.00363809 -0.000145697 -0.00534008 -0.0421144 -0.00294272 -0.0021935 0.017814 0.0420296 0.0207873 0.0386359 0.0959424 -0.00491882 0.0536212 -0.0266817 -0.00525741 0.00433709 -0.00441193 0.0454564
internal_weight=69567.7 289.73 131.378 69278 3716.34 2592.21 151.811 2440.39 2388.65 53.6179 1124.13 172.497 951.636 65561.6 9187.18 557.197 8629.98 8553.95 1132.78 546.445 396.963 330.474 149.481 586.333 286.288 49.6982 7421.18 195.909 7325.93 137.813
internal_count=7149624 204920 40587 6944704 24307 18886 6094 12792 5254 995 5421 1333 4088 6920397 296940 50778 246162 229561 130023 68407 58671 45659 9736 61616 2271 902 99538 682 89291 1645
is_linear=0
shrinkage=0.055


Tree=178
num_leaves=31
num_cat=0
split_feature=16 16 53 22 13 0 56 57 16 56 33 7 42 56 54 47 35 46 7 46 54 53 54 45 32 54 45 47 46 29
split_gain=128.655 204.706 181.796 189.941 199.926 176.968 176.443 243.533 175.027 206.707 241.099 266.709 201.203 212.055 224.68 195.176 185.919 258.356 205.893 424.507 172.301 225.978 235.951 417.707 226.896 185.55 186.829 225.05 207.813 189.627
threshold=2169981.0000000005 2097573.5000000005 -0.059570074081420891 2.8617925643920903 3.3140207529067998 1.0000000180025095e-35 -0.014404296874999998 7.5000000000000009 2061703.5000000002 -100.90307617187499 6.8860175609588632 2.3604413270950322 1.0000000180025095e-35 -100.87915039062499 953.50000000000011 -110.13536453247069 1.0000000180025095e-35 0.24605491757392886 12.151627063751222 3.4278579950332646 499.50000000000006 -0.072264790534973131 543.50000000000011 0.82506504654884349 1.4978661537170412 303.50000000000006 0.80488342046737682 -4.3433227539062491 0.39310909807682043 0.92857143282890331
decision_type=2 2 2 2 2 2 2 2 2 2 2 2 2 2 2 2 2 2 2 2 2 2 2 2 2 2 2 2 2 2
left_child=1 8 3 4 5 -3 -2 -8 12 -10 11 -11 13 14 16 -16 18 -18 -1 -20 25 22 23 -22 -24 26 -19 28 -28 -30
right_child=6 2 -4 -5 -6 -7 7 -9 9 10 -12 -13 -14 -15 15 -17 17 20 19 -21 21 -23 24 -25 -26 -27 27 -29 29 -31
leaf_value=-0.042743000345468116 0.0051863099914144003 0.090457792795005182 -0.014416791224793576 -0.066913921871696966 0.0054208692694466846 -0.059383637815234355 0.0021098000189329578 -0.046728920319979453 0.037991464534977287 0.0065646240400641636 0.022859243469689535 -0.035735106116843024 0.003776207930841621 -0.0002349662798426867 0.035792928405943565 -0.054670842263229394 -0.029439407364069484 0.047924966871818769 0.11155246117002482 -0.076874213186956017 -0.040736068583566466 0.0039899058447242447 0.10667851230216972 0.4446206014963574 -0.05541687454704803 -0.045509131985334884 0.086740315670436288 0.0099084739194107985 -0.022723449328812397 0.030738533901516832
leaf_weight=782.97156586780329 20398.578151362577 155.86487480329561 5357.1468938743392 82.475173264013392 769.72882192718498 24.429389889479353 860.4691245531576 476.43352537624014 700.8430138581034 1468.5707322312128 1420.8085683435511 644.9584158988655 15610.224460897083 13580.554372725521 79.470640984603961 547.31727142402815 1121.2852513920989 223.94522832618532 77.279260075825732 59.913837490963488 7.5476303043033139 251.13970203497593 79.890809377444384 8.6973524798522686 34.027334462713043 289.9646626608519 54.470965263764811 2120.1243745059182 2041.4247329794816 218.17457253581961
leaf_count=86562 2223409 70577 107581 127888 330060 20723 8494 16479 138141 68546 89929 128327 555270 1053160 52567 1468314 385623 5547 9230 2843 3030 33710 17319 935 18332 44175 2438 7086 72124 1060
internal_value=0.000408588 -0.00118636 -0.0103453 0.0107473 0.0178043 0.0691001 0.00391658 -0.0154042 0.000227503 0.0108146 0.00537954 -0.00639731 -0.000979498 -0.00441998 -0.0115218 -0.0430084 -0.00881699 -0.00550535 -0.0318776 0.0294547 -0.000446851 0.0349317 0.0922754 0.262602 0.0579664 -0.00320564 -0.000526321 -0.00302454 -0.0148694 -0.017505
internal_weight=69548.7 47813.2 6389.65 1032.5 950.023 180.294 21735.5 1336.9 41423.6 4235.18 3534.34 2113.53 37188.4 21578.2 7997.65 626.788 7370.86 6450.69 920.165 137.193 5329.41 381.303 130.163 16.245 113.918 4948.1 4658.14 4434.19 2314.07 2259.6
internal_count=7149479 4901097 656829 549248 421360 91300 2248382 24973 4244268 424943 286802 196873 3819325 3264055 2210895 1520881 690014 591379 98635 12073 205756 73326 39616 3965 35651 132430 88255 82708 75622 73184
is_linear=0
shrinkage=0.055


Tree=179
num_leaves=31
num_cat=0
split_feature=10 32 55 29 19 10 49 31 8 26 27 15 22 28 50 33 54 15 33 4 49 57 57 50 26 8 9 9 31 7
split_gain=102.519 96.9289 219.233 112.817 164.564 127.334 128.918 112.324 109.912 94.7724 133.848 122.363 108.964 250.744 186.264 195.582 160.976 176.3 159.148 152.568 137.215 136.593 229.032 135.563 182.16 225.334 288.574 283.272 183.904 180.871
threshold=13.132266521453859 3.65057384967804 0.86206054687500011 0.23611111193895343 1.5000000000000002 4.6200466156005868 6.7131190299987802 3.7256208658218388 4.863673448562623 101.00000000000001 2914.6103515625005 7.4439561367034921 3.3140207529067998 44.500000000000007 -113.30623626708983 7.3135535717010507 303.50000000000006 7.5024621486663827 5.3008110523223886 1.0000000180025095e-35 -0.13536406308412549 49.500000000000007 26.500000000000004 -2.6792641878128047 2259.5000000000005 4.610145330429078 4.7619838714599618 4.9001557826995858 2.4414010047912602 2.0043064355850224
decision_type=2 2 2 2 2 2 2 2 2 2 2 2 2 2 2 2 2 2 2 2 2 2 2 2 2 2 2 2 2 2
left_child=1 9 3 4 -3 -5 8 -4 -7 11 12 -1 19 21 15 -15 20 -18 -19 -11 -16 22 -14 29 -25 26 -26 -28 -29 -22
right_child=-2 2 7 5 -6 6 -8 -9 -10 10 -12 -13 13 14 16 -17 17 18 -20 -21 23 -23 -24 24 25 -27 27 28 -30 -31
leaf_value=0.017591336469614648 -0.05241255152831311 0.035520180251034823 -0.00394406894135272 -0.037980935680230345 -0.069950524348280738 0.0629422946965605 0.015650133237427147 -0.083021840024065582 -0.060824623531829991 0.00046946882779838963 -0.057386726520377795 -0.013202352085869153 -0.04553095681013488 -0.044656581817095788 -0.063127263143105336 0.15563425699044026 -0.048761695957687493 -0.051335375963223975 0.022444022908432615 0.014691931071146358 -0.002795688786947699 -0.04176240158696562 0.040093142115382854 0.006204592517985389 0.0096411917291180631 0.010575938419181963 -0.11660368285865082 -0.024401182973951371 -0.10031932902986726 0.018533041181877468
leaf_weight=1864.4661362076113 105.38410346762976 87.484474395676443 145.45575450031174 68.80011217169158 82.129077569161382 452.89732528054265 431.72499997003979 82.247851132966389 18.960078883075766 51766.119934013193 117.912252441296 489.41077900094751 177.68484482973872 19.290767749731458 99.870128274251329 39.534864968200054 453.25419747364231 120.41258273105359 295.01347796135633 2381.8205128170885 2767.4496056999378 792.68786239579458 190.77004394850155 1889.6004210388091 502.83493213629117 692.10555301827844 124.36187486047857 1169.4098990320927 101.13962278916733 2120.6629652838565
leaf_count=257882 27250 6556 7522 4501 33971 23518 2413 11956 3114 5120690 196833 70377 17079 49155 16843 17026 452963 82026 103158 22219 51082 514373 15237 3546 1084 1045 625 3104 455 31619
internal_value=0.00055005 0.000634068 0.0150935 0.0249224 -0.0160907 0.0321221 0.0376395 -0.0336775 0.0573835 0.000342483 -4.56996e-05 0.0111744 6.15633e-05 -0.00478559 -0.0020716 0.0915997 -0.00264874 -0.0252379 0.000702638 0.00109637 -0.000563856 -0.0289691 -0.00125525 0.00013647 -0.00677118 -0.0162322 -0.0260112 -0.0388517 -0.030814 0.00646707
internal_weight=69650.9 69545.5 1369.7 1142 169.614 972.383 903.582 227.704 471.857 68175.8 65821.9 2353.88 65704 11556.1 10394.9 58.8256 10336.1 868.68 415.426 54147.9 9467.44 1161.14 368.455 9367.56 4479.45 2589.85 1897.75 1394.91 1270.55 4888.11
internal_count=7149222 7121972 93551 74073 40527 33546 29045 19478 26632 7028421 6700162 328259 6503329 1360420 813731 66181 747550 638147 185184 5142909 109403 546689 32316 92560 9859 6313 5268 4184 3559 82701
is_linear=0
shrinkage=0.055


Tree=180
num_leaves=31
num_cat=0
split_feature=25 15 56 7 36 48 10 11 15 7 40 53 13 52 10 15 14 23 48 13 19 48 40 52 2 31 31 32 35 33
split_gain=100.044 253.434 215.712 171.177 157.125 280.285 363.899 337.376 302.093 219.867 211.121 192.727 179.994 260.671 276.52 198.636 179.593 213.27 166.133 165.634 164.234 157.633 148 145.887 179.309 273.591 213.633 188.056 176.157 172.612
threshold=-10.141743183135985 5.7541573047637948 -100.92163085937499 2.2930061817169194 1.0000000180025095e-35 17.500000000000004 8.2984070777893084 1.0000000180025095e-35 7.9421844482421884 2.508723378181458 2.9700856208801274 -100.86009597778319 3.9019217491149907 0.85465547442436229 8.1240024566650408 5.1901712417602548 8.4295630455017108 7.5000000000000009 85.500000000000014 3.65057384967804 4.5000000000000009 252.50000000000003 3.1567740440368657 0.85062479972839367 0.095454547554254546 0.89587974548339855 2.5249279737472539 2.7403194904327397 2.0126758813858037 5.8593597412109384
decision_type=2 2 2 2 2 2 2 2 2 2 2 2 2 2 2 2 2 2 2 2 2 2 2 2 2 2 2 2 2 2
left_child=1 -1 -3 -4 -2 -6 7 9 -9 11 -10 19 13 14 15 -13 17 -11 -16 -7 21 -15 -14 24 25 28 -27 -28 -5 -26
right_child=4 2 3 23 5 6 -8 8 10 16 -12 12 22 20 18 -17 -18 -19 -20 -21 -22 -23 -24 -25 29 26 27 -29 -30 -31
leaf_value=-0.030568374284797441 0.0022199137549128185 -0.060494139441124473 0.053467076132271953 0.023267944380769696 0.003974010047302216 0.1308091266066366 -0.064127183757040837 -0.066878017692192246 -0.04632939756329138 -0.062523445953205178 0.042649375747884036 0.060074615499117072 0.047506041130541521 0.032485513965996929 -0.062685647228074778 -0.039857167321679529 0.14081756332284298 0.020598513920947328 0.12682040766249744 -0.009989177370142743 -0.071698892814243242 -0.070926187530582968 -0.074079887512504244 -0.010871809149570571 -0.0031659541686367147 -0.058105751988987653 0.06708639951507496 -0.033172502510985642 -0.027562796882119617 0.017886327153133649
leaf_weight=1026.5685937951566 50102.296343400893 182.03165765425001 167.31541575407027 641.75907984868081 4102.5351683626614 62.429788181987533 428.44927291519889 515.4168356126811 145.48986695750864 345.29597581984126 168.85777069034884 60.576290764402074 340.92658525029401 671.62344207167916 15.345064610221014 811.06515523658891 12.310857644282803 124.50299121916032 49.928758473877679 39.359403030299291 51.568087625681073 43.089894443612138 28.745388509702025 3488.0405933540787 2121.1952418260107 491.35630427022079 87.866101236271788 140.01088083146351 298.00381815280343 2641.3319427411498
leaf_count=664839 3395179 118461 5024 282621 10549 97314 135873 175878 32163 89967 11825 7358 21437 2047 373 145356 453 13739 4502 111625 841 1437 3058 68865 478989 428538 26729 90415 231899 491235
internal_value=0.000155589 -0.00458198 -0.001968 -0.000881294 0.00107583 -0.00607061 -0.0165881 -0.0106627 -0.0411633 -0.00107728 0.00138664 0.00639045 0.00267181 -0.00490697 -0.0243077 -0.0326092 -0.0344819 -0.0405101 0.0809796 0.0784472 0.0188177 0.0258014 0.0371892 -0.00182543 0.00309302 -0.0124546 -0.0378628 0.00609626 0.00708868 0.00851631
internal_weight=69405.3 11285.5 10258.9 10076.9 58119.8 8017.52 3914.98 3486.53 829.764 2656.77 314.348 2174.66 2072.87 1703.2 936.915 871.641 482.11 469.799 65.2738 101.789 766.281 714.713 369.672 9909.56 6421.52 1659 719.233 227.877 939.763 4762.53
internal_count=7148589 2887615 2222776 2104315 4260974 865795 855246 719373 219866 499507 43988 395348 186409 161914 157589 152714 104159 103706 4875 208939 4325 3484 24495 2099291 2030426 1060202 545682 117144 514520 970224
is_linear=0
shrinkage=0.055


Tree=181
num_leaves=31
num_cat=0
split_feature=47 7 35 16 16 44 45 52 16 46 13 13 45 15 15 13 50 45 16 13 53 10 9 9 48 50 33 6 24 6
split_gain=109.107 107.448 168.173 100.429 198.265 180.819 168.831 136.869 173.784 267.302 190.371 208.383 205.488 217.992 190.022 173.457 168.969 209.243 230.127 176.874 171.344 167.71 160.885 259.98 156.337 334.854 263.48 312.53 202.703 188.647
threshold=-121.68048858642577 2.1304405927658085 1.0000000180025095e-35 2169981.0000000005 2097573.5000000005 2.5000000000000004 0.87120544910430919 0.82751634716987621 2303425.5000000005 2.5563974380493169 3.7012257575988774 3.113268375396729 0.86792555451393139 4.3502571582794198 7.3489091396331796 3.4175922870635991 -116.25346755981444 0.83428856730461132 2302229.0000000005 3.8815107345581059 -0.061522483825683587 9.9085125923156756 4.6007614135742196 4.4013888835906991 135.50000000000003 -11.611488342285154 7.6011524200439462 -0.024837171658873555 -0.028054018504917618 -2.8626616001129146
decision_type=2 2 2 2 2 2 2 2 2 2 2 2 2 2 2 2 2 2 2 2 2 2 2 2 2 2 2 2 2 2
left_child=1 2 -1 4 -2 -6 -7 8 10 -10 11 12 13 -5 -15 -9 -17 18 -18 -20 -19 22 23 -12 -13 26 -26 -28 29 -27
right_child=3 -3 -4 7 5 6 -8 15 9 -11 21 24 -14 14 -16 16 17 20 19 -21 -22 -23 -24 -25 25 28 27 -29 -30 -31
leaf_value=0.081188439695316389 0.00033122116615722256 -0.057543300516531469 -0.05556486015179838 0.079079763983351065 -0.011922981575418936 0.064056285168877972 -0.034242540287450843 -0.0086722796176745883 -0.049204486833905173 0.006354845259825239 -0.013903502963512138 0.018895155753082114 0.077029526626227418 -0.056634241965471788 0.0088619044535109791 0.10234897940315292 -0.065929850960793859 -0.056911345761088784 -0.025420225561387001 0.046799149158834194 0.0069341917731312423 -0.069838043048873991 -0.00029338600071351884 0.094947300379560173 -0.032458551168838119 0.014448613062151299 4.8327646932977959e-06 0.16203143360977623 0.0056690499717606336 0.10217490873470023
leaf_weight=48.787888002803811 40944.944007841412 186.33780300615945 50.199278489986682 60.031715076865112 6165.7928882041006 175.74017812020338 70.993614043440175 4445.2568187802317 348.48505201764965 1008.1035497585381 120.55754962965148 1736.5888769008616 76.028311819582086 296.72376815607095 238.91366011192986 47.973892455091118 256.56504483615572 123.9912647238416 298.2560774449812 150.02844224840373 9153.517710899032 89.54856760212715 2064.613127977238 139.68055088430629 223.69499999389336 92.650160843611957 96.207502669441965 52.555838619382484 117.24813864037515 406.76443484053743
leaf_count=9828 4034743 297878 33138 19156 588603 35485 3358 84445 362773 90174 54323 49945 19717 185076 59660 8812 10100 17308 7749 2209 70367 36154 467766 15022 360562 11472 90719 24689 42533 55636
internal_value=0.000199449 -0.0334466 0.0124998 0.000340991 -0.00107755 -0.010066 0.0356541 0.00344432 0.00965662 -0.0080457 0.0137921 0.0221739 -0.00523438 -0.0162879 -0.0276088 0.000365677 0.00437346 0.0038516 -0.0249329 -0.00100078 0.00605072 0.00197613 0.00488621 0.0452097 0.0289254 0.0463517 0.00504224 0.0606539 0.0710609 0.0862047
internal_weight=69286.8 285.325 98.9872 69001.5 47357.5 6412.53 246.734 21644 7168.4 1356.59 5811.81 3397.41 671.697 595.669 535.637 14475.6 10030.3 9982.36 704.85 448.285 9277.51 2414.4 2324.85 260.238 2725.71 989.121 372.458 148.763 616.663 499.415
internal_count=7149400 340844 42966 6808556 4662189 627446 38843 2146367 1945377 452947 1492430 919165 283609 263892 244736 200990 116545 107733 20058 9958 87675 573265 537111 69345 635556 585611 475970 115408 109641 67108
is_linear=0
shrinkage=0.055


Tree=182
num_leaves=31
num_cat=0
split_feature=57 56 57 25 16 15 31 15 26 25 31 51 50 45 57 6 22 32 14 27 49 7 10 13 14 28 10 0 9 41
split_gain=105.221 156.041 211.121 243.556 137.992 154.054 144.041 131.871 235.27 178.043 213.228 188.582 272.374 248.046 210.757 189.589 198.122 176.878 169.219 157.239 146.536 142.434 213.796 207.985 296.039 286.174 306.146 271.535 244.695 224.064
threshold=3.5000000000000004 -0.019775390624999997 66.500000000000014 -16.27995681762695 44726.500000000007 7.1352891921997079 2.4414010047912602 6.9879517555236825 204.00000000000003 -16.179971694946286 2.6020033359527592 790.50000000000011 -19.931792259216305 0.84560769796371471 286.50000000000006 -6.1693463325500479 2.1383330821990971 2.1383330821990971 6.0924398899078378 47.479642868041999 -0.019496116787195202 2.6572058200836186 7.0904934406280526 3.4498615264892583 7.2381374835968026 853.50000000000011 8.0068674087524432 0.58571431040763866 4.9828321933746347 1.0000000180025095e-35
decision_type=2 2 2 2 2 2 2 2 2 2 2 2 2 2 2 2 2 2 2 2 2 2 2 2 2 2 2 2 2 2
left_child=-1 2 4 -4 -2 6 -6 8 19 10 -9 12 -11 -13 -15 16 17 18 -14 -5 -16 -17 -23 25 27 -24 -27 -25 -26 -29
right_child=1 -3 3 7 5 -7 -8 9 -10 11 -12 13 15 14 20 21 -18 -19 -20 -21 -22 22 23 24 28 26 -28 29 -30 -31
leaf_value=0.01401406461405507 0.031041670033779032 -0.0078455442974572631 -0.043534381752676439 0.021706842308483038 0.017919164607595118 -0.0028773151164973466 -0.040619018188800572 -0.040442876028778656 -0.0050478468760038371 -0.058818409141845059 0.22219767607420995 -0.039038198925804977 -0.042065726602039367 -0.051321506374878631 0.04573780395185837 0.0050915888356155596 -0.039210256821021146 -0.054522677273447992 0.07531906985733923 -0.028198028038640827 -0.052518210863625743 -0.011674672722872072 0.054494728903343476 -0.031290861120787002 0.039013840526697006 0.025722859878303101 -0.063156261303391567 -0.050267484787184881 -0.017309159005122803 0.034976194746418318
leaf_weight=1650.9232471460418 837.17257299919038 6912.7928512986546 385.33577017753851 1582.6089864076203 2948.5159547849635 2537.5576195321792 128.25401430772945 13.220995911800857 19526.262246769307 209.44237288763543 18.771161388081964 736.39424246357885 38.353583336338488 117.15284416051145 317.19349375800084 22447.220833838532 83.216233729344822 39.051235559534689 345.39632664882811 212.7422469514313 49.258200117379602 4373.4841766244972 542.50010688362727 1147.3133177056943 714.83340173197394 370.91027230443615 165.37151615566927 115.20314343765131 341.73383199953332 414.96766486128035
leaf_count=14330 12305 252136 1073835 39329 81879 48129 8572 15135 2632319 213852 1725 1209013 5427 35572 65701 895413 15138 7878 18395 42810 7789 248908 31145 107016 18897 12886 12800 2362 16042 2546
internal_value=0.000316467 -1.87081e-05 0.000872348 -0.000245445 0.0102747 0.0071532 0.0154171 6.7909e-05 -0.00329489 0.0022674 0.122864 0.0021301 0.00295691 -0.0190407 0.0114977 0.00338178 0.0366075 0.0518139 0.063197 0.0157314 0.0320011 0.00282706 -0.0033817 0.00613353 -0.00194539 0.0265232 -0.00201474 -0.0162916 0.0208011 0.0161566
internal_weight=69323.2 67672.2 60759.4 54307.9 6451.5 5614.33 3076.77 53922.6 21321.6 32601 31.9922 32569 31349 1220 483.605 31139.6 506.017 422.801 383.75 1795.35 366.452 30633.5 8186.32 3812.83 2734.05 1078.78 536.282 1677.48 1056.57 530.171
internal_count=7149284 7134954 6882818 6731933 150885 138580 90451 5658098 2714458 2943640 16860 2926780 1608705 1318075 109062 1394853 46838 31700 23822 82139 73490 1348015 452602 203694 146863 56831 25686 111924 34939 4908
is_linear=0
shrinkage=0.055


Tree=183
num_leaves=31
num_cat=0
split_feature=1 10 52 55 8 47 22 29 7 25 38 14 30 15 8 2 11 23 15 53 8 8 13 53 14 40 2 10 15 46
split_gain=98.5113 181.088 190.613 181.604 246.114 196.638 180.383 184.051 151.933 201.368 260.13 180.759 178.116 170.365 169.257 164.016 150.75 146.907 169.646 139.805 136.309 133.838 129.564 118.953 116.434 118.497 181.883 132.057 126.728 119.376
threshold=0.53571429848670971 6.112574815750123 0.82639771699905407 0.85473632812500011 5.9121499061584482 -6.7314977645874015 3.5972183942794804 0.38750000298023229 0.44430957734584814 -8.0341458320617658 1.0000000180025095e-35 6.3017024993896493 0.53571429848670971 7.4439561367034921 6.2869281768798837 0.11437908560037614 1.0000000180025095e-35 1.5000000000000002 8.5999703407287615 -0.046384900808334344 3.1567740440368657 3.4811217784881596 2.2499048709869389 -100.89095306396483 6.0414438247680673 2.4414010047912602 0.31666667759418493 8.5174932479858416 8.3417677879333514 5.3277359008789071
decision_type=2 2 2 2 2 2 2 2 2 2 2 2 2 2 2 2 2 2 2 2 2 2 2 2 2 2 2 2 2 2
left_child=22 8 16 4 5 6 -4 -8 15 10 12 -11 13 -10 -15 -2 17 -3 21 -5 -18 -19 -1 -24 -7 26 -26 28 -27 -29
right_child=1 2 3 19 -6 24 7 -9 9 11 -12 -13 -14 14 -16 -17 20 18 -20 -21 -22 -23 23 -25 25 27 -28 29 -30 -31
leaf_value=-0.020588802380127058 -0.062360564179447138 0.033140707426565413 -0.075939938892109884 -0.068446118468599076 0.04859393565590276 -0.061536429777619236 0.12223978795798816 -0.058542826573711973 0.01524069135994526 -0.048273864852170716 -0.072662647760898841 0.014179028166129103 -0.063551561743955085 -0.06758558744966095 0.036580132867907567 0.034634988544064473 0.089751019924994513 -0.0017451368537792689 0.078749343700502461 0.0044400915092780626 -0.0015735315752595552 -0.071037697817269124 -0.034731874101441781 0.0018101099138784983 -0.061530285387031605 -0.0059452315467983909 0.09492689033457713 0.031954710766735318 -0.10318118031234259 -0.086181057801613073
leaf_weight=799.06185464112787 60.28757214151301 417.89979012980439 286.77894557003674 76.158728492997398 164.27198644044984 136.79539556716918 27.079364070923475 31.821691078039294 427.89549692800301 179.69476858372218 407.90176998204879 576.82608332487507 206.61398402677878 183.74069132520344 59.336854841887543 273.17897296961019 150.96844816970224 243.17399002005459 48.791847728512948 4185.1898861535301 72.135341016897655 124.29059046135262 265.73845426884509 58137.41938147066 28.410318330541486 1592.8862506656442 68.064509948366322 29.950553267706709 36.640692674409365 117.80319194198819
leaf_count=141854 1227 60082 16311 38001 793 946 595 4693 18899 1194 37074 1942 13048 9090 661 648 10675 36481 988 23144 8348 19020 1071222 5624649 297 6404 56 167 242 749
internal_value=0.000478425 -0.00450831 -0.00047351 -0.00386407 -0.0155512 -0.0201168 -0.0581497 0.0276322 -0.0177943 -0.0234108 -0.0366187 -0.000874831 -0.0195487 -0.00562903 -0.0419333 0.0164369 0.0211913 0.0102885 -0.012775 0.00305878 0.0608361 -0.0258215 0.00133913 0.00164088 -0.0134496 -0.00978455 0.0480911 -0.0130523 -0.00844057 -0.0619721
internal_weight=69416.8 10214.6 7839.11 6781.85 2520.5 2356.23 345.68 58.9011 2375.48 2042.01 1285.49 756.521 877.587 670.973 243.078 333.467 1057.26 834.156 416.256 4261.35 223.104 367.465 59202.2 58403.2 2010.55 1873.76 96.4748 1777.28 1629.53 147.754
internal_count=7149500 311775 227992 92398 31253 30460 21599 5288 83783 81908 78772 3136 41698 28650 9751 1875 135594 116571 56489 61145 19023 55501 6837725 6695871 8861 7915 353 7562 6646 916
is_linear=0
shrinkage=0.055


Tree=184
num_leaves=31
num_cat=0
split_feature=51 10 10 10 15 49 57 29 26 23 35 52 51 49 8 8 56 33 8 8 56 7 15 8 29 7 46 8 19 28
split_gain=92.9334 227.967 279.167 239.973 235.71 203.027 200.07 250.329 202.322 223.875 190.384 165.348 260.781 358.458 331.987 273.507 268.402 262.546 298.346 260.606 227.082 293.193 225.286 208.064 259.708 229.305 244.205 215.202 205.805 196.684
threshold=76.500000000000014 5.3082554340362558 3.2384861707687382 2.9174053668975835 8.4662156105041522 0.55977809429168712 220.50000000000003 1.0000000180025095e-35 618.00000000000011 7.5000000000000009 2.4414010047912602 0.83131366968154918 278.50000000000006 -0.023181274533271786 6.1147871017456064 0.89587974548339855 -0.041259765624999993 6.6247234344482431 1.8688348531723025 3.113268375396729 -100.87231445312499 0.92115789651870739 7.8369622230529794 4.863673448562623 0.46428571641445165 2.4300206899642949 2.0517178773880009 5.0271592140197763 3.5000000000000004 7168.5000000000009
decision_type=2 2 2 2 2 2 2 2 2 2 2 2 2 2 2 2 2 2 2 2 2 2 2 2 2 2 2 2 2 2
left_child=5 2 3 6 -4 -1 7 -2 -8 -10 11 12 16 15 -15 -14 17 18 -3 22 21 -21 28 24 -19 26 -26 -25 29 -20
right_child=1 10 4 -5 -6 -7 8 -9 9 -11 -12 -13 13 14 -16 -17 -18 23 19 20 -22 -23 -24 27 25 -27 -28 -29 -30 -31
leaf_value=-0.032461689124030517 0.045578759356588457 -0.017038784452625327 -0.044812429969162883 0.087524450757608105 0.035269292627781647 -0.00065220472923550941 0.021425838298163941 -0.041104929218920727 -0.042101115794862629 0.091132281162637135 -0.037275621419060059 0.0017057750296541397 0.052932411757478183 -0.039351248480623317 0.076621918478986181 0.0063392845805949798 -0.029419163565418519 -0.034065971450380074 0.082138297836914162 -0.055349020693239957 -0.010536280066544258 0.065302464400339377 -0.024016190836272475 0.14217515522771529 0.14876786967234484 -0.048009341606022292 0.0083976320102631084 0.014168787628643369 -0.047757945521159022 0.16894956962797472
leaf_weight=608.99994184534444 404.54866284049604 194.36960460104183 842.60805973103743 90.724920469852805 124.18546171096568 53043.531824798702 278.15276089013332 129.35994080405362 622.10234384748674 35.992803833763901 284.95604258856474 6496.3048232379224 452.83596828976351 723.08947015412105 78.548946266757412 2285.5829609584544 222.88141916899713 397.55642409743996 268.6181468834202 63.849561332752273 220.37173007920683 608.67675303373653 46.206879410638066 57.00425701777931 69.145586730177456 58.212335717207679 77.124646605680027 114.16822816685271 23.60519076493074 122.6468421578702
leaf_count=44688 62076 91485 532954 16707 29829 320000 85017 52924 456015 10064 180361 503281 432742 1052883 29277 2684315 17902 191070 56832 35618 25053 136114 14600 4634 3781 19198 9536 20336 12297 16207
internal_value=6.4609e-05 0.00383099 -0.0112546 0.0031439 -0.0343973 -0.00101626 -0.00234232 0.0243898 -0.0176353 -0.034182 0.006798 0.00781068 0.014322 0.00465591 -0.0275831 0.0141265 0.0277349 0.0332735 0.0463109 0.0554342 0.0377429 0.0535239 0.088922 0.0070364 -0.00828303 0.041461 0.0774781 0.059623 0.101637 0.111139
internal_weight=69046 15393.4 2527.67 1560.88 966.794 53652.5 1470.16 533.909 936.248 658.095 12865.8 12580.8 6084.49 3540.06 801.638 2738.42 2544.44 2321.56 1548.34 1353.98 892.898 672.526 461.077 773.211 602.039 204.483 146.27 171.172 414.87 391.265
internal_count=7147796 6783108 1245586 682803 562783 364688 666096 115000 551096 466079 5537522 5357161 4853880 4199217 1082160 3117057 654663 636761 388206 296721 196785 171732 99936 248555 223585 32515 13317 24970 85336 73039
is_linear=0
shrinkage=0.055


Tree=185
num_leaves=31
num_cat=0
split_feature=18 50 55 46 48 45 14 29 47 50 13 24 44 46 10 15 40 26 40 15 15 22 13 22 53 47 15 25 15 7
split_gain=89.006 88.1674 119.776 107.54 91.8971 168.139 143.958 203.186 213.613 264.955 214.141 211.348 207.885 188.406 174.761 170.265 176.875 173.094 167.427 192.043 198.546 198.723 189.025 164.371 173.952 163.448 199.025 196.635 162.08 155.643
threshold=1.0000000180025095e-35 -117.00613021850585 0.88500976562500011 -0.045745007693767541 152.50000000000003 0.76104518771171581 6.9416735172271737 0.92857143282890331 -30.647938728332516 -6.1361060142517081 2.8029010295867924 -0.021605788730084893 3.5000000000000004 5.3277359008789071 8.2984070777893084 8.0373816490173358 3.0201274156570439 463.00000000000006 3.0201274156570439 6.9052519798278817 6.6637709140777597 0.89587974548339855 2.1383330821990971 1.4978661537170412 -0.07617092132568358 -109.32284927368163 7.3294217586517343 -16.27995681762695 6.6366024017333993 0.072432182729244246
decision_type=2 2 2 2 2 2 2 2 2 2 2 2 2 2 2 2 2 2 2 2 2 2 2 2 2 2 2 2 2 2
left_child=-1 2 3 -2 -3 -6 25 8 15 12 13 -12 18 -11 -9 16 17 -8 -10 20 21 22 -20 24 -23 26 27 -7 -13 -25
right_child=1 4 -4 -5 5 6 7 14 9 10 11 28 -14 -15 -16 -17 -18 -19 19 -21 -22 23 -24 29 -26 -27 -28 -29 -30 -31
leaf_value=-0.071090410339620658 -0.054916001461989057 -0.00090206443153208378 0.034346757687860004 0.059559139461355631 -0.054443205285457368 -0.053281228145572061 0.024578844644506641 0.028129905895328933 -0.052107763479313368 0.0016577180223870478 -0.014173786825966319 0.10093473277618203 0.09724999700639525 0.14805466361943073 -0.070957310009097413 0.034308012489530304 0.010420308108789902 -0.051170064763408206 0.11877898504248571 -0.038230804277171418 0.057603820505869027 0.31107095658169148 -0.064055949069441412 0.099739098052108857 0.052512142369470431 0.013615232790000435 -0.026648503179264219 0.017122691918650755 -0.074953059305064601 -0.031357749567172438
leaf_weight=48.34898279425397 248.09973600918966 54573.42453966388 70.693467007291474 23.424139482871396 141.92492527930881 130.15972525082361 121.73505644470242 838.68029065177507 659.02613178155843 48.123128613260633 555.06375133252732 83.587780629364715 35.089613963376905 54.753684819108457 52.791462603943728 510.55628092051302 1003.8061086970647 331.62391210338319 14.014753844479854 670.25104119544085 152.47667352218741 4.7231750491537232 210.94225052865659 28.566676875470876 60.343812740862631 6316.4993007636949 753.05637693702556 1072.0982323127955 15.472744397826316 144.4701621184613
leaf_count=60504 719742 717092 59047 75201 644172 301537 45984 84561 402642 1655 23500 1068 7442 199 10609 72042 347696 159878 779 388138 51161 5704 116487 3762 3707 2272379 252339 243083 1512 76151
internal_value=-7.68414e-05 -2.18746e-05 -0.0276671 -0.044142 0.000118076 0.0040908 0.00470925 -0.0021028 -0.0066693 -0.0165942 0.0110285 -0.000805819 -0.0271567 0.0828248 0.0218991 0.00714227 -0.00246073 -0.0307839 -0.0296449 -0.0179744 0.00421285 -0.0137953 -0.0503304 0.0210478 0.0921396 0.00931626 -0.00457055 0.00931147 0.0711806 -0.00752169
internal_weight=68973.8 68925.5 342.217 271.524 68583.3 14009.8 13867.9 5596.1 4704.63 2736.91 757.001 654.124 1979.9 102.877 891.472 1967.72 1457.17 453.359 1944.81 1285.79 615.538 463.061 224.957 238.104 65.067 8271.81 1955.31 1202.26 99.0605 173.037
internal_count=7149773 7089269 853990 794943 6235279 5518187 4874015 1804677 1709507 1083907 27934 26080 1055973 1854 95170 625600 553558 205862 1048531 645889 257751 206590 117266 89324 9411 3069338 796959 544620 2580 79913
is_linear=0
shrinkage=0.055


Tree=186
num_leaves=31
num_cat=0
split_feature=50 18 45 6 56 48 35 14 51 25 50 15 13 15 47 33 13 14 35 53 50 19 14 29 28 47 7 32 14 14
split_gain=91.0265 84.5031 82.5358 161.273 188.584 172.727 143.899 103.117 102.846 84.6183 215.25 240.054 237.922 175.654 159.258 297.982 197.065 236.803 207.311 218.96 248.52 157.996 151.714 228.884 194.801 163.603 144.622 152.063 172.802 142.787
threshold=-121.81373214721678 1.0000000180025095e-35 0.76849251985549938 -0.032570162788033478 -100.87377929687499 295.50000000000006 2.2769384384155278 5.6507318019866952 42.500000000000007 -7.1768500804901114 -17.060758590698239 6.7644619941711435 3.113268375396729 5.1901712417602548 -4.3433227539062491 7.2484977245330819 3.8815107345581059 5.9309172630310067 1.2424533367156985 -0.037638455629348748 -8.562098026275633 3.5000000000000004 6.4544119834899911 0.63333335518836986 1718.0000000000002 -11.389358520507811 0.8847118914127351 2.5249279737472539 7.5052170753479013 6.8128948211669931
decision_type=2 2 2 2 2 2 2 2 2 2 2 2 2 2 2 2 2 2 2 2 2 2 2 2 2 2 2 2 2 2
left_child=-1 -2 3 -3 -5 6 7 -6 -8 13 11 12 -11 26 15 16 17 -12 19 20 -19 -21 25 24 -24 -20 -4 -28 -29 -18
right_child=1 2 9 4 5 -7 8 -9 -10 10 14 -13 -14 -15 -16 -17 29 18 22 21 -22 -23 23 -25 -26 -27 27 28 -30 -31
leaf_value=-0.052925128361714938 -0.07007668933336253 -0.051779437423278257 -0.064971974209987293 -0.056420933347642276 0.064077240977128899 -0.052127273967488022 0.049838749654560928 -0.063644662903835789 0.17176061038443383 -0.058193580802662223 -0.031374068689552295 -0.034089374801049191 0.084729116892516179 0.00054584226823590825 0.0096727803871532996 -0.034192482446214326 -0.010351288673284491 0.080250355314549035 -0.054691207306738959 0.012260620196686237 0.013177721705360109 -0.094258854287111157 -0.00026965014130076099 0.026277235607625963 -0.03835998452676271 0.034743000604857119 -0.015940590937333018 0.080224764055693384 -0.0035032872131207982 -0.075121765289508632
leaf_weight=91.436485373284086 46.212657922253129 258.15199303904865 152.9180206362953 91.494337350504793 34.027985118810648 46.939020289635664 52.76453264040174 32.492362642082298 37.826969939906121 36.792151583751547 473.22404584418473 88.309572942425802 272.21363707207456 53444.957097873383 6237.8865661919699 792.36917148131397 308.07076901217079 357.52238686192322 65.186344738158368 714.18066276051104 314.32637524805614 39.761101667536423 994.24803539710774 503.80454945416568 681.73036749428502 546.04714427227373 2189.8597913555341 105.24842828603141 229.1652615007406 151.1465042226464
leaf_count=342068 57708 562336 21834 453536 2495 77432 425 13989 9323 23936 58067 74835 52074 4411360 31346 88054 28489 55315 22684 2924 12163 281 60989 934 85394 23813 502403 8429 45991 18670
internal_value=0.000472897 0.000547167 0.00059935 -0.0204549 0.00731263 0.0365561 0.0638418 0.00160258 0.107069 0.000770518 0.00484713 0.0444307 0.0670562 -0.00014339 0.00353815 -0.0029051 0.00193792 0.00531609 0.00946586 0.0264882 0.0491994 0.00605906 0.0007382 -0.00606121 -0.0158315 0.0248387 -0.0138779 -0.0106604 0.0236417 -0.0322493
internal_weight=69390.3 69298.9 69252.7 553.697 295.545 204.051 157.112 66.5203 90.5915 68699 12576.8 397.315 309.006 56122.1 12179.5 5941.62 5149.25 4690.03 4216.81 1425.79 671.849 753.942 2791.02 2179.78 1675.98 611.233 2677.19 2524.27 334.414 459.217
internal_count=7149297 6807229 6749521 1119536 557200 103664 26232 16484 9748 5629985 639968 150845 76010 4990017 489123 457777 369723 322564 264497 70683 67478 3205 193814 147317 146383 46497 578657 556823 54420 47159
is_linear=0
shrinkage=0.055


Tree=187
num_leaves=31
num_cat=0
split_feature=16 46 9 52 10 22 48 0 51 25 45 7 48 50 9 14 45 53 40 52 52 35 54 35 50 33 0 15 32 14
split_gain=95.144 181.386 344.622 172.399 145.689 127.356 140.424 157.74 157.028 142.44 132.283 126.015 157.752 133.315 236.388 143.086 184.248 155.599 125.599 179.039 328.026 243.751 223.537 207.214 337.816 232.839 211.156 205.837 201.558 226.615
threshold=4140.5000000000009 3.8917894363403325 4.9480743408203134 0.79521527886390697 7.3814969062805185 3.9019216299057011 352.50000000000006 0.38750000298023229 1002.5000000000001 -7.0765945911407462 0.85269689559936535 2.3271219730377202 34.500000000000007 -4.3811669349670401 4.9286484718322763 6.7962646484375009 0.85408228635787975 -0.061522483825683587 2.8029010295867924 0.84134745597839367 0.84352630376815807 1.4978661537170412 27.500000000000004 0.54930613934993755 -5.45890188217163 5.9750609397888192 0.73214286565780651 8.5999703407287615 1.4978661537170412 7.7875895500183114
decision_type=2 2 2 2 2 2 2 2 2 2 2 2 2 2 2 2 2 2 2 2 2 2 2 2 2 2 2 2 2 2
left_child=1 2 -1 -4 11 6 7 9 -8 10 -5 12 -3 15 -15 16 -13 -17 19 21 -21 -2 27 24 -24 -26 28 -22 -27 -30
right_child=18 4 3 5 -6 -7 8 -9 -10 -11 -12 13 -14 14 -16 17 -18 -19 -20 20 22 -23 23 -25 25 26 -28 -29 29 -31
leaf_value=-0.043997431005264556 0.0073178193833731428 -4.1803315139962289e-05 -0.053143388845545265 0.18348017510578665 -0.034556384010065284 -0.022864399981181557 -0.022926826431447868 0.026530411840259803 0.061448925598732038 -0.057343421750936485 0.064030818922311661 -0.04003543431865017 -0.068835627224661772 0.036804591246119726 -0.044106896995459922 0.1680077622785984 0.037611475880100685 0.046264590370207803 0.00088887492954539942 -0.057240788168703628 -0.0014725331386692723 -0.0094621805005317226 -0.040342358216468241 -0.033154275003584262 -0.0158383142094701 0.072583510773593193 -0.06946845573655186 -0.073481123035238544 -0.0376041516749882 0.077003479486235399
leaf_weight=146.78845490238746 6893.1987955326777 851.97198650989594 43.670468209528735 86.977675869375162 297.47680145205049 54.722487112770978 85.79443184343836 68.824726965896843 263.79578924727502 9.0080169850298244 51.394336418765306 119.66349411114061 109.36923434042819 207.21974333416438 220.14216877880244 37.690849682325279 356.6533122709443 152.02591773962558 41948.007052305002 401.71667967066969 8699.6081657714749 4216.1919805896223 545.52901591648333 1629.1416613267884 476.42101997811551 325.68917724420317 48.480807354673743 116.76863430847879 138.6356283492787 76.991284933043062
leaf_count=100622 1501921 2352 101516 4390 6758 9177 13599 1767 33778 1208 377 8162 8793 316 770 1635 2411 932 4087752 18195 28403 1130648 34276 44956 2180 735 232 592 668 130
internal_value=-0.000466122 0.00884273 0.0311867 0.0480074 0.00108935 0.055494 0.0632065 0.0978387 0.0407106 0.129176 0.142894 0.00632136 -0.00818396 0.019054 -0.00490252 0.0343477 0.0178912 0.0741443 -0.000916203 -0.00412847 -0.00865373 0.000948148 -0.00701188 -0.0193518 -0.00534089 0.0126723 0.0356419 -0.00246736 0.0456053 0.00413512
internal_weight=68679.6 3163.19 810.976 664.188 2352.21 620.517 565.795 216.205 349.59 147.38 138.372 2054.74 961.341 1093.4 427.362 666.034 476.317 189.717 65516.4 23568.4 12459 11109.4 12057.3 3240.89 1611.75 1066.22 589.797 8816.38 541.316 215.627
internal_count=7149251 298563 266434 165812 32129 64296 55119 7742 47377 5975 4767 25371 11145 14226 1086 13140 10573 2567 6850688 2762936 130367 2632569 112172 83177 38221 3945 1765 28995 1533 798
is_linear=0
shrinkage=0.055


Tree=188
num_leaves=31
num_cat=0
split_feature=40 3 39 15 56 52 54 35 47 55 50 48 27 45 46 47 28 7 13 29 15 56 54 49 13 14 13 45 1 54
split_gain=158.938 202.835 232.815 223.458 218.265 212.949 210.943 179.696 243.879 231.716 173.526 172.116 171.395 195.237 160.449 232.881 177.775 160.035 159.668 155.169 154.335 154.127 163.159 150.796 143.742 153.873 149.211 145.422 154.243 229.164
threshold=2.8029010295867924 0.83771929144859325 1.0000000180025095e-35 5.8449916839599618 -0.041259765624999993 0.83278146386146557 47.500000000000007 1.2424533367156985 -11.559938430786131 0.85375976562500011 -6.7188162803649893 252.50000000000003 508.93338012695318 0.79228198528289806 1.8512281179428103 -7.1798448562622061 28.500000000000004 1.5300910472869875 3.9981586933135991 0.46428571641445165 8.39807176589966 -100.90112304687499 7.5000000000000009 -0.56860411167144764 3.6762205362319951 6.3860368728637704 3.8176519870758061 0.86476364731788646 0.15476191043853763 40.500000000000007
decision_type=2 2 2 2 2 2 2 2 2 2 2 2 2 2 2 2 2 2 2 2 2 2 2 2 2 2 2 2 2 2
left_child=1 2 7 6 -4 10 -3 8 12 -9 -5 14 13 19 15 23 -16 -6 -2 -1 -7 -22 -23 -10 27 -26 -27 28 29 -15
right_child=18 3 4 5 17 20 -8 9 11 -11 -12 -13 -14 24 16 -17 -18 -19 -20 -21 21 22 -24 -25 25 26 -28 -29 -30 -31
leaf_value=-0.054258479843091498 0.0020856667933211903 -0.0071958124021392492 -0.057783481454512606 0.026934197773759567 0.039212764488488337 0.00073465385080145364 -0.051284891462594746 -0.025324168446075806 0.09811662657245214 0.0022324326949706061 0.0022114055063966924 -0.055891771008604138 -0.041938806293673331 0.061154322632815512 -0.071400252178944759 0.065937679359106077 -0.0055389002145268271 -0.031338760104696557 -0.062441156221180578 0.10857976240616179 0.009793424670544117 -0.0037133994272772969 -0.084684443546468577 -0.064445113795452355 -0.023179576101773902 -0.060764524247209947 0.067964868283553845 -0.031034455724466507 0.079830742403680779 -0.018947212495858682
leaf_weight=135.05563252764114 42282.139555341128 1552.7225777281928 541.0838885111898 1782.633618427395 152.92354543600231 8963.8336398285319 412.04572388984343 2645.4027780919514 16.722762926188807 1415.161093815077 1654.7431337734306 202.94159533302718 126.56138776929583 266.49236148960335 122.73277569034053 208.34344602088004 4284.2915894264734 248.30658051229511 111.32480721406318 15.548188133398069 179.81260825136269 122.73674054862931 191.6658084407245 84.301266335399305 245.69651242333202 29.497873321107363 138.50787809912981 68.221718439683173 320.7611989407842 176.30347238380818
leaf_count=488849 4084425 11437 218534 329644 239 103608 163808 829849 5404 52244 8569 193695 187776 3167 2067 10611 68068 20307 23554 3875 2221 232 3649 27513 77795 12382 19147 5941 55740 136189
internal_value=-0.00017494 -0.00353296 -0.00903453 0.000705788 -0.0351524 0.00334012 -0.0165488 -0.00667556 -0.000960906 -0.0157294 0.0150532 -0.00691599 0.0182383 0.0238238 -0.00475165 0.0332213 -0.00745193 -0.00429731 0.00190888 -0.0344984 -0.000922529 -0.030686 -0.0536279 -0.0341778 0.0309859 0.00440936 0.0442601 0.044099 0.0509702 0.0294057
internal_weight=68698.5 26305.1 11444.9 14860.2 942.314 12895.4 1964.77 10502.5 6441.98 4060.56 3437.38 4919.33 1522.65 1396.08 4716.39 309.367 4407.02 401.23 42393.5 150.604 9458.05 494.215 314.403 101.024 1245.48 413.702 168.006 831.779 763.557 442.796
internal_count=7150539 3042560 2419392 623168 239080 447923 175245 2180312 1298219 882093 338213 307358 990861 803085 113663 43528 70135 20546 4107979 492724 109710 6102 3881 32917 310361 109324 31529 201037 195096 139356
is_linear=0
shrinkage=0.055


Tree=189
num_leaves=31
num_cat=0
split_feature=47 10 10 15 54 54 54 51 8 23 45 40 8 53 25 19 53 13 14 14 54 9 47 40 14 7 55 52 51 53
split_gain=82.453 162.421 160.563 81.1916 271.095 222.691 348.294 200.575 199.114 174.864 174.675 167.109 152.249 144.907 142.002 135.242 155.28 127.292 126.955 123.112 277.815 170.358 143.565 119.469 130.271 109.901 113.431 106.031 101.059 99.4585
threshold=-121.68048858642577 8.5174932479858416 8.6995978355407733 8.5478196144104022 53.500000000000007 100.50000000000001 658.50000000000011 110.50000000000001 3.7012257575988774 7.5000000000000009 0.86162301898002636 2.5249279737472539 5.0005793571472177 -0.043940216302871697 -8.3115801811218244 4.5000000000000009 -0.042475372552871697 3.9219243526458745 6.4899642467498788 7.3155510425567636 21.500000000000004 4.9412779808044442 -7.1798448562622061 2.7403194904327397 6.5065307617187509 2.0684719085693364 0.88891601562500011 0.79251751303672802 33.500000000000007 -0.02392366528511047
decision_type=2 2 2 2 2 2 2 2 2 2 2 2 2 2 2 2 2 2 2 2 2 2 2 2 2 2 2 2 2 2
left_child=1 -1 -3 -2 13 7 9 10 27 11 23 14 -10 -5 -7 16 -15 29 -9 20 22 -21 -18 -6 -25 -24 -27 -8 -26 -13
right_child=3 2 -4 4 5 6 8 18 12 -11 -12 17 -14 15 -16 -17 19 -19 -20 21 -22 -23 25 24 28 26 -28 -29 -30 -31
leaf_value=-0.052008836093768863 -0.00041115867222589329 0.13530464961470656 -0.048588607976714701 -0.092261991291827494 -0.037733050861983697 -0.065093778867176738 0.020428197125158511 -0.043452059483352158 -0.066328627451380878 0.074017349322066869 -0.086023695776204306 -0.069337338795612255 0.035373433150672047 0.086201778346199701 0.062065157543249747 0.046485382299339038 -0.065679215927546566 0.014030553684920089 0.12065080896600014 -0.065363114392738397 -0.10108396125257668 0.024502108553909135 0.020441225294942536 0.088722802725947708 0.038567328652048039 -0.091535720626782127 0.027734790088995331 0.09894916046028901 -0.063597871424658836 0.048274532188264864
leaf_weight=208.59105626078144 65663.522875747614 26.958053036767524 22.466817943445676 56.752608347538626 47.357788992783753 32.518745718858554 77.059103343867719 13.360526840951932 61.17888018441954 49.954432071703195 30.792623254776117 302.9497835740076 131.11490407430028 41.476173389179166 88.535985856589832 128.20099228141771 112.54775644856272 83.094883056943218 135.99275766016945 74.159560292318929 132.02572077637888 324.9789670483151 291.1155909821382 157.82059782894794 166.16154164256295 57.730771630071104 36.138909412547946 177.67189853556738 30.64894474693574 19.966625516099157
leaf_count=306748 6603520 1526 32338 1618 402 5933 50088 1684 43617 784 561 34349 39246 171 1993 250 887 5061 2712 556 1702 951 340 194 244 236 41 10658 457 117
internal_value=-0.000133634 -0.0308693 0.0549289 -1.5661e-05 0.00904542 0.0239792 0.00845091 0.0509907 0.0446366 -0.0197252 0.031352 -0.029222 0.00215565 -0.0100846 0.0266796 -0.00582563 -0.0122792 -0.0460113 0.105039 -0.0166477 -0.0317066 0.00720314 -0.012474 0.0412894 0.05222 0.0037228 -0.0465373 0.0760462 0.0214758 -0.0614399
internal_weight=68782.8 258.016 49.4249 68524.8 2861.31 1606.18 1024.05 582.135 447.025 577.02 432.781 527.066 192.294 1255.13 121.055 1198.37 1070.17 406.011 149.353 1028.7 629.559 399.139 497.533 401.989 354.631 384.985 93.8697 254.731 196.81 322.916
internal_count=7148984 340612 33864 6808372 204852 198100 191846 6254 143609 48237 1858 47453 82863 6752 7926 5134 4884 39527 4396 4713 3206 1507 1504 1297 895 617 277 60746 701 34466
is_linear=0
shrinkage=0.055


Tree=190
num_leaves=31
num_cat=0
split_feature=42 49 45 48 2 31 22 6 19 8 52 33 54 35 15 6 26 47 52 31 45 9 49 46 9 10 46 16 50 14
split_gain=107.615 149.43 285.6 268.115 236.763 183.455 171.97 165.708 163.918 286.643 237.524 298.447 266.018 227.295 346.916 232.705 212.84 214.554 323.304 295.247 210.213 268.883 202.501 201.392 190.172 208.828 189.366 185.957 184.596 184.346
threshold=1.0000000180025095e-35 8.9140625000000018 0.82758721709251415 67.500000000000014 0.26136364042758947 3.7726949453353886 5.2548844814300546 -4.6701767444610587 1.5000000000000002 3.113268375396729 0.85465547442436229 7.9736719131469735 868.50000000000011 1.2424533367156985 6.834646701812745 -0.027477012947201725 46.500000000000007 -4.3433227539062491 0.79874175786972057 3.5694335699081425 0.8189007341861726 4.3358974456787118 2.8055682182312016 4.3472628593444833 4.1879529953002939 7.7465021610260019 5.3277359008789071 86454.500000000015 -4.3811669349670401 7.0557439327239999
decision_type=2 2 2 2 2 2 2 2 2 2 2 2 2 2 2 2 2 2 2 2 2 2 2 2 2 2 2 2 2 2
left_child=1 3 4 8 -3 7 -5 -4 9 -1 11 16 13 26 15 -15 -10 20 -19 27 21 24 -11 -12 -18 -26 -13 -20 -24 -14
right_child=-2 2 5 6 -6 -7 -8 -9 10 22 23 12 29 14 -16 -17 17 18 19 -21 -22 -23 28 -25 25 -27 -28 -29 -30 -31
leaf_value=-0.024065785119403865 0.0037470623209384444 0.016535639624127657 -0.0289198718095822 0.0020916704845697896 -0.03845088466258418 -0.10711817827203859 -0.043916779132570964 -2.588954905524682e-05 0.034156811530787146 -0.049211718416058994 0.032414081459509247 -0.065646723104988716 -0.0024492954350633219 0.045624429261700954 -0.061920604561111092 -0.07980155455071665 0.023868592169483213 -0.07427937439926284 -0.060232906901321472 0.074185001556039437 -0.042382571142092484 -0.023482447739773211 0.065397524241092478 -0.0062420361760147161 -0.040587322475523227 0.27760010215979974 0.057904132417575763 -0.0044719994533587515 0.014097277006921186 0.11351832735279943
leaf_weight=642.32462798593406 17437.272396769462 4571.5571238208322 612.57825929479804 12440.807524976768 245.15390149995073 44.231335223317728 245.70908603434873 21607.296350113778 190.16845783489316 105.16286303111701 499.58874882894452 40.453177520466852 65.523149897520852 228.94183427395183 310.50880719001725 50.558902284312353 115.5375847827836 218.52519812934588 195.83041573779337 129.41453011342674 2380.3865753625505 1286.1968181629882 298.75705091874988 2118.165250526974 7.3495296369947054 15.336925113613686 226.70748949615518 1835.9562736157313 717.1624875176276 106.96802958107946
leaf_count=14837 615032 34046 25755 5983875 2440 417 209114 67729 1944 9490 1852 1300 6869 1640 5501 1163 10109 5528 1740 177 44271 80916 719 7280 998 346 1178 8490 1549 1906
internal_value=1.2663e-05 -0.0012507 0.00156408 -0.00436523 0.0137 -0.00106396 0.00118364 -0.000828793 -0.0103363 0.00511523 -0.0130562 -0.0180878 0.00934986 -0.00332156 -0.0223471 0.0219324 -0.0225234 -0.0242925 -0.0113058 -0.00478156 -0.0323895 -0.0156001 0.0218671 0.00118307 0.0560057 0.185806 0.0383339 -0.00998109 0.0294298 0.0706384
internal_weight=68990.1 51552.9 27080.8 24472 4816.71 22264.1 12686.5 22219.9 11785.5 1763.41 10022.1 7404.36 1029.66 857.17 590.01 279.501 6374.7 6184.53 2379.73 2161.2 3804.81 1424.42 1121.08 2617.75 138.224 22.6865 267.161 2031.79 1015.92 172.491
internal_count=7148211 6533179 130387 6402792 36486 93901 6192989 93484 209803 26595 183208 174076 19557 10782 8304 2803 154519 152575 15935 10407 136640 92369 11758 9132 11453 1344 2478 10230 2268 8775
is_linear=0
shrinkage=0.055


Tree=191
num_leaves=31
num_cat=0
split_feature=53 26 6 30 7 55 57 32 13 57 29 15 55 50 56 50 10 35 2 10 14 8 9 13 46 48 49 22 40 33
split_gain=83.5429 113.587 134.014 121.892 105.305 101.221 152.712 135.966 149.305 134.701 130.193 125.039 122.035 180.531 127.636 137.768 120.105 116.153 115.852 109.725 114.535 106.177 94.7207 121.355 108.218 92.6757 129.565 89.4831 106.314 87.8904
threshold=-1.0000000180025095e-35 2003.5000000000002 -2.2072641849517818 0.6904762089252473 0.38522027432918554 0.89233398437500011 3.5000000000000004 1.8688348531723025 2.7403194904327397 84.500000000000014 0.23611111193895343 7.6996159553527841 0.89184570312500011 -13.676683425903319 -0.010498046874999998 -1.0000000180025095e-35 6.6739296913146982 0.54930613934993755 0.11437908560037614 6.9092540740966806 7.2762105464935312 1.2424533367156985 4.4997041225433358 3.2769666910171513 6.9457826614379892 26.500000000000004 6.2722833156585702 6.3161699771881112 2.9174053668975835 4.6200466156005868
decision_type=2 2 2 2 2 2 2 2 2 2 2 2 2 2 2 2 2 2 2 2 2 2 2 2 2 2 2 2 2 2
left_child=5 -2 -3 4 -4 6 17 8 -7 19 11 21 14 -14 27 22 -15 -1 -11 20 -9 -10 29 24 -24 -20 -27 -8 -29 -16
right_child=1 2 3 -5 -6 7 12 9 10 18 -12 -13 13 16 15 -17 -18 -19 25 -21 -22 -23 23 -25 -26 26 -28 28 -30 -31
leaf_value=-0.027409253082265186 0.020310957073121364 -0.068913854358377172 -0.057759434008400785 -0.069686155541541242 0.0087130176335341435 -0.073492059373642421 0.00070647609903647622 -0.081876946121365438 -0.094981653532181423 -0.098157028771737487 0.0078597581928677926 -0.094106916659745354 0.11707443829631799 -0.070879251325110831 0.057223759362357081 -0.2055629831077404 0.033830687082271098 0.040380529131251487 0.011731224855592748 -0.083674857574480926 -0.010040969778902521 -0.0044226239431162783 -0.066136738507600323 -0.053317561001036538 0.035383805908148255 0.018605451845872447 -0.073911485038866354 -0.0076024485213404859 -0.081886635520015905 -0.069323665345008514
leaf_weight=87.716781560848176 1504.7729762073286 76.446830392815173 70.316361764445901 61.944857532158494 1701.1990363951772 78.94797618953271 60447.596748429896 84.649447815569147 38.186188546320409 35.108443133312903 1890.3452254307267 60.62106561418841 60.937093330850985 37.973036544864954 68.481197588651412 7.7672442867660711 140.66600210222532 463.28945264252252 445.72612549952464 152.15561887524018 274.56326376415745 427.21375004581751 38.90018937840432 281.84575942546871 110.2388178166002 77.244442178314785 101.83424026260764 188.9991513906416 80.041802278880823 16.886583620056626
leaf_count=1656 1858 397 182 176 2317 14624 6879616 6243 6773 8099 67948 3884 6804 387 1246 59 510 3626 748 10010 16126 19555 6437 9930 161 23626 2773 28944 21553 1974
internal_value=0.000655578 0.00903678 0.000124271 0.00318244 0.0059194 0.000219306 0.000744453 -0.00865403 -0.00138437 -0.0240697 0.00111844 -0.0229535 0.000484907 0.0392583 0.000330032 -0.026566 0.0102488 0.0294394 -0.007543 -0.0451176 -0.0278609 -0.0127836 -0.0219278 -0.0323859 0.00761762 -0.00171246 -0.0345835 0.000564373 -0.0307934 0.0297408
internal_weight=69112.6 3414.68 1909.91 1833.46 1771.52 65697.9 62031.3 3666.6 2495.31 1171.28 2416.37 526.021 61480.3 239.576 61240.8 524.12 178.639 551.006 659.913 511.368 359.213 465.4 516.353 430.985 149.139 624.805 179.079 60716.6 269.041 85.3678
internal_count=7148242 4930 3072 2675 2499 7143312 6962903 180409 112784 67625 98160 30212 6957621 7701 6949920 19807 897 5282 35246 32379 22369 26328 19748 16528 6598 27147 26399 6930113 50497 3220
is_linear=0
shrinkage=0.055


Tree=192
num_leaves=31
num_cat=0
split_feature=40 8 55 10 27 15 50 26 7 16 10 54 8 33 2 32 10 54 16 16 15 50 53 10 30 54 25 52 53 56
split_gain=103.63 183.136 132.446 137.838 91.992 88.4693 132.798 170.566 146.607 112.268 113.384 109.728 102.328 96.0273 92.9952 85.9107 115.485 97.1831 85.2821 160.745 154.7 217.602 207.862 182.335 153.967 136.861 146.334 139.768 135.62 135.071
threshold=3.3497501611709599 1.7005987167358401 0.89526367187500011 9.1078610420227069 87.841522216796889 6.4700248241424569 -8.7809662818908674 3113.5000000000005 2.508723378181458 1178214.5000000002 7.9465785026550302 53.500000000000007 2.8617925643920903 0.89587974548339855 0.240384615957737 2.9174053668975835 6.6739296913146982 21.500000000000004 2169981.0000000005 2179361.5000000005 8.5478196144104022 -9.2042102813720685 -0.02392366528511047 7.6016521453857431 0.22500000149011615 658.50000000000011 -10.400928020477293 0.82032141089439403 -100.87545013427733 -100.89038085937499
decision_type=2 2 2 2 2 2 2 2 2 2 2 2 2 2 2 2 2 2 2 2 2 2 2 2 2 2 2 2 2 2
left_child=18 -2 3 4 5 6 7 -3 -9 12 -11 -10 -7 -8 -15 -14 -17 -18 20 28 -1 22 23 24 -22 26 -23 -28 -20 -30
right_child=1 2 -4 -5 -6 9 13 8 11 10 -12 -13 15 14 -16 16 17 -19 19 -21 21 25 -24 -25 -26 -27 27 -29 29 -31
leaf_value=-0.0020556783466706284 -0.060440458054086578 0.045233296440295702 -0.067538554256457606 -0.055686269639403277 -0.056972505078989578 -0.083987199042506719 0.050816340440356454 -0.036293289406721801 0.082474975509151033 0.045795709000384738 -0.0067306343029688532 0.29833931041071327 0.020599717094985273 -0.082838322368916598 0.031620724343743599 -0.098476230810392709 0.053425051430377991 -0.079370114851725335 0.096510235945667766 0.0017007081106027227 0.074266996989931791 -0.068886336271985177 -0.07861523512029997 -0.056479483164298613 -0.02436400307389144 0.04457108410933542 -0.061004897138553359 0.0075668654163396527 -0.016433601817801072 0.029638967285474657
leaf_weight=43920.684666971298 90.672408304983037 91.225802016839225 48.343471773481724 63.734816990502623 36.638375536541389 36.879474497674892 125.23339750773812 6.7882781846765274 17.664810539165046 510.16040289419652 162.30921706732624 18.765022209914605 317.22717811370239 37.248931106732925 39.643122148219845 44.339519533290513 47.235911001800559 19.563218427781976 66.966335164441261 20250.918565671658 403.54399091861433 94.847410788377601 34.698558747622883 38.427153932933834 51.827728475554977 190.19654957560124 94.615010032137434 918.72731839148037 253.23928484676617 763.01451035792525
leaf_count=4643542 25588 8314 3160 10612 30548 5409 773 2161 119 17592 11608 2366 12731 1260 86 4481 39 2441 37163 2100223 72819 1840 635 26464 10976 10251 1505 3144 45619 54359
internal_value=0.00027809 0.0136138 0.0179239 0.0207532 0.0241506 0.0263524 0.050982 0.0923963 0.176935 0.0188751 0.0331617 0.216253 -0.00190794 0.0218698 -0.0254992 0.00604602 -0.0345936 0.0117149 -6.35742e-05 0.00280772 -0.00140275 0.0142574 0.0438299 0.0531357 0.0628987 0.00209816 -0.00535884 0.000896277 0.0234005 0.0181339
internal_weight=68795.4 1713.67 1623 1574.66 1510.92 1474.28 336.569 134.444 43.2181 1137.71 672.47 36.4298 465.245 202.125 76.8921 428.366 111.139 66.7991 67081.7 21334.1 45747.6 1826.88 528.497 493.799 455.372 1298.39 1108.19 1013.34 1083.22 1016.25
internal_count=7147828 139288 113700 110540 99928 69380 15079 12960 4646 54301 29200 2485 25101 2119 1346 19692 6961 2480 7008540 2237364 4771176 127634 110894 110259 83795 16740 6489 4649 137141 99978
is_linear=0
shrinkage=0.055


Tree=193
num_leaves=31
num_cat=0
split_feature=7 22 23 53 50 8 13 37 15 50 50 13 45 26 8 25 56 15 26 55 33 55 8 33 40 45 54 40 54 27
split_gain=96.8055 133.349 299.617 285.3 186.128 212.832 192.679 214.8 205.192 184.272 166.246 161.594 143.27 172.211 135.927 132.941 132.689 131.769 127.644 124.957 121.077 182.476 120.192 118.364 149.669 153.897 205.039 209.744 218.328 191.373
threshold=2.6572058200836186 2.6020033359527592 2.5000000000000004 -0.018036961555480954 -2.6792641878128047 4.610145330429078 3.1984648704528813 1.0000000180025095e-35 7.8619196414947519 -111.85380935668944 -8.9893836975097638 3.5408543348312382 0.86792555451393139 15844.000000000002 2.7403194904327397 -12.020956039428709 -0.017333984374999997 6.5272264480590829 46.500000000000007 0.89624023437500011 9.2103905677795428 0.88208007812500011 6.9786787033081064 5.9750609397888192 2.6020033359527592 0.79830989241600048 153.50000000000003 2.7403194904327397 79.500000000000014 65.529228210449233
decision_type=2 2 2 2 2 2 2 2 2 2 2 2 2 2 2 2 2 2 2 2 2 2 2 2 2 2 2 2 2 2
left_child=15 20 3 18 6 12 9 8 -8 -4 17 -9 -6 14 -14 -1 -12 -5 -3 -15 23 -22 -13 24 -2 -26 27 -27 -29 -28
right_child=1 2 4 10 5 -7 7 11 -10 -11 16 22 13 19 -16 -17 -18 -19 -20 -21 21 -23 -24 -25 25 26 29 28 -30 -31
leaf_value=0.052539158412976898 0.00479066070677759 -0.0018385323095890282 0.070434545009146352 -0.058638028129542531 -0.069865906950006995 0.015586520461687023 0.033594886257042454 0.01763956885355298 -0.025154537375342918 -0.049766831484410037 0.0088272400188037035 -0.077138358519920791 0.036720894283509872 -0.090654844525893688 -0.041271093114648209 0.0010356742890884972 -0.068130474407387245 0.098648235992981712 -0.05448916834424386 0.0053744484154479742 -0.055677921217652963 0.025481272258531838 0.067523751066178708 0.0043169433514900048 -0.064493987545111736 -0.049183241249580845 -0.0092999104013960568 -0.0052849308357058372 -0.049780144009884959 0.02980797283877484
leaf_weight=147.09823854908609 3031.8841081519276 164.43875609504539 40.79304299775049 16.513165583426598 254.63428203283547 338.20751172268501 1174.8004353016386 137.94696878737068 208.4052451389216 254.99847291223432 249.09093187074177 150.21156967291881 180.57917167898268 121.22111025708728 101.47039398853667 46889.625105674604 87.644914369333492 76.833402329182718 918.84906108062569 59.90943631529808 270.82809081180676 116.88548004477707 15.697779181173244 8365.6527677899558 150.30231825949431 493.10327649261671 852.6511022368677 2741.1299600925304 375.08745994485798 673.18994894143907
leaf_count=3295 477539 41317 28763 503 1826 597 121601 14835 28074 43896 805 33876 239 526 295 3408033 664 524 692780 95 83526 4306 258 1227133 226789 18713 126193 39904 43441 478906
internal_value=-0.000197926 -0.00324345 -0.0116019 -0.031553 -0.00163074 -0.020229 0.00830022 0.015492 0.0246845 -0.0322944 0.00630274 -0.0260757 -0.037095 -0.0185254 0.00843228 0.00120231 -0.0119069 0.0692574 -0.0465422 -0.0596017 -0.00101175 -0.0311976 -0.0618759 -0.000301091 -0.00494575 -0.0105301 -0.00888938 -0.0160285 -0.0107118 0.00799521
internal_weight=68659.7 21623 4552.25 1513.37 3038.88 1056.02 1982.85 1687.06 1383.21 295.792 430.082 303.856 717.814 463.18 282.05 47036.7 336.736 93.3466 1083.29 181.131 17070.7 387.714 165.909 16683 8317.35 5285.46 5135.16 3609.32 3116.22 1525.84
internal_count=7149252 3737924 1011474 736593 274881 3578 271303 198644 149675 72659 2496 48969 2981 1155 534 3411328 1469 1027 734097 621 2726450 87832 34134 2638618 1411485 933946 707157 102058 83345 605099
is_linear=0
shrinkage=0.055


Tree=194
num_leaves=31
num_cat=0
split_feature=45 52 10 51 6 10 52 46 46 31 31 7 14 14 15 7 57 13 10 15 47 9 51 9 8 29 26 26 46 26
split_gain=120.366 119.25 152.617 274.335 228.895 159.74 156.653 217.135 169.233 208.678 227.395 226.231 162.729 161.034 150.659 148.313 145.091 140.81 137.56 333.097 238.007 212.265 249.36 205.899 179.695 177.357 174.023 175.592 163.587 162.192
threshold=0.74920734763145458 0.80926474928855907 5.3082554340362558 25.500000000000004 -5.5466401576995841 9.5781679153442401 0.80819568037986766 9.0574235916137713 11.787520408630373 2.6020033359527592 2.6735538244247441 2.1304405927658085 7.5956387519836435 7.7875895500183114 6.5546452999114999 5.2468729019165048 100.50000000000001 3.6242519617080693 7.7465021610260019 5.9335696697235116 -11.202970027923582 4.7146430015563974 25.500000000000004 4.1879529953002939 2.0126758813858037 0.63333335518836986 8319.5000000000018 2259.5000000000005 5.7863478660583505 190.50000000000003
decision_type=2 2 2 2 2 2 2 2 2 2 2 2 2 2 2 2 2 2 2 2 2 2 2 2 2 2 2 2 2 2
left_child=-1 2 3 14 17 6 8 15 9 12 -11 13 16 -12 -2 -8 -4 -5 -18 28 -21 22 -22 -24 -25 26 27 -23 29 -20
right_child=1 -3 5 4 -6 -7 7 -9 -10 10 11 -13 -14 -15 -16 -17 18 -19 19 20 21 25 23 24 -26 -27 -28 -29 -30 -31
leaf_value=-0.058364291306128316 -0.048039432214092827 -0.00066396360980503421 0.033277059806896936 -0.055338583939303729 -0.053700461165212161 -0.022256740488899529 0.076411441274119959 -0.089581006372276326 0.038624551210754483 0.099432725052927981 -0.060562450024509211 -0.029831947476945574 -0.062207283656711063 0.059641389649395908 0.022195290842976157 -0.027463386135538392 -0.0047952481764423887 0.034877856412286676 -0.053146027642884452 -0.032704522965901241 -0.02925967195620701 -0.017030008843431619 -0.043080538172607208 0.32826579334481154 0.11054391623943301 0.075482279998100477 -0.052717558969209162 0.054030140241205511 -0.062187361471701397 0.0928166745648384
leaf_weight=101.27487553024548 101.49331549118142 59793.140246751493 482.98872601418134 67.483040745139988 513.13185283121402 442.08266294962232 268.37169637182888 27.49679549098073 555.37982070616272 132.20557427553649 33.977924303611871 179.10401971303509 107.20354849064097 291.28659795774001 702.50101024578908 46.410395989894823 3132.3915541321221 184.06196426720817 22.160380977235036 386.29201539875339 41.124269629486662 238.80240118545589 15.474149691611272 12.695925029038333 65.189845759669879 92.014144286764349 160.05857470954106 180.60026375970938 23.255644102663609 245.42080980534047
leaf_count=339335 1461 2027768 118518 138230 636749 283209 24897 413 2771 34156 23518 153013 116158 58913 4148 22369 2195117 103568 16922 561993 540 42164 16485 1345 11245 844 44032 27764 1723 139787
internal_value=0.000123148 0.000213816 0.00620862 -0.00931175 -0.0327942 0.00960266 0.0117073 0.0477015 0.00974586 0.00696989 0.0365677 0.0192752 0.00331892 0.0463578 0.013087 0.0609065 0.00475631 0.0100683 0.00173896 0.0155094 0.00253648 0.0195248 0.0812738 0.128975 0.163695 0.00664831 -0.00483425 0.0138455 0.0677489 0.0799753
internal_weight=68645.1 68543.8 8750.66 1568.67 764.677 7181.99 6739.91 342.279 6397.63 5842.25 636.574 504.369 5205.67 325.265 803.994 314.782 5098.47 251.545 4615.48 1483.09 1192.25 805.96 134.484 93.3599 77.8858 671.475 579.461 419.403 290.837 267.581
internal_count=7149155 6809820 4782052 884156 878547 3897896 3614687 47679 3567008 3564237 269600 235444 3294637 82431 5609 47266 3178479 241798 3059961 864844 706412 144419 29615 29075 12590 114804 113960 69928 158432 156709
is_linear=0
shrinkage=0.055


Tree=195
num_leaves=31
num_cat=0
split_feature=49 45 50 48 0 56 50 28 54 33 40 54 45 16 47 30 31 6 7 25 15 19 47 49 13 13 9 15 40 14
split_gain=89.2066 200.787 137.943 123.93 214.586 211.543 184.582 225.434 250.008 191.571 250.122 184.338 172.001 172.244 165.631 195.754 248.025 386.245 290.357 252.481 237.459 248.616 208.454 192.364 192.247 190.612 190.177 181.5 232.369 192.764
threshold=13.28848457336426 0.81212550401687633 -17.251857757568356 152.50000000000003 0.21111111342906955 -100.90161132812499 -18.866843223571774 5537.5000000000009 139.50000000000003 8.2959218025207537 2.8029010295867924 499.50000000000006 0.85707646608352672 1287636.0000000002 -5.4076528549194327 0.46428571641445165 1.0000000180025095e-35 -2.0889656543731685 2.508723378181458 -10.879147052764891 6.9674382209777841 4.5000000000000009 -7.1798448562622061 2.4229611158370976 3.2384861707687382 3.4175922870635991 4.9193377494812021 7.1143627166748056 2.4414010047912602 6.8961884975433358
decision_type=2 2 2 2 2 2 2 2 2 2 2 2 2 2 2 2 2 2 2 2 2 2 2 2 2 2 2 2 2 2
left_child=3 2 -2 14 5 -5 7 -7 9 12 -11 -6 13 -9 15 16 18 26 19 -1 21 23 -17 24 -21 -24 -18 28 -22 -29
right_child=1 -3 -4 4 11 6 -8 8 -10 10 -12 -13 -14 -15 -16 22 17 -19 -20 20 27 -23 25 -25 -26 -27 -28 29 -30 -31
leaf_value=0.1312590139902004 0.141791360057061 0.0018370499658497744 0.024984549899698991 -0.020121982430014309 0.0055078465350711925 -0.045227452147891332 0.0061259890708549166 0.057826687264545339 -0.053577100651784053 0.16140855426149944 -0.048666581583774883 0.028476465224170397 -0.061339304237842195 -0.02156050824766103 0.00032293411624040211 0.011851638478078911 -0.031230773273787673 -0.023364695338666114 -0.01987247908556463 0.057569175916807595 -0.057688811001955977 0.0731478761436192 0.0087512920999474313 -0.028224173655602175 -0.032869856864546181 -0.04414886555515448 0.024175106168547816 0.012945039416453117 0.073269070343511836 -0.08014819202807355
leaf_weight=43.487272699108871 27.172904160390317 18886.718100771272 780.09426533368969 1664.001447695985 4183.9243230224829 509.62778582266401 5371.2060452890282 198.10326499897928 168.09210888687267 53.042431727422809 21.599339011405391 1410.8797418618533 81.236280093507958 135.90160012814886 19106.639785210551 2635.7473701034469 234.45111887334406 5674.2607980337007 1861.249397729207 174.13338291301079 44.276435215597303 91.991448313730871 379.66926227461954 1118.7954922773924 113.68896630367999 441.95937572614639 862.28679717349769 1950.6450832388055 271.96780613515148 64.740796872266401
leaf_count=163 398 52097 2634 1830686 647372 984823 1408376 16503 500776 1253 3411 988445 3064 25002 89164 40060 11919 281329 79815 13068 2846 1887 2368 31853 24057 4166 23027 65206 5529 4136
internal_value=-0.000135557 0.00298909 0.0297649 -0.00139499 0.00302003 -0.00264466 0.00181496 -0.0179582 0.00334474 0.0232201 0.10138 0.0113203 0.00813153 0.0256836 -0.00313218 -0.00726643 -0.0104679 -0.0175923 -0.00204845 0.00653023 0.00494482 -0.0121123 0.0043123 -0.0179276 0.0218947 -0.019799 0.0122429 0.0159104 0.0543215 0.00976363
internal_weight=68561.6 19694 807.267 48867.6 13797.6 8202.81 6538.81 1167.6 657.975 489.883 74.6418 5594.8 415.241 334.005 35070 15963.4 12506 6771 5734.98 3873.73 3830.24 1498.61 3457.38 1406.62 287.822 821.629 1096.74 2331.63 316.244 2015.39
internal_count=7145433 55129 3032 7090304 6409711 4773894 2943208 1534832 550009 49233 4664 1635817 44569 41505 680593 591429 544835 316275 228560 148745 148582 70865 46594 68978 37125 6534 34946 77717 8375 69342
is_linear=0
shrinkage=0.055


Tree=196
num_leaves=31
num_cat=0
split_feature=10 10 31 48 51 7 15 15 55 29 8 14 50 44 45 45 45 29 14 7 54 35 52 54 33 15 7 8 56 7
split_gain=101.612 147.613 179.02 187.58 211.913 198.163 194.868 210.865 197.651 178.225 173.475 170.828 164.821 184.145 162.645 160.572 159.063 154.314 236.514 240.386 192.648 176.38 159.644 148.311 145.643 275.822 145.232 257.659 185.335 208.192
threshold=6.2176032066345224 5.3082554340362558 1.7005987167358401 59.500000000000007 25.500000000000004 0.072432182729244246 6.7884085178375253 6.5272264480590829 0.89184570312500011 0.18333333730697635 2.8617925643920903 7.2192759513854989 -106.39728927612303 1.0000000180025095e-35 0.86476364731788646 0.84979656338691723 0.85554584860801708 0.38750000298023229 7.0557439327239999 2.9320592880249028 239.50000000000003 2.2769384384155278 0.82301250100135814 53.500000000000007 6.4861316680908212 6.7644619941711435 3.7096443176269536 3.9981586933135991 -100.91333007812499 0.38522027432918554
decision_type=2 2 2 2 2 2 2 2 2 2 2 2 2 2 2 2 2 2 2 2 2 2 2 2 2 2 2 2 2 2
left_child=1 -1 3 4 14 -5 7 10 23 -4 -6 12 -7 24 -3 -15 -17 22 -19 20 -20 -21 -11 -8 -14 -26 28 -28 29 -16
right_child=-2 2 9 5 6 11 8 -9 -10 17 -12 -13 13 15 26 16 -18 18 19 21 -22 -23 -24 -25 25 -27 27 -29 -30 -31
leaf_value=-0.0012868063257199505 -0.001210426093727626 0.018592001989352118 -0.024996368000247529 -0.063269449983254081 0.015998699994046323 -0.022160192758176604 -0.079296119533172671 0.0538050843323402 0.0438146663294776 -0.048383326057314234 -0.062139042398060541 -0.034572244748364865 2.934707665840203e-05 0.056340870735949226 0.036201598166964374 -0.05043313574942327 0.030805892126748925 -0.053394133879482018 0.0039008179635682369 -0.075686447088500516 0.057640928522613023 -0.0070453154700750552 0.029605008245479764 -0.021661898128042683 0.14160056473831792 -0.057686148947941718 -0.1150678331494325 -0.00010571824257491047 0.0079467918831943769 -0.14599092992613907
leaf_weight=12248.775281265445 42257.390056844146 3139.0956684537832 820.07327818611157 74.741443604203596 201.29986691687554 184.43323018329556 241.96603284720914 196.39815491846093 78.484339027025271 82.962068417440605 143.00732759851326 135.88147317975108 693.63780234690694 948.67412568194959 27.829712884966284 75.110784789927493 863.17356458915128 252.49490081989643 2042.6262860288116 180.29260968799099 219.02692811113593 294.21468644734705 856.60111230071379 309.92385873117018 55.854530949178297 28.658245683622226 84.79757874814095 171.83517461066367 1743.5801549544558 45.202474803547375
leaf_count=1312214 4488049 8658 247196 29216 4069 258954 1931 1963 253 52523 3196 52501 169306 306740 21 6113 33436 14563 8465 41352 13095 42844 19618 11898 5818 9842 825 560 2483 262
internal_value=0.00046275 0.00313654 0.00695337 0.0113317 0.00595621 0.0225168 -0.0151416 0.00905203 -0.0358017 -0.00175718 -0.0168806 0.0247667 0.0276519 0.0311341 0.0107063 0.0404002 0.0240698 0.00311995 -0.0029998 0.00173953 0.00922088 -0.0336433 0.0224991 -0.0474157 0.00854998 0.0745751 -0.00124938 -0.039565 0.00425721 -0.0786934
internal_weight=68698 26440.7 14191.9 9443.59 6383.42 3060.17 1171.08 540.705 630.374 4748.29 344.307 2985.42 2849.54 2665.11 5212.34 1886.96 938.284 3928.22 2988.66 2736.16 2261.65 474.507 939.563 551.89 778.151 84.5128 2073.25 256.633 1816.61 73.0322
internal_count=7147964 2659915 1347701 908045 36119 871926 23310 9228 14082 439656 7265 842710 790209 531255 12809 346289 39549 192460 120319 105756 21560 84196 72141 13829 184966 15660 4151 1385 2766 283
is_linear=0
shrinkage=0.055


Tree=197
num_leaves=31
num_cat=0
split_feature=26 23 27 13 33 39 35 8 8 13 39 33 51 48 53 2 7 28 15 50 38 15 6 15 33 50 6 1 51 37
split_gain=86.1257 141.786 192.119 124.907 286.89 262.783 201.602 192.547 210.592 203.61 197.622 219.05 210.174 458.268 273.086 241.317 237.287 204.014 307.605 210.589 202.914 178.143 174.32 186.364 200.601 238.606 175.415 171.371 265.966 198.369
threshold=2650.5000000000005 6.5000000000000009 1193.2954101562502 3.7726949453353886 5.5234570503234872 1.0000000180025095e-35 1.2424533367156985 4.5798392295837411 4.6298508644104013 2.6020033359527592 1.0000000180025095e-35 9.3545179367065447 50.500000000000007 193.50000000000003 -0.042475372552871697 0.31666667759418493 1.0248358249664309 24145.000000000004 6.9260861873626718 -9.2042102813720685 1.0000000180025095e-35 7.8619196414947519 -5.5466401576995841 7.1948122978210458 6.2156071662902841 -8.0631599426269513 -6.409968137741088 0.21111111342906955 220.50000000000003 1.0000000180025095e-35
decision_type=2 2 2 2 2 2 2 2 2 2 2 2 2 2 2 2 2 2 2 2 2 2 2 2 2 2 2 2 2 2
left_child=1 2 -1 7 5 6 -5 10 21 -10 27 12 16 14 -14 17 -12 19 -19 -16 -15 -9 26 24 25 -24 -6 -2 29 -29
right_child=3 -3 -4 4 22 -7 -8 8 9 -11 11 -13 13 20 15 -17 -18 18 -20 -21 -22 -23 23 -25 -26 -27 -28 28 -30 -31
leaf_value=0.0022851819830521222 -0.0031843922440023373 0.023149336486849727 -0.042536691221629182 0.0068250333165709659 0.013482430306914569 -0.058145386576844815 -0.014366724043158996 0.058025349006635689 0.05447665895966624 9.3940032389933548e-05 -0.081114543638582379 0.089242458055570323 0.094787260052812558 -0.039432084478693584 0.061887425592022281 -0.040608800255257434 -0.002030343752904477 0.14042955100755955 -0.055554631139909182 -0.041831868946885405 0.15922768689452407 -0.057822979229569527 0.086383880250119283 0.0015593495151134675 0.011027613776694131 0.017494774006441827 0.09856338692183976 -0.0068903893613817442 -0.052867028338235415 -0.027464034638840631
leaf_weight=27203.956139660841 7898.9241349321073 970.26588404335052 287.39562761209527 2588.6855358305356 174.9264363633265 283.54544467243977 2846.1229861196525 330.68079559637044 211.23437430834019 5646.748238252906 116.79557794067023 87.673965080781272 241.7305138979882 317.50142403229711 122.44912243592262 127.20281470956979 1994.4098735006119 105.77782046841457 28.045978745096363 105.91542989725713 11.467185641713511 41.549892904759872 256.03097679937764 5740.0662787810152 2301.4188929421671 372.40494640830912 123.56609170053343 5754.5143160201005 509.03196617887806 1878.5433889157775
leaf_count=2820527 1240944 56114 648094 200605 74444 29776 281445 15182 10329 369798 768 3021 20849 208040 1577 2063 8950 639 400 1458 5662 4099 24653 338358 163147 2546 25838 85833 473858 29608
internal_value=0.00022542 0.0025404 0.00180896 -0.00141301 0.00262768 -0.00699536 -0.00427576 -0.00373756 0.00466656 0.00209973 -0.00645099 0.00588956 0.00344832 0.0233706 0.0475283 0.0234626 -0.00658673 0.0462115 0.0988348 0.0139168 -0.030227 0.0444989 0.0087639 0.00732506 0.0185991 0.0460212 0.0497467 -0.00895921 -0.0145562 -0.0119684
internal_weight=68678.6 28461.6 27491.4 40217 14686.8 5718.35 5434.81 25530.2 6230.21 5857.98 19300 3258.97 3171.3 1060.09 731.122 489.391 2111.21 362.188 133.824 228.365 328.969 372.231 8968.41 8669.92 2929.85 628.436 298.493 16041 8142.09 7633.06
internal_count=7148625 3524735 3468621 3623890 1140812 511826 482050 2483078 399408 380127 2083670 253427 250406 240688 26986 6137 9718 4074 1039 3035 213702 19281 628986 528704 190346 27199 100282 1830243 589299 115441
is_linear=0
shrinkage=0.055


Tree=198
num_leaves=31
num_cat=0
split_feature=10 22 15 29 30 16 6 25 54 47 55 16 16 46 46 47 10 13 50 0 26 46 56 38 24 51 10 48 7 31
split_gain=85.4673 83.0863 72.42 150.955 142.74 241.667 163.243 142.973 141.535 216.315 146.452 175.845 138.814 192.311 242.968 135.489 134.273 130.275 157.071 125.429 124.26 118.435 133.957 112.921 110.653 110.07 103.824 103.394 153.191 113.067
threshold=12.102104663848879 2.7403194904327397 5.4743669033050546 0.26785714924335485 0.18333333730697635 86468.500000000015 -0.027524130418896672 -8.0831961631774885 7.5000000000000009 -10.838541507720945 0.85620117187500011 86470.500000000015 86469.500000000015 9.0574235916137713 6.9457826614379892 -110.57129669189452 6.3826613426208505 3.113268375396729 -7.1366455554962149 0.46428571641445165 64.500000000000014 11.787520408630373 -0.030517578124999997 1.0000000180025095e-35 -0.01573642389848828 16.500000000000004 8.4126100540161151 995.50000000000011 2.2296540737152104 1.7005987167358401
decision_type=2 2 2 2 2 2 2 2 2 2 2 2 2 2 2 2 2 2 2 2 2 2 2 2 2 2 2 2 2 2
left_child=2 -2 3 4 5 23 -6 26 9 -5 -11 16 13 14 15 -10 -12 18 19 -16 -14 -22 25 -1 27 -23 -7 29 -29 -9
right_child=1 -3 -4 8 6 7 -8 24 12 10 11 -13 20 -15 17 -17 -18 -19 -20 -21 21 22 -24 -25 -26 -27 -28 28 -30 -31
leaf_value=-0.060754289177262055 -0.059621009159151132 0.0059439565190836704 0.001455841383148364 -0.079138641609064905 0.06964649017402931 -0.0060616186313081216 -0.077413463790377002 0.017334538023723797 0.037653854506271754 0.039422801037170545 -0.11502901263978894 0.0095632176806028715 0.014285472979660027 -0.062897191433959818 0.028499771507902196 -0.048858425820976353 -0.019944325527615471 0.010572383908286413 0.019546228523449307 0.21537897235114634 -0.056217362364953831 0.027163652896785743 -0.10346593929429937 -0.0095940008245534898 -0.052334856260583457 -0.068948903743402137 -0.073573001885716235 -0.0069560279794147802 0.092639698655994071 -0.035684070799880008
leaf_weight=243.48585266883401 133.74878516500485 99.604752680376805 62606.847283723007 92.379068614100106 158.28629340775024 737.21408230369707 22.305766503332052 1516.152776932001 77.667640037866477 293.18517774133943 58.205138509627432 632.46403856994584 122.70720332136807 117.34947163758625 16.97775538393762 159.62171814299109 165.40226340480149 77.583873768577178 39.778153627528809 36.815460237499792 656.9047223880998 164.44429993780795 34.617860085447319 279.61707851787287 66.139276691730629 40.823415195860434 71.16422626333042 73.873433874127841 119.07657812027173 127.61565663736656
leaf_count=90775 33190 11902 6054348 940 12457 306732 2114 172188 46141 400 274 1053 26917 1011 234 36662 402 766 149 194 159855 201 210 75626 16192 504 44037 12758 5390 36178
internal_value=0.000780323 -0.0320976 0.000894147 -0.00477268 0.00297888 0.00028681 0.0498862 0.00690524 -0.0142593 -0.000420273 0.00622264 -0.00531056 -0.0253417 -0.00234546 0.0156018 -0.0203492 -0.0466695 0.0646071 0.106601 0.163837 -0.0371324 -0.044208 -0.0108453 -0.0337571 0.0151263 0.00686388 -0.0124206 0.0176911 0.0552956 0.0131227
internal_weight=69042.1 233.354 68808.7 6201.86 3414.93 3234.34 180.592 2711.24 2786.93 1241.64 1149.26 856.071 1545.29 525.794 408.445 237.289 223.607 171.155 93.5714 53.7932 1019.5 896.79 239.886 523.103 1902.86 205.268 808.378 1836.72 192.95 1643.77
internal_count=7149800 45092 7104708 1050360 774447 759876 14571 593475 275913 3069 2129 1729 272844 85157 84146 82803 676 1343 577 428 187687 160770 915 166401 242706 705 350769 226514 18148 208366
is_linear=0
shrinkage=0.055


Tree=199
num_leaves=31
num_cat=0
split_feature=40 3 56 15 52 19 16 45 0 15 0 10 7 8 54 22 53 44 54 33 51 40 52 54 21 13 54 9 9 33
split_gain=79.4882 244.782 198.734 190.433 185.172 216.173 189.052 187.608 170.246 161.863 146.05 194.874 212.825 161.476 174.928 191.169 154.789 152.608 218.747 149.132 159.472 248.653 146.229 203.044 169.628 144.557 144.087 141.065 143.862 210.173
threshold=2.8029010295867924 0.8221343755722047 -100.89282226562499 5.8902609348297128 0.83430850505828869 4.5000000000000009 86459.000000000015 0.84840014576911937 0.35416667163372045 8.6133213043212908 0.46428571641445165 5.2496488094329843 2.1613165140151982 2.2499048709869389 173.50000000000003 1.8688347935676577 -0.046384900808334344 1.0000000180025095e-35 21.500000000000004 7.4419023990631112 8.5000000000000018 2.0126758813858037 0.85465547442436229 21.500000000000004 1.0000000180025095e-35 3.9981586933135991 86.500000000000014 4.6539671421051034 4.6676189899444589 8.9359483718872088
decision_type=2 2 2 2 2 2 2 2 2 2 2 2 2 2 2 2 2 2 2 2 2 2 2 2 2 2 2 2 2 2
left_child=1 2 27 -3 6 9 7 -5 -7 10 19 12 17 22 -15 16 -16 -12 -19 -6 -21 -22 24 -24 -13 -2 -25 -1 29 -29
right_child=25 3 -4 4 5 8 -8 -9 -10 -11 11 13 -14 14 15 -17 -18 18 -20 20 21 -23 23 26 -26 -27 -28 28 -30 -31
leaf_value=-0.072024773869543202 0.0010638963911965365 -0.013725989453686973 -0.0060560763785075557 -0.063645998378974319 -0.00213161399667209 -0.0016703115553992087 0.018160922575683223 0.026367496019365902 -0.068655298096708769 -0.068818578899126862 0.054527400129723597 0.025776715578468529 -0.059152691838840407 0.0034434234068828284 0.092658548500021226 -0.074313017875219642 -0.018618575356987438 0.0054659827781909677 -0.11181897774752712 0.0089052739946232275 0.14083405190017956 -0.080527475349613895 0.019676924508173703 0.082741718747516596 -0.085652702041455434 -0.060958923408418388 -0.063688036587476876 -0.012920335443337039 -0.023097497686432444 0.31042621456012204
leaf_weight=180.46197074485735 41794.767698771248 2095.2154179396184 9668.4620708143775 171.74733369031401 3119.2100673656205 219.5268245975567 3398.9870631756576 112.3495319100839 236.12005877311822 91.840651360318589 124.79667097725905 108.6566908297209 246.21069339474343 3243.8975627652544 169.80464695191768 28.134074309647986 46.348153471204569 257.99800570728257 54.014380391628947 132.05844122357666 11.988033293891929 218.74915805869387 561.20567474723794 314.32787060245755 60.162853301499126 108.9851944667389 18.148228222020407 15.240065413779122 1443.7724371008244 4.720046894357437
leaf_count=238324 4083154 188670 1111915 29152 44307 3559 286479 36981 4037 1247 164 2490 5380 17378 3874 2895 845 392 529 180 85 8521 1214 1174 3607 23568 840 9776 1037614 276
internal_value=-0.000593116 -0.0029595 -0.00906974 0.00163747 0.00412822 -2.14422e-05 0.0145508 -0.0282087 -0.0367509 0.00189848 0.00268268 0.00848672 -0.018813 0.0126003 0.00686083 0.0512615 0.0689167 0.00433692 -0.0162813 -0.00604086 -0.0391656 -0.0662834 0.0313227 0.0401573 -0.0152554 0.000895331 0.0739237 -0.0267191 -0.0209073 0.11041
internal_weight=68257.9 26354.2 11312.7 15041.5 12946.3 9263.2 3683.08 284.097 455.647 8807.55 8715.71 5233.71 683.02 4550.69 3488.18 244.287 216.153 436.809 312.012 3482.01 362.796 230.737 1062.5 893.682 168.82 41903.8 332.476 1644.19 1463.73 19.9601
internal_count=7148627 3041905 2397905 644000 455330 102718 352612 66133 7596 95122 93875 40782 6465 34317 24992 7614 4719 1085 921 53093 8786 8606 9325 3228 6097 4106722 2014 1285990 1047666 10052
is_linear=0
shrinkage=0.055


end of trees

feature_importances:
c1_score_gap=356
c2_score_gap=275
geo2_nloc=271
geo2_logp_item=257
c1_rank=236
c2_rank=232
log_desc_len=223
log_reviews=213
log_title_len=183
c0_score_gap=177
e5_cosine=174
microcat=173
log_km=163
c1_score=161
vid_filter_match=159
log_price=153
log_params_len=151
c3_score_gap=148
c3_rank=147
c0_rank=139
c2_score=130
rating=125
log_geo=124
geo2_km=118
tip_filter_match=103
c0_score=103
list_price=101
geo2_ntrans=90
n_keys=86
n_services=82
query_hist_rows=74
experience=71
title_cov=67
c3_score=66
query_loc_type=64
filter_cov=62
geo2_logp=61
params_cov=56
core_cov=54
n_prices=52
title_jacc=50
query_words=48
service_cov=41
tip_auto_filter_match=36
n_filters=27
where_visit=17
exact_phrase_title=13
message_forbidden=13
category_match=13
where_online=13
where_home=13
phone_hidden=11
query_seen=11
no_visit=11
item_category=2
query_has_filter=1

parameters:
[boosting: gbdt]
[objective: binary]
[metric: binary_logloss]
[tree_learner: serial]
[device_type: cpu]
[data_sample_strategy: bagging]
[data: ]
[valid: ]
[num_iterations: 200]
[learning_rate: 0.055]
[num_leaves: 31]
[num_threads: 3]
[seed: 23]
[deterministic: 0]
[force_col_wise: 0]
[force_row_wise: 0]
[histogram_pool_size: -1]
[max_depth: -1]
[min_data_in_leaf: 90]
[min_sum_hessian_in_leaf: 0.001]
[bagging_fraction: 0.9]
[pos_bagging_fraction: 1]
[neg_bagging_fraction: 1]
[bagging_freq: 1]
[bagging_seed: 25556]
[bagging_by_query: 0]
[feature_fraction: 0.9]
[feature_fraction_bynode: 1]
[feature_fraction_seed: 31605]
[extra_trees: 0]
[extra_seed: 3808]
[early_stopping_round: 0]
[early_stopping_min_delta: 0]
[first_metric_only: 0]
[max_delta_step: 0]
[lambda_l1: 0]
[lambda_l2: 5]
[linear_lambda: 0]
[min_gain_to_split: 0]
[drop_rate: 0.1]
[max_drop: 50]
[skip_drop: 0.5]
[xgboost_dart_mode: 0]
[uniform_drop: 0]
[drop_seed: 6130]
[top_rate: 0.2]
[other_rate: 0.1]
[min_data_per_group: 100]
[max_cat_threshold: 32]
[cat_l2: 10]
[cat_smooth: 10]
[max_cat_to_onehot: 4]
[top_k: 20]
[monotone_constraints: ]
[monotone_constraints_method: basic]
[monotone_penalty: 0]
[feature_contri: ]
[forcedsplits_filename: ]
[refit_decay_rate: 0.9]
[cegb_tradeoff: 1]
[cegb_penalty_split: 0]
[cegb_penalty_feature_lazy: ]
[cegb_penalty_feature_coupled: ]
[path_smooth: 0]
[interaction_constraints: ]
[verbosity: -1]
[saved_feature_importance_type: 0]
[use_quantized_grad: 0]
[num_grad_quant_bins: 4]
[quant_train_renew_leaf: 0]
[stochastic_rounding: 1]
[linear_tree: 0]
[max_bin: 127]
[max_bin_by_feature: ]
[min_data_in_bin: 3]
[bin_construct_sample_cnt: 200000]
[data_random_seed: 113]
[is_enable_sparse: 1]
[enable_bundle: 1]
[use_missing: 1]
[zero_as_missing: 0]
[feature_pre_filter: 1]
[pre_partition: 0]
[two_round: 0]
[header: 0]
[label_column: ]
[weight_column: ]
[group_column: ]
[ignore_column: ]
[categorical_feature: ]
[forcedbins_filename: ]
[precise_float_parser: 0]
[parser_config_file: ]
[objective_seed: 16714]
[num_class: 1]
[is_unbalance: 0]
[scale_pos_weight: 1]
[sigmoid: 1]
[boost_from_average: 1]
[reg_sqrt: 0]
[alpha: 0.9]
[fair_c: 1]
[poisson_max_delta_step: 0.7]
[tweedie_variance_power: 1.5]
[lambdarank_truncation_level: 30]
[lambdarank_norm: 1]
[label_gain: ]
[lambdarank_position_bias_regularization: 0]
[eval_at: ]
[multi_error_top_k: 1]
[auc_mu_weights: ]
[num_machines: 1]
[local_listen_port: 12400]
[time_out: 120]
[machine_list_filename: ]
[machines: ]
[gpu_platform_id: -1]
[gpu_device_id: -1]
[gpu_device_id_list: ]
[gpu_use_dp: 0]
[num_gpu: 1]

end of parameters

pandas_categorical:null
