tree
version=v4
num_class=1
num_tree_per_iteration=1
label_index=0
max_feature_idx=57
objective=binary sigmoid:1
feature_names=title_cov params_cov title_jacc filter_cov exact_phrase_title same_loc log_geo log_km log_reviews rating log_price phone_hidden message_forbidden log_title_len log_params_len log_desc_len microcat item_category category_match query_words query_has_filter query_seen query_hist_rows query_loc_type geo2_logp geo2_logp_item geo2_nloc geo2_km geo2_ntrans core_cov service_cov n_services n_prices list_price has_price experience where_online where_home where_visit no_visit n_keys vid_filter_match tip_filter_match tip_auto_filter_match n_filters e5_cosine c0_score c0_score_gap c0_rank c1_score c1_score_gap c1_rank c2_score c2_score_gap c2_rank c3_score c3_score_gap c3_rank
feature_infos=[0:1] [0:1] [0:1] [0:1] [0:1] [0:1] [-13.815510749816895:0] [0:15] [0:9.8142194747924805] [0:5] [0:27.379707336425781] [0:1] [0:1] [0.69314718246459961:4.6151204109191895] [2.397895336151123:9.8130159378051758] [0:9.0472326278686523] [24:2304181] [9:116] [0:1] [1:10] [0:1] [0:1] [0:8.408717155456543] [0:8] [-16.118095397949219:-0.01321124006062746] [-23.44291877746582:-1.8325793743133545] [1:19543] [0:7967.83837890625] [0:28009] [0:1] [0:1] [0:4.2484951019287109] [0:4.2626800537109375] [0:20.7232666015625] [0:1] [0:22.951681137084961] [0:1] [0:1] [0:1] [0:1] [0.69314718246459961:3.6888794898986816] [-1:1] [-1:1] [-1:1] [0:13] [0.64429140090942383:0.93948507308959961] [-100:38.960830688476562] [-162.36236572265625:0] [1:2001] [-100:49.218193054199219] [-157.96627807617188:0] [1:2001] [-100:0.92874771356582642] [-100.93865966796875:0] [1:2001] [-100:0.939453125] [-100.947265625:0] [1:2001]
tree_sizes=3458 3507 3507 3505 3504 3524 3536 3525 3529 3514 3526 3540 3546 3541 3526 3543 3511 3563 3535 3525 3517 3518 3508 3548 3536 3565 3565 3544 3539 3563 3533 3560 3549 3573 3550 3540 3565 3549 3549 3538 3521 3537 3545 3552 3552 3572 3569 3566 3549 3524 3531 3548 3566 3533 3564 3548 3592 3533 3574 3562 3557 3585 3572 3561 3553 3579 3563 3568 3562 3562 3578 3579 3558 3578 3574 3568 3583 3553 3534 3548 3581 3564 3587 3608 3546 3567 3589 3563 3614 3594 3563 3615 3595 3573 3568 3564 3577 3556 3563 3550 3579 3576 3576 3566 3580 3613 3572 3577 3584 3574 3585 3570 3532 3601 3591 3572 3615 3565 3583 3620 3567 3563 3590 3588 3594 3581 3567 3599 3598 3552 3603 3572 3558 3541 3566 3550 3580 3593 3572 3596 3575 3566 3551 3609 3572 3530 3586 3582 3569 3578 3547 3556 3585 3573 3589 3556 3559 3542 3569 3548 3569 3621 3616 3594 3569 3603 3559 3568 3547 3553 3587 3566 3560 3596 3555 3546 3571 3533 3602 3565 3584 3530 3582 3552 3582 3532 3572 3553 3595 3571 3613 3546 3540 3523 3533 3540 3590 3514 3575 3551

Tree=0
num_leaves=31
num_cat=0
split_feature=51 53 54 41 25 50 25 51 51 50 53 54 47 49 25 51 49 47 41 53 51 41 27 47 25 46 9 54 41 50
split_gain=4.1745e+06 265256 161075 77858.1 71852.7 70097.8 68765.7 45647.8 35467.5 27819.1 21576.7 18340.5 14651.1 11777.7 9390.36 9178.1 8243.96 7755.4 7078.77 6726.34 10139.9 6252.42 5923.99 5807.55 5302.08 5089.27 4853.13 4442.82 4170.45 4130.4
threshold=18.500000000000004 -0.033201396465301507 27.500000000000004 -1.0000000180025095e-35 -11.963995456695555 -6.6699194908142081 -12.352816581726072 9.5000000000000018 42.500000000000007 -5.4385697841644278 -0.047663778066635125 7.5000000000000009 -1.0000000180025095e-35 6.270146608352662 -9.9694399833679181 9.5000000000000018 7.2649135589599618 -7.4499812126159659 -1.0000000180025095e-35 -0.039435565471649163 111.50000000000001 -1.0000000180025095e-35 0.6416267752647401 -2.6202986240386958 -12.352816581726072 11.850962638854982 4.7781505584716806 7.5000000000000009 -1.0000000180025095e-35 -1.0000000180025095e-35
decision_type=2 2 2 2 2 2 2 2 2 2 2 2 2 2 2 2 2 2 2 2 2 2 2 2 2 2 2 2 2 2
left_child=1 3 5 -1 23 11 -5 12 10 13 25 14 27 -8 -2 29 -13 -12 -7 -10 -21 -9 -20 -3 -18 -4 -15 -6 -19 -11
right_child=2 4 8 6 7 18 9 21 19 15 17 16 -14 26 -16 -17 24 28 22 20 -22 -23 -24 -25 -26 -27 -28 -29 -30 -31
leaf_value=-3.2460466366501364 -3.0619717830425994 -3.123446225581195 -3.2141935295043407 -3.2224520419281792 -1.9587172436601066 -3.2732866349566088 -3.0391908855319256 -3.1645043593239861 -3.2769759174096205 -2.2465825348238626 -3.067464127553162 -3.176903033884857 -1.8352748997791899 -2.9824332720471096 -2.6392910920072739 -2.4709579087138094 -3.2516790838747829 -3.2236465423738694 -2.4645206851748562 -3.0802552134450725 -3.2515268495218019 -2.2922033776634994 -2.8504812306970511 -2.453961970280357 -2.8405468570193331 -2.9258731299068383 -2.4828216512685977 -2.1141077422877999 -2.737765685563474 -1.9492175958537898
leaf_weight=491.77702732384205 268.95898894220591 186.73817437514663 2554.8524166420102 345.0252195969224 2316.9980432838202 38.659629914909601 201.88508380204439 26.092486172914505 245249.24771696329 875.16705042496324 540.20291309803724 2097.6811021454632 2946.6819729954004 73.633880533277988 402.44343174993992 531.83710329607129 122.35459612309933 58.818655252456665 868.93875838816166 1203.4606444351375 7756.912856310606 1181.4589337334037 157.07087037712336 45.293313022702932 407.56610879674554 194.69859410449862 494.28308703750372 1356.8829950913787 576.90929283201694 259.34015002474189
leaf_count=13049 6236 4536 66328 9008 8050 1049 4593 649 6642121 7497 12593 53055 3736 1585 6259 6675 3261 1537 10847 28350 206556 11124 3023 492 7827 4025 6304 8449 10020 754
internal_value=-3.2225 -2.18923 -3.26713 -2.60826 -2.01956 -2.93595 -2.49565 -1.99129 -3.27273 -2.39292 -3.10877 -3.06168 -1.93376 -2.67254 -2.80617 -2.26578 -3.12763 -2.91213 -2.54892 -3.27527 -3.22846 -2.31073 -2.52152 -2.9793 -2.93486 -3.19328 -2.54494 -2.01452 -2.78238 -2.17332
internal_weight=273832 11333.1 262499 3272.95 8060.15 4363.67 2781.17 7828.11 258135 2436.15 3925.48 3299 6620.56 769.802 671.402 1666.34 2627.6 1175.93 1064.67 254210 8960.37 1207.55 1026.01 232.031 529.921 2749.55 567.917 3673.88 635.728 1134.51
internal_count=7149588 86501 7063087 49465 37036 91557 36416 32008 6971530 27408 94503 76638 20235 12482 12495 14926 64143 24150 14919 6877027 234906 11773 13870 5028 11088 70353 7889 16499 11557 8251
is_linear=0
shrinkage=1


Tree=1
num_leaves=31
num_cat=0
split_feature=51 53 53 25 51 54 52 41 51 49 25 53 46 50 50 51 50 41 26 42 3 26 48 25 49 50 16 28 42 14
split_gain=1.49902e+06 70863.1 38462.9 23124.3 17215.2 12171.1 12146.7 10868.7 8989.39 8787.59 5490.35 5189.92 4823.13 4226.2 4044.45 3906.94 3861.08 3784.48 3539.86 3441.63 3414.29 3362.37 2868.55 2794.66 3000.86 2493.94 2357.81 2224.83 2124.1 2074.2
threshold=26.500000000000004 -0.02343538403511047 -0.060545921325683587 -13.249439239501951 68.500000000000014 7.5000000000000009 0.8523308038711549 -1.0000000180025095e-35 68.500000000000014 7.2649135589599618 -12.352816581726072 -0.043943494558334344 9.1909418106079119 -8.9837465286254865 -10.720786094665526 257.50000000000006 -5.4385697841644278 -1.0000000180025095e-35 206.00000000000003 -1.0000000180025095e-35 0.97368422150611889 1138.0000000000002 8.5000000000000018 -8.9948916435241681 3.2608113288879399 -6.0744788646697989 2097891.5000000005 56.500000000000007 -1.0000000180025095e-35 5.0139575004577646
decision_type=2 2 2 2 2 2 2 2 2 2 2 2 2 2 2 2 2 2 2 2 2 2 2 2 2 2 2 2 2 2
left_child=2 4 9 -4 6 14 12 22 -7 -1 -8 -6 25 -11 -3 18 29 -15 -13 -9 -14 -16 -5 24 -21 -2 -22 -23 -12 -10
right_child=1 5 3 7 11 8 10 19 16 13 28 15 20 17 21 -17 -18 -19 -20 23 26 27 -24 -25 -26 -27 -28 -29 -30 -31
leaf_value=0.0090511439333567662 -0.030207726051614467 0.18784163439597099 0.030442928758377938 0.23896741348663622 -0.054872909994667651 0.28569238861847268 -0.055950996071784914 0.16790290352538836 0.38148455155847399 0.039565565548687141 -0.053196201868467081 0.3271498501582556 0.03647770085831991 -0.0036913056709908932 0.57444478156862044 -0.035678299231147133 0.26316798428975025 0.3205752712515228 0.023348963891897809 -0.053598984736340491 0.12640675720554964 -0.051571736355273179 -0.012376554339179354 0.40023835054412465 0.36304603507049638 0.064662604144805194 0.44041629478982303 0.36213274450199473 0.28266731111872656 0.0047887281253171099
leaf_weight=937.84473463520408 4897.0119487196207 344.5525907240808 579.79040126502514 358.02577316388488 225517.61286952347 738.57855658978224 203.19053775072098 226.67482150346041 40.779163252562284 279.86379761621356 59.617212656885386 115.91410787031054 436.78987931460142 123.68460213392973 276.73394683748484 10159.085074678063 221.57324885949492 897.38355551287532 2903.7415617592633 51.41399884596467 157.98984662443399 41.640221040695906 220.2007833942771 19230.036367658526 8276.3627797663212 1006.2537807971239 138.03886799514294 465.67852235212922 822.19428722932935 1300.6722029522061
leaf_count=21525 131505 4895 13458 2627 6424627 8992 5278 1845 723 5788 1426 2212 10010 3240 1181 279477 3028 6758 72666 989 3308 923 5389 33776 29655 23509 2036 3795 12170 32348
internal_value=-0.00196344 -0.0468403 0.357573 0.374566 -0.0502977 0.201246 0.030515 0.381594 0.128231 0.137541 0.200674 -0.0529123 0.00256386 0.22978 0.348926 -0.0193545 0.0531518 0.281469 0.0355324 0.386513 0.135149 0.418075 0.143965 0.38828 0.360443 -0.0139954 0.277713 0.328004 0.259788 0.0176141
internal_weight=281029 249848 31181.3 28942.5 246417 3430.21 7721.09 28362.7 2301.6 2238.78 1085 238696 6636.08 1300.93 1128.61 13178.7 1563.02 1021.07 3019.66 27784.5 732.819 784.053 578.227 27557.8 8327.78 5903.27 296.029 507.319 881.811 1341.45
internal_count=7149159 7024109 125050 87739 6968224 55885 189242 74281 45091 37311 18874 6778982 170368 15786 10794 354355 36099 9998 74878 66265 15354 5899 8016 64420 30644 155014 5344 4718 13596 33071
is_linear=0
shrinkage=0.055


Tree=2
num_leaves=31
num_cat=0
split_feature=51 54 53 41 50 27 6 49 50 54 26 28 48 8 53 48 54 26 41 42 54 47 27 8 50 49 56 26 27 6
split_gain=1.06878e+06 44417.6 30540.7 13933.2 9876.24 8207.89 7899.29 7829.61 7336.83 5361.69 5379.96 3405.61 3097.15 3940.69 2848.24 4231.62 2674.33 2584.5 2557.54 2489.8 2449.25 2845.66 2445.97 2443.98 2377.03 2284.79 1987.31 1911.38 4553.99 2877.22
threshold=34.500000000000007 27.500000000000004 -0.047663778066635125 -1.0000000180025095e-35 -8.3105449676513654 71.85980606079103 -5.0963032245635977 6.7309472560882577 -6.0744788646697989 7.5000000000000009 128.00000000000003 22.500000000000004 8.5000000000000018 3.0677825212478642 -0.048757702112197869 16.500000000000004 86.500000000000014 312.50000000000006 -1.0000000180025095e-35 -1.0000000180025095e-35 250.50000000000003 -6.6719400882720938 93.614212036132827 3.9981586933135991 -9.8043918609619123 4.8630323410034189 -0.026123046874999997 47.500000000000007 60.404479980468757 -7.4707930088043204
decision_type=2 2 2 2 2 2 2 2 2 2 2 2 2 2 2 2 2 2 2 2 2 2 2 2 2 2 2 2 2 2
left_child=2 5 3 -1 -5 9 22 14 16 -2 -11 -6 -8 -14 -3 -16 17 -9 -15 -13 21 -10 -4 -12 27 -21 -26 28 29 -17
right_child=1 7 6 4 11 -7 12 8 20 10 23 19 13 18 15 24 -18 -19 -20 25 -22 -23 -24 -25 26 -27 -28 -29 -30 -31
leaf_value=-0.05065968521033247 0.2481634327399678 -0.055223188286108733 0.30228146387464483 0.044222237418969662 0.01499586539074428 -0.016259821740791901 0.28137164210395549 0.42029102866582502 0.40242015474212117 0.59982723135468652 0.057178994037438001 -0.056409277036918254 0.19838592886940012 -0.019659104248718518 0.47063781849600173 0.89779643706950785 -0.035797286797420044 0.036678637578072638 0.27613878975346068 0.079384724017047367 0.024582810005733934 0.13296421449381526 0.024064629689299299 0.18290579616821973 -0.0030293144867078437 0.26044041308834398 0.1855586742446059 -0.046032079022008766 -0.054661593138063493 0.071013487882911619
leaf_weight=1042.0417397506535 1299.5299917533994 206493.15390357375 112.28267642110586 1313.0383445844054 222.88100075349212 1042.6350006088614 26946.139581110328 50.829224914312363 146.14212455973029 60.67666545137763 1610.8791906908154 82.785133514553308 3624.1924981400371 89.099908135831356 45.493933230638504 26.398078702390194 5678.1182761155069 1137.7112040407956 5960.1970544233918 234.28523418679833 442.33057660609484 601.13136638328433 522.58221787214279 658.74946301802993 3413.3161879293621 2736.473989341408 172.82864939793944 13964.810079727322 114.06614358350635 22.980179395526648
leaf_count=27778 9226 6189693 681 26341 4404 25320 25255 704 1906 637 30548 1355 21514 2083 539 197 163810 27267 23743 3565 11560 10791 11341 10097 91588 15175 3828 403887 3311 591
internal_value=-0.00238945 -0.0481133 0.25025 0.130701 0.171889 0.1197 0.268302 -0.0514911 0.00178017 0.158722 0.108419 0.222907 0.271638 0.244393 -0.0534049 -0.0322538 -0.0200916 0.0547762 0.271769 0.238033 0.127585 0.187985 0.0752478 0.0939925 -0.0336777 0.246319 0.00630509 -0.0438251 0.140508 0.554929
internal_weight=279868 236982 42886 5631.51 4589.46 4672.47 37254.5 232309 8056.26 3629.84 2330.31 3276.43 36619.6 9673.49 224253 17759.9 6866.66 1188.54 6049.3 3053.54 1189.6 747.273 634.865 2269.63 17714.4 2970.76 3586.14 14128.3 163.444 49.3783
internal_count=7148735 6985500 163235 78618 50840 75828 84617 6909672 216038 50508 41282 24499 72595 47340 6693634 503941 191781 27971 25826 20095 24257 12697 12022 40645 503402 18740 95416 407986 4099 788
is_linear=0
shrinkage=0.055


Tree=3
num_leaves=31
num_cat=0
split_feature=51 53 50 41 54 51 25 57 50 26 54 3 53 25 50 3 57 50 0 9 27 24 10 15 47 3 24 49 33 42
split_gain=835967 41066.6 20601 7740.55 7697.6 6957.35 6866.84 7880.11 6571.9 6261.34 5079.06 3638.97 3364.4 2800.48 2319.51 5508.99 2287.79 2267.96 2094.15 2086.1 1927.28 2872.6 1835.29 1695.56 1695.91 1672.33 1729.69 1605.62 1571.98 1533.07
threshold=34.500000000000007 -0.027461975812911984 -7.0825421810150138 -1.0000000180025095e-35 86.500000000000014 138.50000000000003 -12.990560054779051 422.50000000000006 -9.4043130874633771 779.50000000000011 14.500000000000002 0.97368422150611889 -0.037591725587844842 -10.462506294250487 -7.0825421810150138 0.86190477013587963 32.500000000000007 -8.5442018508911115 0.91666665673255932 4.7990553379058847 47.54980659484864 -7.1041603088378897 6.2176032066345224 7.8630745410919198 -8.2889904975891096 0.97368422150611889 -0.51572048664093006 8.9676342010498065 6.0001573562622079 -1.0000000180025095e-35
decision_type=2 2 2 2 2 2 2 2 2 2 2 2 2 2 2 2 2 2 2 2 2 2 2 2 2 2 2 2 2 2
left_child=2 4 6 12 8 28 -1 -8 20 19 17 -9 -4 16 -6 -16 -5 -7 23 -10 21 -2 -13 -17 -25 -11 -27 -23 -3 -21
right_child=1 5 3 13 14 10 7 11 9 25 -12 22 -14 -15 15 18 -18 -19 -20 29 -22 27 -24 24 -26 26 -28 -29 -30 -31
leaf_value=-0.038673844215492338 0.4228193848733699 0.20925723529910914 -0.037520372091787345 0.23133745342967663 -0.054487052541316784 0.077758354612234099 0.20798224635350346 0.020071670556464902 0.0062345915216137412 -0.0095292386476253897 -0.0093499317479884513 0.23157612409380132 0.16220789690219364 0.21852352741904199 -0.042838817035031812 0.032355244528764177 0.090935271532988346 0.23952378445453942 0.41728908677573934 -0.046304632525228775 -0.05255797361980425 -0.013138995246328999 0.081152134805785273 0.38917577266814796 0.088368518895596951 -0.037838972493017355 0.1612456392721599 0.11645003231221016 0.11974626654547943 0.43636170529093782
leaf_weight=887.04723181948066 43.48700912669301 1353.8466247990727 511.24354903027415 551.82205196470022 203893.04649649933 730.15110246837139 2096.1642886139452 1801.7721212282777 51.084519039839506 755.31377126649022 1927.5365997552872 457.10038711503148 501.25350189581513 42262.428759243339 6560.1978712193668 807.75544758141041 983.37258051335812 411.16855059564114 51.182393733412027 20.881447169929743 3772.0077380053699 3712.5023545883596 541.36891235411167 84.341024346649647 166.65043957531452 176.6398146674037 498.85038195550442 308.62461882084608 1106.3736427985132 215.74970542266965
leaf_count=21505 301 12758 13624 2509 6414555 10573 9386 33273 1179 18024 50311 3252 2470 62234 198478 20915 9200 2238 767 553 112139 103417 5840 1623 3952 4307 7819 5675 13107 2643
internal_value=-0.00236217 -0.0474863 0.199768 0.212381 -0.0511891 0.100506 0.101948 0.127437 -0.00290058 0.0943438 0.0451476 0.0668803 0.0616696 0.215857 -0.0533699 -0.0236564 0.14199 0.136826 0.0894039 0.32618 -0.0242722 0.00200967 0.150827 0.0716663 0.195076 0.0467511 0.10929 -0.00306067 0.169328 0.393692
internal_weight=277241 226647 50593.6 44810.1 221118 5529.08 5783.45 4896.41 9555.14 1718.52 3068.86 2800.24 1012.5 43797.6 211563 7670.13 1535.19 1141.32 1109.93 287.716 7836.62 4064.61 998.469 1058.75 250.991 1430.8 675.49 4021.13 2460.22 236.631
internal_count=7148627 6985334 163293 90037 6896347 88987 73256 51751 256057 34525 63122 42365 16094 73943 6640290 225735 11709 12811 27257 4375 221532 109393 9092 26490 5575 30150 12126 109092 25865 3196
is_linear=0
shrinkage=0.055


Tree=4
num_leaves=31
num_cat=0
split_feature=51 54 53 25 53 51 49 25 54 42 54 49 50 26 23 50 57 42 26 53 28 9 42 8 50 57 50 8 50 9
split_gain=689597 29926.9 20811.6 11260.1 5799.91 6390.17 4666.67 4462.31 4388.98 3813.85 3132.3 2581.93 2378.16 2016.52 1851.69 1684.85 1678.4 1603.2 1567.92 1354.18 1349.25 1512.07 1334.74 1327.58 1308.27 1232.6 1067.42 1064.73 1037.98 1036.62
threshold=42.500000000000007 27.500000000000004 -0.062499046325683587 -12.990560054779051 -0.048757702112197869 129.50000000000003 5.4728658199310312 -12.352816581726072 20.500000000000004 -1.0000000180025095e-35 7.5000000000000009 8.9676342010498065 -9.4043130874633771 141.00000000000003 2.5000000000000004 -8.039669990539549 87.500000000000014 -1.0000000180025095e-35 8319.5000000000018 -1.0000000180025095e-35 1.0000000180025095e-35 4.9092381000518808 1.0000000180025095e-35 2.6735538244247441 -4.3781540393829337 16.500000000000004 -9.6184768676757795 3.7256208658218388 -8.9837465286254865 4.9505562782287607
decision_type=2 2 2 2 2 2 2 2 2 2 2 2 2 2 2 2 2 2 2 2 2 2 2 2 2 2 2 2 2 2
left_child=2 7 6 24 -3 13 -1 -2 -5 -10 19 15 -8 -6 -15 16 -11 -14 -13 28 -12 -22 -16 -19 -4 -26 -7 -23 -9 -24
right_child=1 4 3 8 5 26 12 10 9 11 20 18 17 14 22 -17 -18 23 -20 -21 21 27 29 -25 25 -27 -28 -29 -30 -31
leaf_value=-0.03721875684608536 -0.025048670113752308 -0.054380354549886108 -0.028663325017414677 0.18575115731015371 0.2702444882097762 -0.043271041873466934 -0.0041307190647138451 0.090477470256689341 -0.0089007360824204709 0.36793516058380427 0.4680430805865109 0.1938367629122047 -0.039401102897695953 -0.007601750037853322 0.048979721763742164 0.13611375970586784 0.028680032429142271 0.056757866504202392 0.14841187837520176 0.27412404281223152 0.0030092633900379727 0.059865062733804111 0.057136621837628861 0.15909997347321816 0.30920963893101239 0.015466157431442008 -0.0057809071443807088 0.15131197316062636 0.18873975191383677 0.2283458339908537
leaf_weight=1389.5243201591074 918.71431972831488 190914.66270802729 915.66510231420398 39650.913748223335 115.87397903203964 12878.103149505332 666.77372759953141 626.68565592542291 442.52324940264225 41.858743872493505 20.55871095508337 4724.6252409853041 183.05580470338464 1324.268920565024 1201.7518876306713 3491.9153319112957 778.11095547303557 544.11740028858185 4743.5814441777766 298.13066387549043 797.92929117381573 1011.573475446552 183.53835512883961 1358.6311678104103 67.243689373135567 108.93444544449449 2797.9774283841252 629.21960769221187 711.7960359826684 266.64113293774426
leaf_count=35751 22703 6326686 21448 40610 1352 405317 15410 5363 7080 167 55 9985 4339 33034 25348 18951 11655 5480 18778 732 14293 17335 3491 10140 480 1662 78121 7731 2510 4215
internal_value=-0.00253748 -0.0483361 0.163808 0.172767 -0.0515122 -0.0223298 0.0448587 0.084389 0.17631 0.149935 0.108937 0.155037 0.0862844 0.0498754 0.0408568 0.119456 0.0481237 0.115128 0.171169 0.167845 0.069473 0.0651623 0.0796092 0.130059 -0.00208667 0.133021 -0.0365835 0.0952867 0.143241 0.159938
internal_weight=273805 214697 59107.5 54965.4 209683 18768.2 4142.1 5014.61 53873.5 14222.6 4095.89 13780.1 2752.58 3092.07 2976.2 4311.89 819.97 2085.8 9468.21 1636.61 2459.28 2438.72 1651.93 1902.75 1091.84 176.178 15676.1 1640.79 1338.48 450.179
internal_count=7150222 6948286 201936 130816 6877564 550878 71120 70722 107226 66616 48019 59536 35369 67440 66088 30773 11822 19959 28763 8605 39414 39359 33054 15620 23590 2142 483438 25066 7873 7706
is_linear=0
shrinkage=0.055


Tree=5
num_leaves=31
num_cat=0
split_feature=51 53 53 25 54 47 51 48 41 53 50 8 25 35 41 41 50 49 50 42 57 48 15 9 53 15 46 15 45 54
split_gain=585909 27416.1 15514 7376.78 5705.2 4607.58 3949.78 3891.68 3737.27 3164.18 2583.39 2032.44 1925.62 1878.94 1855.3 1699.55 1689.2 1487.59 2460.55 1351.68 1304.27 1288.19 1163.26 1157.21 1093.21 1072.16 1039.06 995.147 911.712 908.898
threshold=42.500000000000007 -0.033201396465301507 -0.060545921325683587 -13.469283103942869 14.500000000000002 -4.3086390495300284 257.50000000000006 8.5000000000000018 -1.0000000180025095e-35 -0.048757702112197869 -5.4385697841644278 2.5249279737472539 -8.696952819824217 1.8317808508872988 -1.0000000180025095e-35 -1.0000000180025095e-35 -9.8043918609619123 13.260377407073976 -7.0825421810150138 -1.0000000180025095e-35 3.5000000000000004 184.50000000000003 7.8141977787017831 4.8001670837402353 -1.0000000180025095e-35 6.351757526397706 -0.049483176320791238 8.3964934349060076 0.79962685704231273 20.500000000000004
decision_type=2 2 2 2 2 2 2 2 2 2 2 2 2 2 2 2 2 2 2 2 2 2 2 2 2 2 2 2 2 2
left_child=2 9 5 20 12 14 27 -5 -9 17 21 28 24 26 -1 -7 -16 -2 -19 -13 -4 -11 -20 -18 -3 -25 -12 -6 -10 -21
right_child=1 4 3 7 6 15 -8 8 11 10 13 19 -14 -15 16 -17 23 18 22 29 -22 -23 -24 25 -26 -27 -28 -29 -30 -31
leaf_value=-0.053177867746088098 -0.054352528089825922 0.043984514763310202 0.18853428981114756 0.16218142342612274 0.060150246104045395 -0.018826411419907742 -0.023552513021088423 -0.017988291721676125 -0.059513855152369365 0.0040289046046436319 -0.052917541328692426 -0.034462098573565608 0.15430762462920031 -0.020303914678982012 -0.025246486609726768 0.16623008581593918 -0.031203346583402767 -0.018417168187390868 0.10390799850501833 0.16220293984710657 -0.027382206018112712 -0.04045264607882753 0.5524482306496058 -0.058590472591544838 0.21156272872887105 0.10512818811380906 0.19075152141383231 0.20685795721249567 0.10749821201051535 0.132710023419253
leaf_weight=917.8161180857569 181343.0672210753 1112.4442409873009 89.302378790453076 40115.415061656386 2337.4286002516747 174.96250917948782 3153.0621968656778 491.36726317927241 98.106812119483948 2359.5609621535987 60.492830272763968 121.92152456566691 1548.4247434772551 356.04386850073934 852.36169846728444 1013.2555675059557 284.72912742756307 259.20772895216942 37.480262782424688 6909.6329221390188 820.31572279334068 11880.885066367686 33.319070488214493 130.39939473196864 127.4823182374239 1281.0288138873875 334.03747300803661 144.99906548857689 4515.8890644721687 6260.8070023041219
leaf_count=26529 6323763 13932 1231 28852 39312 4899 91731 10233 1276 60241 1665 1462 8726 8736 20669 3873 4553 8004 739 14100 19258 381827 355 2165 461 12276 5962 1936 21206 28775
internal_value=-0.00261539 -0.0479733 0.142551 0.150126 0.0491681 0.0457946 0.0172939 0.152541 0.131484 -0.0521354 -0.0278349 0.135589 0.113442 0.0713042 0.0136851 0.139016 0.0378219 -0.0541398 0.0618416 0.146551 -0.00526967 -0.0330835 0.337514 0.0694964 0.0619945 0.0898491 0.153195 0.0691181 0.103886 0.148239
internal_weight=269165 205088 64077.3 59422.8 8423.84 4654.55 5635.49 58513.1 18397.7 196664 14991 17906.4 2788.35 750.574 3466.34 1188.22 2548.52 181673 330.007 13292.4 909.618 14240.4 70.7993 1696.16 1239.93 1411.43 394.53 2482.43 4614 13170.4
internal_count=7148747 6947390 201357 126393 156098 74964 132979 105904 77052 6791292 458431 66819 23119 16363 66192 8772 39663 6332861 9098 44337 20489 442068 1094 18994 14393 14441 7627 41248 22482 42875
is_linear=0
shrinkage=0.055


Tree=6
num_leaves=31
num_cat=0
split_feature=51 53 50 25 41 50 41 53 54 51 57 48 53 51 25 25 51 42 7 24 46 8 41 57 29 8 42 24 41 8
split_gain=498462 28116.5 13856.5 5665.07 5711.97 5244.52 3204.59 3174.92 3100.09 2588.78 2449.19 1813.97 1471.1 1447.81 1434.16 1422.86 1419.97 1382.97 1323.88 1252.39 1220.05 1431.5 1264.91 1148.71 1115.59 1083.82 1102.87 1036.59 1184.08 1032.1
threshold=42.500000000000007 -0.033201396465301507 -5.4385697841644278 -12.127700328826903 -1.0000000180025095e-35 -18.965348243713375 -1.0000000180025095e-35 -0.048757702112197869 33.500000000000007 129.50000000000003 422.50000000000006 8.5000000000000018 -0.037591725587844842 26.500000000000004 -12.352816581726072 -12.566610813140867 129.50000000000003 -1.0000000180025095e-35 2.5920556783676152 -0.013496580068022011 3.3128770589828496 4.2555875778198251 -1.0000000180025095e-35 38.500000000000007 0.6904762089252473 1.7005987167358401 -1.0000000180025095e-35 -0.027885644696652886 -1.0000000180025095e-35 3.2384861707687382
decision_type=2 2 2 2 2 2 2 2 2 2 2 2 2 2 2 2 2 2 2 2 2 2 2 2 2 2 2 2 2 2
left_child=2 7 3 -1 23 -3 12 -2 14 15 29 -8 -4 -12 -7 -9 18 -16 24 -18 22 -22 -19 -5 -10 -13 -27 28 -17 -6
right_child=1 5 6 4 10 8 11 9 16 -11 13 25 -14 -15 17 27 19 20 -20 -21 21 -23 -24 -25 -26 26 -28 -29 -30 -31
leaf_value=-0.027022047128662473 -0.053967009143065479 -0.029499372366078486 -0.040954481027501571 0.19818928594806176 0.095210455379862974 0.0093280229764439899 0.14499759695444697 -0.056574520504239202 0.09713866323796759 -0.037542680362513105 0.091859576193723716 0.08130663055421801 0.097289781149187654 0.027212509763779223 -0.040430070982019978 -0.056025984797470715 -0.013277243646955638 -0.012461950043528116 0.0050925882134115769 0.58201322912123532 0.049296838729161928 0.15802709071789656 0.16147717733344272 -0.045018205629325549 0.31738595519611662 -0.059285436663269249 0.12913267972978723 -0.025014139213297346 0.089054532577694329 0.14767075481686798
leaf_weight=1495.7886793315411 172626.18420541845 2006.2078014779836 414.54849203117192 57.308430951088667 1881.0673870146275 465.19707610458136 40338.716884817928 508.44658461771905 483.1904261559248 12183.197101885453 3632.3637675456703 1777.3988519385457 519.96672214567661 1479.7167266961187 170.09923709183931 193.41110892221332 1546.4047183766961 135.38730927743018 463.87407898530364 5.7661477122455826 1145.2562373578548 538.91268732771277 1777.6770905517042 1049.001294568181 78.503508038818836 92.031964937224984 12246.45660886541 460.74057870917022 1249.4202378168702 3035.7701766826212
leaf_count=35019 6332964 55658 10983 95 6990 9893 23685 14602 7011 403598 22818 7286 2202 24344 2640 5020 44174 2007 7616 14 10612 3110 13036 28296 460 1077 31727 11718 23275 7168
internal_value=-0.00285158 -0.0473638 0.125429 0.0733998 0.0868955 0.0486004 0.137287 -0.0518841 0.0716122 -0.027238 0.0999745 0.13902 0.0360734 0.073192 0.100548 0.0247816 0.023998 0.111785 0.0740493 -0.00920409 0.119029 0.0844539 0.149167 -0.0315847 0.13045 0.121893 0.127704 0.0466032 0.0694802 0.127718
internal_weight=264058 196038 68020.1 12631 11135.2 8816.48 55389.1 187221 6810.27 14595.2 10028.9 54454.6 934.515 5112.08 4232.53 2412.02 2577.74 3767.33 1025.57 1552.17 3597.23 1684.17 1913.06 1106.31 561.694 14115.9 12338.5 1903.57 1442.83 4916.84
internal_count=7149098 6947408 201690 124730 89711 156231 76960 6791177 100573 458213 61320 63775 13185 47162 41298 54615 59275 31405 15087 44188 28765 13722 15043 28391 7471 40090 32804 40013 28295 14158
is_linear=0
shrinkage=0.055


Tree=7
num_leaves=31
num_cat=0
split_feature=51 53 50 53 41 50 48 51 53 51 8 25 54 48 53 49 42 25 25 6 51 25 54 47 55 33 3 25 8 56
split_gain=435274 19207.5 18845.1 6685.75 5036.66 3939.6 3006.11 2865.58 2415.88 2108.15 1721.53 1665.65 1633.7 1607.64 1552.57 1519.83 1492.75 1362.12 1234.58 1655.39 1118.79 1079.81 1059.32 1044.5 1034.35 1179.56 1012.56 1595.14 1196.57 999.938
threshold=59.500000000000007 -0.033201396465301507 -7.0825421810150138 -0.030727982521057125 -1.0000000180025095e-35 -10.540522575378416 8.5000000000000018 26.500000000000004 -0.048757702112197869 9.5000000000000018 0.89587974548339855 -11.963995456695555 99.500000000000014 261.50000000000006 -1.0000000180025095e-35 6.270146608352662 -1.0000000180025095e-35 -13.469283103942869 -11.234835624694822 -12.073047161102293 138.50000000000003 -6.729534149169921 86.500000000000014 -9.4147858619689924 0.82983398437500011 5.5353152751922616 0.74456521868705761 -7.3892817497253409 4.2835628986358651 -0.026123046874999997
decision_type=2 2 2 2 2 2 2 2 2 2 2 2 2 2 2 2 2 2 2 2 2 2 2 2 2 2 2 2 2 2
left_child=2 8 3 7 9 14 -6 11 -2 -4 -8 -1 21 22 20 -13 -12 -5 19 -18 -3 -7 23 -10 25 -19 -25 28 -28 -14
right_child=1 5 4 17 6 12 10 -9 13 -11 16 15 29 -15 -16 -17 18 24 -20 -21 -22 -23 -24 26 -26 -27 27 -29 -30 -31
leaf_value=-0.039442324830502626 -0.054000009377086218 0.059728798552261424 0.088166784625225966 -0.039695792390930469 0.13041426888169913 0.076887380044681958 0.038169296250902464 -0.02165173004568036 0.0071024576145355522 -0.044118217626905827 -0.043789757808825554 -0.00053486162205200949 -0.042409659568552027 -0.039831939445471212 0.197563274504059 0.089982295457046821 0.30669434538704482 0.10965323639495439 0.11364928939123642 0.034239079614856602 -0.020812416381870997 0.16954922212476567 -0.020412112046887781 0.023925347656158009 0.12491215837138982 -0.025808220992926692 -0.038866951961521866 0.37076938026813278 0.29894542122111567 0.22009369509468105
leaf_weight=548.52996472083032 162362.79531391151 614.27564567700028 689.21321255899966 193.97063087299466 43759.240347808227 2905.580482441932 1133.7861661277711 3826.1186299286783 738.8709764778614 762.56217058189213 190.71523337438703 774.31893441826105 453.35123861208558 10568.752569511533 109.21840396150947 2032.4106503557414 67.462058225646615 460.32246360555291 16579.527912510559 1012.2820992898196 3308.9650817979127 438.77028249576688 1802.1738036032766 199.95259880647063 2774.8520757108927 331.30993518605828 94.805503761395812 87.549153447151184 41.96340917982161 43.572324708104134
leaf_count=13514 6274340 8192 4408 4446 26307 34484 6676 104399 18506 21189 2686 13507 11953 366169 330 13086 415 2348 49421 9750 88621 2028 52677 4325 7941 2962 1947 658 512 843
internal_value=-0.00277696 -0.0483764 0.108747 0.0420044 0.120119 0.0356481 0.122462 0.0108721 -0.0521385 0.0187696 0.104102 0.0479372 0.0754704 -0.0297952 -0.00233257 0.0650539 0.108278 0.101365 0.109932 0.0525972 -0.00814182 0.0892793 0.00598367 0.0467937 0.109081 0.0531544 0.115028 0.193944 0.0716685 -0.0174291
internal_weight=258907 183771 75136.6 10941.8 64194.8 7873.73 62743 7181.38 175897 1451.78 18983.8 3355.26 3841.27 13534.1 4032.46 2806.73 17850 3760.46 17659.3 1079.74 3923.24 3344.35 2965.32 1163.14 3566.48 791.632 424.271 224.318 136.769 496.924
internal_count=7148640 6865585 283055 162203 120852 146451 95255 144506 6719134 25597 68948 40107 49308 444794 97143 26593 62272 17697 59586 10165 96813 36512 78625 25948 13251 5310 7442 3117 2459 12796
is_linear=0
shrinkage=0.055


Tree=8
num_leaves=31
num_cat=0
split_feature=51 54 50 53 50 54 25 26 41 41 54 25 50 3 47 8 27 28 51 8 15 57 8 7 8 26 46 55 56 41
split_gain=385267 17921.2 14759.1 6841.13 5517.75 2797.75 2632.03 2535.09 2221.35 2217.27 2171.01 1843.37 1449.3 4470.99 1848.73 1360.97 1266.22 1563.28 1102.96 1037.5 969.011 1859.49 967.918 965.361 1133.48 952.72 950.598 929.907 895.983 860.764
threshold=59.500000000000007 86.500000000000014 -5.4385697841644278 -0.048757702112197869 -9.8043918609619123 27.500000000000004 -12.990560054779051 779.50000000000011 -1.0000000180025095e-35 -1.0000000180025095e-35 27.500000000000004 -12.990560054779051 -7.0825421810150138 0.86190477013587963 -8.2889904975891096 3.2384861707687382 80.468151092529311 1.0000000180025095e-35 18.500000000000004 3.9981586933135991 8.1117782592773455 227.50000000000003 2.6735538244247441 3.1010516881942753 1.8688348531723025 693.50000000000011 11.850962638854982 0.84838867187500011 -100.90551757812499 -1.0000000180025095e-35
decision_type=2 2 2 2 2 2 2 2 2 2 2 2 2 2 2 2 2 2 2 2 2 2 2 2 2 2 2 2 2 2
left_child=2 4 3 8 10 -4 -5 -6 -1 -7 16 -10 -3 27 20 25 17 -2 22 -11 21 -15 -13 24 -9 -8 -20 -14 -28 -26
right_child=1 12 5 6 7 9 15 23 11 19 -12 18 13 14 -16 -17 -18 -19 26 -21 -22 -23 -24 -25 29 -27 28 -29 -30 -31
leaf_value=-0.054263347695347054 0.41749073939543746 -0.053705368099486631 0.11781640296735633 -0.020043085363843444 0.15302420765903824 -0.0095485658015301237 0.10981862244701919 -0.0038474723242330902 -0.048866325793835999 0.081394639946410538 -0.028958153770845849 0.0035670116365564735 -0.048262094025116484 0.53421759414999959 0.044155195144273067 0.10435568716794652 -0.033313377260257494 0.046007712747694968 0.0024526868797209046 0.11305820323479771 0.39609456829317935 0.032277603379709571 0.10534725732758861 -0.0044968053840400181 -0.056020204301799575 0.048108413059132042 -0.056970769517968103 0.24009299009833462 0.16157039700858042 0.096369650370513829
leaf_weight=1422.0502522308379 29.962375897914171 157362.84694034979 47651.529448112473 748.01233995333314 850.72411454841495 649.7577286157757 995.43092647753656 558.28453789651394 838.25134542584419 7703.9613938108087 5639.988188739866 384.30841230601072 4799.1100432947278 23.343454632908106 681.37852348387241 5699.9834220986813 694.17832506075501 2013.6721354890615 1908.6600331179798 5392.8911493755877 68.205746296793222 108.6817501783371 1067.2010098546743 836.57194226980209 117.17165922559798 3191.9002809952945 72.724483599886298 29.200983133167028 222.68012022227049 1637.5987929739058
leaf_count=48144 28 6364374 33803 18140 6030 14995 4200 8077 25716 25905 195237 3306 183232 195 19228 21835 18964 29591 46476 13032 791 2918 5342 15599 2835 19547 1081 514 1834 17930
internal_value=-0.00267156 -0.0478745 0.0990693 0.0529511 0.0159215 0.111496 0.0793132 0.0690195 0.00553143 0.0895526 -0.00945859 0.0244925 -0.0527174 -0.025465 0.0881048 0.0868362 0.0306907 0.0524598 0.041358 0.0944709 0.232944 0.137281 0.0785042 0.046123 0.0644011 0.0628919 0.0167727 -0.0462716 0.107716 0.0860638
internal_weight=253400 175451 77949.3 16551.2 12378.2 61398.1 10635.3 4000.35 5915.88 13746.6 8377.8 4493.83 163073 5709.92 881.609 9887.31 2737.81 2043.63 3655.57 13096.9 200.231 132.025 1451.51 3149.63 2313.05 4187.33 2204.06 4828.31 295.405 1754.77
internal_count=7148899 6865543 283356 195621 294291 87735 63722 50471 131899 53932 243820 83755 6571252 206878 23132 45582 48583 29619 58039 38937 3904 3113 8648 44441 28842 23747 49391 183746 2915 20765
is_linear=0
shrinkage=0.055


Tree=9
num_leaves=31
num_cat=0
split_feature=51 53 51 41 25 45 51 42 53 26 8 51 26 45 26 27 26 41 50 53 6 25 50 48 30 9 9 16 41 8
split_gain=343394 15668.4 12886.2 8196.12 6008.67 4179.42 2848.73 2229.61 2226.39 2078.64 1886.39 1842.14 1572.74 1425.01 1373.83 1821.07 1257.72 1800.08 1246.93 1241.3 1190.51 1165.32 904.952 1056.39 931.068 899.89 775.02 767.743 753.462 730.39
threshold=59.500000000000007 -0.03564068675041198 9.5000000000000018 -1.0000000180025095e-35 -12.566610813140867 0.79875358939170849 1704.5000000000002 -1.0000000180025095e-35 -0.051757156848907464 1053.5000000000002 3.113268375396729 173.50000000000003 251.50000000000003 0.85170143842697155 47.500000000000007 71.85980606079103 779.50000000000011 1.0000000180025095e-35 -1.0000000180025095e-35 -0.02343538403511047 -12.073047161102293 -13.469283103942869 -4.3781540393829337 269.50000000000006 0.63333335518836986 4.9158072471618661 4.9394338130950937 759.50000000000011 -1.0000000180025095e-35 1.8688348531723025
decision_type=2 2 2 2 2 2 2 2 2 2 2 2 2 2 2 2 2 2 2 2 2 2 2 2 2 2 2 2 2 2
left_child=2 8 18 -4 -5 -6 9 -7 -2 -3 12 16 26 -14 15 20 17 -10 21 -11 -13 -1 -18 -24 -25 -19 -9 -8 -23 -21
right_child=1 6 3 4 5 7 27 10 11 19 -12 14 13 -15 -16 -17 22 25 -20 29 -22 28 23 24 -26 -27 -28 -29 -30 -31
leaf_value=-0.01488693356418859 -0.053693293113815821 0.089514662310899967 -0.044329631304705831 -0.030100954977315981 -0.0079841718270910848 -0.051660937525617477 0.15820321617371294 0.0048371252455776531 -0.013817629333532597 -0.0028504865738114521 0.097283744890765828 0.66026322216339361 0.02907967291488199 0.07663566349899828 -0.042231027743131949 -0.025123059542283523 -0.017486611809357528 0.0036550601420993058 0.11769950330444698 -0.0046795576830609255 0.14925861791678874 0.035037408415076077 0.052330116979287931 0.1120868582187555 0.79703761995361555 0.26618957780241864 0.18145024683906871 -0.037720344289873677 0.10229353079102092 0.066492284402245999
leaf_weight=262.783487373963 143554.29066164792 1787.3291593994945 2066.7341263424605 1714.2593802176416 1656.2788809966296 365.67058452777565 57.342973507940769 89.675518890842795 226.47529798001051 2957.9060137756169 13815.994910880923 18.344825401902199 3136.9482987821102 4889.0905614700168 11907.273490343243 109.35031328164041 1874.9809301998466 51.43353852443397 20863.671630639583 566.43332222476602 44.071911981329322 519.12093604169786 147.14919366687536 16.132293289527301 6.9248196631669989 167.17851595580578 468.44916946813464 2212.8911418542266 30214.523194769397 1882.6624238807708
leaf_count=5025 6141042 20262 64941 44087 29254 6186 1242 693 6122 71455 50773 27 26371 16733 461084 4354 56684 1079 4932 6938 913 5052 3107 358 31 1857 1215 70571 28164 18732
internal_value=-0.0027349 -0.0474992 0.0909627 0.0610232 0.0693609 0.0763471 0.0212299 0.0824829 -0.0516135 0.0381751 0.0846837 -0.0311096 0.0643595 0.0580783 -0.0399868 0.112381 0.0119428 0.0951814 0.107237 0.0211373 0.337277 0.100177 -0.00636007 0.11321 0.423179 0.205885 0.153368 -0.0324348 0.101163 0.0500555
internal_weight=247651 167588 80063.2 28203.1 26136.4 24422.1 9464.57 22765.8 158124 7194.33 22400.2 14569.3 8584.16 8026.04 12079 171.767 2490.27 445.087 51860.1 5407 62.4167 30996.4 2045.19 170.206 23.0571 218.612 558.125 2270.23 30733.6 2449.1
internal_count=7149284 6865858 283426 240253 175312 131225 189200 101971 6676658 117387 95785 535616 45012 43104 466378 5294 69238 9058 43173 97125 940 38241 60180 3496 389 2936 1908 71813 33216 25670
is_linear=0
shrinkage=0.055


Tree=10
num_leaves=31
num_cat=0
split_feature=51 53 51 41 25 54 45 51 53 8 47 42 26 25 26 41 25 26 13 45 13 51 26 3 31 25 47 0 10 26
split_gain=310999 16679.7 11865.5 7261.45 4659.38 3364.3 3006.28 2005.98 1856.85 1721.29 1339.71 1176.1 1133.46 1083.46 1028.71 1444.68 1013.39 926.624 924.949 917.385 874.057 842.895 1521.72 1088.05 1264.63 1304.28 912.356 868.881 1052.26 791.68
threshold=59.500000000000007 -0.03564068675041198 9.5000000000000018 -1.0000000180025095e-35 -12.990560054779051 14.500000000000002 0.79784959554672252 666.50000000000011 -0.048757702112197869 3.113268375396729 -9.1985740661621076 -1.0000000180025095e-35 47.500000000000007 -8.4344043731689435 779.50000000000011 1.0000000180025095e-35 -9.6448721885681135 714.00000000000011 3.4811217784881596 0.84456300735473644 3.4811217784881596 103.50000000000001 4.5000000000000009 0.97368422150611889 3.1567740440368657 -9.6553335189819318 -13.546742439270018 0.64583334326744091 7.4963750839233407 128.00000000000003
decision_type=2 2 2 2 2 2 2 2 2 2 2 2 2 2 2 2 2 2 2 2 2 2 2 2 2 2 2 2 2 2
left_child=2 8 13 -4 -5 16 -6 29 21 17 12 -11 18 -1 15 -12 -3 -8 -10 -19 -17 22 -2 -24 26 -26 -25 -28 -29 -7
right_child=1 5 3 4 6 7 9 -9 10 11 14 -13 -14 -15 -16 20 -18 19 -20 -21 -22 -23 23 24 25 -27 27 28 -30 -31
leaf_value=0.088150410276157762 0.66697272007335928 0.02347135573904835 -0.045358670553708492 -0.030198290262564764 -0.0031696450251107325 0.16965188582494697 0.094509467302806099 -0.033698957991881565 -0.053046953646971186 -0.058641524336705372 0.0082447771601332574 0.087256407248591641 -0.04100772844218805 0.10517081479409009 -0.0061787346133910124 -0.049629481147863877 0.09239963894265478 0.018928557139677209 0.21231027678048439 0.060194095060878701 0.31180930953472374 -0.054036995713364726 -0.044538355842374325 -0.040826855250217828 -0.042720610608848283 0.5958080640852389 0.043072360652640827 -0.043398135552609553 0.48954683748795075 0.022924035170253699
leaf_weight=16738.455990532413 4.514389354735612 939.66309298947453 1983.8106171879917 1510.8476000912488 1628.8548371139914 109.91764250025153 1507.6997909415513 2851.2068956550211 64.006559107452631 165.82386528886855 200.29477869160473 14663.497059829533 9014.6535100582987 36570.295301184058 1521.7163316346705 23.474474610760808 2084.2006446383893 2382.8674264606088 93.086929371580482 5193.070615593344 100.84635800309479 135562.17974783294 3099.4441897850484 435.87003120034933 15.545367076992987 18.16003992035985 295.65830346941948 16.475197024643421 25.638343056663871 3646.9745306801051
leaf_count=22783 83 11428 65065 41971 28463 861 6540 95671 2168 3108 5665 52242 346110 20368 45758 470 9874 22676 1552 20143 436 6106890 135850 18469 647 277 11025 655 347 71246
internal_value=-0.00243292 -0.0471016 0.0844247 0.0561196 0.0635681 0.0230546 0.0691194 0.00105288 -0.0515924 0.0740431 -0.0298339 0.0856057 -0.0384353 0.0998353 0.0128827 0.100976 0.0710543 0.05513 0.105891 0.0472358 0.244282 -0.0533102 -0.0280831 -0.0297378 0.0270068 0.333835 0.0115813 0.0788191 0.298575 0.0274367
internal_weight=242469 160124 82345.2 29036.5 27052.7 9631.96 25541.8 6608.1 150492 23913 11018.1 14829.3 9171.75 53308.8 1846.33 324.616 3023.86 9083.64 157.093 7575.94 124.321 139473 3911.31 3906.79 807.347 33.7054 773.642 337.772 42.1135 3756.89
internal_count=7148841 6865482 283359 240208 175143 189080 133172 167778 6676402 104709 402159 55350 349830 43151 52329 6571 21302 49359 3720 42819 906 6274243 167353 167270 31420 924 30496 12027 1002 72107
is_linear=0
shrinkage=0.055


Tree=11
num_leaves=31
num_cat=0
split_feature=51 54 48 41 25 25 52 49 41 42 16 47 51 9 53 42 56 27 8 45 15 8 47 26 47 52 54 26 53 49
split_gain=276698 14113.4 12824.4 7499.27 4639.67 4049.84 2753.59 2280.92 2179.55 1742.08 1641.57 1973.66 1482.86 1393 1285.95 1145.85 1040.49 1031.75 1024.41 1006.25 967.093 1014.6 939.256 888.071 953.998 917.091 852.236 838.541 842.37 986.557
threshold=68.500000000000014 86.500000000000014 8.5000000000000018 -1.0000000180025095e-35 -12.566610813140867 -12.352816581726072 0.81721428036689769 4.8630323410034189 -1.0000000180025095e-35 -1.0000000180025095e-35 4140.5000000000009 -109.37746429443358 173.50000000000003 4.9212665557861337 -0.051757156848907464 1.0000000180025095e-35 -0.057861328124999993 13.728696823120119 3.979637980461121 0.83607271313667308 7.3718037605285653 3.6242519617080693 -8.020692825317381 37.500000000000007 -7.4499812126159659 0.80018281936645519 14.500000000000002 312.50000000000006 -0.027461975812911984 5.4728658199310312
decision_type=2 2 2 2 2 2 2 2 2 2 2 2 2 2 2 2 2 2 2 2 2 2 2 2 2 2 2 2 2 2
left_child=2 5 26 -4 -5 -2 7 -6 -7 -8 12 -12 -10 -14 -3 16 22 -15 27 -17 21 -9 -13 25 -25 -16 -1 -11 29 -29
right_child=1 14 3 4 6 8 9 20 10 18 11 15 13 17 23 19 -18 -19 -20 -21 -22 -23 -24 24 -26 -27 -28 28 -30 -31
leaf_value=0.098720403723680572 -0.042952093391668444 -0.053665700267577172 -0.045405565651604377 -0.021919380318519057 -0.029774189445717351 -0.043056089865997536 -0.051802670956006561 -0.031557350854831953 -0.056686799008662241 0.11859601860982635 -0.020791123260949059 -0.011679438122182313 -0.052734113345825936 0.22349165664024381 0.25681953866589158 0.36676332244568838 0.066994793557396487 0.5861452380032558 0.085592897337436816 0.083225896566999538 0.075282932609744072 0.068487524653575521 0.062232755484452569 -0.041969817425034722 0.0079483550641225465 -0.017781160744613334 0.081732542789536247 -0.025433984717600791 0.071969076137858037 0.051614217303011925
leaf_weight=38236.537630951032 3101.3547203745693 127178.31900133379 2268.3265508301556 2057.9980765208602 1552.2718398682773 1068.1743362173438 344.31247602775693 683.03746615163982 71.278085544705391 777.63779996335506 1501.391769176349 1656.4482976663858 43.896794645115733 179.75543620251119 58.507697634398937 34.385321564972401 1772.0497357156128 26.201047770678997 10265.634638318792 1489.3197582885623 1966.3013256993145 548.45722522772849 752.33515879325569 11068.176975978538 1291.7791250441223 86.033877169713378 11916.956305420026 546.92209113575518 7869.1249053068459 5855.9906444717199
leaf_count=16473 113179 6037024 79179 55223 33909 30350 5896 9590 1308 2093 45007 46037 1214 2369 1075 497 18931 368 28230 16236 13926 4554 8932 456810 38705 2918 21563 7172 18693 29769
internal_value=-0.00257922 -0.0471502 0.0769002 0.0512009 0.0579562 0.0108803 0.0633646 0.0248642 0.0303179 0.0704854 0.0407522 0.0352619 0.161521 0.223662 -0.0520097 0.0500199 0.0350657 0.282426 0.0721586 0.0908031 0.0513919 0.0130953 0.0114866 -0.0351525 -0.0367516 0.0982424 0.0946925 0.0629694 0.059898 0.0450182
internal_weight=236269 151379 84889.5 34736 32467.7 11696.6 30409.7 4750.07 8595.24 25659.6 7527.06 7205.93 321.131 249.853 139683 5704.54 4180.83 205.956 25315.3 1523.71 3197.8 1231.49 2408.78 12504.5 12360 144.542 50153.5 15049.7 14272 6402.91
internal_count=7147230 6820960 326270 288234 209055 284428 153832 61979 171249 91853 140899 135640 5259 3951 6536532 90633 73900 2737 85957 16733 28070 14144 54969 499508 495515 3993 38036 57727 55634 36941
is_linear=0
shrinkage=0.055


Tree=12
num_leaves=31
num_cat=0
split_feature=51 54 51 41 25 50 52 27 6 50 50 53 42 50 56 50 14 8 25 49 6 15 54 25 54 41 25 31 13 47
split_gain=250389 13437.6 12355.9 6297.41 3843.33 3604.86 2421.87 2015.33 2380.13 1545.28 1430.24 1311.03 1201.71 1177.72 1597.02 1143.55 1097.14 1060.86 1162.91 984.544 941.403 842.199 819.956 926.361 803.228 740.537 1060.12 876.285 736.712 714.078
threshold=68.500000000000014 86.500000000000014 9.5000000000000018 -1.0000000180025095e-35 -12.990560054779051 -8.3105449676513654 0.81769865751266491 80.468151092529311 -7.1922597885131827 -9.4043130874633771 -1.0000000180025095e-35 -0.050775676965713494 -1.0000000180025095e-35 -9.8043918609619123 -0.020263671874999997 -8.039669990539549 5.0139575004577646 2.8617925643920903 -7.0704395771026602 3.2608113288879399 -4.1557483673095694 7.3718037605285653 270.50000000000006 -10.462506294250487 1490.5000000000002 -1.0000000180025095e-35 -7.1750566959381095 2.0126758813858037 3.1567740440368657 -7.1276447772979727
decision_type=2 2 2 2 2 2 2 2 2 2 2 2 2 2 2 2 2 2 2 2 2 2 2 2 2 2 2 2 2 2
left_child=2 5 10 -4 -5 7 9 8 -2 -6 22 -3 -8 -13 -15 -16 -10 18 -14 -11 24 -22 23 -1 -21 -18 -27 29 -19 -28
right_child=1 11 3 4 6 -7 12 -9 16 19 -12 13 17 14 15 -17 25 28 -20 20 21 -23 -24 -25 -26 26 27 -29 -30 -31
leaf_value=0.035170890192216857 0.24662861838865272 -0.053433308173095016 -0.046104423600766414 -0.030368767154677088 -0.031474521919712534 0.063405199969359879 -0.040762432315078596 -0.045203430766964675 0.12216054844477764 -0.026329819697178673 0.098703407141437299 -0.043795683474641751 0.036108663535531986 -0.0084661514909311186 -0.045961828159613027 0.45346073997736036 -0.049018362776157162 0.040766908173344905 0.089953538795413512 0.023393127816445182 0.010088651591954104 0.074749730876267809 0.039835939090411616 0.084159518199329167 0.35887645289687242 -0.0030982183819972101 0.070636588155672531 -0.059021072384764846 0.077022547515265119 0.2549849243853079
leaf_weight=1225.0381948947906 121.58554079942405 121669.06162465923 2161.9404830038548 1652.5932124909014 1308.8275905959308 2853.0845197103918 330.16493725590408 2898.684793850407 229.28586897626519 560.62818207964301 21502.08393323794 8542.1387222707272 5903.4766981676221 2654.2767684869468 20.147566886618733 34.193970695137978 775.87256365455687 1954.629690611735 1527.9876896757632 36.542215952649713 1058.36364332214 1436.8821726124734 1456.956422502175 30096.944649003446 50.501405479386449 3990.142939671874 626.33075331896544 139.90906689688563 13759.047768000513 67.148956902325153
leaf_count=6713 646 6078683 79436 49587 33065 27096 5927 112613 3996 10003 4962 371057 29825 87390 549 281 25030 7889 4527 382 10303 9666 7215 24364 190 101032 10688 3133 42416 295
internal_value=-0.00260082 -0.0467969 0.0717003 0.0444306 0.0510544 0.00970231 0.0558772 -0.00763862 0.0106837 0.0186578 0.0876411 -0.0517712 0.0629299 -0.0337804 -0.00217302 0.280025 0.00555477 0.0644175 0.0472328 0.0395516 0.0538781 0.0473986 0.0803706 0.0822494 0.226957 0.000675244 0.00871102 0.0649332 0.0725271 0.0901844
internal_weight=230644 144622 86022.6 31741.6 29579.6 11702 27927.1 8848.96 5950.28 4451.75 54281 132920 23475.3 11250.8 2708.62 54.3415 5828.69 23145.1 7431.46 3142.92 2582.29 2495.25 32778.9 31322 87.0436 5599.4 4823.53 833.389 15713.7 693.48
internal_count=7148959 6822489 326470 283216 203780 284529 154193 257433 144820 63609 43254 6537960 90584 459277 88220 830 144174 84657 34352 30544 20541 19969 38292 31077 572 140178 115148 14116 50305 10983
is_linear=0
shrinkage=0.055


Tree=13
num_leaves=31
num_cat=0
split_feature=51 54 48 41 53 27 53 9 6 54 49 26 27 53 49 8 54 24 26 47 41 49 42 23 26 14 26 41 45 51
split_gain=229612 12255.9 12053.1 6527.92 2902.46 2563.73 1591.12 1569.46 1485.12 1412.63 1335.46 1320.13 1234.39 1152.21 1151.94 1138.81 999.799 984.178 954.344 957.698 903.299 890.417 880.852 857.124 1180.07 800.849 761.569 793.518 782.902 988.699
threshold=77.500000000000014 74.500000000000014 8.5000000000000018 -1.0000000180025095e-35 -0.060545921325683587 102.68951797485353 -0.050775676965713494 4.6007614135742196 -6.5817322731018058 14.500000000000002 7.2649135589599618 9.5000000000000018 80.468151092529311 -0.027461975812911984 4.8630323410034189 5.6818761825561532 7.5000000000000009 -0.065636046230792985 779.50000000000011 -11.040486812591551 1.0000000180025095e-35 -2.0334631204605098 -1.0000000180025095e-35 6.5000000000000009 2347.0000000000005 4.7916412353515634 158.50000000000003 1.0000000180025095e-35 0.85321214795112621 9.5000000000000018
decision_type=2 2 2 2 2 2 2 2 2 2 2 2 2 2 2 2 2 2 2 2 2 2 2 2 2 2 2 2 2 2
left_child=2 5 16 -4 10 8 -3 -6 -2 -10 23 21 22 -14 -13 -16 -1 -12 19 -11 -21 -8 -9 -5 -25 -20 -24 28 29 -28
right_child=1 6 3 4 7 -7 11 12 9 18 17 14 13 -15 15 -17 -18 -19 25 20 -22 -23 26 24 -26 -27 27 -29 -30 -31
leaf_value=0.089910922065837076 0.1904396755060303 -0.053454620573248304 -0.044502662069246413 -0.028341316576283783 0.016752875876530651 -0.038321150730191607 0.036150071202373228 -0.045590224549974842 0.056094742088776316 -0.0075390219658458919 0.0050641033885394744 -0.040314760151338995 -0.017479504410123227 0.075038639415535707 -0.0014351715394478218 0.19833935082825507 0.073739358839177538 0.07341208497612238 0.17854371920336565 0.02740743950120187 0.19084740233962952 0.47838799613358424 0.1193007052582193 0.46057866509253614 0.0047709400293189271 -0.0079774993080599012 0.076512487548127325 0.069083059380454656 0.068846464399809765 0.020965722380680687
leaf_weight=32882.002024427056 160.98222509026527 115407.07222472876 2406.1736413836479 2147.9934845529497 2882.8884334675968 2324.3367506880313 32.746784031391144 222.58264127001166 2652.9528409037739 324.81514754518867 1397.0649769082665 9954.7331384215504 1153.8861135691404 623.09223916381598 1510.2702422849834 86.545219695195556 18156.311149369925 1168.1312815435231 65.893194254487753 186.68142790347338 226.58989034034312 19.954192081466317 719.59870821610093 20.938047314062715 51.21257259324193 3924.5523115359247 1287.4291552975774 16029.375752847642 3389.6403142157942 3903.9881869889796
leaf_count=11784 1161 6068802 94055 63938 19543 89095 911 3801 16459 8679 22602 431390 27385 5518 48985 2502 26292 8037 1337 2867 1287 70 1622 187 1280 106697 1473 47831 7264 26928
internal_value=-0.00228572 -0.0469147 0.0667832 0.0430563 0.0490817 0.0121273 -0.0515016 0.0553845 0.027689 0.0240131 0.00927246 -0.0320641 0.0594557 0.0150812 -0.0333613 0.00997765 0.0841659 0.0362705 0.00597331 0.0632031 0.118229 0.230539 0.0625381 -0.0219329 0.158323 -0.00467794 0.063497 0.0618415 0.0482818 0.0348012
internal_weight=225320 136878 88442.3 37404 34997.8 9866.8 127011 30212.5 7542.47 7381.48 4785.34 11604.2 27329.6 1776.98 11551.5 1596.82 51038.3 2565.2 4728.53 738.086 413.271 52.701 25552.6 2220.14 72.1506 3990.45 25330 24610.4 8581.06 5191.42
internal_count=7149782 6780242 369540 331464 237409 227582 6552660 141365 138487 137326 96044 483858 121822 32903 482877 51487 38076 30639 120867 12833 4154 981 88919 65405 1467 108034 85118 83496 35665 28401
is_linear=0
shrinkage=0.055


Tree=14
num_leaves=31
num_cat=0
split_feature=51 51 53 41 50 25 45 54 50 50 55 42 26 8 26 26 47 48 53 26 27 50 50 50 51 32 15 50 8 45
split_gain=208570 11422.5 11406.9 5858.25 3597.63 3512.59 2545.68 1753.32 1571.5 1333.43 1311.04 1123.97 1031.5 1205.38 1007.14 878.032 867.274 796.32 783.463 1467.95 2494.19 1024.41 1186.43 939.226 793.613 851.897 713.002 925.004 1170.9 909.081
threshold=77.500000000000014 9.5000000000000018 -0.043943494558334344 -1.0000000180025095e-35 -8.3105449676513654 -12.990560054779051 0.81836947798728954 27.500000000000004 -1.0000000180025095e-35 -9.4043130874633771 0.85815429687500011 -1.0000000180025095e-35 251.50000000000003 2.6735538244247441 4.5000000000000009 4076.5000000000005 -13.351615428924559 167.50000000000003 -0.058592796325683587 24.500000000000004 80.468151092529311 -108.9888458251953 -15.202829360961912 -14.173061847686766 190.50000000000003 3.9219243526458745 7.766205072402955 -7.5096962451934806 5.6818761825561532 0.84744125604629528
decision_type=2 2 2 2 2 2 2 2 2 2 2 2 2 2 2 2 2 2 2 2 2 2 2 2 2 2 2 2 2 2
left_child=1 8 18 -3 7 14 9 -4 -1 -7 -6 -8 -13 -14 -5 -12 -11 -9 -2 20 21 -20 -23 -22 25 26 -21 28 -28 -29
right_child=2 3 4 5 10 6 11 17 -10 16 15 12 13 -15 -16 -17 -18 -19 19 24 23 22 -24 -25 -26 -27 27 29 -30 -31
leaf_value=0.070879371775065286 -0.053779500187948276 -0.046612018164528639 0.020257593777887967 0.4347179917092503 0.023249228983082182 -0.034735845840415745 -0.041744445999498267 0.017320442905261614 0.090098138963840654 0.1092772949376771 0.13147664666211342 0.10436798049565647 0.034040521061913014 0.061517879131797459 -0.034181514295640369 0.038006691771142138 0.019676800732523651 -0.03719451982262114 -0.03637205494618645 -0.031263048365518346 -0.053836185632019855 0.86963278801344324 0.13837094594790997 0.41288568532986814 -0.046826898260182076 0.28894958932907838 -0.042228082619764434 0.061579061538463285 0.27595514172529739 0.39743100153702393
leaf_weight=32839.12585112825 103414.91254483536 2306.4318358451128 2844.976909680292 8.986163988709448 2481.0535370465368 1368.2517015393823 353.78871012665331 922.09345726296306 21384.704200420529 364.80561131425202 723.55679712072015 1293.6622644327581 6698.8914600647986 17516.606601627544 1786.5839354433119 531.15465245395899 2845.9043313395232 6543.0981510709971 8.5364887975156289 1291.4601951278746 113.96123272366822 16.664866670966148 12.939524047076704 9.6494145281612855 11368.242816703394 24.018012536689639 249.81959300301969 67.125856263563037 35.55375543050468 35.463227767497301
leaf_count=38238 5723906 94606 41559 95 45794 39129 7114 23767 4970 2828 2772 3171 33591 59332 56905 4219 30207 272006 308 56361 5706 173 154 195 586184 438 11838 2478 1299 459
internal_value=-0.00233863 0.0627187 -0.0465264 0.0379915 0.000299089 0.0440507 0.0484602 -0.0164575 0.0784664 0.0106473 0.0465051 0.0551515 0.0565033 0.0539252 -0.0306342 0.0922161 0.0300114 -0.0304538 -0.0521645 -0.0395283 0.122785 0.482847 0.616187 -0.00276715 -0.0415829 -0.00655176 -0.011623 0.0533213 0.00148249 0.190752
internal_weight=219462 88767.7 130694 34543.9 14045.9 32237.5 30441.9 10310.2 54223.8 4578.96 3735.76 25862.9 25509.2 24215.5 1795.57 1254.71 3210.71 7465.19 116648 13233.4 161.752 38.1409 29.6044 123.611 13071.7 1703.44 1679.42 387.962 285.373 102.589
internal_count=7149802 370186 6779616 326978 390117 232372 175372 337332 43208 72164 52785 103208 96094 92923 57000 6991 33035 295773 6389499 665593 6536 635 327 5901 659057 72873 72435 16074 13137 2937
is_linear=0
shrinkage=0.055


Tree=15
num_leaves=31
num_cat=0
split_feature=51 53 48 41 50 25 45 42 54 57 50 41 9 26 25 41 49 52 15 26 50 53 26 27 6 48 7 49 13 52
split_gain=190117 10764.3 10376.9 5101.27 2866.47 2668.79 1680.78 1373.82 1366.75 1346.48 1247.61 1205.07 1085.75 993.871 914.998 870.777 840.247 831.147 815.461 764.76 726.602 719.277 1319.43 1455.22 844.429 707.625 705.227 701.041 682.331 726.124
threshold=77.500000000000014 -0.043943494558334344 8.5000000000000018 -1.0000000180025095e-35 -8.9837465286254865 -12.566610813140867 0.79962685704231273 -1.0000000180025095e-35 40.500000000000007 19.500000000000004 -1.0000000180025095e-35 -1.0000000180025095e-35 4.6007614135742196 2259.5000000000005 -5.8414266109466544 -1.0000000180025095e-35 3.6251385211944585 0.82165610790252697 7.2940375804901132 1627.0000000000002 -13.492255210876463 -0.058592796325683587 30.500000000000004 80.468151092529311 -8.5349602699279767 995.50000000000011 2.6649526357650761 -0.37724784016609186 2.9700856208801274 0.85059836506843578
decision_type=2 2 2 2 2 2 2 2 2 2 2 2 2 2 2 2 2 2 2 2 2 2 2 2 2 2 2 2 2 2
left_child=2 21 10 -4 8 9 16 -8 14 17 15 -6 -9 25 -3 -1 -7 20 -18 -14 -5 -2 23 24 -23 -13 -15 -25 -21 -30
right_child=1 4 3 5 11 6 7 12 -10 -11 -12 13 19 26 -16 -17 18 -19 -20 28 -22 22 -24 27 -26 -27 -28 -29 29 -31
leaf_value=0.0043335209776635122 -0.05365569146771703 0.0043248834303561854 -0.043351434980661803 -0.045247860609948391 -0.045016533444012297 -0.045746716684638221 -0.0521495179963457 0.018632362835418918 -0.033307309012528812 -0.036531124387906122 0.086162496320793938 0.063188796706791492 0.070369106995866987 0.047767891277237504 0.1497543624236988 0.069772038772633591 -0.02876363768565502 0.035001508888517122 0.054115312241082347 0.018306426936106828 0.33047208485098728 0.43140225859304732 -0.042042144056953328 -0.054054237479343376 0.045962318355033852 0.16375398765741231 -0.013438547007862196 0.3019560979065023 0.039223245505989469 0.060883361627524911
leaf_weight=629.00675116479397 98175.320526316762 3270.3656899407506 2218.8981174342334 19.553441109135747 492.61441054753959 768.64827679470181 392.54422594793141 2872.1315419245511 6126.0861842595041 1793.959813227877 20156.05011254549 1318.6301753502339 6740.9783851485699 1417.8978044241667 131.34317750297487 29319.870312064886 556.48639170266688 311.58406083844602 994.74823063239455 1985.7754259891808 54.868623495101929 42.39413239993155 12514.09236542508 127.64311094209552 29.04608978703618 251.39982041716576 946.43340977281332 14.151542991399763 7866.0777636915445 11728.156310532242
leaf_count=5781 5723185 62488 94053 701 13566 23323 8508 17033 260762 55581 4570 11671 22164 20311 526 27672 10503 6266 10525 9360 468 204 657913 6641 632 2263 18714 305 46472 26634
internal_value=-0.0026334 -0.0463299 0.0590767 0.0375182 -0.000803685 0.0424962 0.0462886 0.0496068 -0.017794 -0.0164594 0.0755525 0.0357419 0.0508955 0.0458978 0.0101516 0.0683986 0.00110088 0.0760981 0.0243866 0.0541635 0.235123 -0.0520581 -0.0397182 0.0945027 0.287948 0.0797604 0.0232905 -0.00944855 0.0490863 0.0522002
internal_weight=213267 124857 88409.3 38304.4 13954.8 36085.5 33905.5 31585.7 9527.8 2179.97 50104.9 4426.98 31193.1 3934.36 3401.71 29948.9 2319.88 386.006 1551.23 28321 74.4221 110903 12727.3 213.235 71.4402 1570.03 2364.33 141.795 21580 19594.2
internal_count=7148795 6779181 369614 331591 390301 237538 174522 130171 323776 63016 38023 66525 121663 52959 63014 33453 44351 7435 21028 104630 1169 6388880 665695 7782 836 13934 39025 6946 82466 73106
is_linear=0
shrinkage=0.055


Tree=16
num_leaves=31
num_cat=0
split_feature=51 53 51 41 50 25 45 54 50 42 8 26 50 57 25 54 57 54 31 27 7 46 29 26 25 6 27 25 50 57
split_gain=174016 11345.8 10070.3 4631.49 2769.78 2318.75 1765.34 1764.31 1518.69 1168.8 1025.98 986.981 1073.62 848.778 809.222 894.601 794.359 1108.79 778.254 776.715 728.419 798.675 716.122 714.945 4302.53 4365.29 3275.59 1091.53 975.595 924.092
threshold=77.500000000000014 -0.043943494558334344 9.5000000000000018 -1.0000000180025095e-35 -8.039669990539549 -12.566610813140867 0.79784959554672252 27.500000000000004 -1.0000000180025095e-35 -1.0000000180025095e-35 3.7726949453353886 128.00000000000003 -11.625393390655516 19.500000000000004 -9.9711747169494611 276.50000000000006 233.50000000000003 159.50000000000003 2.0126758813858037 923.63937377929699 2.3661475181579594 7.7517473697662362 1.0000000180025095e-35 24.500000000000004 -13.249439239501951 -12.073047161102293 47.54980659484864 -11.234835624694822 -16.713972091674801 45.500000000000007
decision_type=2 2 2 2 2 2 2 2 2 2 2 2 2 2 2 2 2 2 2 2 2 2 2 2 2 2 2 2 2 2
left_child=2 23 8 -4 7 13 18 22 14 -8 11 -11 -13 -5 -1 -16 17 -6 -7 -19 21 -18 -3 24 28 26 -26 -28 -2 -27
right_child=1 4 3 5 16 6 9 -9 -10 10 -12 12 -14 -15 15 -17 20 19 -20 -21 -22 -23 -24 -25 25 29 27 -29 -30 -31
leaf_value=0.034512596413758138 -0.049166998017212811 0.04005379107184049 -0.045541434239578744 0.060064076990287006 0.068128633848891562 -0.026144987215215111 -0.050928739817314099 -0.028156817196630969 0.0829104915719652 0.10573050557448996 0.05795416405896469 -0.018049481243280239 0.038421586259846173 -0.036247639445354127 0.068349105184575584 0.021811874414107067 0.034510443515777173 0.4075342196340368 0.059339319746011206 -0.043988571116856383 -0.0094704738215819085 0.15183141512455203 -0.016214058851742902 -0.052219171616218675 1.2460080720532605 0.46305809819746507 -0.043573912663280555 0.48468004848030782 0.25484018861533858 -0.024362808375902736
leaf_weight=2638.7391583733261 1817.1848626490682 2064.3282796666026 2114.072196289897 329.0372282192111 977.67991366237402 1558.5243703313172 372.6241240799427 7270.2417445983738 20537.798030246049 605.7156043741852 13151.261040171608 1095.1170973032713 14049.80615853332 1617.5538117103279 29303.462269112468 1311.2912464030087 1358.5031679216772 44.865275118499994 400.84883570298553 13.80672876164317 1043.2324064262211 197.6481054648757 1018.8221186194569 103454.17691598088 12.939476033672689 8.2067887727171165 16.3403509221971 31.626491213217381 27.609567487612367 104.34034371003509
leaf_count=9878 110139 25660 94392 6681 4651 35075 8621 300385 4934 1439 44936 14272 60595 53182 23145 5262 19878 153 7271 242 20769 1953 16735 6270678 165 105 923 396 884 5027
internal_value=-0.00202902 -0.0454138 0.056148 0.033312 0.00112732 0.0383422 0.0419719 -0.0133769 0.0711271 0.0453543 0.0466042 0.037112 0.0343336 -0.0198556 0.0638381 0.0663597 0.0423924 0.0830105 -0.00855007 0.306171 0.02607 0.04985 0.021464 -0.0515865 -0.0191052 0.238867 0.594404 0.3176 -0.0439406 0.0293642
internal_weight=208547 119462 89085.9 35294.6 13989.1 33180.5 31233.9 10353.4 53791.3 29274.5 28901.9 15750.6 15144.9 1946.59 33253.5 30614.8 3635.74 1036.35 1959.37 58.672 2599.38 1556.15 3083.15 105472 2018.25 173.453 60.9063 47.9668 1844.79 112.547
internal_count=7148426 6778743 369683 326464 390426 232072 172209 342780 43219 129863 121242 76306 74867 59863 38285 28407 47646 5046 42346 395 42600 21831 42395 6388317 117639 6616 1484 1319 111023 5132
is_linear=0
shrinkage=0.055


Tree=17
num_leaves=31
num_cat=0
split_feature=51 53 51 41 50 25 55 3 50 54 25 49 6 56 14 41 49 54 53 26 51 27 8 26 57 32 41 57 7 14
split_gain=156579 10897.1 9858.62 4162.13 2438.07 2225.68 1773.49 2294.7 1632.03 1472.4 1224.66 934.999 902.889 902.842 866.797 819.603 785.145 760.518 750.718 960.761 803.336 777.043 728.781 725.458 710.111 700.414 671.85 662.854 648.166 636.028
threshold=77.500000000000014 -0.043943494558334344 9.5000000000000018 -1.0000000180025095e-35 -8.039669990539549 -12.990560054779051 0.83422851562500011 0.97368422150611889 -1.0000000180025095e-35 119.50000000000001 -12.352816581726072 5.1518654823303232 -7.4707930088043204 -1.0000000180025095e-35 6.105907917022706 -1.0000000180025095e-35 -2.3433179855346675 7.5000000000000009 -0.057615071535110467 30.500000000000004 190.50000000000003 80.468151092529311 3.7256208658218388 2259.5000000000005 6.5000000000000009 3.9219243526458745 -1.0000000180025095e-35 19.500000000000004 2.2996544837951665 5.0139575004577646
decision_type=2 2 2 2 2 2 2 2 2 2 2 2 2 2 2 2 2 2 2 2 2 2 2 2 2 2 2 2 2 2
left_child=2 18 8 -4 9 27 7 11 17 10 -3 -7 -12 -11 -13 -6 -14 -1 -2 21 25 -20 -16 -17 -8 -21 -18 -5 -25 -28
right_child=1 4 3 5 15 6 24 -9 -10 13 12 14 16 -15 22 23 26 -19 19 20 -22 -23 -24 28 -26 -27 29 -29 -30 -31
leaf_value=0.068346426783734815 -0.053095506849575237 -0.039286612944259669 -0.046598280587210598 0.044046731509880879 -0.040004375649503196 -0.025682146210627959 0.099552681206834887 0.044888151222362137 0.079835209090068984 -0.045657597788277146 0.19019091337692964 -0.03410928369788116 -0.026317166843880562 0.36652771939393453 0.0045901249870866538 0.077276987201030198 -0.03740317633988878 0.051517335478159426 0.16710813834263025 -0.0078190418108012028 -0.046212444991080036 -0.028043766063288029 0.047716378228579201 0.058483392442866558 0.048612674986845641 0.25070551407043445 0.14671043329190023 -0.043561431958151757 -0.0036148857187356352 0.027314413105317438
leaf_weight=16253.263355914503 89545.430220818147 1712.2416457310319 2022.1568805500865 318.41336160339415 362.97214973904192 2276.3512235153466 880.46755448542535 8771.5096605662256 20102.596955511719 3293.1660761572421 81.848240479826927 874.80955322086811 1257.2039947155863 11.21046322211623 2465.5892886351794 1377.6598381437361 472.33123474940658 16483.331868426874 118.81463793851435 1416.4819501731545 9139.5005691722035 120.61631406843662 2279.8767768833786 953.44660179130733 14040.133540624753 27.424732211977243 136.27989779785275 1366.9971203822643 1081.805645685643 3209.8698642514646
leaf_count=10056 5778235 68368 94410 6598 9796 46687 912 46375 4936 158697 320 9180 41195 225 22609 9289 13935 28161 787 66909 537621 6108 13635 11137 35362 418 1417 50277 17359 58638
internal_value=-0.00263962 -0.045109 0.0524457 0.0299328 0.000439152 0.0345901 0.0378762 0.0255338 0.0674799 -0.0135692 0.000948587 0.00402027 0.0143313 -0.0437076 0.0160626 0.0381529 0.0113111 0.0598819 -0.0514393 -0.0377183 -0.0401926 0.0702353 0.0253378 0.0465115 0.051651 -0.00206057 0.0237181 -0.0269289 0.0255481 0.0323887
internal_weight=202454 114318 88135.5 35296.3 13950 33274.1 31588.7 16668.1 52839.2 10174.2 6869.77 7896.63 5157.53 3304.38 5620.28 3775.88 5075.68 32736.6 100368 10822.8 10583.4 239.431 4745.47 3412.91 14920.6 1443.91 3818.48 1685.41 2035.25 3346.15
internal_count=7149652 6780454 369198 326045 390376 231635 174760 138486 43153 342795 183873 92111 115505 158922 45424 47581 115185 38217 6390078 611843 604948 6895 36244 37785 36274 67327 73990 56875 28496 60055
is_linear=0
shrinkage=0.055


Tree=18
num_leaves=31
num_cat=0
split_feature=51 54 48 41 25 50 57 54 53 8 50 50 46 25 16 53 27 25 25 25 57 32 25 10 57 55 41 48 8 28
split_gain=145851 10328.7 8747.25 3808.64 2145.88 1855.3 1545.48 1520.95 1459.82 1348.99 1333.43 1211.68 1049.49 1207.56 908.249 985.32 862.635 726.224 721.085 824.594 907.112 718.386 695.175 705.47 1011.57 713.785 689.766 684.905 664.277 994.323
threshold=77.500000000000014 86.500000000000014 8.5000000000000018 -1.0000000180025095e-35 -12.566610813140867 -10.343842029571531 236.50000000000003 67.500000000000014 -0.051757156848907464 0.89587974548339855 -1.0000000180025095e-35 -7.0825421810150138 7.7517473697662362 -6.4669036865234366 4140.5000000000009 -0.033201396465301507 192.54944610595706 -10.462506294250487 -17.862618446350094 -11.234835624694822 35.500000000000007 1.8688348531723025 -8.696952819824217 0.89587974548339855 22.500000000000004 0.90209960937500011 -1.0000000180025095e-35 25.500000000000004 3.8815107345581059 96.500000000000014
decision_type=2 2 2 2 2 2 2 2 2 2 2 2 2 2 2 2 2 2 2 2 2 2 2 2 2 2 2 2 2 2
left_child=2 4 10 -4 -2 7 14 16 -3 27 17 -10 13 -8 15 21 28 -1 -11 20 -20 -6 23 -16 -25 -26 -19 -7 29 -5
right_child=1 8 3 5 6 9 12 -9 11 18 -12 -13 -14 -15 22 -17 -18 26 19 -21 -22 -23 -24 24 25 -27 -28 -29 -30 -31
leaf_value=0.014427047004309936 -0.040170034014493032 -0.052609543921103306 -0.043258188917394406 0.095754742998528292 0.46012737884173255 0.023529779905077035 -0.014142999271497848 -0.031834462831585579 -0.037488889750193648 0.27643349835102493 0.077241098749643688 0.02121172773073449 0.081973478682739243 0.061365915995764887 0.12342418947465664 0.087852263122726121 -0.048888460129455066 0.0024672769574299253 0.067209992467073931 0.045080457438784971 -0.0087621192113962187 -0.038742538780362358 0.086290068307107101 0.098721348511592352 -0.024197349204266985 0.14847184041596179 0.061522772184284986 -0.041737313609873712 0.068796215090165633 -0.011315212461908768
leaf_weight=1090.0695496406406 2349.1295712739229 88492.170311044902 1974.7786146262661 339.16115655563772 40.074022073298693 1146.0876573435962 4600.3118972508237 2085.147925619036 8705.5679120291024 35.053303075954318 19171.668914584443 1208.427226504311 466.31801373697817 739.21891885250807 186.22174218203872 143.1872831620276 373.9674178827554 611.89038980565965 644.10152259282768 28074.469991879538 1773.4172378592193 9.9164841007441265 809.9996551591903 308.02965952455997 1080.3090624017641 72.629875531420112 27768.291903845966 837.30397022515535 1263.9872386492789 1100.5797534622252
leaf_count=4521 108048 6007953 94337 2336 478 4458 127509 65575 461094 370 4543 33950 5863 8000 1831 865 11648 5291 4625 98016 26286 258 2496 1904 18304 386 23663 10039 5467 8602
internal_value=-0.00226609 -0.0447618 0.0502991 0.0311179 0.00627936 0.0350218 0.0191991 0.00438884 -0.0503663 0.0398851 0.0659289 -0.0303267 0.0032994 -0.00364171 0.0539568 0.167428 0.0289421 0.058558 0.0427404 0.0424264 0.0115761 0.366643 0.0447141 0.0240701 0.0110282 -0.0127258 0.0602502 -0.00405889 0.0397776 0.0141515
internal_weight=197501 109212 88290 39648.1 10805.3 37673.3 8456.22 5162.84 98406.2 32510.4 48641.9 9914 5805.85 5339.53 2650.37 193.178 3077.7 29470.3 30527 30492 2417.52 49.9905 2457.19 1647.19 1460.97 1152.94 28380.2 1983.39 2703.73 1439.74
internal_count=7148716 6778939 369777 331759 275942 237422 167894 93628 6502997 143794 38018 495044 141372 135509 26522 1601 28053 33475 129297 128927 30911 736 24921 22425 20594 18690 28954 14497 16405 10938
is_linear=0
shrinkage=0.055


Tree=19
num_leaves=31
num_cat=0
split_feature=51 51 54 53 27 50 27 41 42 26 50 3 46 53 22 3 10 9 14 31 26 35 23 26 41 23 46 49 53 26
split_gain=132852 10541.4 8267.42 4477.01 1789.66 1634.56 1599.99 1451.69 1138.09 1100.64 1060.58 2066.22 1680.46 1251.68 1188.67 1039.37 978.567 921.501 901.959 898.404 1137.73 864.037 854.673 842.138 819.707 819.51 1136.61 769.272 756.58 731.426
threshold=103.50000000000001 9.5000000000000018 99.500000000000014 -0.06640529632568358 102.68951797485353 -1.0000000180025095e-35 52.32982254028321 -1.0000000180025095e-35 -1.0000000180025095e-35 1627.0000000000002 -7.0825421810150138 0.86190477013587963 1.4640176296234133 -0.047663778066635125 3.5114340782165532 0.97368422150611889 5.7054464817047128 4.6007614135742196 5.0139575004577646 1.0000000180025095e-35 2136.5000000000005 2.3502402305603032 4.5000000000000009 206.00000000000003 1.0000000180025095e-35 6.5000000000000009 4.6248388290405282 8.9676342010498065 -0.048757702112197869 4.5000000000000009
decision_type=2 2 2 2 2 2 2 2 2 2 2 2 2 2 2 2 2 2 2 2 2 2 2 2 2 2 2 2 2 2
left_child=1 5 4 15 7 28 8 -2 -5 -9 -4 -12 13 14 16 -3 -13 -10 -11 20 -18 -21 29 -19 27 -17 -27 -25 -1 -8
right_child=2 3 10 6 -6 -7 22 9 17 18 11 12 -14 -15 -16 25 19 23 -20 21 -22 -23 -24 24 -26 26 -28 -29 -30 -31
leaf_value=0.029187230575015054 -0.05088824259905949 -0.033068687934185777 -0.051995686381394471 -0.037791922925643304 -0.039087028627034004 0.074707691998737114 0.31293777629057601 0.053894924784587822 0.008057721847670625 0.12180926736809451 -0.039481948408940558 -0.038536669896416867 -0.003507098842550915 0.072454191973500698 -0.044448161239179301 0.0096513479456394116 0.94325802888720278 0.084464332819411028 0.0020862844093117246 -0.042652532389526286 0.16791102012375292 0.46050958764730221 0.03646919215493425 0.0073451867638530026 0.045484834481299925 0.3215868589498353 -0.056451426788964303 0.039202406809278716 0.057338347900357092 -0.035447875028230366
leaf_weight=3222.3735772874206 917.02419805061072 4440.96105915308 87876.609507564455 622.35441626235843 2545.0910247946158 19575.892713315785 13.46839211694896 2273.4787133587524 2976.944296955131 193.87091441452503 2593.1353602129966 10.944625962525604 307.83808145858347 121.45191025733948 18.844228958711028 1305.6387197216973 18.392266971990466 1244.9076893888414 4448.5741679584607 15.803314542397855 10.969954935833814 21.051945926621556 812.49243758432567 4126.9067062996328 16623.078098432161 55.841445664875209 37.637501519173384 5162.4849574621767 29250.630408015102 1705.4300132393837
leaf_count=11439 34483 189530 6170567 19525 126714 4957 51 31622 22057 3152 159079 587 11021 2175 960 30839 506 4460 112508 842 448 604 8407 48134 58511 626 700 18224 26773 50130
internal_value=-0.00224702 0.0459235 -0.0455728 0.02435 0.000935999 0.0621377 0.032142 0.013957 0.0356009 0.0225857 -0.0508769 -0.0193161 0.0796665 0.194841 0.338415 -0.0200534 0.428931 0.0371227 0.00721165 0.503477 0.720165 0.265435 -0.00987165 0.0403067 0.0381693 0.0212292 0.174239 0.0250611 0.0545498 -0.0318184
internal_weight=192550 91177 101373 39128.1 10378 52048.9 33288.1 7832.95 30756.7 6915.92 90995 3118.43 525.296 217.458 96.0063 5840.08 77.1621 30134.3 4642.45 66.2175 29.3622 36.8553 2531.39 27157.4 25912.5 1399.12 93.4789 9289.39 32473 1718.9
internal_count=7149631 494363 6655268 451194 308479 43169 229499 181765 170911 147282 6346789 176222 17143 6122 3947 221695 2987 151386 115660 2400 954 1446 58588 129329 124869 32165 1326 66358 38212 50181
is_linear=0
shrinkage=0.055


Tree=20
num_leaves=31
num_cat=0
split_feature=51 51 53 53 50 50 25 55 49 54 3 26 25 6 54 50 27 16 48 54 15 54 31 51 23 57 30 26 42 29
split_gain=121471 9849.3 8917.24 3599.38 1966.59 1659.31 1517.9 1555.52 1279.69 1145.22 970.639 891.048 4405.07 2646.61 1714.31 1595.92 1525.86 843.398 807.173 794.396 791.309 788.355 771.862 746.044 720.338 1770.7 956.695 705.445 686.946 665.199
threshold=103.50000000000001 9.5000000000000018 -0.043943494558334344 -0.06640529632568358 -9.8043918609619123 -1.0000000180025095e-35 -13.469283103942869 0.83422851562500011 4.8630323410034189 27.500000000000004 0.97368422150611889 30.500000000000004 -13.249439239501951 -8.8804230690002424 758.50000000000011 -115.12104034423827 231.78370666503909 759.50000000000011 33.500000000000007 80.500000000000014 7.2769021987915048 14.500000000000002 3.0677825212478642 42.500000000000007 6.5000000000000009 67.500000000000014 0.21111111342906955 1127.5000000000002 -1.0000000180025095e-35 0.46428571641445165
decision_type=2 2 2 2 2 2 2 2 2 2 2 2 2 2 2 2 2 2 2 2 2 2 2 2 2 2 2 2 2 2
left_child=1 5 11 8 9 21 -5 10 -3 -4 -8 12 24 14 -14 -16 20 19 -19 -11 -17 -1 23 -10 -2 26 -26 -9 -6 -24
right_child=2 3 4 6 28 -7 7 27 22 17 -12 -13 13 -15 15 16 -18 18 -20 -21 -22 -23 29 -25 25 -27 -28 -29 -30 -31
leaf_value=0.058618454037469035 -0.052502614730830559 -0.046516253303123131 0.015389738943194077 -0.02806733438032584 -0.059212322459396845 0.072467093976222668 0.005546810449929644 0.067367837174929557 0.019113254358478861 0.23644711926423562 0.032681884591200867 -0.051755726794861137 0.20554390958119242 0.0010327079029784484 -0.035294511757200296 1.0670606022048972 -0.029908637010777454 0.34118279285030456 -0.035873733568836066 -0.050857783834209767 0.22725036901925511 0.040796909820825789 -0.053550642766893537 -0.037659504252688908 0.14208766283777594 -0.050933920344985957 0.92188171233949379 0.038598580473010111 0.033758554378226814 0.20085267857149763
leaf_weight=20404.177390985191 1704.8570929197595 2503.9944745283574 2252.5194178596139 1304.5755292894319 250.37672604247928 19217.502625990659 7407.37511663232 3214.5074480408803 2063.1976720634848 63.148301478475332 8638.8665282325819 82939.100762456656 91.985920962877572 112.32282671891153 8.4942585751414281 21.679173586890105 5.7390311816707245 12.273935016244648 5172.9520551674068 48.220513749867678 7.6067593283951274 11980.781933512539 41.285845492035151 1053.5477550495416 12.956395913846793 52.876226518303156 5.4112521894276133 13243.888507180847 4238.6353375948966 102.12136437278241
leaf_count=15027 125679 137016 34206 47329 6589 4957 91722 7776 28780 1467 45590 6144093 1047 5797 544 372 372 222 258665 2579 243 23192 1372 53249 583 3983 205 37071 68239 1511
internal_value=-0.00175849 0.0438191 -0.0445991 0.0231725 -0.000296595 0.0596491 0.030021 0.0323563 -0.016988 -0.0174355 0.0201612 -0.0508757 -0.0147757 0.200103 0.359208 0.629353 0.774816 -0.0313966 -0.0346534 0.115209 0.913879 0.0520327 0.00572793 -0.000107118 -0.0452363 0.120685 0.519921 0.0442363 0.028513 0.128275
internal_weight=188177 91175.8 97001.2 39573.4 12038.1 51602.5 33809.2 32504.6 5764.15 7549.11 16046.2 84963 2023.93 247.828 135.505 43.5192 35.025 5296.59 5185.23 111.369 29.2859 32385 3260.15 3116.75 1776.1 71.2439 18.3676 16458.4 4489.01 143.407
internal_count=7149477 494592 6654885 451416 371967 43176 229488 182159 221928 297139 137312 6282918 138825 8375 2578 1531 987 262933 258887 4046 615 38219 84912 82029 130450 4771 788 44847 74828 2883
is_linear=0
shrinkage=0.055


Tree=21
num_leaves=31
num_cat=0
split_feature=51 53 48 53 41 47 25 51 51 54 49 8 26 26 31 8 15 46 51 7 26 37 10 8 48 41 25 47 48 7
split_gain=111271 11587.2 7046.73 1830.09 1792.36 1358.98 1353.79 1196.92 1193.71 921.783 943.444 807.946 794.307 753.222 707.846 703.265 654.714 873.277 924.756 746.583 910.367 729.166 721.584 743.239 688.343 637.385 632.897 624.21 687.201 1169.52
threshold=59.500000000000007 -0.037591725587844842 8.5000000000000018 -0.058592796325683587 -1.0000000180025095e-35 -1.0000000180025095e-35 -12.990560054779051 181.50000000000003 1661.5000000000002 20.500000000000004 3.2608113288879399 3.9981586933135991 1053.5000000000002 206.00000000000003 2.7403194904327397 4.0163424015045175 7.6403636932373056 3.3128770589828496 103.50000000000001 1.8033267855644228 1804.5000000000002 1.0000000180025095e-35 6.2156071662902841 2.5249279737472539 58.500000000000007 -1.0000000180025095e-35 -9.9711747169494611 -5.3518984317779532 184.50000000000003 0.066538445651531233
decision_type=2 2 2 2 2 2 2 2 2 2 2 2 2 2 2 2 2 2 2 2 2 2 2 2 2 2 2 2 2 2
left_child=2 3 5 -2 -4 25 -6 13 12 -8 14 -12 -3 15 -11 -5 -15 -18 -19 21 -21 22 -20 -24 -22 -1 -27 -9 29 -29
right_child=1 8 4 7 6 -7 9 27 -10 10 11 -13 -14 16 -16 -17 17 18 19 20 24 -23 23 -25 -26 26 -28 28 -30 -31
leaf_value=-0.0023325799790678732 -0.052029206006277119 0.046873286223474669 -0.035227655879661687 0.018437824591344742 -0.023109365957423127 0.070276883208836308 0.041366341281047728 -0.040564853218299605 -0.025763806030637239 -0.040755600806243103 0.01610096118438633 0.039603806087541889 0.0099081299341088787 -0.025405584885166477 0.080479117803787456 0.20947945492594955 -0.028945297085504959 0.015522010503768949 -0.036327398753770286 0.41614992451519467 0.340129848823431 -0.040676763617325383 -0.032257324099520111 0.57143651053227562 -0.036801971376152133 0.022872667525123184 0.054600326543737109 0.62543230526378191 -0.0038591185353625298 0.064431317306718403
leaf_weight=661.5436167307198 73574.14064660389 2391.1209854260087 1374.6615771353245 150.78720960672945 1459.5297427587211 18152.940633304417 14582.594392944127 11210.11087785475 2158.060659699142 1042.6327157076448 10341.382787413895 7744.2685881443322 6622.6674762368202 1819.1173729831353 164.47689604759216 91.15136297326535 356.16530105378479 243.32400789204985 8.7401869548484665 16.453756500966847 12.299298532307146 12.733055354095994 6.6156418239697805 37.393549049273133 91.56560449488461 2062.9503433275968 25968.087228743359 9.9218392428010684 247.47007581591606 51.505893192254007
leaf_count=5599 5779557 24318 64800 3232 44773 5028 25731 735262 90161 20563 59417 28729 115341 74966 1454 900 16600 6223 362 251 223 569 303 679 4002 5199 22128 143 11018 1883
internal_value=-0.00240654 -0.0418195 0.044344 -0.048522 0.0262953 0.0584832 0.0286934 -0.0305476 0.0109381 0.0309284 0.0230301 0.026173 0.0197346 0.00138883 -0.0239727 0.0931977 -0.00730207 0.03453 0.0869398 0.17761 0.0898364 0.321074 0.404357 0.486654 0.0214045 0.0510107 0.0522698 -0.0384363 0.0382259 0.1953
internal_weight=182666 99111.3 83555.1 87939.5 36709.5 46845.5 35334.9 14365.4 11171.8 33875.4 19292.8 18085.7 9013.79 2846.35 1207.11 241.939 2604.41 785.29 429.125 185.801 120.319 65.4824 52.7494 44.0092 103.865 28692.6 28031 11519 308.898 61.4277
internal_count=7149414 6865993 283421 6636173 245467 37954 180667 856616 229820 135894 110163 88146 139659 108310 22017 4132 104178 29212 12612 6389 4476 1913 1344 982 4225 32926 27327 748306 13044 2026
is_linear=0
shrinkage=0.055


Tree=22
num_leaves=31
num_cat=0
split_feature=51 50 53 54 53 54 50 25 15 8 25 55 46 30 51 45 25 16 47 48 56 54 57 54 41 45 16 24 10 10
split_gain=102679 8525.41 7793.54 2991.83 2305.17 1916.66 1306.46 1139.02 1133.96 1005.19 1003.91 936.488 924.446 911.071 1255.45 2765.05 847.316 810.032 837.52 821.944 783.874 752.386 721.623 842.323 782.956 1118.57 924.703 1240.84 1083.63 1552.06
threshold=103.50000000000001 -5.4385697841644278 -0.048757702112197869 7.5000000000000009 -0.06640529632568358 27.500000000000004 -11.958175659179686 -8.696952819824217 8.4626312255859393 7.0206365585327157 -12.566610813140867 0.84936523437500011 11.850962638854982 0.6904762089252473 51.500000000000007 0.83607271313667308 -8.696952819824217 86469.500000000015 -9.1985740661621076 786.50000000000011 -100.84887695312499 1012.5000000000001 227.50000000000003 563.50000000000011 1.0000000180025095e-35 0.833451807498932 1090100.5000000002 -0.09026604518294333 6.2156071662902841 7.4419023990631112
decision_type=2 2 2 2 2 2 2 2 2 2 2 2 2 2 2 2 2 2 2 2 2 2 2 2 2 2 2 2 2 2
left_child=1 4 -2 -3 12 16 -7 -5 9 22 -6 13 -1 -12 -15 -16 -4 18 19 -10 -11 -9 23 -8 -24 26 -26 -28 -29 -30
right_child=2 3 5 7 10 6 8 21 17 20 11 -13 -14 14 15 -17 -18 -19 -20 -21 -22 -23 24 -25 25 -27 27 28 29 -31
leaf_value=-0.029354619192528048 -0.051201043446257505 0.062584716722208458 -0.0039641362637698107 0.02754940724372066 -0.020704318758277641 -0.036237194145087789 0.046206200530351099 0.049884318186384329 0.59200030918032898 -0.037268432979274013 0.011057448630611477 0.039086069315957095 0.052419875745592516 0.052766591677068417 0.92581424942257795 0.083141204260987617 0.045157945242267544 0.044307625857295599 -0.044948404531854204 0.14034388296605466 0.57481230364666447 -0.017517358429123771 -0.036788855511480395 0.51332779114347615 -0.023973712545534882 -0.0067209111191156032 -0.0080414527844350388 -0.047238618423375157 0.50389332531652742 0.038506095566598501
leaf_weight=4409.3782909950241 74109.229798859917 30805.4081501849 1901.8071260005236 15015.175733392127 1634.6772806849331 6201.0954770287499 462.37689174618572 17836.216400344856 23.367046942934394 9.4833088209852594 10544.245569569059 7557.1256466768682 457.37576899304986 268.97732514701784 12.072921484708784 41.756474989466369 2398.9981832392514 127.53156772628427 17.615038156509399 28.670620998367667 11.101743874140082 513.14266090281308 1970.9580801334232 7.058408008888363 98.427844026125968 1311.7132527986541 67.469551577232778 23.15192499384284 65.984516630880535 32.473779416643083
leaf_count=200857 6107546 15394 31100 49086 54515 354988 11114 30868 364 374 107448 20928 4424 699 84 370 15874 4237 537 498 120 9797 78919 89 3470 39847 2452 816 1183 1138
internal_value=-0.00210378 0.0396188 -0.0439328 0.0502218 0.0123173 -0.00743269 -0.0201404 0.0387994 0.00332031 -0.00300649 0.0205556 0.0242209 -0.0216236 0.0138703 0.104179 0.33476 0.0234569 0.130447 0.274635 0.377273 0.340656 0.0479952 -0.00517669 0.0585657 -0.0136282 0.0149418 0.1122 0.181879 0.283403 0.359677
internal_weight=177964 89095.6 88868.5 64169.9 24925.6 14759.3 10458.5 33364.5 4257.38 4060.2 20058.9 18424.2 4866.75 10867.1 322.807 53.8294 4300.81 197.184 69.6527 52.0377 20.5851 18349.4 4039.61 469.435 3570.18 1599.22 287.508 189.08 121.61 98.4583
internal_count=7149136 494470 6654666 105145 389325 547120 500146 89751 145158 139522 184044 129529 205281 108601 1153 454 46974 5636 1399 862 494 40665 139028 11203 127825 48906 9059 5589 3137 2321
is_linear=0
shrinkage=0.055


Tree=23
num_leaves=31
num_cat=0
split_feature=51 48 54 41 25 57 50 50 50 53 8 6 25 56 26 25 6 57 27 22 25 41 25 42 48 10 26 0 32 51
split_gain=95869 9398.53 6066.94 4205.03 1711.41 1858.15 1616.94 1438.27 1215.64 1215.63 959.644 796.477 953.403 771.961 771.587 3694.93 1528.45 839.449 741.156 868.144 775.107 715.784 708.954 695.892 721.906 677.019 624.781 589.984 607.673 841.117
threshold=129.50000000000003 8.5000000000000018 132.50000000000003 -1.0000000180025095e-35 -13.683915138244627 32.500000000000007 -10.343842029571531 -1.0000000180025095e-35 -10.540522575378416 -0.054686427116394036 0.89587974548339855 -9.0520362854003888 -12.990560054779051 -0.030029296874999997 30.500000000000004 -13.249439239501951 -8.5349602699279767 3.5000000000000004 47.54980659484864 3.65057384967804 -11.234835624694822 -1.0000000180025095e-35 -10.462506294250487 -1.0000000180025095e-35 159.50000000000003 1.0000000180025095e-35 9.5000000000000018 0.73214286565780651 3.113268375396729 26.500000000000004
decision_type=2 2 2 2 2 2 2 2 2 2 2 2 2 2 2 2 2 2 2 2 2 2 2 2 2 2 2 2 2 2
left_child=1 7 4 13 -2 -6 9 21 -7 -5 -8 -12 -13 26 15 17 18 -4 19 -17 -20 -1 -23 -14 27 -15 -3 28 29 -25
right_child=2 3 14 6 5 8 10 -9 -10 -11 11 12 23 25 -16 16 -18 -19 20 -21 -22 22 -24 24 -26 -27 -28 -29 -30 -31
leaf_value=-0.011026305436281109 -0.047543694524188926 0.24855644750350392 0.33056156337450776 -0.029718790490956482 0.096893413900703051 -0.020058744520377942 -0.0056662065929417834 0.06717000502156413 0.023960558725166222 0.01733352409238639 0.13920932454349977 -0.026139619820396934 -0.043695794521438312 0.36496399215393427 -0.05171321434396757 0.22799302421263667 -0.013799703812002786 -0.051030921967153121 -0.048787248257003535 0.67654302836567637 0.27377309453707649 0.0045377501018148952 0.049988810785516022 0.032210849541986879 0.060081993326089496 0.025170257638151339 -0.049677200109036181 0.048359340616377193 0.05830291686846506 0.010269932202716225
leaf_weight=628.87455171905458 2419.571295295842 16.53058292530477 12.722964010201393 2656.945046058856 610.36697483528405 4709.3079253369942 2331.3961036494002 16979.659024406224 3171.5294413343072 4412.1493970640004 199.22110627777874 882.35832661110908 362.06293634884059 18.913017841987312 69926.59697640501 41.417244994081557 78.363813641481102 1476.8853230662644 31.69014182779938 22.31066648196429 63.071111107245088 1081.0164705421776 26825.541602883488 14744.824757071212 2643.6504181204364 72.002176794223487 2978.4439341882244 4509.4181229006499 1711.3782048942521 8246.8129650950432
leaf_count=5828 156483 123 398 133309 4456 209340 21012 4550 52542 57294 1358 26856 9083 97 5971458 528 4897 127377 1840 76 531 4022 23669 29976 21389 1192 187360 8020 5508 78637
internal_value=-0.00205257 0.0367841 -0.0449988 0.0191869 -0.00678832 0.00484609 0.0236688 0.054482 -0.00233985 -0.000359766 0.0284354 0.0308234 0.0301502 -0.0427683 -0.0508163 -0.0144434 0.185052 -0.0466767 0.280787 0.422822 0.168863 0.0469217 0.0482293 0.0316956 0.0325592 0.111198 -0.0476196 0.0300586 0.0267087 0.0243449
internal_weight=173865 91301.2 82563.8 45786.1 10910.8 8491.2 42700.2 45515.1 7880.84 7069.09 35631.1 33299.7 33100.5 3085.89 71653.1 1726.46 236.853 1489.61 158.489 63.7279 94.7613 28535.4 27906.6 32218.1 31856.1 90.9152 2994.97 29212.4 24703 22991.6
internal_count=7149209 619283 6529926 581214 422821 266338 392442 38069 261882 190603 201839 180827 179469 188772 6107105 135647 7872 127775 2975 604 2371 33519 27691 152613 143530 1289 187483 122141 114121 108613
is_linear=0
shrinkage=0.055


Tree=24
num_leaves=31
num_cat=0
split_feature=50 54 54 41 25 49 50 57 50 41 26 50 24 8 26 19 53 7 3 48 54 30 56 16 1 26 14 53 7 8
split_gain=82356.8 14837.5 6120.19 3731.32 2308.13 2201.86 1262.58 1113.7 1072.42 972.867 964.978 2398.96 1190.47 868.253 782.674 717.334 703.132 684.811 674.385 1050.13 928.774 797.437 773.058 678.916 663.154 662.61 608.644 866.836 607.378 593.095
threshold=-7.5096962451934806 99.500000000000014 14.500000000000002 -1.0000000180025095e-35 -12.566610813140867 6.7309472560882577 -1.0000000180025095e-35 16.500000000000004 -4.3781540393829337 -1.0000000180025095e-35 9.5000000000000018 -16.713972091674801 -11.144476413726805 3.7494349479675297 15844.000000000002 3.5000000000000004 -0.037591725587844842 2.5180099010467534 0.97368422150611889 595.50000000000011 264.50000000000006 0.84523808956146251 -100.88940429687499 1287644.0000000002 0.30952382087707525 128.00000000000003 6.7586748600006112 -0.051757156848907464 1.184081554412842 2.2499048709869389
decision_type=2 2 2 2 2 2 2 2 2 2 2 2 2 2 2 2 2 2 2 2 2 2 2 2 2 2 2 2 2 2
left_child=1 4 6 16 -1 10 -2 -6 18 -9 11 12 -3 25 15 -7 -4 29 21 -20 -21 28 23 -22 26 -11 27 -24 -5 -10
right_child=2 5 3 8 7 14 -8 9 17 13 -12 -13 -14 -15 -16 -17 -18 -19 19 20 22 -23 24 -25 -26 -27 -28 -29 -30 -31
leaf_value=-0.036544354433306003 0.047247886940923578 -0.049131119832460712 -0.050481364005645971 0.023724561488921769 0.069296200165894814 0.042465012833068465 0.06735241013225586 -0.041628042039065234 0.019478785969581445 0.064516703553735344 -0.050819069011904153 0.29258926290119752 0.20098138500556792 0.032681012717254668 -0.03553737167440861 -0.023339631354603273 0.020565189605018432 0.020531731716440963 0.020880023265213252 0.037588935876711117 0.21104347667214746 0.081772314565531912 0.66695664411315825 -0.056523013686064029 -0.041047142087211261 -4.7590962095429898e-05 0.16246659394149929 -0.033863451248977827 -0.018196843983237412 0.047561373304185368
leaf_weight=3060.3279811935499 27143.458282513544 543.42640180699527 2306.0558821605518 1501.1012722132728 1085.4552423162386 1234.0698538972065 14574.847718693316 962.97745113167912 2823.8549012532458 508.58297754544765 69714.746341530234 77.773579309694469 59.370843113400042 5331.0618774415925 1570.5861858436838 837.20885900780559 512.43427926301956 6328.1800354523584 5435.7568515948951 235.57254586648196 66.722572894766927 334.47386301774532 27.204554152674969 44.918173124082386 10.686128686182199 7541.4244325635955 25.723036556504667 5.8393171643838313 3414.2338139275089 11914.26140806172
leaf_count=156779 28890 48849 163372 22909 2611 34631 3384 38534 11821 3209 6152706 846 1373 57930 81799 45046 6906 25470 37445 2973 1121 1211 402 1543 318 121778 433 120 68007 27082
internal_value=-0.00208646 -0.0370196 0.0400519 0.0230824 0.00705129 -0.0480255 0.0542789 0.0157072 0.0283998 0.0116292 -0.0501827 0.0148944 -0.0230463 0.015476 -0.00631554 0.0158747 -0.0375507 0.0356898 0.0145574 0.0273876 0.11103 0.000242043 0.202987 0.105581 0.341955 0.00406896 0.409357 0.554938 -0.00538331 0.0421891
internal_weight=169232 92527 76705.3 34987 18489.8 74037.2 41718.3 15429.5 32168.5 14344 70395.3 680.571 602.797 13381.1 3641.86 2071.28 2818.49 21066.3 11102.2 5852.42 416.666 5249.81 181.094 111.641 69.453 8050.01 58.7669 33.0439 4915.34 14738.1
internal_count=7149498 6746091 403407 371133 380841 6365250 32274 224062 200855 221451 6203774 51068 50222 182917 161476 79677 170278 64373 136482 44355 6910 92127 3937 2664 1273 124987 955 522 90916 38903
is_linear=0
shrinkage=0.055


Tree=25
num_leaves=31
num_cat=0
split_feature=51 48 53 41 25 50 50 42 45 57 27 49 57 57 8 53 50 56 7 42 1 44 15 10 26 25 6 41 6 57
split_gain=81301.4 7459.69 7320.73 2546.81 1496.01 1472.05 1462.39 955.192 871.721 853.514 1034.22 926.807 817.454 794.023 792.417 713.876 705.368 692.736 653.359 921.805 743.55 839.647 971.99 1595.35 646.667 2485.19 1171.08 639.888 676.514 609.133
threshold=103.50000000000001 8.5000000000000018 -0.048757702112197869 -1.0000000180025095e-35 -12.352816581726072 -1.0000000180025095e-35 -9.8043918609619123 -1.0000000180025095e-35 0.76351600885391246 32.500000000000007 374.88259887695318 -0.024205168709158894 19.500000000000004 233.50000000000003 4.0163424015045175 -0.027461975812911984 -11.108977317810057 -0.030029296874999997 2.5561521053314213 1.0000000180025095e-35 0.15476191043853763 2.5000000000000004 7.6006524562835702 8.1171631813049334 30.500000000000004 -12.990560054779051 -8.5349602699279767 -1.0000000180025095e-35 -0.16743335872888562 3.5000000000000004
decision_type=2 2 2 2 2 2 2 2 2 2 2 2 2 2 2 2 2 2 2 2 2 2 2 2 2 2 2 2 2 2
left_child=1 5 24 17 12 15 9 -6 -9 10 11 -4 -5 -8 16 -1 -10 -3 19 -11 21 22 -21 -24 25 29 -27 -15 -29 -2
right_child=2 3 6 4 7 -7 13 8 14 18 -12 -13 -14 27 -16 -17 -18 -19 -20 20 -22 -23 23 -25 -26 26 -28 28 -30 -31
leaf_value=0.030070233407410486 0.23282520794018369 -0.044494432520501399 0.1322290331321552 0.04268378016387904 -0.054042478399986611 0.063833317660677014 0.05264241311372634 -0.0520092199001468 -0.0098707618458870501 -0.020268519051694123 -0.024726176990798796 -0.047303600372247623 -0.035692297701794093 -0.050870531895195671 0.035970351585795916 0.048944496576642273 0.022754475050408059 0.10433904839181453 -0.040087062197212968 0.092347935419885507 -0.056768798248559134 -0.033344671503111857 0.15412963651931461 0.84336550944274291 -0.051522003563702054 0.20775992831954665 -0.052334161121668825 -0.034119666246885415 0.026134028581922337 -0.050552963830566983
leaf_weight=8986.8742555109784 18.474495832808316 2188.7465380337089 344.85151663701981 500.19325020629913 462.52653790637851 15966.283425847068 1345.7047648327425 434.07426267676055 2214.1509788054973 2965.5795732066035 524.06778628844768 112.87422459945083 1984.1092864554375 552.95410389732569 14698.79186366871 18843.332668010145 20927.504175763577 94.22124807164073 4506.2308715870604 236.652079151012 124.99396545998752 109.73872639145702 41.750015014782548 9.9742761384695751 62433.713932405226 189.32643555384129 69.311881011351943 718.65019832365215 2549.6074736239389 1356.7626120876521
leaf_count=19387 493 138831 4365 8906 12908 4565 9332 18616 41926 136533 28367 1835 77545 23241 60386 14201 95952 1175 263354 4305 4022 2538 765 213 5969209 2597 4992 22024 46100 129220
internal_value=-0.00199767 0.0344871 -0.0427222 0.0183527 0.0214855 0.0505099 -0.00690605 0.0241392 0.0250909 -0.0203195 0.0279722 0.0879239 -0.0198579 0.0163948 0.0259821 0.0428562 0.0196315 -0.0381373 -0.0262636 -0.00837635 0.0585957 0.0950709 0.143674 0.349662 -0.0506279 -0.0164085 0.138387 0.00357744 0.0128531 -0.0459165
internal_weight=165512 87300.8 78211.2 43504.3 41221.4 43796.5 14143.6 38737 38274.5 8976.71 981.794 457.726 2484.3 5166.92 37840.4 27830.2 23141.7 2282.97 7994.92 3488.69 523.109 398.115 288.376 51.7243 64067.6 1633.88 258.638 3821.21 3268.26 1375.24
internal_count=7147903 494398 6653505 456245 316239 38153 546994 229788 216880 446297 34567 6200 86451 100697 198264 33588 137878 140006 411730 148376 11843 7821 5283 978 6106511 137302 7589 91365 68124 129713
is_linear=0
shrinkage=0.055


Tree=26
num_leaves=31
num_cat=0
split_feature=51 51 53 53 47 50 9 49 41 26 28 25 6 53 8 42 53 54 31 51 31 13 25 9 47 57 7 27 0 26
split_gain=75095.1 7921.12 5741.5 3130.77 1727.67 1202.77 985.152 921.046 893.933 877.872 972.993 808.032 910.657 800.173 680.205 669.238 656.254 647.557 646.03 745.791 638.399 601.907 641.143 633.327 597.344 588.434 687.002 998.638 582.624 571.586
threshold=129.50000000000003 9.5000000000000018 -0.048757702112197869 -0.06640529632568358 -1.0000000180025095e-35 -14.173061847686766 4.7728502750396737 4.8630323410034189 -1.0000000180025095e-35 251.50000000000003 28.500000000000004 -12.743447303771971 -5.5466401576995841 -0.027461975812911984 1.8688348531723025 -1.0000000180025095e-35 -1.0000000180025095e-35 20.500000000000004 3.0677825212478642 42.500000000000007 0.89587974548339855 3.9219243526458745 -6.5077798366546622 4.9778189659118661 -5.3518984317779532 203.50000000000003 6.4330716133117685 455.66554260253912 0.53571429848670971 24.500000000000004
decision_type=2 2 2 2 2 2 2 2 2 2 2 2 2 2 2 2 2 2 2 2 2 2 2 2 2 2 2 2 2 2
left_child=1 4 29 7 17 16 24 -3 -7 -8 13 -10 20 -11 -12 -16 -4 -1 19 -9 -13 22 -14 -23 -5 26 27 -15 -17 -2
right_child=2 3 5 6 -6 8 9 18 11 10 14 12 21 25 15 28 -18 -19 -20 -21 -22 23 -24 -25 -26 -27 -28 -29 -30 -31
leaf_value=0.045440380918139588 -0.015121770679003107 -0.045799006370916974 -0.030856450471220733 -0.016030888892434973 0.062331236451425423 -0.045839008827833171 0.06136109897885543 0.011517777666290032 -0.040637458863553536 -0.039303565215395735 0.0021413057717254227 0.19010589747977955 0.0041467110574512963 0.068204229600528729 -0.048086335672593343 0.024401514679522219 0.10523342131145616 0.02823386017845082 0.10209148070648803 -0.044294009396219462 0.0056223683107474078 -0.0089641000972812326 0.070745089869739528 0.15704284453993186 0.019362168084651118 -0.060270542535518883 -0.039287150945536239 0.36121506583126356 0.044363530089686617 -0.051525806285620895
leaf_weight=20660.898610172793 1339.615959293209 2703.0346223236993 5690.2692699097097 3177.2719528488815 15844.289487622678 880.20596818160266 1853.7836120473221 2048.2765336139128 729.59190898388624 1330.7611018195748 3405.6656553605571 153.60374278388917 4210.8780098324642 353.53162641637027 336.31086503621191 17130.200319846161 104.46849780902267 9785.4738488718867 164.29192180372775 1114.1923173572868 88.835382774472237 113.00864323787391 483.04750239104033 173.5260498970747 2633.4992927005515 152.98716519773006 148.04919786006212 34.703855438157916 5976.6428651968017 58473.106228485703
leaf_count=17613 115974 198511 325693 46428 4863 43786 9265 28781 37147 47078 27054 1241 105492 1935 13363 98116 173 20716 3493 72623 2016 3048 5155 3114 10598 1403 2518 301 14908 5886744
internal_value=-0.00203623 0.0318483 -0.0435977 0.01472 0.047594 -0.00989346 0.0207801 -0.0219836 0.00573842 0.0247074 0.0223435 0.0133973 0.0209772 -0.0144393 0.0251131 0.0284491 -0.0283144 0.0399157 -0.00259354 -0.00818456 0.123986 0.0158436 0.0110683 0.0925392 1.24521e-05 0.033503 0.0605636 0.0986559 0.0295732 -0.0507118
internal_weight=161294 88853.9 72440.2 42563.2 46290.7 12627.4 36533.4 6029.8 6832.7 30722.6 28868.9 5952.49 5222.9 2020.03 26848.8 23443.2 5794.74 30446.4 3326.76 3162.47 242.439 4980.46 4693.93 286.535 5810.77 689.272 536.285 388.235 23106.8 59812.7
internal_count=7149150 619567 6529583 576375 43192 526865 272967 303408 200999 215941 206676 157213 120066 53235 153441 126387 325866 38329 104897 101404 3257 116809 110647 6162 57026 6157 4754 2236 113024 6002718
is_linear=0
shrinkage=0.055


Tree=27
num_leaves=31
num_cat=0
split_feature=51 54 53 50 41 50 47 26 28 30 15 41 26 27 53 51 7 7 49 51 46 24 54 13 44 8 53 6 7 26
split_gain=68445 7463.43 6517.48 3624.46 2015.39 1238.37 1035.05 993.827 1331.69 1409.27 1135.01 821.43 724.443 2373.14 654.307 810.852 937.458 649.174 638.869 704.607 658.133 619.611 639.773 717.17 607.976 582.543 569.476 725.989 593.51 566.481
threshold=129.50000000000003 7.5000000000000009 -0.045409917831420891 -4.3781540393829337 -1.0000000180025095e-35 -14.173061847686766 -1.0000000180025095e-35 280.50000000000006 36.500000000000007 0.6904762089252473 7.4682278633117685 -1.0000000180025095e-35 30.500000000000004 88.153923034667983 -0.052734166383743279 59.500000000000007 1.8918497562408449 2.5561521053314213 2.8241691589355473 94.500000000000014 6.9597485065460214 -2.9813859462738033 185.50000000000003 3.4498615264892583 1.0000000180025095e-35 4.8402345180511483 -0.027461975812911984 -7.1922597885131827 6.4330716133117685 3418.5000000000005
decision_type=2 2 2 2 2 2 2 2 2 2 2 2 2 2 2 2 2 2 2 2 2 2 2 2 2 2 2 2 2 2
left_child=1 6 12 4 -3 -4 -1 -6 26 10 21 -7 13 -2 15 -11 -17 18 -5 -20 -21 -10 23 25 -12 -23 -9 28 -28 -13
right_child=2 3 5 17 7 11 -8 8 9 14 24 29 -14 -15 -16 16 -18 -19 19 20 -22 22 -24 -25 -26 -27 27 -29 -30 -31
leaf_value=0.043608642353063144 0.13526424790379341 -0.043579042968703373 -0.02552367585844479 -0.041517269640664607 0.045745578152637766 -0.043827188946274964 0.063973962245831087 -0.042400819692503262 0.05814294285062907 0.1099843876434945 0.004370913948547492 0.034137783888029301 -0.051086037852453921 -0.04334115970493152 0.054985891021869703 0.62503943486990265 -0.035780218593538617 0.018249509792875949 0.037119782181300659 -0.0095102670665674783 0.21172596659701756 -0.030248513587857056 -0.034644902996909019 0.01227858932657061 0.034722754538701231 0.039194836497113451 0.26099996344999732 -0.012094965843207975 0.0038873996774935449 -0.0011219754391437265
leaf_weight=20575.265742904507 265.0300308149308 2484.0150136658922 4577.9294524425641 305.37809779960662 1972.4559016758576 703.23449866846204 11996.477890957147 2263.9973017908633 444.64624130818993 117.27444555703551 3419.0726690674201 3211.841108540073 57022.608800800517 1346.7468582736328 835.73755486309528 17.149855432100598 8.4549600807949883 7797.4768031714484 19846.978041813709 58.220801585353911 126.84040941949934 2772.1584096876904 2126.7395532531664 4959.5285850884393 4798.2081274883822 416.40049975644797 56.226033402606845 409.12301089055836 49.08488486148417 2411.1119544301182
leaf_count=23556 6269 177419 245004 5853 20881 32469 2767 96515 5622 477 51530 54963 5988178 131955 2277 115 428 24923 36170 1297 700 24163 73131 30537 33238 1958 255 4441 779 71775
internal_value=-0.00203172 0.0302348 -0.0427974 0.0179278 0.00359087 -0.0037499 0.051118 0.00834899 0.00508926 0.0100674 0.00673148 0.0120143 -0.0500581 -0.013645 0.0742567 0.181306 0.436634 0.0317599 0.036934 0.0381401 0.143705 -0.00505768 -0.00781965 -0.00080102 0.0221042 -0.0211326 -0.0305472 0.0215262 0.146769 0.0190309
internal_weight=157395 87856.9 69538.5 55285.2 27150.3 10904.1 32571.7 24666.3 22693.8 19915.4 18936.8 6326.19 58634.4 1611.78 978.617 142.879 25.6048 28134.9 20337.4 20032 185.061 10719.5 10274.8 8148.09 8217.28 3188.56 2778.43 514.434 105.311 5622.95
internal_count=7149645 619032 6530613 592709 523766 404211 26323 346347 325466 223476 220179 159207 6126402 138224 3297 1020 543 68943 44020 38167 1997 135411 129789 56658 84768 26121 101990 5475 1034 126738
is_linear=0
shrinkage=0.055


Tree=28
num_leaves=31
num_cat=0
split_feature=51 51 54 41 50 25 57 45 13 57 25 9 3 42 25 9 46 16 3 50 46 54 25 26 51 23 1 13 55 50
split_gain=63789.4 6954.84 6295.28 2652.75 1806.25 1568.83 1269.11 1101.86 996.413 889.943 1197.33 880.706 886.893 839.384 791.868 768.156 761.719 750.818 709.253 1695.19 1336.88 1081.69 715.781 1130.13 1481.89 2901.07 2165.63 1961.17 1573.38 1388.83
threshold=129.50000000000003 9.5000000000000018 119.50000000000001 -1.0000000180025095e-35 -1.0000000180025095e-35 -13.469283103942869 227.50000000000003 0.79698204994201671 3.9219243526458745 6.5000000000000009 -13.469283103942869 4.9778189659118661 0.97368422150611889 1.0000000180025095e-35 -8.4344043731689435 4.8001670837402353 6.3353834152221689 4140.5000000000009 0.86190477013587963 -7.0825421810150138 -0.055010490119457238 270.50000000000006 -14.73135471343994 618.00000000000011 455.50000000000006 2.5000000000000004 0.35416667163372045 3.4175922870635991 0.86157226562500011 -10.930799961090086
decision_type=2 2 2 2 2 2 2 2 2 2 2 2 2 2 2 2 2 2 2 2 2 2 2 2 2 2 2 2 2 2
left_child=1 4 5 -3 14 -2 17 -5 13 -9 -11 -10 16 -8 -1 -12 -13 -7 -4 22 21 -21 -20 24 25 -24 27 -27 29 -29
right_child=2 3 18 7 -6 6 8 9 11 10 15 12 -14 -15 -16 -17 -18 -19 19 20 -22 -23 23 -25 -26 26 -28 28 -30 -31
leaf_value=0.025035027466165087 -0.046727858653982678 -0.04115441279403996 -0.052671647606019251 -0.019696783767498491 0.05950675816293001 0.14654352459211553 -0.021458736394498433 0.067671468682695218 -0.016948404188704552 -0.029059522387154538 0.0017315153334449018 -0.020721526799660151 0.29955698953677762 0.034171061077379619 0.043460495498604618 0.023225047260863236 0.31220996345177565 0.034459514701344597 -0.051840031952345128 0.007168460790867616 0.0032505870634890908 0.33408503794272754 -0.01426588323052635 -0.034442511783190063 -0.002078042796104948 -0.035363102836296012 -0.042832084637412685 1.1350117677759948 -0.027561963285377432 -0.022329711702153063
leaf_weight=11748.289574636146 1853.7019632216543 2568.4858207637444 45169.06234684214 2391.8318346934393 15159.313144251704 194.37091360986233 4165.6608503302559 1088.8033365132287 139.14241108018905 1606.1474762829021 6102.201226211153 86.660315654240549 78.398686992004514 1016.7073119450361 17769.158754065633 28641.341315768659 22.126713404431939 2029.5668207118288 7244.6896837502718 48.229743808507919 272.66095267329365 79.910573540255427 79.234773175790906 3595.9818802503869 420.55069825518876 8.6914803273975831 16.199509748257697 22.938391592353586 4.8615677934139958 3.3185770846903351
leaf_count=20769 139437 189169 4938610 90857 4996 1517 168208 4290 5387 83893 48208 3657 1610 23714 17508 159949 138 26456 795363 904 11336 2044 7271 363834 36222 802 1348 1338 398 265
internal_value=-0.00205525 0.028928 -0.0425919 0.0129698 0.0440694 -0.00135551 0.00954452 0.0164647 -0.00462026 0.0187773 0.0173036 0.0878572 0.164177 -0.0105225 0.0361324 0.0194508 0.0577385 0.0445623 -0.0495305 -0.0374864 0.073069 0.21593 -0.0414049 -0.0231555 0.0495273 0.20435 0.489443 0.686647 0.865286 1.00856
internal_weight=153628 87075.6 66552.7 42398.8 44676.8 9586.34 7732.63 39830.3 5508.7 37438.5 36349.7 326.328 187.186 5182.37 29517.4 34743.5 108.787 2223.94 56966.3 11797.3 400.801 128.14 11396.5 4151.78 555.795 135.244 56.0095 39.81 31.1185 26.257
internal_count=7149498 619639 6529859 576366 43273 370124 230687 387197 202714 296340 292050 10792 5405 191922 38277 208157 3795 27973 6159735 1221125 14284 2948 1206841 411478 47644 11422 4151 2803 2001 1603
is_linear=0
shrinkage=0.055


Tree=29
num_leaves=31
num_cat=0
split_feature=51 54 54 41 50 25 47 57 50 41 25 26 25 6 8 30 25 46 25 49 24 41 23 57 26 23 51 42 54 14
split_gain=58691 6877.11 5799.91 3022.82 1846.87 1236.08 1088.7 1062.42 1040.18 1550.72 956.623 932.787 2444.77 921.659 873.756 941.129 815.652 813.787 1128.86 806.77 783.176 762.041 736.266 991.935 714.575 622.693 587.372 608.95 619.124 1447.24
threshold=129.50000000000003 7.5000000000000009 106.50000000000001 -1.0000000180025095e-35 -4.3781540393829337 -13.469283103942869 -1.0000000180025095e-35 32.500000000000007 -7.0825421810150138 1.0000000180025095e-35 -12.990560054779051 37.500000000000007 -13.249439239501951 -8.5349602699279767 1.8688348531723025 0.84523808956146251 -8.696952819824217 1.1721283197402956 -11.963995456695555 -0.25133396685123438 -3.9246675968170162 -1.0000000180025095e-35 6.5000000000000009 67.500000000000014 4.5000000000000009 2.5000000000000004 26.500000000000004 1.0000000180025095e-35 614.50000000000011 6.440148353576661
decision_type=2 2 2 2 2 2 2 2 2 2 2 2 2 2 2 2 2 2 2 2 2 2 2 2 2 2 2 2 2 2
left_child=1 6 5 -3 10 -2 -1 -7 11 -10 24 12 22 -14 -12 20 -6 18 -11 -9 25 -21 -4 -24 -5 -16 -22 -28 -29 -30
right_child=2 3 8 4 16 7 -8 19 9 17 14 -13 13 -15 15 -17 -18 -19 -20 21 26 -23 23 -25 -26 -27 27 28 29 -31
leaf_value=0.040492063068953074 -0.044975104171390237 -0.037311084073674124 -0.052771517509931566 0.21017215581427098 0.018782674928260589 0.074732429662091315 0.061782933401163462 -0.029306694658191013 -0.037000243131251165 -0.053393176827383024 -0.012066969253186512 -0.051242894623621173 0.1730743548534468 -0.02289791689785765 0.0013036937174584801 0.073113049704565808 0.037933278398691928 0.012393825114483815 0.22776566159018019 -0.050821854707215855 0.020338277751603705 0.021020752040422502 0.35277705021526284 -0.049390827988166915 -0.033477126725180759 0.080746330631525032 -0.0083875768027413498 0.021213470069779108 0.45419771858005609 -0.051634055106193927
leaf_weight=20219.111561394297 1561.1998138744384 3036.2290615187958 1298.1374225607142 32.196360436268151 12571.053537350148 667.43814958911389 11395.748133968562 1793.2319630868733 1559.0039722137153 56.63319836370647 3961.4844196448103 51200.45749254711 252.76736629102379 99.562046553008258 448.90873171947896 838.50866298843175 14515.159700507298 283.96672018337995 157.16832058411092 492.14408916607499 8765.4057334139943 4407.5486560529098 27.687856649979949 40.477536415681243 1894.3363979263231 886.5638689044863 6272.0256823496893 1804.9851805577055 27.63676247280091 34.060029718093574
leaf_count=23563 118442 194124 145905 185 31890 4030 2777 81454 142326 2122 60402 5886477 3617 6788 4836 2338 20525 13615 4118 23826 25001 91155 892 4614 95946 4838 137941 13679 377 1185
internal_value=-0.00174523 0.0277295 -0.0417389 0.0159926 0.0191051 -0.000604711 0.048175 0.00883079 -0.0484136 -0.0100116 0.0083117 -0.0499051 -0.0100164 0.118151 0.0114265 0.0163067 0.0290503 0.074044 0.153772 0.00220801 0.0136759 0.0137601 -0.0433771 0.126909 -0.0288717 0.0541468 0.0104635 -0.000177591 0.0273566 0.192014
internal_weight=150601 86703.4 63897.4 55088.6 52052.3 8921.56 31614.9 7360.36 54975.9 2056.77 24966.1 52919.1 1718.63 352.329 23039.6 19078.1 27086.2 497.768 213.802 6692.92 18239.6 4899.69 1366.3 68.1654 1926.53 1335.47 16904.1 8138.71 1866.68 61.6968
internal_count=7148988 619607 6529381 593267 399143 318907 26340 200465 6210474 162181 346728 6048293 161816 10405 250597 190195 52415 19855 6240 196435 187857 114981 151411 5506 96131 9674 178183 153182 15241 1562
is_linear=0
shrinkage=0.055


Tree=30
num_leaves=31
num_cat=0
split_feature=51 48 54 41 50 25 50 50 41 41 19 16 28 9 9 57 50 54 27 16 2 22 32 52 25 40 46 15 54 42
split_gain=54075 6697.17 5166.92 2406.64 1483.01 1263.89 1068.7 1054.4 1164.22 952.352 907.615 871.88 814.381 753.781 695.249 654.224 1271.26 2150.64 1140.71 804.182 663.643 947.846 679.178 647.965 630.958 618.784 596.079 682.799 592.493 571.813
threshold=129.50000000000003 8.5000000000000018 132.50000000000003 -1.0000000180025095e-35 -1.0000000180025095e-35 -13.683915138244627 -11.108977317810057 -7.0825421810150138 1.0000000180025095e-35 -1.0000000180025095e-35 1.5000000000000002 4140.5000000000009 6508.0000000000009 4.6217863559722909 4.9474411010742196 48.500000000000007 -13.688894271850584 563.50000000000011 231.78370666503909 2169981.0000000005 0.240384615957737 1.0000000180025095e-35 1.0000000180025095e-35 0.79128524661064159 -10.462506294250487 3.0677825212478642 -10.121466159820555 8.0772919654846209 7.5000000000000009 -1.0000000180025095e-35
decision_type=2 2 2 2 2 2 2 2 2 2 2 2 2 2 2 2 2 2 2 2 2 2 2 2 2 2 2 2 2 2
left_child=1 4 5 -3 24 -2 -5 15 -9 -7 12 14 23 -8 -11 16 18 -18 19 -4 -21 22 -22 -10 -1 -25 27 -12 -26 -15
right_child=2 3 7 6 -6 9 13 8 10 11 26 -13 -14 29 -16 -17 17 -19 -20 20 21 -23 -24 25 28 -27 -28 -29 -30 -31
leaf_value=-0.0053421451297686806 -0.046481380448038657 -0.041680486100920802 0.027199410892415177 -0.0075752836903863639 0.057317232910666052 -0.049859145384395807 -0.005253415120805161 -0.033164270879408486 0.60233820090054668 -0.057501882262889471 0.027722739965425725 0.0058043146397817906 -0.046124810145314311 -0.050434339522099698 0.12184886191018394 -0.051109866899443621 -0.040695847140384184 1.0432330902929681 -0.033835543317217179 -0.037274091427853456 1.1167930558320622 0.2000889874283456 -0.014769999438283653 -0.045885905694462284 0.04546918202626981 0.36376489349341201 -0.011199710854020653 0.29899342668290468 0.028554837295168039 0.021460343575502312
leaf_weight=1122.6076042428613 1837.4934309329838 2408.2020074529573 58.163087458349764 5625.8466987144202 13699.084070378914 882.13408998586237 3749.2986166980118 1456.3711668681353 15.433656332083045 77.807640112005174 73.266123860143125 6869.5893250312656 21.288301464170218 333.46835026424378 334.32672881428152 48123.684070360847 12.88972430303693 4.260475965216755 1064.4895352264866 9.4752287343144399 3.6808159081265357 21.064217544160783 1.8101126439869402 18.962453985586762 12223.497284475714 19.026756564155221 288.97691037505865 41.698705976828933 12940.145093620755 33287.46255739592
leaf_count=4516 156837 188817 4128 167029 4597 53492 33915 140720 238 2673 1812 205324 925 9803 4801 5818013 911 93 123614 837 190 312 198 701 7810 199 14469 455 21264 181314
internal_value=-0.00205847 0.026226 -0.0414983 0.0117693 0.0426384 -0.00533522 0.0147675 -0.0485564 -0.00870578 0.0039486 0.0652862 0.0104968 0.235048 0.0181316 0.0877055 -0.0501195 -0.00954094 0.403283 -0.0173579 0.161177 0.347784 0.469313 0.914513 0.341451 0.034979 0.177732 0.0313979 0.134476 0.0367786 0.0207399
internal_weight=146626 85389.6 61235.9 45404.3 39985.3 10001.4 42996.1 51234.5 1935.02 8163.86 478.653 7281.72 74.7112 37370.2 412.134 49299.5 1175.83 17.1502 1158.68 94.1935 36.0304 26.5551 5.49093 53.4229 26286.2 37.9892 403.942 114.965 25163.6 33620.9
internal_count=7150007 619065 6530942 580878 38187 423127 392061 6107815 159519 266290 18799 212798 2063 225032 7474 5948296 130283 1004 129279 5665 1537 700 388 1138 33590 900 16736 2267 29074 191117
is_linear=0
shrinkage=0.055


Tree=31
num_leaves=31
num_cat=0
split_feature=51 53 48 53 47 25 41 26 3 9 26 7 26 27 23 47 47 42 26 8 22 24 47 23 4 6 50 6 50 49
split_gain=48810 6256.28 6084.01 2170.89 1623.52 1218.68 1554.99 1044.29 890.565 868.927 718.458 827.084 706.112 1797.79 685.278 646.103 623.503 588.527 560.392 553.545 514.962 504.716 1160.37 504.561 824.075 500.408 498.398 749.246 495.707 843.866
threshold=129.50000000000003 -0.051757156848907464 8.5000000000000018 -0.06640529632568358 -1.0000000180025095e-35 -13.683915138244627 -1.0000000180025095e-35 2003.5000000000002 0.97368422150611889 4.3973479270935067 280.50000000000006 2.7396341562271123 30.500000000000004 231.78370666503909 4.5000000000000009 -8.7408289909362775 -2.6202986240386958 -1.0000000180025095e-35 9.5000000000000018 3.0677825212478642 1.0000000180025095e-35 -5.4404292106628409 -112.452335357666 6.5000000000000009 1.0000000180025095e-35 -9.0520362854003888 -7.7985911369323722 -7.3544647693634024 -10.154222488403319 -1.3100154399871824
decision_type=2 2 2 2 2 2 2 2 2 2 2 2 2 2 2 2 2 2 2 2 2 2 2 2 2 2 2 2 2 2
left_child=2 12 4 8 15 -3 -7 26 18 16 -11 17 13 20 25 -1 -5 -12 -4 -19 -2 22 -9 -15 -25 -13 27 -8 -10 -30
right_child=1 5 3 9 -6 6 7 21 28 10 11 14 -14 23 -16 -17 -18 19 -20 -21 -22 -23 -24 24 -26 -27 -28 -29 29 -31
leaf_value=-0.0073211362480769173 0.027213629163954384 -0.042837880772168511 0.23849063871767642 -0.027451012283020788 0.056069185794937436 -0.050095637040595761 0.11271391841940505 0.77165958011196312 -0.028902545149150874 0.048765953140430598 -0.049044125910876452 0.077955874567977076 -0.051208472856903185 -0.055185879748912481 0.016514366033574777 0.03444778525283166 0.036101548901335323 0.010762441393027646 -0.034419563045222763 0.028270695573832418 0.16987054540072399 -0.0053599202194630239 -0.040817814021042183 0.008410693669007329 0.51608131287379122 -0.016296484652214976 0.066158756393449314 0.0093407397299102336 0.48129988989892497 0.030514352790212279
leaf_weight=1173.1072159102187 143.60830163490027 2328.2364840125665 17.955639132298529 2181.0810855105519 13634.607302070595 1535.6014424301684 231.49286718852818 3.3139117388054755 525.18512328714132 2161.2647582599893 349.0840442404151 172.2197215044871 44442.555323867593 965.90257667377591 5044.1547608841211 24137.645745346323 589.21684271097183 8215.6038828846067 4279.6560560436919 16349.267625157721 164.59807870350778 5825.7162362029776 13.47215254884213 50.609472552314401 7.0083994283340862 4484.2434714240953 1019.6009028097615 2068.6630245428532 7.7407710645347825 1084.812184127979
leaf_count=5257 6848 200821 297 28727 5022 114371 4459 182 29663 11113 14920 3467 5743918 119350 33222 27950 1917 47035 260858 64681 4755 250578 1005 4659 156 72003 8427 69838 67 13111
internal_value=-0.00198743 -0.0404565 0.0248121 0.0111431 0.0407646 -0.00682268 0.00103186 0.00962351 -0.0199208 0.0157916 0.0180293 0.0161034 -0.050026 -0.0105191 0.00247692 0.0325108 -0.0138933 0.0214076 -0.0330035 0.0224185 0.104895 -0.00437634 0.259869 -0.0456142 0.10644 -0.0127307 0.0342316 0.0199664 0.0148289 0.0358862
internal_weight=143207 58800.4 84406.8 45461.5 38945.4 13026.1 10697.9 9162.26 5915.35 39546.1 36775.8 34614.6 45774.3 1331.73 9700.62 25310.8 2770.3 24914 4297.61 24564.9 308.206 5842.5 16.7861 1023.52 57.6179 4656.46 3319.76 2300.16 1617.74 1092.55
internal_count=7148677 6529367 619310 581081 38229 649681 448860 334489 303996 277085 246441 235328 5879686 135768 108692 33207 30644 126636 261155 111716 11603 251765 1187 124165 4815 75470 82724 74297 42841 13178
is_linear=0
shrinkage=0.055


Tree=32
num_leaves=31
num_cat=0
split_feature=51 53 54 41 51 47 25 41 8 57 25 41 45 42 7 25 13 38 8 45 8 7 23 24 25 3 8 31 24 49
split_gain=45500 5755.76 5710.73 2457.58 1301.78 1120.09 1061.84 1335.56 873.161 804.433 811.503 772.236 1494.02 888.2 849.992 659.047 645.945 722.413 721.699 1023.79 1376.38 627.05 911.386 796.156 733.312 613.228 615.772 652.092 592.32 591.335
threshold=129.50000000000003 -0.048757702112197869 7.5000000000000009 -1.0000000180025095e-35 9.5000000000000018 -1.0000000180025095e-35 -13.469283103942869 -1.0000000180025095e-35 0.89587974548339855 32.500000000000007 -8.696952819824217 1.0000000180025095e-35 0.80830806493759166 -1.0000000180025095e-35 1.6407595872879031 -8.696952819824217 3.6762205362319951 1.0000000180025095e-35 2.9174053668975835 0.82817950844764721 3.113268375396729 2.5180099010467534 2.5000000000000004 -2.6320012807846065 -12.743447303771971 0.88194444775581371 4.4127798080444345 2.6735538244247441 -0.19951895624399182 0.38076439499855047
decision_type=2 2 2 2 2 2 2 2 2 2 2 2 2 2 2 2 2 2 2 2 2 2 2 2 2 2 2 2 2 2
left_child=2 -2 5 -4 15 -1 -3 -8 -6 -9 29 -12 14 -14 -13 -5 17 -15 -19 20 -20 25 -23 24 -24 26 28 -28 -10 -11
right_child=1 6 3 4 8 -7 7 9 21 10 11 12 13 16 -16 -17 -18 18 19 -21 -22 22 23 -25 -26 -27 27 -29 -30 -31
leaf_value=0.035715330866851053 -0.048927673712854537 -0.043262252184036641 -0.036606856311383676 0.014628683160509066 -0.023886102997019595 0.05838068713197548 -0.05115700306829133 0.06719288326631008 0.10286686537851573 -0.035233919878083324 -0.0074288800676399983 0.54243504506958606 -0.059521123293585644 -0.006714289180511813 -0.038142483593501551 0.036213265257548664 0.098693095415004636 0.0039947888102859624 0.96114476955214223 0.10445716070388594 -0.033203138985641395 -0.024504584512724976 -0.020914610214526296 0.0025935449958404163 0.063769886015773714 0.026753406976817624 0.018419032722363358 0.097977706762315112 -0.0052463014820986207 0.0060720803042833525
leaf_weight=19224.721626992337 44741.458418550435 1892.7429941724986 2814.0458042928949 6927.0383340790868 2184.4700207049027 10076.465722836554 1256.2790315970778 667.85823750123382 152.36069957818836 1834.3491507759318 1446.551761993207 22.939145372249186 244.4765178412199 737.02786397375166 9.6345789022743684 11233.839153859764 587.55649901740253 244.89916308131069 5.0044621163979155 312.01327192038298 6.7161320503801107 2941.4038589233533 399.78260007780045 6991.5960724791512 1331.342663587071 10887.059258151799 2287.5399320581928 356.58125991653651 5930.3763574650511 2435.2871455457062
leaf_count=23475 6003193 156972 193817 13831 39232 2769 91327 4129 1554 111166 46967 453 8340 12542 383 11093 9159 3876 53 2172 313 90640 18093 57190 7911 50991 23215 1850 83283 79164
internal_value=-0.00178242 -0.0399459 0.0239429 0.0134033 0.0161327 0.0435184 -0.00560282 0.0016811 0.00969602 0.00946621 0.00453819 0.0236905 0.044402 0.0382646 0.388489 0.0279866 0.0510154 0.0292655 0.0755524 0.1288 0.551818 0.0120448 0.00194514 0.0108732 0.0442091 0.018049 0.0071808 0.0293128 -0.00245601 -0.0116945
internal_weight=140183 56444.8 83738.6 54437.4 51623.4 29301.2 11703.3 9810.59 33462.5 8554.31 7886.46 3616.82 2170.27 2137.69 32.5737 18160.9 1893.22 1305.66 568.633 323.734 11.7206 31278 11664.1 8722.72 1731.13 19613.9 8726.86 2644.12 6082.74 4269.64
internal_count=7149153 6530209 618944 592700 398883 26244 527016 370044 373959 278717 274588 84258 37291 36455 836 24924 28115 18956 6414 2538 366 334727 173834 83194 26004 160893 109902 25065 84837 190330
is_linear=0
shrinkage=0.055


Tree=33
num_leaves=31
num_cat=0
split_feature=51 53 51 50 53 41 25 26 9 26 42 44 55 52 49 50 49 28 13 26 27 53 50 3 8 55 42 2 3 14
split_gain=42033 6188.5 5411.31 1725.56 1669.68 981.392 1109.06 1031.84 784.601 798.371 660.405 709.82 799.069 712.41 963.243 697.121 1167.81 645.85 628.639 613.812 1475.96 604.259 573.255 1652.86 560.615 623.584 547.499 536.966 495.704 555.757
threshold=129.50000000000003 -0.048757702112197869 9.5000000000000018 -1.0000000180025095e-35 -0.078391313552856431 -1.0000000180025095e-35 -13.683915138244627 4076.5000000000005 4.6007614135742196 141.00000000000003 -1.0000000180025095e-35 1.0000000180025095e-35 0.85034179687500011 0.82965445518493663 -0.15594036877155301 -18.482075691223141 -0.033824702724814408 28.500000000000004 3.4811217784881596 24.500000000000004 231.78370666503909 -0.046463102102279656 -6.6699194908142081 0.86190477013587963 4.3107767105102548 0.80883789062500011 -1.0000000180025095e-35 0.10555555671453477 0.7947368621826173 6.332390785217286
decision_type=2 2 2 2 2 2 2 2 2 2 2 2 2 2 2 2 2 2 2 2 2 2 2 2 2 2 2 2 2 2
left_child=2 19 3 21 -4 -3 -7 10 -6 -10 -8 12 -12 14 -13 16 -16 -11 -17 20 27 -1 -21 -24 -9 -26 -19 -2 29 -27
right_child=1 5 4 -5 8 6 7 24 9 17 11 13 -14 -15 15 18 -18 26 -20 22 -22 -23 23 -25 25 28 -28 -29 -30 -31
leaf_value=0.0087014830661535283 -0.019610635153929027 -0.048672693970321139 -0.026281587479345985 0.053844437770527796 -0.010997461044439501 -0.039325866132027161 -0.058956673376354192 -0.024035633529354082 0.056907700192489495 -0.013731009309890558 -0.014473344582340557 0.011405807299877129 0.077440265509768222 0.034582351504320492 0.72327615402946466 0.026291239666988209 0.084390899787235615 -0.039454753770132231 0.18989664790440999 -0.051036854463443838 -0.047269403978443196 0.032677704614651602 -0.042599162772302149 0.14031340579323032 -0.013920716658619374 -0.0071618864336843247 0.016602479566403545 0.13995919682272662 0.013370640019118389 0.19064391307351664
leaf_weight=3662.6506937835366 88.269884953275323 1297.9491883190349 3666.4340265793726 12936.005929548293 3853.3094783886336 1647.3088534744456 255.09762020036578 2828.3053970178589 1327.441068969667 2441.2956561013125 1429.1979182353243 211.52829940617085 352.44155068416148 2324.1871046284214 12.286162163130937 113.60491970460862 20.409625461325049 531.74444012437016 193.07747742626816 40533.119963012636 813.43669834313914 24330.914851777256 786.99041471164674 179.21447809133679 540.14431448746473 59.487359192222357 30391.332304547541 214.97070470126346 199.33952743001282 146.47978769429028
leaf_count=12248 5317 100930 233613 4987 51034 142580 10083 124561 8134 73320 52504 10494 3508 37062 311 3502 1024 27731 3848 5777267 106730 26016 101873 7548 30938 1075 182157 3947 2611 1966
internal_value=-0.00159222 -0.0392523 0.0229806 0.0372291 0.00916206 -0.00369121 0.00197987 0.00983203 0.0125365 0.0151516 0.026437 0.0311731 0.00387472 0.0480533 0.104063 0.16081 0.388558 0.013482 0.130686 -0.0489561 -0.00867377 0.0295428 -0.0500388 -0.00812431 -0.011787 0.0247884 0.0156323 0.0939456 0.0759164 0.134698
internal_weight=137388 54246.8 83141.1 40929.6 42211.6 11630.8 10332.9 8685.59 38545.1 34691.8 4911.83 4656.73 1781.64 2875.09 550.906 339.378 32.6958 33364.4 306.682 42616 1116.68 27993.6 41499.3 966.205 3773.76 945.451 30923.1 303.241 405.307 205.967
internal_count=7148919 6529679 619240 43251 575989 526997 426067 283487 342376 291342 122336 112253 56012 56241 19179 8685 1335 283208 7350 6002682 115994 38264 5886688 109421 161151 36590 209888 9264 5652 3041
is_linear=0
shrinkage=0.055


Tree=34
num_leaves=31
num_cat=0
split_feature=51 53 51 47 41 50 57 28 8 50 25 53 57 8 42 3 25 13 40 15 15 8 28 23 3 47 51 6 32 31
split_gain=38328.7 5716.8 5064.56 1702.17 1603.99 1075.88 727.601 943.244 770.625 741.072 699.02 658.376 653.618 725.646 632.923 592.218 725.061 611.044 575.162 570.115 631.406 558.059 632.345 517.723 514.153 1555.8 879.357 670.911 497.095 736.643
threshold=129.50000000000003 -0.048757702112197869 9.5000000000000018 -1.0000000180025095e-35 -1.0000000180025095e-35 -14.173061847686766 6.5000000000000009 9.5000000000000018 3.7494349479675297 -10.930799961090086 -8.696952819824217 -0.02343538403511047 6.5000000000000009 1.0000000180025095e-35 -1.0000000180025095e-35 0.97368422150611889 -8.696952819824217 3.9219243526458745 1.7005987167358401 6.6431381702423105 7.0170578956604013 0.89587974548339855 2523.0000000000005 2.5000000000000004 0.846052646636963 -4.3086390495300284 791.50000000000011 -0.288949504494667 3.9019217491149907 3.65057384967804
decision_type=2 2 2 2 2 2 2 2 2 2 2 2 2 2 2 2 2 2 2 2 2 2 2 2 2 2 2 2 2 2
left_child=2 12 3 10 11 15 -6 -8 9 -9 23 -4 13 -2 -7 -3 18 -18 19 -17 -21 -11 -23 -1 -14 26 28 -27 -26 -30
right_child=1 5 4 -5 6 14 7 8 -10 21 -12 -13 24 -15 -16 16 17 -19 -20 20 -22 22 -24 -25 25 27 -28 -29 29 -31
leaf_value=-0.014821330344592962 0.2701363088261674 -0.042624141797930649 -0.045898244642065468 0.052835403263812801 0.055579742347805272 -0.057932817209641177 -0.025855131190164186 -0.02300679590545052 0.020597425830700851 -0.018465962326705842 0.034935271301951017 0.076441018533756788 -0.051766039606823133 -0.014384276739517273 0.014082594020305143 -0.046002453646831323 0.033888214944848748 0.24928171409951691 -0.026161836013402016 0.53582545095287948 -0.035456607479273539 0.029340045789897053 0.0050254067835995078 0.02164383463035922 -0.010581818877651143 0.43340250375817196 -0.049064038098654277 0.07796880992625993 0.57525151258421858 -0.038860936108389095
leaf_weight=1353.282084139064 35.36292535578832 2508.9056890178472 2003.713437568862 12286.195374410599 1070.5303932372481 387.12406100705266 2127.0884479233064 2565.8960547689348 16503.785332523286 2035.540490985848 17433.739431826398 138.05434638354927 32156.178509971127 81.20162598695606 6328.8951368713751 18.182927926070988 503.21337668038905 38.562117831781507 1705.5307306563482 12.153017374686899 7.9925299007445565 4563.1187521731481 11100.887590838596 8918.8871082663536 2081.3630962111056 22.385947745293379 6158.5571947870776 45.829023760277778 5.8853383660316494 11.650383458938448
leaf_count=7287 1240 186481 187515 4875 4305 19923 80653 74407 110092 19646 18569 1493 4811797 10556 180751 981 14110 648 123403 175 465 33078 65270 12450 274274 354 900773 2321 245 1554
internal_value=-0.00163779 -0.0385292 0.021778 0.0357939 0.0084638 -0.00431393 0.0109503 0.00971496 0.0117759 0.00458854 0.0282287 -0.0378528 -0.0482283 0.0794931 0.00989148 -0.0242019 -0.00393125 0.0513587 -0.0212062 0.176879 0.347193 0.0085944 0.0121157 0.0168349 -0.0486058 -0.0363764 -0.0385929 0.216243 -0.00782488 0.249149
internal_weight=134210 52109 82100.7 39992.1 42108.6 11510.6 39966.8 38896.3 36769.2 20265.4 27705.9 2141.77 40598.4 116.565 6716.02 4794.54 2285.63 541.775 1743.86 38.3285 20.1455 17699.5 15664 10272.2 40481.8 8325.67 8257.46 68.215 2098.9 17.5357
internal_count=7149691 6530051 619640 43181 576459 526937 387451 383146 302493 192401 38306 189008 6003114 11796 200674 326263 139782 14758 125024 1621 640 117994 98348 19737 5991318 1179521 1176846 2675 276073 1799
is_linear=0
shrinkage=0.055


Tree=35
num_leaves=31
num_cat=0
split_feature=51 53 54 50 41 50 26 27 50 23 9 26 49 28 53 6 49 16 33 26 26 53 56 27 10 15 28 27 42 25
split_gain=35885.3 5720.3 4962.21 1875.09 1169.41 1130.79 999.07 1588.13 845.521 718.23 686.238 625.553 681.776 745.309 641.027 816.349 619.872 580.714 565.408 549.74 708.204 943.497 661.305 546.796 538.885 615.1 597.122 535.639 533.125 525.531
threshold=129.50000000000003 -0.045409917831420891 7.5000000000000009 -4.3781540393829337 -1.0000000180025095e-35 -1.0000000180025095e-35 30.500000000000004 231.78370666503909 -14.173061847686766 6.5000000000000009 4.7647428512573251 251.50000000000003 -7.3027582168579093 36.500000000000007 -0.027461975812911984 -5.8992121219635001 1.4063478708267214 759.50000000000011 6.6247234344482431 194.50000000000003 168.50000000000003 -0.06640529632568358 -100.87622070312499 134.445182800293 6.2176032066345224 6.8183772563934335 1449.5000000000002 625.78042602539074 -1.0000000180025095e-35 -10.585450649261473
decision_type=2 2 2 2 2 2 2 2 2 2 2 2 2 2 2 2 2 2 2 2 2 2 2 2 2 2 2 2 2 2
left_child=2 6 5 4 19 29 7 -2 17 -9 -6 -12 23 14 -14 27 -15 -3 -11 20 22 -22 -4 -13 -18 -26 -27 -16 -10 -1
right_child=1 8 3 -5 10 -7 -8 9 28 18 11 12 13 16 15 -17 24 -19 -20 -21 21 -23 -24 -25 25 26 -28 -29 -30 -31
leaf_value=-0.0070501334948015011 0.091275250675028965 0.093128849670482336 -0.055067612610679238 0.021689899866744997 -0.017048092236854544 0.055868809527903997 -0.048849009102412987 -0.055073626556225698 -0.05811345889526235 -0.047853945782946897 0.040886631899346562 0.59994850761441387 -0.041086898131387349 -0.052201048495612815 0.19577827530141048 -0.032391597262371064 0.02265069828425172 -0.024850377522658198 0.2561368054418281 -0.049137418028798813 -0.039573155628264363 0.58785123721716781 0.21137189435922768 -0.031101531773329291 -0.018706402533985148 0.047968416927206478 0.004470480358969204 0.004848559737740182 0.015411343102202818 0.03440379648497173
leaf_weight=974.61819432675838 396.76723009906709 125.7144949156791 120.52243175543845 26894.551094632596 3831.6054678200744 9147.434500977397 38797.278862931766 813.55433834344149 309.39935537800193 30.50310369534418 1632.3959240252152 5.4708296619355661 1668.4666765341535 483.36090275086462 108.31565089710057 237.52781660668552 6797.113645311445 3790.3163933716714 37.317207601387054 1765.147414653562 12.324638767633589 10.777169190347193 31.339493613690138 6.1091435831040144 2907.9093048758805 1123.6170240370557 6202.8399178879336 73.561695653945208 5877.8651207070798 17653.552822319791
leaf_count=5335 12150 4141 10022 68994 72493 2744 5986577 121159 14436 3356 14923 38 77603 24153 706 2232 55807 241106 1463 165392 1413 247 572 454 31062 9607 56450 1385 144653 18087
internal_value=-0.00134438 -0.03795 0.0211422 0.0114106 0.00117626 0.0400261 -0.047273 0.000569446 -0.000964528 -0.040548 0.00436183 0.00822598 0.00549807 0.00519856 -0.0258247 0.0346598 0.00890303 -0.020949 0.125515 -0.0399065 0.0519992 0.30564 0.00490193 0.358049 0.010652 0.00267594 0.0111697 0.120751 0.0116907 0.0322336
internal_weight=131867 50178.7 81688.6 53913 27018.4 27775.6 40075.4 1278.14 10103.3 881.375 25078.3 21246.7 19614.3 19602.7 2087.87 419.405 17514.8 3916.03 67.8203 1940.11 174.964 23.1018 151.862 11.58 17031.5 10234.4 7326.46 181.877 6187.26 18628.2
internal_count=7148760 6529041 619719 593553 524559 26166 6124705 138128 404336 125978 346913 274420 259497 259005 81926 4323 177079 245247 4819 177646 12254 1660 10594 492 152926 97119 66057 2091 159089 23422
is_linear=0
shrinkage=0.055


Tree=36
num_leaves=31
num_cat=0
split_feature=51 53 54 41 50 50 50 41 26 54 26 28 30 13 46 53 49 26 27 24 53 26 44 16 53 23 57 23 30 45
split_gain=33111.9 5452.55 4450.96 1802.84 1345.18 1232.95 1206.87 907.87 781.273 696.337 631.948 859.657 851.703 771.091 619.553 1163.26 591.026 567.156 1048.9 559.093 553.965 516.32 494.881 487.364 519.795 630.826 663.32 480.468 568.667 479.817
threshold=129.50000000000003 -0.058592796325683587 7.5000000000000009 -1.0000000180025095e-35 -14.173061847686766 -1.0000000180025095e-35 -4.3781540393829337 -1.0000000180025095e-35 372.00000000000006 74.500000000000014 280.50000000000006 36.500000000000007 0.6904762089252473 3.6242519617080693 1.0000000180025095e-35 -0.043943494558334344 -7.3027582168579093 30.500000000000004 231.78370666503909 -2.8694319725036617 -0.02343538403511047 8319.5000000000018 1.0000000180025095e-35 759.50000000000011 -0.057615071535110467 2.5000000000000004 102.50000000000001 6.5000000000000009 0.21111111342906955 0.85755643248558056
decision_type=2 2 2 2 2 2 2 2 2 2 2 2 2 2 2 2 2 2 2 2 2 2 2 2 2 2 2 2 2 2
left_child=2 17 5 -4 9 -1 10 -6 14 23 -5 16 13 19 -9 -16 -12 18 -2 -13 -18 -8 -15 29 25 -25 -27 -20 -29 -3
right_child=1 4 3 6 7 -7 21 8 -10 -11 11 12 -14 22 15 -17 20 -19 27 -21 -22 -23 -24 24 -26 26 -28 28 -30 -31
leaf_value=0.029930310039523463 0.082291739787949778 0.17694620508082956 -0.034256875698071274 0.033433539430976794 -0.045450952044513125 0.055046655652951186 0.02825812689876599 0.046403779327018495 0.0071827671401566333 -0.040669949725057115 0.25635269949636247 0.049427419117087749 0.055343195023311753 -0.0014213427310153398 0.44913820104139224 0.059419190605985592 -0.041917519072864874 -0.051191535389288688 -0.054978838697379115 -0.0124379312903489 0.030540487876041422 0.012643984620760731 0.022702458149067298 -0.037529091575631987 -0.012029981274545633 0.8281321435830471 -0.02423056130039777 -0.048245497939461306 0.27514922596185415 -0.054431197825088359
leaf_weight=18031.863084834069 270.60441537201405 79.021908514201641 2559.5996781727299 2070.1347913490608 918.10506842238829 8815.9448995031416 14399.169131075032 445.6827621688135 6393.1320603359491 4376.9010927588679 16.882828531321138 461.86657594237477 980.97258999757469 4338.6739410627633 31.167364289518446 69.697062640450895 2118.9854640751146 32587.394149738364 719.03944945894182 8293.2312129056081 371.89669974707067 11563.014943469316 6311.7099103056826 10.408036421518775 2254.2976136468351 2.7819704725407064 3.8540130727924398 33.003021426964551 25.502093708142638 37.168278402648866
leaf_count=23370 10984 1217 194390 20836 89246 2729 22797 7575 248481 532551 650 5443 3296 66724 680 592 98248 5413740 114934 104665 3159 29285 43445 1186 101964 104 359 3821 911 1389
internal_value=-0.0017155 -0.0377225 0.0199154 0.0107415 -0.0096786 0.0381864 0.0130063 0.005799 0.0126071 -0.0276489 0.00437049 0.00173583 0.00547587 0.00294141 0.0754169 0.195369 -0.0286186 -0.0499107 -0.0100344 -0.00914794 -0.0310598 0.0213077 0.012879 -0.00374311 -0.0094571 0.256383 0.535405 -0.0424866 0.103285 0.103738
internal_weight=128592 48257.8 80333.9 53486.1 14622.2 26847.8 50926.5 7857.78 6939.68 6764.43 24964.4 22894.2 20386.5 19405.5 546.547 100.864 2507.76 33635.5 1048.15 8755.1 2490.88 25962.2 10650.4 2387.53 2271.34 17.044 6.63598 777.545 58.5051 116.19
internal_count=7148771 6529734 619037 592938 985344 26099 398548 346574 257328 638770 346466 325630 223573 220277 8847 1272 102057 5544390 130650 110108 101407 52082 110169 106219 103613 1649 463 119666 4732 2606
is_linear=0
shrinkage=0.055


Tree=37
num_leaves=31
num_cat=0
split_feature=51 53 48 50 53 26 26 25 50 3 41 25 54 2 47 7 23 6 8 47 42 44 55 52 49 10 10 6 50 14
split_gain=29952.1 5820.15 4221.97 1511.25 1192.07 862.435 777.899 1102.64 742.048 1544.21 725.214 742.052 794.569 999.545 697.128 675.751 682.575 678.175 582.595 579.111 550.324 698.557 735.009 620.613 681.65 612.158 1097.36 965.862 678.805 683.929
threshold=129.50000000000003 -0.048757702112197869 8.5000000000000018 -1.0000000180025095e-35 -0.078391313552856431 4076.5000000000005 30.500000000000004 -16.288406372070309 -6.6699194908142081 0.86190477013587963 -1.0000000180025095e-35 -13.683915138244627 580.50000000000011 0.240384615957737 -108.40282440185545 2.7396341562271123 4.5000000000000009 -12.073047161102293 4.5900437831878671 -8.020692825317381 -1.0000000180025095e-35 1.0000000180025095e-35 0.85034179687500011 0.82965445518493663 -1.0103983879089353 5.5234570503234872 6.3826613426208505 -0.023084346204996106 -9.2009973526000959 6.4762027263641366
decision_type=2 2 2 2 2 2 2 2 2 2 2 2 2 2 2 2 2 2 2 2 2 2 2 2 2 2 2 2 2 2
left_child=2 6 3 19 -4 10 7 -2 -8 -10 -3 12 -12 -14 -15 18 17 -17 -6 -1 -13 22 -22 24 -23 -26 27 28 29 -27
right_child=1 5 4 -5 15 -7 8 -9 9 -11 11 20 13 14 -16 16 -18 -19 -20 -21 21 23 -24 -25 25 26 -28 -29 -30 -31
leaf_value=-0.008037414899888632 -0.050054561371115518 -0.042282254303606832 -0.022553250759584073 0.050263919400884552 0.010495276698589177 -0.019493601919231333 -0.050355046787839509 0.05693735600495814 -0.039910675452700994 0.13167539709611398 -0.047529798360482794 -0.058253797757899795 -0.044473520323928012 -0.027352082491848711 0.7172933075348753 0.065620536121184236 0.012144277173494943 -0.018499362255852626 0.028386606289472704 0.027754727831208515 -0.017024622545896938 0.0050836034422413042 0.070595066604675585 0.032422894489138356 -0.053767941394817637 0.73507078420256711 0.094115326513410633 -0.046639339219551677 0.17212549673274161 0.25559576390404137
leaf_weight=1453.5783015508205 664.87857918534428 683.17425912199542 3588.3741419799626 10935.152721479535 22093.949843128212 4939.7634972799569 33208.45203190716 510.70679009379819 653.07334276335314 204.0667653651908 691.72891288856044 224.54915321059525 20.237146086525172 4.8502938668243578 8.1505038300529105 301.18509968742728 6211.887075481005 5500.6938298833556 7333.5893668173812 22555.472337387037 1382.5538381445222 180.74914330849424 361.00463848281652 2424.7192170545459 45.125079066492617 20.323539273813367 272.06085042841733 18.541280106641352 38.397277326323092 27.23991996049881
leaf_count=6158 108015 53990 233667 4565 158354 282751 5756027 29006 101901 7592 64956 10130 2509 586 163 6215 46493 102303 34351 27448 52513 9691 3527 36951 1495 197 6340 657 331 418
internal_value=-0.00144968 -0.0365053 0.018971 0.033315 0.00783729 -0.00223733 -0.0475333 -0.00353003 -0.0490511 0.00146704 0.0110795 0.0174839 -0.0343501 0.210287 0.509052 0.0104712 -0.000520868 -0.0140798 0.014958 0.0255865 0.0250334 0.0290105 0.00126707 0.0449615 0.094745 0.132667 0.15542 0.303436 0.377358 0.510906
internal_weight=126558 46584.3 79973.9 34944.2 45029.7 11343.2 35241.2 1175.59 34065.6 857.14 6403.41 5720.23 724.967 33.2379 13.0008 41441.3 12013.8 5801.88 29427.5 24009.1 4995.26 4770.71 1743.56 3027.16 602.437 421.688 376.563 104.502 85.9607 47.5635
internal_count=7149300 6529746 619554 38171 581383 527205 6002541 137021 5865520 109493 244454 190464 68214 3258 749 347716 155011 108518 192705 33606 122250 112120 56040 56080 19129 9438 7943 1603 946 615
is_linear=0
shrinkage=0.055


Tree=38
num_leaves=31
num_cat=0
split_feature=51 53 54 50 47 25 57 42 42 45 30 45 53 47 40 41 9 25 49 57 54 27 51 2 51 53 25 49 57 9
split_gain=28694.4 5280.22 4189 1513.16 1128.93 1105.99 1424.13 1342.09 978.064 801.491 765.88 673.165 635.577 1049.99 610.973 579.587 533.588 502.139 513.086 483.491 761.318 752.98 462.192 506.777 444.802 434.123 431.06 429.877 425.335 418.057
threshold=129.50000000000003 -0.058592796325683587 7.5000000000000009 -4.3781540393829337 -1.0000000180025095e-35 -12.566610813140867 233.50000000000003 1.0000000180025095e-35 -1.0000000180025095e-35 0.84888583421707164 0.84523808956146251 0.77850645780563366 -0.055660784244537347 -19.156520843505856 3.3842465877532963 -1.0000000180025095e-35 4.7647428512573251 -7.7946922779083243 2.8241691589355473 13.500000000000002 563.50000000000011 556.52545166015636 94.500000000000014 0.19090909510850909 164.50000000000003 -1.0000000180025095e-35 -22.490583419799801 7.9710149765014657 6.5000000000000009 4.9289126396179208
decision_type=2 2 2 2 2 2 2 2 2 2 2 2 2 2 2 2 2 2 2 2 2 2 2 2 2 2 2 2 2 2
left_child=2 28 4 8 25 19 12 10 -4 14 15 -10 13 -7 -9 -8 -13 22 -19 20 26 -22 -5 -24 -12 -1 -3 29 -2 -14
right_child=1 5 3 17 -6 6 7 9 11 -11 24 16 27 -15 -16 -17 -18 18 -20 -21 21 -23 23 -25 -26 -27 -28 -29 -30 -31
leaf_value=0.023917986557790233 0.08833584941048625 0.40462014477087116 -0.049510075674549479 0.012668861822782325 0.053226810680570238 0.03500067199626599 -0.053267195208316576 0.089507255859129595 -0.037789666024258345 0.011584115903738253 0.37328538307476589 -0.014682259867226845 0.0042210180292595236 0.6162449355689843 0.48156125168617259 -0.014085698206891832 0.0079667270170528989 -0.039736199091470817 0.032739944579319523 -0.044216967731573575 0.51860892146538318 -0.038848464429286002 -0.0064719182934225719 0.14219285397350165 -0.039354392592395787 0.043919232002303445 -0.0096085219464151113 -0.063054651132240333 -0.049755956939756485 0.055099175423166578
leaf_weight=13846.888024861924 63.265327073633671 2.77371195051819 1134.2702787541784 18054.572557992768 8256.455751452595 26.578784319106489 1424.8046162105165 394.80184054421261 1187.1179933650419 1021.613435854204 18.515196009539071 3703.7856742036529 721.93997430521995 10.12645095400512 7.7588818855583659 5708.3500844747759 20759.642835650127 302.71692732768133 8009.2409552657045 2937.5767738833092 12.657677904702725 11.420153796672819 114.8487005373463 168.53553072642535 10.579246589913962 4314.8594808019698 334.02405264833942 128.64158248528838 30462.89110868657 1511.826860347297
leaf_count=20435 6487 226 94672 46192 2779 1017 168842 16257 71825 30269 152 74694 10515 208 177 349844 282628 5862 13172 361069 259 1549 2684 938 527 3156 26143 1861 5538370 16813
internal_value=-0.00131954 -0.0365421 0.0184469 0.00958781 0.0363607 -0.00893776 -0.000546579 -0.011017 0.000355276 0.0376593 -0.0207155 0.00256955 0.036872 0.250014 0.102879 -0.0219438 0.00453535 0.0188653 0.0300781 -0.0368416 0.0229789 0.292991 0.0137761 0.0828751 0.239475 0.0286807 -0.000328029 0.0330393 -0.0494553 0.0387018
internal_weight=124663 44810.1 79852.9 53434.7 26418.2 14284 10985.5 8586.42 26784.8 1424.17 7162.25 25650.5 2399.11 36.7052 402.561 7133.15 24463.4 26649.9 8311.96 3298.45 360.876 24.0778 18338 283.384 29.0944 18161.7 336.798 2362.41 30526.2 2233.77
internal_count=7149622 6530585 619037 592667 26370 985728 596482 566068 523819 46703 519365 429147 30414 1225 16434 518686 357322 68848 19034 389246 28177 1808 49814 3622 679 23591 26369 29189 5544857 27328
is_linear=0
shrinkage=0.055


Tree=39
num_leaves=31
num_cat=0
split_feature=51 53 48 53 53 26 25 46 7 41 16 26 25 19 13 26 25 45 51 15 49 41 26 23 8 47 54 48 15 51
split_gain=26502.8 4881.82 3708.73 1365.99 1130.07 855.034 839.13 710.381 622.995 616.339 572.43 562.643 822.25 544.17 541.742 606.361 585.421 508.14 496.902 1214.2 1298.49 818.064 1190.3 1095.86 1022.96 647.847 607.425 628.047 543.136 491.413
threshold=129.50000000000003 -0.051757156848907464 8.5000000000000018 -1.0000000180025095e-35 -0.06445217132568358 2003.5000000000002 -6.8918664455413809 9.1909418106079119 2.5561521053314213 1.0000000180025095e-35 759.50000000000011 24.500000000000004 -11.484688758850096 1.5000000000000002 3.6762205362319951 890.50000000000011 -10.116950035095213 0.8125816583633424 257.50000000000006 3.0677825212478642 4.1342215538024911 1.0000000180025095e-35 558.00000000000011 2.5000000000000004 4.8713660240173349 -2.6202986240386958 40.500000000000007 109.50000000000001 8.6122307777404803 94.500000000000014
decision_type=2 2 2 2 2 2 2 2 2 2 2 2 2 2 2 2 2 2 2 2 2 2 2 2 2 2 2 2 2 2
left_child=2 11 3 6 9 -3 7 17 10 -4 -7 12 -2 29 15 -6 -17 -1 19 20 -13 26 23 -23 -25 28 27 -21 -24 -11
right_child=1 5 4 -5 14 8 -8 -9 -10 13 -12 18 -14 -15 -16 16 -18 -19 -20 21 -22 22 25 24 -26 -27 -28 -29 -30 -31
leaf_value=-0.057011512768595479 -0.032930950223293926 0.013254006413638733 -0.02747345646925196 0.051754262642383225 0.024267145976928927 0.1028889370289565 0.042851755392049919 0.024556566471003637 -0.032941626945981732 0.078898148851854408 -0.0058508021961994564 -0.029675129681655074 0.091634207291960423 0.0027953851563199566 0.017591506821737678 -0.024360088864894717 0.0043592302984201839 0.0053322223399942066 -0.051299221611126017 0.5124961375360032 1.1041165574491105 0.01869600668920918 -0.027366636992624576 0.2197187948046545 0.90798649560605993 0.31810870961332072 -0.046748233891055091 -0.038991406736077629 0.25023165059687713 0.43178860257855006
leaf_weight=448.5017643161118 713.56715707900003 4315.2536728847772 4015.356318035163 7606.7262569330633 3884.8181667919271 147.64007003745064 6227.127187631093 16233.574228211772 3842.4256485644728 106.99060542788357 3603.0660550668836 5.7828112775459877 201.34400654397905 1805.5273831607774 17839.180106032174 2498.8169212867506 15064.006728338543 3086.5549984900281 27277.624658755958 7.0719250808469978 0.93099567247554649 41.75546448212117 474.00739079527557 31.437712877988815 5.5609216019511214 13.296154556795953 2341.396505067125 11.602956863585858 17.329981754999608 9.0991355320438725
leaf_count=2959 110495 172898 262932 2948 23891 2812 6340 19222 297054 1319 177211 1054 4236 52042 113430 44258 82711 6561 5231148 150 55 5171 76524 1663 263 376 443172 1103 1645 453
internal_value=-0.00153797 -0.0362404 0.0174159 0.0312547 0.00713105 -0.00628578 0.0252474 0.0196926 -0.0173918 -0.0152253 -0.00143917 -0.0476917 -0.0051689 0.010373 0.010511 0.00461905 0.000267311 -0.00264684 -0.0489776 -0.0274615 0.531725 -0.0296365 0.0284989 0.220519 0.418948 -0.00333767 -0.0440369 0.23398 -0.0151533 0.123245
internal_weight=121877 43051.1 78826.3 33602.5 45223.8 11908.4 25995.8 19768.6 7593.13 5936.97 3750.71 31142.7 914.911 1921.62 39286.8 21447.6 17562.8 3535.06 30227.8 2950.17 6.71381 2943.46 583.388 78.7541 36.9986 504.634 2360.07 18.6749 491.337 116.09
internal_count=7146096 6527030 619066 38030 581036 649975 35082 28742 477077 316746 180023 5877055 114731 53814 264290 150860 126969 9520 5762324 531176 1109 530067 85642 7097 1926 78545 444425 1253 78169 1772
is_linear=0
shrinkage=0.055


Tree=40
num_leaves=31
num_cat=0
split_feature=51 54 50 51 3 50 45 54 7 14 26 56 53 41 50 35 14 45 13 27 0 23 27 47 15 27 57 27 26 0
split_gain=23385.9 4958.84 3658.02 1629.84 1157.06 1445.34 922.503 875.407 756.583 689.36 782.15 1151.14 908.832 1053.98 1336.76 1517.78 2210.76 1630.83 685.598 668.022 925.662 672.036 1303.5 1486.41 660.924 629.941 603.606 771.046 2042.02 1274.34
threshold=129.50000000000003 99.500000000000014 -1.0000000180025095e-35 26.500000000000004 0.846052646636963 -11.625393390655516 0.79698204994201671 7.5000000000000009 2.5561521053314213 6.7884085178375253 2471.5000000000005 -100.87768554687499 -0.048757702112197869 1.0000000180025095e-35 -9.4043130874633771 1.0000000180025095e-35 6.0741953849792489 0.83082807064056408 3.4811217784881596 531.05493164062511 0.23611111193895343 6.5000000000000009 65.647106170654311 -103.3545799255371 6.9962239265441903 102.68951797485353 48.500000000000007 206.30230712890628 876.00000000000011 0.91666665673255932
decision_type=2 2 2 2 2 2 2 2 2 2 2 2 2 2 2 2 2 2 2 2 2 2 2 2 2 2 2 2 2 2
left_child=2 25 3 7 26 19 -5 -1 24 10 12 -12 13 -7 15 16 -15 -18 -13 20 -6 -22 -23 -24 -9 -2 27 28 -3 -30
right_child=1 4 -4 6 5 9 -8 8 -10 -11 11 18 -14 14 -16 -17 17 -19 -20 -21 21 22 23 -25 -26 -27 -28 -29 29 -31
leaf_value=0.02808012370160862 0.011228881391375014 0.052142210111869321 0.046545480190693732 -0.037811771351187982 -0.037623616721990862 0.007523853576091615 0.0023632896455016263 0.0040332735063403737 -0.0013405899274783642 -0.015236018838712406 -0.027280137545694978 -0.047622399275527756 0.005192518191124808 -0.025612479696470441 0.1874524953578017 0.14173385681086567 1.7011861771881758 -0.015375680322254687 0.27930735234211923 -0.051664211476783788 0.016367839817718218 0.015585561695789309 -0.034641587313783896 0.86960728099729978 0.024104855656131075 -0.02978500293525696 -0.050837073850553305 -0.018588842984590976 -0.021739477002050943 1.246645955432135
leaf_weight=15092.059040918946 6581.3509176997468 64.371100687421858 10367.215961145237 1896.5664999196306 1944.5830039139837 51.464349454268813 19040.920840545557 7441.0747837899253 9162.7917672116309 625.59445439977571 348.23365404829383 25.193954384420067 98.516192066948861 4.3064343286678213 88.214114679954946 13.144308295100926 4.5506047056987882 1.9223364796489475 63.908951512072235 3694.7786208842881 852.10646873526275 41.555788517929614 8.2443137373775262 9.5571309938095492 14908.451364240609 1363.2163028782234 25416.26052284101 356.85229748580605 3.2130437339656046 2.8135280129499733
leaf_count=16957 170597 2456 6372 159049 318964 7009 334134 23373 44960 51125 36387 1870 2869 759 2578 2103 345 325 2750 713679 126955 4432 1076 405 34188 121329 4900506 60945 417 52
internal_value=-0.00165337 -0.0349121 0.0161337 0.0114626 -0.0441211 -0.0256402 -0.00128402 0.0171887 0.0119689 0.0266717 0.0639961 0.018476 0.138178 0.215728 0.306882 0.638723 1.00781 1.40687 0.189249 -0.0362337 -0.0162163 0.0294117 0.200844 0.535062 0.0174246 0.00417696 -0.0497471 0.0149286 0.174797 0.867192
internal_weight=119573 41664 77909.1 67541.9 33719.4 7875.87 20937.5 46604.4 31512.3 1325.05 699.455 437.337 262.118 163.602 112.138 23.9237 10.7794 6.47294 89.1029 6550.83 2856.05 911.464 59.3572 17.8014 22349.5 7944.57 25843.5 427.25 70.3977 6.02657
internal_count=7148966 6529933 619033 612661 6238007 1273631 493183 119478 102521 108120 56995 41007 15988 13119 6110 3532 1429 670 4620 1165511 451832 132868 5913 1481 57561 291926 4964376 63870 2925 469
is_linear=0
shrinkage=0.055


Tree=41
num_leaves=31
num_cat=0
split_feature=49 53 50 26 26 27 41 28 8 53 54 26 50 33 41 13 0 13 46 51 29 45 28 26 8 53 24 9 25 9
split_gain=21859.9 6848.39 3080.18 1620.7 1249.41 1312.21 1127.15 1109.16 1070.4 972.663 931.699 661.094 545.021 701.002 501.236 797.534 731.407 496.836 573.083 573.071 577.42 623.545 485.527 466.725 444.035 442.863 1204.94 761.408 430.394 424.487
threshold=4.8630323410034189 -0.041014552116394036 -1.0000000180025095e-35 1230.5000000000002 30.500000000000004 231.78370666503909 -1.0000000180025095e-35 56.500000000000007 3.0677825212478642 -0.06347560882568358 14.500000000000002 206.00000000000003 -7.5096962451934806 3.7256208658218388 1.0000000180025095e-35 3.7256208658218388 0.91666665673255932 3.8393945693969731 4.9492456912994394 68.500000000000014 0.23611111193895343 0.84888583421707164 4.5000000000000009 4.5000000000000009 4.5695295333862314 -100.81871414184569 -5.6676659584045401 4.9791030883789071 -9.9694399833679181 4.9334011077880868
decision_type=2 2 2 2 2 2 2 2 2 2 2 2 2 2 2 2 2 2 2 2 2 2 2 2 2 2 2 2 2 2
left_child=1 4 3 22 5 -1 -5 -8 12 -6 -3 -12 13 -9 16 -16 -13 24 19 -19 -21 29 23 -2 -10 26 27 -24 -25 -22
right_child=2 10 -4 6 9 -7 7 8 17 -11 11 14 -14 -15 15 -17 -18 18 -20 20 21 -23 25 28 -26 -27 -28 -29 -30 -31
leaf_value=0.074527077720544982 0.16172534415914133 0.024679656642669998 0.046383878623764196 -0.039899019543339194 -0.050081143070296305 -0.037790555317647294 -0.026629195589698684 0.016886633872735497 0.0070973567581565323 -0.028210383516376492 0.043703642006051799 -0.036267965596070637 0.0058467734611275151 -0.03692557954362586 -0.01755112970617554 0.03803359865199487 0.075539995960961656 0.047530772141172718 0.025375610126324728 0.004306224920778319 0.076349179542621978 0.054064975174091152 0.54037673710141498 -0.058093580719953949 0.023629291580281285 0.03190967505777105 0.044128635534453911 -0.037995126783506791 0.029284375912011076 0.38328740709951481
leaf_weight=548.22934522340074 38.812941738404334 4708.2519238004461 9896.615175774321 1398.98778032884 25483.058031278662 724.88461030647159 2354.69665848976 1087.7259396235459 12082.299672627822 8139.4167687003501 698.78722672490403 2752.6103007844649 12522.747440161183 2220.9411403173581 2236.8787865522318 1193.1732381172478 184.51100467983633 526.90216231252998 7474.613611870911 51.173391051124781 21.051707528997213 46.463128209114075 22.99070494435728 422.31556425848976 8287.1555052027106 12069.630269011948 136.377837871667 8.3026400627568346 279.74451241036877 58.779567939694971
leaf_count=13700 150 22758 4759 129884 5157023 126991 75292 30161 87972 964718 8099 132529 43918 77568 82436 31285 4471 1811 34716 4029 1265 815 583 18152 49082 37834 4615 534 609 1613
internal_value=-0.00129183 -0.0305299 0.0179255 0.0133134 -0.0427666 0.0106781 0.00866077 0.0101185 0.012071 -0.0447916 0.0057394 -0.00688957 0.000600211 -0.019236 -0.012472 0.00181171 -0.0291277 0.0184309 0.0298804 0.0771683 0.161449 0.222533 0.0305593 -0.0126028 0.0138274 0.0331765 0.120801 0.402831 -0.0233159 0.311618
internal_weight=117678 46669.8 71008.3 61111.7 34895.6 1273.11 48133.5 46734.5 44379.9 33622.5 11774.2 7065.96 15831.4 3308.67 6367.17 3430.05 2937.12 28548.4 8178.98 704.37 177.468 126.294 12978.2 740.873 20369.5 12237.3 167.671 31.2933 702.06 79.8313
internal_count=7149372 6544010 605362 600603 6262432 140691 538126 408242 332950 6121741 281578 258820 151647 107729 250721 113721 137000 181303 44249 9533 7722 3693 62477 18911 137054 43566 5732 1117 18761 2878
is_linear=0
shrinkage=0.055


Tree=42
num_leaves=31
num_cat=0
split_feature=51 53 54 41 53 8 54 42 26 28 6 51 3 14 52 51 26 24 16 25 8 25 40 16 23 40 54 24 54 25
split_gain=20262.1 4261.93 3371.61 1764.31 999.309 975.28 881.856 751.244 721.967 1171.97 728.542 676.237 682.827 1023.75 899.308 952.114 594.502 781.963 574.931 550.635 524.903 496.467 469.809 700.505 741.002 605.223 536.37 473.399 575.65 466.22
threshold=181.50000000000003 -0.057615071535110467 7.5000000000000009 -1.0000000180025095e-35 -1.0000000180025095e-35 1.8688348531723025 67.500000000000014 -1.0000000180025095e-35 779.50000000000011 56.500000000000007 -12.073047161102293 1895.5000000000002 0.86190477013587963 6.8029501438140878 0.8019009828567506 1072.5000000000002 30.500000000000004 -13.480471611022947 4140.5000000000009 -8.0861721038818342 3.9981586933135991 -13.683915138244627 2.8617925643920903 4143.0000000000009 6.5000000000000009 2.1383330821990971 145.50000000000003 -6.1204633712768546 374.50000000000006 -8.696952819824217
decision_type=2 2 2 2 2 2 2 2 2 2 2 2 2 2 2 2 2 2 2 2 2 2 2 2 2 2 2 2 2 2
left_child=2 16 4 -4 19 -5 18 -7 -9 10 -10 12 -8 14 15 -14 17 -2 -3 -1 -11 -16 25 24 -24 -23 -25 28 -27 -20
right_child=1 6 3 5 -6 7 11 8 9 20 -12 -13 13 -15 21 -17 -18 -19 29 -21 -22 22 23 26 -26 27 -28 -29 -30 -31
leaf_value=0.011465325026886632 -0.043542904457909967 0.073016864534675138 -0.034877051698038952 -0.0078277855277286042 0.047075113781046722 -0.050505937912349676 -0.02597410015645996 0.031259315941746045 0.071190278002377191 0.0067087205429490994 -0.034169371116476527 -0.043133422350550746 0.10915521114970023 -0.023632773259211263 -0.053596724074945493 0.55174576119549323 -0.049698261518481723 0.06075867121443243 -0.013490941173827984 0.031982977187153733 0.020281915887701753 0.17155120742751204 -0.024592073819638578 -0.013579889901336928 0.88313760983371503 -0.040252466765696035 0.16426405400122199 -0.023322235118674064 0.48627279562404363 0.020590214136171518
leaf_weight=6704.9806854641065 576.80936522036791 388.44123544450849 2882.0185313522816 8426.1924995267764 8251.7843480147421 558.32220632769167 2301.6501382403076 5923.0375377456658 212.19200497306883 17905.450177027844 2345.4850734584033 2572.3585427696817 54.706338156946003 791.57234790595248 124.11105505703017 17.09108469914645 23686.274988451041 342.21088029723614 2377.8066897224635 9677.2045560386032 16625.716179389041 67.098307403270155 3.9093374311923972 77.253023088444024 2.3257038970477879 11.094538280274721 143.58352031558752 298.64211164135486 7.6443058052100232 2471.0169197297655
leaf_count=13439 113524 5738 298619 124870 4522 21334 255566 52645 7408 143223 96101 369234 2633 64037 17319 575 5266285 17300 93019 9209 98124 2880 357 3766 55 698 8090 20563 126 37657
internal_value=-0.000982654 -0.0350183 0.0145636 0.0069743 0.0314659 0.00929714 -0.007702 0.0126095 0.0134346 0.0105841 -0.0253066 -0.021271 -0.0068168 0.0207533 0.0641437 0.243575 -0.0480146 -0.00458604 0.00907304 0.0235915 0.0132458 0.0451059 0.0654092 0.12729 0.55634 0.0276977 0.103127 -0.00490375 0.231719 0.00388053
internal_weight=115828 36315.6 79512.4 54878.4 24634 51996.4 11710.3 43570.2 43011.9 37088.8 2557.68 6473.04 3900.68 1599.03 807.459 71.7974 24605.3 919.02 5237.26 16382.2 34531.2 735.662 611.551 227.072 6.23504 384.479 220.837 317.381 18.7388 4848.82
internal_count=7148916 6279422 869494 842324 27170 543705 882313 418835 397501 344856 103509 745899 376665 121099 57062 3208 5397109 130824 136414 22648 241347 53854 36535 12268 412 24267 11856 21387 824 130676
is_linear=0
shrinkage=0.055


Tree=43
num_leaves=31
num_cat=0
split_feature=51 48 53 41 47 26 3 26 27 8 26 25 54 45 16 46 14 50 49 28 45 54 25 48 33 14 19 25 46 45
split_gain=19310.5 3719.76 3360.8 2536.55 1263.92 789.684 699.133 677.136 765.958 665.161 661.768 583.341 514.813 502.008 498.978 489.712 999.271 734.719 1225.26 955.599 838.899 874.205 478.074 825.983 716.058 607.175 474.474 468.863 481.003 466.552
threshold=257.50000000000006 8.5000000000000018 -0.051757156848907464 -1.0000000180025095e-35 -1.0000000180025095e-35 14.500000000000002 0.86190477013587963 30.500000000000004 206.30230712890628 2.5249279737472539 618.00000000000011 -13.683915138244627 563.50000000000011 0.76351600885391246 2303823.0000000005 -0.042969970032572739 4.9163179397583017 -106.93358230590819 -60.361633300781243 67.000000000000014 0.85321214795112621 53.500000000000007 -12.566610813140867 159.50000000000003 8.0065340995788592 6.3144531250000009 6.5000000000000009 -6.8918664455413809 3.4369220733642583 0.88269880414009105
decision_type=2 2 2 2 2 2 2 2 2 2 2 2 2 2 2 2 2 2 2 2 2 2 2 2 2 2 2 2 2 2
left_child=1 4 7 5 27 -3 10 8 -2 -5 -4 12 -8 -11 15 17 -17 26 19 -19 -21 -22 24 -24 -15 -26 29 28 -1 -13
right_child=2 3 6 9 -6 -7 11 -9 -10 13 -12 14 -14 22 -16 16 -18 18 -20 20 21 -23 23 -25 25 -27 -28 -29 -30 -31
leaf_value=-0.075092176098996308 0.061413486868241912 0.21253037007094963 0.027276298060678845 -0.0037806951119045752 0.044570825658075588 -0.048255176158585045 -0.046274280615091284 -0.05011222939092088 -0.039538063037194815 -0.050632956580174505 -0.031956187454464054 -0.033247588042958576 0.13011800130366802 -0.027959367732528769 0.29668631974106352 0.23670730006126886 -0.029801484019561814 0.054828661915697068 0.040968661464402804 -0.031430920416627026 0.18038652575926942 0.98905097068471137 0.009841668551621819 0.036772781320568222 0.17848655137345723 0.0090671107307056052 0.42003342833640017 0.036042372523810214 0.017356062413589547 0.1081285479995418
leaf_weight=167.07457070844248 349.46261483849958 30.696493244729936 666.62666663294658 13058.154308633413 9430.9749700608663 2981.8439655820839 734.99422202492133 22459.542779679876 629.06274997908622 392.54949760437012 3821.0966866719536 695.9543696208857 48.901185502298176 1713.3159210127778 14.339004570152609 39.684589201118797 898.83103111712262 26.383475191891193 1620.7159820790403 5.9475405584089485 9.9238815689459461 7.8934794492088249 27657.504722181708 3931.6136137871072 91.224659919273108 192.74752612877637 2.5206944923847905 4679.9656380857341 17549.458941963967 73.633191918022931
leaf_count=1436 10120 418 28427 262354 5007 456798 95173 5213210 124050 43510 314147 52442 4752 115848 405 288 31159 1262 37474 344 113 105 193198 110019 2219 11081 155 5842 26012 1840
internal_value=-0.00119325 0.0129827 -0.0373419 0.00363341 0.0276818 -0.0452501 -0.00807351 -0.0481613 -0.00335612 0.00676869 -0.023137 0.00810828 -0.0345156 0.0108228 0.0179839 0.0163658 -0.0173376 0.0293226 0.0497799 0.305013 0.524955 0.676869 0.0115485 0.0131988 -0.014521 0.0656389 -0.0149832 0.0205617 0.0164633 -0.0191102
internal_weight=113983 81877.1 32105.5 50049.7 31827.5 3012.54 8667.45 23438.1 978.525 47037.1 4487.72 4179.72 783.895 33979 3395.83 3381.49 938.516 2442.97 1670.86 50.1484 23.7649 17.8174 33586.4 31589.1 1997.29 283.972 772.108 22396.5 17716.5 769.588
internal_count=7149208 1233742 5915466 1195445 38297 457216 568086 5347380 134170 738229 342574 225512 99925 475875 125587 125182 31447 93735 39298 1824 562 218 432365 303217 129148 13300 54437 33290 27448 54282
is_linear=0
shrinkage=0.055


Tree=44
num_leaves=31
num_cat=0
split_feature=51 53 50 50 41 25 42 25 3 50 26 47 46 52 45 19 9 57 55 40 50 6 51 50 42 52 46 8 14 45
split_gain=17170.4 4269.85 3000.79 1153.81 930.849 1090.17 910.102 703.91 614.434 1036.02 777.48 848.441 1017.95 729.648 649.191 634.821 600.278 588.905 877.396 1601.06 715.48 585.348 519.935 516.863 462.61 540.53 511.328 664.74 670.786 623.459
threshold=129.50000000000003 -0.058592796325683587 -1.0000000180025095e-35 -4.3781540393829337 -1.0000000180025095e-35 -12.743447303771971 -1.0000000180025095e-35 -8.696952819824217 0.846052646636963 -11.958175659179686 2471.5000000000005 -107.87971115112303 4.6248388290405282 0.79550433158874523 0.82948431372642528 1.5000000000000002 4.8001670837402353 3.5000000000000004 0.88842773437500011 3.0201274156570439 -107.80527496337889 -12.073047161102293 94.500000000000014 -110.75454330444335 -1.0000000180025095e-35 0.79274407029151928 1.4640176296234133 4.6395599842071542 4.7916412353515634 0.82563745975494396
decision_type=2 2 2 2 2 2 2 2 2 2 2 2 2 2 2 2 2 2 2 2 2 2 2 2 2 2 2 2 2 2
left_child=2 8 3 6 -3 17 -1 22 -2 -10 11 13 15 14 -11 -13 -8 18 19 -6 -21 -7 -5 -23 -25 -26 -27 28 -28 -29
right_child=1 4 -4 7 5 21 16 -9 9 10 -12 12 -14 -15 -16 -17 -18 -19 -20 20 -22 23 -24 24 25 26 27 29 -30 -31
leaf_value=-0.048019910150360189 -0.05102528734212191 -0.049144396013402689 0.043132323596050848 0.0065868635857813636 0.025021526872922823 0.10151596728114529 -0.012513664443791244 0.023868980647102196 -0.037270060540997421 -0.019102183924368698 -0.0087288352859412801 0.16502971878713532 0.61511779120943622 0.11461105403412745 0.91544757057059356 -0.052657311082487938 0.0074265977764208834 -0.04028616825666026 -0.052615069996161709 0.81955942361109024 -0.023081819518168806 -0.029287481187600339 0.078162760255421043 -0.049413189655266303 -0.039470201414497093 0.029049569029312737 0.17203914470422937 0.16652043578758211 -0.018901400104945901 0.022912269902986993
leaf_weight=1052.3032059962861 18500.209840911906 1433.5413470445201 9211.555009892676 15261.595136417542 34.701508232858032 186.58283706195652 5554.5533413407393 18669.36361013446 4128.8400571863167 2.6073113456368464 281.7586032608524 68.988369251601398 5.2481296434998503 15.346670898608862 5.476220796816051 85.688121714163572 25577.026226260234 2385.8554686652496 59.779949504882097 10.387417239602653 3.466805641539394 1194.2660325393081 308.36755347019061 379.49340681079775 557.10937076434493 4109.5395677383058 52.084327993448824 109.88040035311133 2264.7571391756646 459.30910145072266
leaf_count=94938 4532004 200249 6334 38753 1780 1151 103584 34542 942394 385 49335 3779 310 1073 133 14660 338148 344413 5337 362 239 112884 3009 28444 52602 129154 801 6702 89665 12128
internal_value=-0.00120548 -0.0322772 0.0137225 0.00964103 -0.00737304 -0.00228283 0.00216365 0.0166682 -0.046551 -0.0284969 0.0489514 0.135466 0.0833029 0.414245 0.721909 0.0465622 0.00386738 -0.0345384 0.0882376 0.250372 0.658498 0.00636967 0.00802908 0.00436995 0.00945267 0.0124412 0.0166005 -0.0011458 -0.0142477 0.0518441
internal_weight=111970 36334.9 75634.8 66423.2 13240.8 11807.2 32183.9 34239.3 23094.2 4593.95 465.113 183.355 159.925 23.4302 8.08353 154.676 31131.6 2494.19 108.336 48.5557 13.8542 9313.02 15570 9126.44 7932.17 7552.68 6995.57 2886.03 2316.84 569.19
internal_count=7149292 6529984 619308 612974 985911 785662 536670 76304 5544073 1012069 69675 20340 18749 1591 518 18439 441732 352131 7718 2381 601 433531 41762 432380 319496 291052 238450 109296 90466 18830
is_linear=0
shrinkage=0.055


Tree=45
num_leaves=31
num_cat=0
split_feature=53 49 48 25 53 6 41 19 57 52 25 49 48 31 8 30 8 56 13 8 0 23 27 8 50 15 22 25 40 50
split_gain=16157 3936.12 3463.11 1316.27 1161.63 944.652 942.263 691.107 672.797 685.913 668.214 656.697 594.728 614.583 547.188 565.247 531.195 487.946 477.349 468.108 461.259 1420.87 749.847 552.994 447.648 608.033 389.762 385.89 390.432 540.706
threshold=-0.058592796325683587 4.8630323410034189 8.5000000000000018 -13.469283103942869 -1.0000000180025095e-35 -7.1922597885131827 -1.0000000180025095e-35 1.5000000000000002 19.500000000000004 0.82377120852470409 -8.0779495239257795 -2.3433179855346675 731.50000000000011 2.7403194904327397 2.6020033359527592 0.84523808956146251 4.0163424015045175 -100.90258789062499 3.6762205362319951 1.2424533367156985 0.91666665673255932 6.5000000000000009 152.79713439941409 1.7005987167358401 -9.8043918609619123 3.0677825212478642 3.5694335699081425 -6.5077798366546622 2.6020033359527592 -11.625393390655516
decision_type=2 2 2 2 2 2 2 2 2 2 2 2 2 2 2 2 2 2 2 2 2 2 2 2 2 2 2 2 2 2
left_child=1 20 4 8 10 -5 -7 -3 9 18 19 -8 16 17 -9 24 27 -14 -4 -2 -1 22 -22 -23 25 -16 -19 28 -13 -30
right_child=2 7 3 5 -6 6 11 14 -10 -11 -12 12 13 -15 15 -17 -18 26 -20 -21 21 23 -24 -25 -26 -27 -28 -29 29 -31
leaf_value=-0.047507109268800231 -0.03203955818094556 0.071223596256378308 0.00018864573303324032 0.069240839241389948 0.047231383623650695 -0.034260445907110762 -0.025512649233199753 -0.030335832579359064 -0.043860360473060696 -0.020775162463963427 0.029411211938130066 0.013004978172123403 -0.037784726456431168 0.087475501363364017 0.51892582582954239 0.091705342776906493 0.013740783205040031 0.035615925317154747 0.14927151608902017 0.013612030578055398 0.17017630143523407 0.48454660028876084 -0.042053368314448017 -0.033678989837090535 0.011411099895211912 -0.026058276587370189 -0.037153217129993837 0.02067343483616178 -0.035563211714555322 -0.0024899396432828819
leaf_weight=23068.726758365287 727.08571455301717 378.30964741110802 113.0680105718784 680.60086308373138 6444.691864259541 1844.4189485562965 1930.070182915777 1846.0785551853478 2602.0146479476243 577.42931930115446 12225.374086140189 4231.4205548237078 381.41552645387128 468.78750348743051 1.2272882568649937 210.14304704568349 14272.964077633806 2293.2437488962896 147.76482379483059 9495.808128581848 51.855219941819087 19.732337672961879 438.602762542665 7.4995165078435084 3569.4834372131154 1546.6061318388674 242.48354808194563 2533.5259375474416 1645.3364178957418 15930.052246124949
leaf_count=5455745 1840 1778 9962 9374 2957 206849 172663 121614 350440 30569 11876 40195 19622 9318 41 3274 91172 69184 5018 13821 2516 563 95863 1267 58329 167846 7135 16873 57969 113652
internal_value=-0.00175464 -0.0352923 0.0115015 0.00272591 0.0266527 0.00515808 0.00419778 -0.000732507 -0.0300757 0.0127192 0.0207355 0.00581621 0.00725879 0.029344 -0.00457421 0.00437282 0.00531863 0.0198685 0.0858649 0.0103511 -0.0463551 0.00494255 -0.0181238 0.358744 0.000700485 -0.0239566 0.0285978 0.000378143 -0.00198397 -0.00559536
internal_weight=109926 31138.3 78787.6 49894.6 28893 46454.3 45773.7 7551.85 3440.28 838.262 22448.3 43929.3 41999.2 3385.93 7173.54 5327.46 38613.3 2917.14 260.833 10222.9 23586.4 517.69 490.458 27.2319 5117.32 1547.83 2535.73 24340.3 21806.8 17575.4
internal_count=7149325 5908836 1240489 1209995 30494 814006 804632 352882 395989 45549 27537 597783 425120 105259 351104 229490 319861 95941 14980 15661 5555954 100209 98379 1830 226216 167887 76319 228689 211816 171621
is_linear=0
shrinkage=0.055


Tree=46
num_leaves=31
num_cat=0
split_feature=53 51 49 50 53 6 25 26 26 28 26 24 13 57 27 6 41 56 48 23 52 50 51 27 2 53 8 47 9 52
split_gain=15383.6 3300.29 2973.09 1515.16 1126.56 834.71 738.604 662.254 657.342 875.927 627.297 815.726 610.74 609.051 775.349 1092.67 604.202 704.934 691.508 577.946 561.263 556.682 549.938 520.544 509.794 501.392 792.094 498.038 494.28 478.381
threshold=-0.06347560882568358 9.5000000000000018 4.8630323410034189 -13.492255210876463 -1.0000000180025095e-35 -8.8804230690002424 -8.696952819824217 1099.5000000000002 206.00000000000003 10.500000000000002 30.500000000000004 -13.480471611022947 3.3497501611709599 3.5000000000000004 231.78370666503909 -12.073047161102293 1.0000000180025095e-35 -0.066162109374999986 433.50000000000006 6.5000000000000009 0.82436686754226696 -9.4043130874633771 232.50000000000003 872.67776489257824 0.10555555671453477 -0.039435565471649163 3.860674381256104 -13.006265640258787 4.9394338130950937 0.8386378586292268
decision_type=2 2 2 2 2 2 2 2 2 2 2 2 2 2 2 2 2 2 2 2 2 2 2 2 2 2 2 2 2 2
left_child=2 4 10 13 6 23 -2 19 -7 -10 11 -1 -11 -3 15 -15 17 -14 -18 28 -17 -9 -19 -5 -13 26 -24 -28 -4 -20
right_child=1 3 7 5 -6 8 -8 21 9 12 -12 24 16 14 -16 20 18 22 29 -21 -22 -23 25 -25 -26 -27 27 -29 -30 -31
leaf_value=-0.047758297050249587 0.0071060049403857501 0.071930302553922534 -0.034757089905919726 0.13156676449336852 0.045549382048412801 0.03708761600323672 0.026675476919303467 -0.035653928169251566 -0.036023760276750499 -0.0052076382219935491 -0.048537118517418772 -0.014896255115045285 -0.014603165083685072 0.11555972671621237 -0.048412240293697104 -0.03976381105393724 0.013273210829309641 0.0093136943435191567 0.092098227562234486 0.18369692162878165 -0.0038309662655767037 0.0029326143624197757 -0.045091224099989793 0.013182045804997511 0.11562117174692321 0.050231909520768683 -0.032465493300015809 0.46333185292737711 0.05430928391298169 0.027469319912129773
leaf_weight=467.25376773392782 9148.7429890725762 214.36150284204632 269.67346207937226 254.78608308266848 6326.0065632089972 1917.0523705678061 16120.878577029333 1731.4008312884253 1571.4023503740318 10812.238971751416 20296.230898854788 153.69731055153534 5135.3537962865084 194.98324573715217 2274.730187729001 1911.0686532738619 15065.894526901888 4797.8812578185461 568.60453151306137 72.517173111205921 4195.3667552287225 3241.9331313248258 19.734111617784947 200.13599618640728 211.73467382090166 292.79463990079239 6.8026342673692843 27.089133378351107 600.20355422259308 891.4505518018268
leaf_count=108344 17094 9346 10004 1873 3110 11831 16082 224844 91183 160445 5156888 10752 189680 4103 408118 246547 84306 19011 19238 1167 239382 67123 1644 4575 6798 2969 634 266 14453 17430
internal_value=-0.00100634 0.0108644 -0.0369709 0.00212037 0.0247965 0.00650853 0.0195933 -0.00250417 0.00568339 0.00414263 -0.0466181 0.000168423 0.00582505 -0.0186186 -0.0209224 -0.0109685 0.0102753 -0.000194914 0.0167862 0.0396466 -0.0150998 -0.0105231 0.0141885 0.0801947 0.0612666 0.0806107 0.228047 0.372437 0.0266567 0.0528669
internal_weight=108992 81947.4 27044.6 50351.7 31595.6 41561.2 25269.6 5915.73 41106.3 39189.2 21128.9 832.686 37617.8 8790.51 8576.15 6301.42 26805.6 10279.7 16525.9 942.394 6106.44 4973.33 5144.3 454.922 365.432 346.421 53.6259 33.8918 869.877 1460.06
internal_count=7149240 1548867 5600373 1512581 36286 605085 33176 317591 598637 586806 5282782 125894 495623 907496 898150 490032 335178 214204 120974 25624 485929 291967 24524 6448 17550 5513 2544 900 24457 36668
is_linear=0
shrinkage=0.055


Tree=47
num_leaves=31
num_cat=0
split_feature=50 41 53 50 26 6 28 45 13 53 41 27 6 8 15 16 28 13 4 57 25 57 53 25 23 57 35 19 36 26
split_gain=13675.3 3251.63 2931.01 2540.65 1009.06 832.984 852.857 798.192 709.978 643.806 617.435 649.656 812.892 628.306 717.954 857.635 1217.73 1014.87 576.992 574.247 753.415 819.848 845.135 832.77 566.103 518.796 495.635 494.185 548.657 474.04
threshold=-11.27513265609741 -1.0000000180025095e-35 -0.058592796325683587 -1.0000000180025095e-35 2347.0000000000005 -12.073047161102293 96.500000000000014 0.76964271068573009 3.3497501611709599 -0.037591725587844842 -1.0000000180025095e-35 923.63937377929699 -12.073047161102293 3.9981586933135991 8.3964934349060076 86457.500000000015 4307.0000000000009 3.8176519870758061 1.0000000180025095e-35 67.500000000000014 -15.542226791381834 42.500000000000007 -0.07275295257568358 -14.73135471343994 6.5000000000000009 3.5000000000000004 1.2424533367156985 2.5000000000000004 1.0000000180025095e-35 206.00000000000003
decision_type=2 2 2 2 2 2 2 2 2 2 2 2 2 2 2 2 2 2 2 2 2 2 2 2 2 2 2 2 2 2
left_child=2 9 19 4 7 27 -7 -3 -8 -2 -4 12 -12 25 -15 16 17 -16 -10 20 -1 -22 23 -23 29 -14 -27 28 -6 -9
right_child=1 3 10 -5 5 6 8 24 18 -11 11 -13 13 14 15 -17 -18 -19 -20 -21 21 22 -24 -25 -26 26 -28 -29 -30 -31
leaf_value=-0.022843286546533153 -0.048616400354758608 -0.048562043368027066 -0.052677289976299835 0.041945654418369095 0.057614550693837988 -0.025979597239187312 -0.0071969092162556042 0.039178328011510659 0.0080766040959605618 0.0028499709363885104 0.076214821851376416 -0.046618048403215546 0.10779558804714651 0.0053686419233585237 0.60261743399906398 0.0069783056766079031 0.091994174291653977 -0.042254833587631088 0.035957001437973986 -0.047878503585249546 -0.05508305655874806 0.68445850709731881 0.022591278950226411 0.15691147744018494 0.075872073947778743 0.0024115809825139131 -0.030831887381912077 0.064000908392009351 0.44098269249389249 0.015914737844687853
leaf_weight=702.70149963349104 3143.668330965098 515.77791455178522 958.54626599606127 8501.5564500335604 22.534206905867904 2664.6284393030219 9039.0849922699854 3051.7717663457152 25612.212795818225 958.54241356533021 380.89500397047959 1095.9942731841002 95.790406647138298 2795.0235717745963 25.28319591563195 178.88434310792945 121.68376217223704 8.9368888097815198 2457.000069579808 18139.679200867657 46.078408181201667 13.185306372353805 34.093114585848525 26.342699050204828 537.35805977229029 2194.9526745686308 3544.417395980563 133.69759992440231 21.759238534839824 20077.994689631509
leaf_count=169616 655676 70199 148627 8250 323 104096 107398 10602 275268 17314 22359 170632 1047 122502 585 8258 1278 665 3835 4708815 4091 966 2501 996 4330 127106 229515 1146 67 170055
internal_value=-0.00135211 0.0110103 -0.0325934 0.0137016 0.00995464 0.00458616 0.00404699 0.0188208 0.00620631 -0.0366017 -0.0105483 -0.00665754 -0.00194893 -0.00531051 0.0145559 0.0900492 0.182186 0.450287 0.010523 -0.0458411 -0.000884097 0.123775 0.232104 0.389982 0.0202992 -0.0159696 -0.0181273 0.121664 0.271572 0.018992
internal_weight=107100 76737.6 30362.5 72635.4 64133.8 39950.9 39772.9 24182.9 37108.3 4102.21 11400.4 10441.9 9345.87 8964.97 3129.81 334.788 155.904 34.2201 28069.2 18962.1 822.401 119.7 73.6211 39.528 23667.1 5835.16 5739.37 177.991 44.2934 23129.8
internal_count=7148118 1428559 5719559 755569 747319 492133 490597 255186 386501 672990 832574 683947 513315 490956 133288 10786 2528 1250 279103 4886985 178170 8554 4463 1962 184987 357668 356621 1536 390 180657
is_linear=0
shrinkage=0.055


Tree=48
num_leaves=31
num_cat=0
split_feature=53 48 49 50 47 54 26 42 6 1 8 41 54 26 51 49 53 49 56 19 49 41 49 25 24 9 13 51 15 8
split_gain=13259.1 3230.26 2260.32 1636.33 1121.65 961.167 960.212 843.678 808.16 662.169 679.304 612.772 694.842 1056.59 973.603 662.241 739.382 871.173 643.06 615.077 827.527 601.617 554.773 504.983 539.493 622.693 523.905 579.102 905.251 674.582
threshold=-0.07275295257568358 8.5000000000000018 4.8630323410034189 -13.492255210876463 -1.0000000180025095e-35 86.500000000000014 37.500000000000007 -1.0000000180025095e-35 -8.8804230690002424 0.18333333730697635 2.0126758813858037 1.0000000180025095e-35 470.50000000000006 2259.5000000000005 68.500000000000014 -0.035324042662978165 -0.062499046325683587 3.1263104677200322 -100.86303710937499 4.5000000000000009 7.9710149765014657 -1.0000000180025095e-35 5.8475346565246591 -13.469283103942869 -2.9813859462738033 4.9074852466583261 3.9019217491149907 77.500000000000014 8.148590564727785 6.0414438247680673
decision_type=2 2 2 2 2 2 2 2 2 2 2 2 2 2 2 2 2 2 2 2 2 2 2 2 2 2 2 2 2 2
left_child=2 4 -1 5 -2 -3 -7 -5 -9 11 -11 18 -13 14 -14 -16 17 -17 19 -10 22 -4 -21 -12 25 -25 -26 -28 -29 -30
right_child=1 3 21 7 -6 6 -8 8 9 10 23 12 13 -15 15 16 -18 -19 -20 20 -22 -23 -24 24 26 -27 27 28 29 -31
leaf_value=-0.048529523480234912 0.017205998970772761 0.00093015875175852484 -0.055289978348088784 -0.041704104213669345 0.041270965721548585 0.044242483022814923 -0.039437277920625465 0.07426359892127371 -0.017228758225956195 -0.019061654388369622 -0.043634093050832164 0.018878567440626045 0.096232111198366624 0.030315405146795694 -0.037317860058567374 -0.021484979462805875 0.25842040864322058 0.97115301263439413 0.015662151276055681 -0.027956306215508677 -0.060139369827294314 0.0068866690950724133 0.61228603369857615 -0.025607244411235842 -0.00022519974572463101 0.054053135057715217 0.015547677214756516 0.037842684413071065 0.13972492267478104 0.48769491336710008
leaf_weight=16960.530555445934 20678.186893108999 4417.6642650128342 543.3778900722973 1097.3571508075111 8179.1180295613594 445.13645301340148 5410.3457154931966 528.96170613239519 3575.2416589285713 4512.1508909999393 633.17942983377725 10394.777798868017 135.08860437618569 442.43004446639679 9.6338606516364944 3.0924174059182397 36.972671635448933 8.1170024296734464 4882.5190476928838 5.0271419540513298 16.853675313061103 3320.7361235807184 10.20113406726159 381.5008923348505 15783.543471745914 1293.5023159359116 1847.0125295356847 275.80249066092074 77.305280078668147 19.611886286642402
leaf_count=4721766 28704 182137 102216 111512 4748 35962 1132522 7075 195607 81529 52935 76326 410 12947 1073 439 636 164 64592 793 362 152474 188 7403 144477 13594 5272 9452 1730 158
internal_value=-0.000551593 0.00907482 -0.0398829 0.0013987 0.0240328 -0.0184408 -0.0330436 0.00583387 0.00700093 0.00619029 0.000229919 0.0137681 0.0223145 0.0779441 0.183656 0.364004 0.440211 0.775151 0.00265794 -0.0149406 0.207995 -0.00191686 0.446262 0.00451914 0.00607924 0.0358874 0.00329673 0.0282839 0.0903567 0.230611
internal_weight=105925 85100.3 20824.6 56243 28857.3 10273.1 5855.48 45969.9 44872.5 44343.6 24823.6 19520 11030.1 635.335 192.905 57.816 48.1821 11.2094 8489.84 3607.32 32.082 3864.11 15.2283 20311.5 19678.3 1675 18003.3 2219.73 372.72 96.9172
internal_count=7149203 2172747 4976456 2139295 33452 1350621 1168484 788674 677162 670087 316550 353537 91995 15669 2722 2312 1239 603 261542 196950 1343 254690 981 235021 182086 20997 161089 16612 11340 1888
is_linear=0
shrinkage=0.055


Tree=49
num_leaves=31
num_cat=0
split_feature=51 53 47 41 50 26 57 8 57 50 26 25 27 54 23 33 16 16 53 3 54 47 51 50 48 54 51 35 46 45
split_gain=12093.2 3167.67 2757.15 1771.19 1068.2 799.165 782.359 777.776 730.54 1384.12 706.911 619.354 610.917 605.603 568.013 559.305 1646.32 795.569 551.442 517.875 503.355 485.023 556.878 502.462 525.453 708.555 616.233 692.606 516.658 485.47
threshold=257.50000000000006 -0.051757156848907464 -1.0000000180025095e-35 -1.0000000180025095e-35 -7.0825421810150138 194.50000000000003 45.500000000000007 4.0163424015045175 42.500000000000007 -21.337552070617672 4076.5000000000005 -8.696952819824217 958.87527465820324 14.500000000000002 6.5000000000000009 8.2941746711730975 86457.500000000015 84435.000000000015 -0.07470607757568358 0.86190477013587963 515.50000000000011 -7.1276447772979727 249.50000000000003 -4.3781540393829337 159.50000000000003 720.50000000000011 77.500000000000014 1.2424533367156985 2.6922756433486943 0.81371527910232555
decision_type=2 2 2 2 2 2 2 2 2 2 2 2 2 2 2 2 2 2 2 2 2 2 2 2 2 2 2 2 2 2
left_child=2 6 3 5 7 11 8 -5 15 -10 12 -1 14 -6 19 -2 17 -17 -11 -3 -21 -15 23 -23 28 -26 -27 -28 -25 -24
right_child=1 10 -4 4 13 -7 -8 -9 9 18 -12 -13 -14 21 -16 16 -18 -19 -20 20 -22 22 29 24 25 26 27 -29 -30 -31
leaf_value=0.24481168894048216 -0.022470534358199491 -0.010157993786114254 0.040042147139935438 -0.011145083370351966 0.019830956581791209 -0.043539219205863358 -0.048404960728689578 0.01144472866009563 0.054841822391780363 0.84419278265810449 -0.025115400606427623 0.018546741969542941 -0.055791668137117327 0.022013184116957896 0.10606390754404818 -0.022378073186832839 -0.047223612225971531 0.91587447782672748 -0.01873196806133768 0.022153095263958658 0.15270623807398734 -0.010525163584218409 0.36493467941531094 -0.068428219904863197 0.02758405380560049 0.060936579491281347 0.43005774828756244 -0.039277078948784565 0.0078483121548332153 -0.042777899710507834
leaf_weight=39.095960858277977 465.23530727834441 2119.8358615639154 8138.8625232235063 12306.187542725122 20014.441020584665 2769.6390386093408 17412.320424543694 7366.2199941908475 52.911746317520738 6.286653971998021 3276.1091924810316 221.18419913598336 415.28346144664101 5401.9945832486264 187.15041254088283 3.3845736586954427 27.981135902926326 5.4647579381708056 2.528958506183697 2213.0390176696237 88.325029518688098 5854.6834624288604 18.844851168105382 268.42327522695996 374.54640559712425 61.26272189244628 35.938461194513366 11.363795071141793 15422.064432278275 12.518973787315188
leaf_count=1844 106293 137361 9501 430793 25507 438528 5222420 184688 9277 165 295098 19623 54586 33117 6822 850 6947 125 568 70333 4088 45266 401 2952 2892 245 613 1049 36758 376
internal_value=-0.00108357 -0.0333672 0.0097492 0.00623341 0.00809038 -0.034866 -0.0463402 -0.0026857 0.0172926 0.188275 -0.00525854 0.056507 0.007703 0.0125554 0.0134791 -0.0053783 0.187406 0.6785 0.679454 0.0094446 0.0274838 0.00725026 0.00363093 0.00327517 0.00827247 0.0644739 0.184925 0.32433 0.00652204 0.21869
internal_weight=104593 26275.9 78317.3 70178.4 67148.5 3029.92 17976.1 19672.4 563.793 61.7274 8299.74 260.28 5023.63 47476.1 4608.35 502.066 36.8305 8.84933 8.81561 4421.2 2301.36 27461.6 22059.6 22028.3 16173.6 483.111 108.565 47.3023 15690.5 31.3638
internal_count=7149086 5914933 1234153 1224652 764657 459995 5346645 615481 124225 10010 568288 21467 273190 149176 218604 114215 7922 975 733 211782 74421 123669 90552 89775 44509 4799 1907 1662 39710 777
is_linear=0
shrinkage=0.055


Tree=50
num_leaves=31
num_cat=0
split_feature=53 53 49 50 26 42 54 8 26 26 24 26 50 48 54 35 19 15 28 7 51 54 35 8 51 45 51 41 10 19
split_gain=11186.1 2747.56 2359.83 1818.76 1038.85 857.606 829.976 806.588 630.358 620.477 749.496 611.217 544.776 510.013 846.482 604.444 491.217 455.636 453.507 445.122 443.077 454.239 981.594 553.559 529.184 442.176 686.16 572.527 613.516 891.439
threshold=-0.065429478883743272 -1.0000000180025095e-35 4.8630323410034189 -11.108977317810057 280.50000000000006 -1.0000000180025095e-35 138.50000000000003 1.2424533367156985 1155.0000000000002 30.500000000000004 -14.848365783691404 14.500000000000002 -4.3781540393829337 393.50000000000006 244.50000000000003 1.0000000180025095e-35 1.5000000000000002 3.0677825212478642 26.500000000000004 2.5920556783676152 94.500000000000014 237.50000000000003 1.8317808508872988 3.7012257575988774 444.50000000000006 0.8388592302799226 94.500000000000014 -1.0000000180025095e-35 5.708768606185914 3.5000000000000004
decision_type=2 2 2 2 2 2 2 2 2 2 2 2 2 2 2 2 2 2 2 2 2 2 2 2 2 2 2 2 2 2
left_child=2 3 9 6 13 -6 18 -7 25 10 -1 -8 -9 -5 -15 -16 -10 -18 -2 20 -14 -22 23 24 -23 26 -4 -28 29 -29
right_child=1 -3 8 4 5 7 11 12 16 -11 -12 -13 19 14 15 -17 17 -19 -20 -21 21 22 -24 -25 -26 -27 27 28 -30 -31
leaf_value=-0.054425688843167459 -0.026117132491664252 0.040967473573416867 0.039956628562960478 0.030645279416251742 -0.041739461441263032 -0.012607133827596798 0.06281221985589415 0.0035390217433042825 0.067038245512082262 -0.047545470296676544 0.057349514604053083 -0.037516548612770595 0.017905296454409664 0.055311031854730901 0.58594789696631611 0.16650631249173195 0.40534802387603702 -0.017350675440101059 0.0037777763694099979 0.0040634477144466082 0.039176624897804505 0.39949553456491538 -0.051616846198825929 0.043725568811436362 -0.036494242413689426 -0.042979580463988851 -0.041300786631032066 0.90861758343665655 0.15532720160088051 -0.024834129601355878
leaf_weight=338.61006163945422 2030.1620978519786 7091.3174973092973 730.47111033136025 3536.838995552389 1057.4714226163924 5133.4725175623316 187.67309844493866 21079.055148629006 219.44250215776265 16567.338656177279 379.61078630178235 4198.4984394605272 20496.567741572391 251.52165793976746 10.769998028408734 52.921655341750011 2.736423077993094 4054.5026593066286 6242.4675145980436 7961.7106186151505 503.6238166547846 53.14617846137844 46.45272615342401 29.277617557672784 8.9194834283553046 167.28888905094936 14.817771438974885 5.5521973741706443 27.190733919851482 4.0119745465926826
leaf_count=96372 179268 4963 7623 11541 56851 62323 8015 289346 1376 5047303 26534 813493 30353 1358 174 737 84 275204 187215 21999 3750 1004 2817 854 561 12221 3711 325 2290 539
internal_value=-0.00134345 0.00829765 -0.0355875 0.00511627 0.0090998 0.00720958 -0.0138307 0.00814909 -0.00319731 -0.0453764 0.00464039 -0.0331571 0.0102736 0.0367156 0.103285 0.27492 -0.0122038 -0.016567 -0.00356999 0.0151504 0.0193245 0.0641848 0.151014 0.251392 0.33879 0.0372279 0.0545493 0.239439 0.344012 0.642955
internal_weight=102483 79971.9 22511.6 72880.6 60221.7 56369.7 12658.8 55312.2 5226.01 17285.6 718.221 4386.17 50178.8 3852.05 315.213 63.6917 4276.68 4057.24 8272.63 29099.7 21138 641.42 137.796 91.3433 62.0657 949.333 782.044 51.5727 36.7549 9.56417
internal_count=7150204 1676622 5473582 1671659 483668 469858 1187991 413007 303373 5170209 122906 821508 350684 13810 2269 911 276664 275288 366483 61338 39339 8986 5236 2419 1565 26709 14488 6865 3154 864
is_linear=0
shrinkage=0.055


Tree=51
num_leaves=31
num_cat=0
split_feature=53 54 49 50 50 26 26 54 26 41 25 48 15 29 49 53 3 49 54 25 27 16 29 57 28 8 15 6 40 19
split_gain=10504.6 2772.73 2216.81 1679.35 1362.88 741.903 658.379 683.468 647.553 625.889 587.457 567.723 552.509 577.834 507.761 538.252 502.958 497.3 500.039 529.24 486.223 477.214 640.689 452.822 434.14 422.433 410.568 405.93 395.215 560.766
threshold=-0.07275295257568358 14.500000000000002 4.8630323410034189 -14.173061847686766 -1.0000000180025095e-35 330.50000000000006 37.500000000000007 80.500000000000014 1099.5000000000002 -1.0000000180025095e-35 -8.9948916435241681 150.50000000000003 6.7434699535369882 0.18333333730697635 13.260377407073976 -0.067382603883743272 0.846052646636963 2.6659084558486943 237.50000000000003 -11.234835624694822 80.468151092529311 759.50000000000011 0.46428571641445165 16.500000000000004 56.500000000000007 3.9219243526458745 3.0677825212478642 -12.073047161102293 3.1567740440368657 1.5000000000000002
decision_type=2 2 2 2 2 2 2 2 2 2 2 2 2 2 2 2 2 2 2 2 2 2 2 2 2 2 2 2 2 2
left_child=2 4 -1 6 10 11 20 21 -4 14 23 -5 25 16 -7 -16 -14 -13 -19 -20 -3 22 -8 -2 27 -11 -10 -15 -23 -30
right_child=1 3 8 5 -6 9 7 -9 26 12 -12 17 13 24 15 -17 -18 18 19 -21 -22 28 -24 -25 -26 -27 -28 -29 29 -31
leaf_value=-0.04796091281864933 0.019457000011978011 0.07858338292646519 0.051077003286709603 0.016464194230599683 0.043013619326535489 -0.041542954557674323 0.054426291477342098 -0.040971938387576234 0.37756901063575582 -0.0146499838439937 0.020820160722780374 0.024859679204088252 0.0032021674226984116 0.065508939538547625 0.35843014944575802 0.026217047069922582 0.026528410894001687 0.083490841959642167 -0.04458869246797411 0.31566156501192699 -0.027231624796284638 -0.024744572614394243 0.46391177183857452 -0.0046138431596243158 0.0030155174773354126 0.010596664587350419 -0.011741461936733586 -0.040138462674846172 0.19865023577387528 0.010753359100892871
leaf_weight=14813.096329375403 3686.6779837580398 308.27751250099391 605.27136894082651 2098.932237821864 6190.9357451163232 1492.2939070139546 111.48292597639374 4738.5319530109409 3.2193731330335131 7504.4347434234805 16429.151668417733 336.25587651086971 4897.7883538308088 116.94141352246515 11.513685825746505 148.77432501106523 6516.3311382913962 292.07269218284637 14.017883180640636 56.333194406004623 222.7689251312986 1641.9877106738277 8.1853115942794812 6570.279380528722 14999.279665820068 2730.902433300158 3183.7221380851697 1164.3329845089465 47.50105912424624 575.44521307619289
leaf_count=4720247 12139 2533 19503 14122 3350 220063 3420 1097192 58 168913 27276 11191 113354 1890 172 1500 64308 1500 720 572 35807 102735 187 24232 127218 40163 235455 64604 2461 30944
internal_value=-0.00101545 0.00736603 -0.0383581 -0.000787341 0.0197726 0.00349566 -0.0244885 -0.0288965 -0.000833782 0.00155922 0.0143738 0.0308421 0.00300454 0.00703975 -0.0315227 0.060201 0.0165249 0.0736115 0.117889 0.245684 0.034355 -0.0048654 0.0999176 0.00404325 0.000386766 -0.00791201 -0.0107574 -0.0302789 -0.0106095 0.0265486
internal_weight=101517 82911.4 18605.3 50034.4 32877 42380.2 7654.18 7123.13 3792.21 39582.6 26686.1 2797.61 37930 27694.7 1652.58 160.288 11414.1 698.68 362.424 70.3511 531.046 2384.6 119.668 10257 16280.6 10235.3 3186.94 1281.27 2264.93 622.946
internal_count=7147829 2172566 4975263 2105569 66997 830290 1275279 1236939 255016 802185 63647 28105 580450 371374 221735 1672 177662 13983 2792 1292 38340 139747 3607 36371 193712 209076 235513 66494 136140 33405
is_linear=0
shrinkage=0.055


Tree=52
num_leaves=31
num_cat=0
split_feature=53 50 49 50 25 6 41 55 30 13 26 26 8 15 57 36 32 6 28 26 27 54 3 50 19 45 44 0 23 35
split_gain=10307.7 2571.33 1716.29 1308.71 1016.48 1289.95 1043.15 650.942 550.483 591.942 538.72 525.052 506.344 501.338 791.266 685.433 515.036 493.553 470.328 553.724 452.408 527.467 439.456 1028.31 941.456 754.803 459.294 435.22 432.06 460.38
threshold=-0.07275295257568358 -6.0744788646697989 4.8630323410034189 -1.0000000180025095e-35 -13.683915138244627 -12.073047161102293 -1.0000000180025095e-35 0.85913085937500011 0.6904762089252473 2.9700856208801274 2259.5000000000005 1099.5000000000002 1.8688348531723025 8.2370824813842791 138.50000000000003 1.0000000180025095e-35 3.860674381256104 -3.4152258634567256 4.5000000000000009 693.50000000000011 88.153923034667983 67.500000000000014 0.97368422150611889 -11.958175659179686 1.5000000000000002 0.84027111530303966 3.5000000000000004 0.41428571939468389 6.5000000000000009 1.2424533367156985
decision_type=2 2 2 2 2 2 2 2 2 2 2 2 2 2 2 2 2 2 2 2 2 2 2 2 2 2 2 2 2 2
left_child=2 4 22 10 -2 -6 7 -7 9 -8 -3 28 -12 14 -11 18 -17 -10 -16 -20 27 -22 -1 -24 25 -25 -26 -15 29 -4
right_child=1 3 11 -5 5 6 8 -9 17 13 12 -13 -14 20 15 16 -18 -19 19 -21 21 -23 23 24 26 -27 -28 -29 -30 -31
leaf_value=-0.051407707963420035 -0.029806476611604949 0.020530760391761913 0.083008968622255944 0.036855040388921748 0.10273289822462381 -0.048590943820921502 -0.022147603840100866 0.067704624963646168 -0.022137563867369345 0.018976543266883014 -0.010611386727290935 -0.014094636075253759 0.010445265715841621 0.035286963922363829 -0.059102647123403955 -0.037274039874541795 0.42295840219255709 0.068401284797808715 0.02675868026431294 -0.0046916497773796216 -0.062749213763722014 0.18148508566978003 -0.040259074316070009 0.12344251964611672 -0.018595217198871757 0.52802466237487866 0.41745121383618122 -0.022192961898153882 0.15835325596026023 -0.020829001487772461
leaf_weight=11846.355193542782 4098.0782548708376 14282.402875011787 218.69270962453447 7447.8234938532114 356.17574059427716 1887.6413350934163 3304.8693629072513 153.40917226485908 249.69053076580167 5002.6771070030518 4036.7281501854304 3056.4956033984199 23803.403434369247 1588.1710862948094 411.62710793525912 2055.026880400721 2.4120364177506408 648.52472979063168 2006.76115835784 10697.135682606837 32.678299330174923 103.53287360840477 1959.8467185464688 103.08542222669348 216.8511608382687 12.382162861758841 2.556589796440675 527.56001568329521 78.404441015096381 302.01682283659466
leaf_count=4042009 781295 41545 5476 8317 3644 381795 127175 3306 4291 27039 19682 235384 73637 44560 33294 112003 158 1951 39299 457310 682 4235 636572 6808 35707 209 71 7268 840 13140
internal_value=-0.000490957 0.00768106 -0.0384556 0.0156086 -0.00418244 -0.000560404 -0.00186126 -0.0397059 0.00104617 -0.000435097 0.011848 -0.00485429 0.00739076 0.00276862 1.86068e-05 -0.00623621 -0.0357104 0.0432496 -0.00160073 0.00028495 0.027352 0.122744 -0.047137 -0.0250262 0.0634047 0.186943 -0.00432633 0.0209357 0.0420136 0.0231566
internal_weight=100493 82696.3 17796.7 49570.4 33126 29027.9 28671.7 2041.05 26630.7 25732.5 42122.5 3655.61 27840.1 22427.6 20175.6 15173 2057.44 898.215 13115.5 12703.9 2251.94 136.211 14141.1 2294.72 334.875 115.468 219.408 2115.73 599.114 520.71
internal_count=7148702 2172486 4976216 143181 2029305 1248010 1244366 385101 859265 853023 134864 254840 93319 725848 669103 642064 112161 6242 529903 496609 56745 4917 4721376 679367 42795 7017 35778 51828 19456 18616
is_linear=0
shrinkage=0.055


Tree=53
num_leaves=31
num_cat=0
split_feature=51 53 47 41 8 26 26 57 42 57 51 45 29 13 10 26 24 15 47 28 9 51 14 7 26 27 54 47 15 48
split_gain=9058.34 2699.54 2156.62 1297.32 805.183 712.514 669.965 658.617 527.759 525.452 518.469 1528.68 527.419 582.667 616.535 634.95 798.871 1181.17 671.823 509.406 637.42 624.551 1031.63 1069.56 558.03 500.22 591.901 618.257 476.471 465.265
threshold=257.50000000000006 -0.057615071535110467 -1.0000000180025095e-35 -1.0000000180025095e-35 2.5249279737472539 2471.5000000000005 194.50000000000003 60.500000000000007 -1.0000000180025095e-35 6.5000000000000009 858.50000000000011 0.8388592302799226 0.46428571641445165 3.3497501611709599 6.4002559185028085 876.00000000000011 -14.442293167114256 7.0170578956604013 -114.53513336181639 31.500000000000004 4.9700095653533944 164.50000000000003 5.9309172630310067 5.1502187252044687 558.00000000000011 102.68951797485353 580.50000000000011 -108.89320373535155 6.7690675258636483 8.5000000000000018
decision_type=2 2 2 2 2 2 2 2 2 2 2 2 2 2 2 2 2 2 2 2 2 2 2 2 2 2 2 2 2 2
left_child=2 7 3 6 9 25 -1 10 -6 -5 11 -2 -12 -14 -15 -16 17 -17 -19 20 -10 -22 23 -23 -24 -3 -27 -28 -29 -21
right_child=1 5 -4 4 8 -7 -8 -9 19 -11 12 -13 13 14 15 16 -18 18 -20 29 21 22 24 -25 -26 26 27 28 -30 -31
leaf_value=0.050686173739251592 0.93631006534337025 0.020614954161833739 0.036756670637095978 0.03893594380640817 -0.04472524480008911 -0.021361078547251503 -0.040211038242613267 -0.048239152707209638 -0.030829644542393547 -0.0049352831271388311 -0.054400608674580693 0.058250149917827482 -0.052371984662554737 -0.049297987033669513 0.083070488681735902 0.16265695810044092 0.093803051210471361 -0.011134833209740987 1.3175534385115968 0.021494549780058506 0.0040023343336806324 0.66333890765086256 0.1797708111141462 0.072708974775334334 -0.038055952602458018 -0.041969713686433902 -0.051244375091800458 -0.045046764077503416 0.24791082021535957 0.0092197766193058157
leaf_weight=267.60298704961315 1.9338905692566175 3091.7283479711041 7378.4015019228682 862.30275152111426 508.09229778544977 4896.0041034654714 2503.4484219837468 13544.269541353686 1865.8960257444996 17281.455211910419 284.13532145135105 50.818247825372964 86.27900275029242 40.349619023734704 61.862419843673706 11.006102441344408 18.910876616137102 1.2643649494275453 2.4121249523013821 13580.631904459093 1745.257894047536 13.675951193319632 50.512104043271393 21.232011125888675 95.392290071351454 840.17937176744454 61.808790749404579 20.838342512026429 59.608478325186297 29951.513654774288
leaf_count=21442 267 140378 9518 2735 25611 534651 438574 4942087 73595 268649 88671 7654 26434 12493 9075 914 5002 427 313 15177 45660 592 2500 1894 15092 124589 14815 4146 2786 313162
internal_value=-0.000640775 -0.0308255 0.00850957 0.00547544 0.00702472 -0.00723041 -0.0313575 -0.045825 0.0107666 -0.0028401 0.0125809 0.168716 -0.00518058 0.0576029 0.12685 0.200056 0.376813 0.624898 1.11752 0.011367 -0.00795878 0.01422 0.110083 0.358219 0.0408135 0.00975607 -0.0243482 0.0776176 0.17383 0.0130511
internal_weight=99198.8 23073.4 76125.4 68747 65976 8970.17 2771.05 14103.2 47832.2 18143.8 558.972 52.7521 506.22 222.085 135.806 95.4559 33.5935 14.6826 3.67649 47324.1 3791.97 1926.07 180.812 34.908 145.904 4074.16 982.435 142.256 80.4468 43532.1
internal_count=7148903 5914702 1234201 1224683 764667 821365 460016 5093337 493283 271384 151250 7921 143329 54658 28224 15731 6656 1654 740 467672 139333 65738 20078 2486 17592 286714 146336 21747 6932 328339
is_linear=0
shrinkage=0.055


Tree=54
num_leaves=31
num_cat=0
split_feature=53 54 51 50 47 6 53 3 42 54 46 1 25 8 47 0 54 47 24 52 7 32 57 31 49 13 31 25 31 53
split_gain=8118.78 2318.48 1795.77 1357.53 879.378 689.938 804.384 635.213 593.353 590.04 566.555 523.011 693.325 652.931 675.348 506.701 839.351 526.357 484.97 477.651 445.925 449.972 436.886 429.202 421.157 481.585 581.18 412.304 407.392 397.041
threshold=-0.075682044029235826 7.5000000000000009 224.50000000000003 -14.173061847686766 -1.0000000180025095e-35 -12.073047161102293 -0.07177639007568358 0.97368422150611889 -1.0000000180025095e-35 86.500000000000014 5.7742896080017099 0.18333333730697635 -10.900306224822996 2.6735538244247441 -112.452335357666 0.58571431040763866 738.50000000000011 -117.7620506286621 -3.5265914201736446 0.81670993566513073 2.2996544837951665 1.0000000180025095e-35 6.5000000000000009 2.8029010295867924 5.4728658199310312 3.9019217491149907 2.3502402305603032 -9.9711747169494611 2.0126758813858037 -100.82999038696288
decision_type=2 2 2 2 2 2 2 2 2 2 2 2 2 2 2 2 2 2 2 2 2 2 2 2 2 2 2 2 2 2
left_child=2 4 7 9 27 6 -5 10 -7 -3 -1 -10 20 23 -15 -11 -17 19 -16 -18 21 -13 -4 -14 25 -20 -27 -2 -12 -9
right_child=1 3 22 5 -6 8 -8 29 11 15 28 12 13 14 18 16 17 -19 24 -21 -22 -23 -24 -25 -26 26 -28 -29 -30 -31
leaf_value=-0.037901572299574061 -0.0092087293284709663 -0.0013399584024756184 0.32959525803848494 0.50938339134126331 0.041824335575545185 -0.032391609328193335 0.054843171196440818 0.05610512179404463 0.010705987601021502 -0.038090596209588809 -0.008918834649293942 0.38630311473462015 -0.016060627337138381 0.11713271060590548 0.060663897763631847 -0.022301313938187704 0.41888961181790185 0.066596968426509293 -0.030903639155039221 -0.034616786569623983 -0.029892194379209282 0.017849200446625569 -0.049428877047947857 0.034182881755005431 0.0081468218872101806 -0.012135734011186707 0.14406939536285809 0.018581767593067389 0.062644769206242207 -0.0058129498588325871
leaf_weight=2200.7037292672321 1801.9379000421613 3146.8205953543074 4.2912921947427085 7.1461280996445558 5024.4694982618093 1358.1264462398831 536.8510966708418 616.69995619379915 22126.964770709863 4437.3234614392277 1082.6690299413167 10.360393398674203 6443.3937620350625 163.98842338169925 484.58225739886984 446.22155952383764 23.136508803581822 118.68190935137682 1630.5501851625741 8.4032602794468385 2668.1269333823584 30.379766213241965 10877.491492516594 554.22905459674075 15738.170441166032 200.2157172744628 106.95454336656258 15333.361182341352 304.06936742737889 629.76498768758029
leaf_count=428155 9058 169218 962 353 2830 134607 7260 24204 410309 1123500 45172 73 88670 3551 2495 105813 1910 20280 65940 2853 121318 281 4242124 4557 63665 7277 1290 21681 8186 32067
internal_value=-0.00052032 0.00638964 -0.0367411 0.000793622 0.0215986 0.00406703 0.065399 -0.00883425 0.0034131 -0.0200276 -0.0205818 0.00438571 -0.00060438 0.00222671 0.00768409 -0.0316972 0.0157889 0.126007 0.0066638 0.309857 -0.0270243 0.143534 -0.0491281 -0.0120597 0.00516666 -0.0189969 0.0436902 0.0156575 0.00694156 0.0249233
internal_weight=98116.1 82400.4 15715.7 60240.6 22159.8 52060 543.997 4833.91 51516 8180.59 3587.44 50157.9 28031 25322.1 18324.5 5033.77 596.443 150.222 18160.5 31.5398 2708.87 40.7402 10881.8 6997.62 17675.9 1937.72 307.17 17135.3 1386.74 1246.46
internal_count=7149659 2368789 4780870 2335220 33569 911646 7613 537784 904033 1423574 481513 769426 359117 237445 144218 1254356 130856 25043 140667 4763 121672 354 4243086 93227 138172 74507 8567 30739 53358 56271
is_linear=0
shrinkage=0.055


Tree=55
num_leaves=31
num_cat=0
split_feature=51 53 47 41 8 57 50 0 27 27 26 25 6 54 25 13 57 54 54 51 7 14 3 31 57 13 56 57 28 29
split_gain=7605.12 2924.9 1788.84 1481.98 969.01 790.64 1225.19 854.237 661.937 592.89 577.139 563.606 548.65 516.582 502.163 496.618 492.738 484.575 567.788 480.885 715.192 628.829 468.797 603.672 518.473 462.211 460.077 456.152 664.392 510.332
threshold=257.50000000000006 -0.051757156848907464 -1.0000000180025095e-35 -1.0000000180025095e-35 2.6735538244247441 157.50000000000003 -16.713972091674801 0.26785714924335485 206.30230712890628 183.08262634277347 81.500000000000014 -6.4669036865234366 -12.073047161102293 14.500000000000002 -10.900306224822996 1.7005987167358401 111.50000000000001 720.50000000000011 738.50000000000011 249.50000000000003 1.7104337811470034 6.5574882030487069 0.97368422150611889 1.4978661537170412 200.50000000000003 3.5694335699081425 -100.88012695312499 13.500000000000002 11.500000000000002 0.18333333730697635
decision_type=2 2 2 2 2 2 2 2 2 2 2 2 2 2 2 2 2 2 2 2 2 2 2 2 2 2 2 2 2 2
left_child=2 5 3 10 16 6 8 12 9 -2 26 13 -8 -3 17 -10 -5 -6 -19 -18 21 -21 24 27 -15 -11 -1 -24 -29 -30
right_child=1 11 -4 4 14 -7 7 -9 15 25 -12 -13 -14 22 -16 -17 19 18 -20 20 -22 -23 23 -25 -26 -27 -28 28 29 -31
leaf_value=-0.014718590022619705 0.033226563177236379 0.020420087335812954 0.03456522247884998 0.010381763582978414 -0.013480080265851032 -0.049037770690650608 0.69181999771793967 0.096722310926088989 0.40522624210703451 -0.033829650300014703 -0.041903282973715525 0.061007209395986702 -0.024059651224646102 0.014137957989614558 0.013022579321389014 -0.036633041889593924 -0.0095951159341229348 0.36012250790863476 0.030698042252883136 0.44029076586360311 -0.049927440476029476 -0.039968366157384909 0.12465702172280888 -0.030443318390802634 -0.040757865563140629 0.44572504235510868 0.1803005763032777 -0.049450329837553327 0.052174907807558152 -0.032555853911319807
leaf_weight=82.694922534748912 179.36183276283555 1753.4265046613291 6899.1563868098892 5605.1277427340392 3862.6434280674439 12216.736844191561 8.5799401076510531 88.692414918681607 2.7669916234444818 7.7434846414253142 2444.8014179018792 398.6339087409433 3.8235239118803284 665.55768868164159 41757.532395968214 1409.7187430632766 14055.403415013803 11.351694367825983 571.39152766135521 21.950293634552509 31.654490563087165 10.763733670115469 117.83071935852058 1038.5022771751974 2347.1214001087938 15.218058743281288 59.67455565277487 372.12130725895986 982.65758922486566 271.16808804543689
leaf_count=5643 17949 14106 9467 27650 109187 4802506 437 8626 1003 1858 453722 6955 949 52517 317542 512698 258630 610 42413 1333 5150 1625 6272 88832 278974 1386 612 51451 51891 17131
internal_value=-0.000401593 -0.028946 0.00788128 0.005192 0.0067954 -0.044129 -0.00913882 0.171965 -0.0209727 0.0709341 -0.0356013 -0.00231639 0.52763 -0.00569871 0.0111518 -0.0343411 -0.00340916 -0.00641595 0.0401242 -0.00888548 0.135592 0.297924 -0.0136125 0.00266759 -0.028627 0.306871 0.0703681 0.0224174 0.0146487 0.0337934
internal_weight=97293.8 21879.7 75414.1 68515 65927.8 13932.6 1715.9 101.096 1614.81 202.323 2587.17 7947.02 12.4035 7548.39 46202.9 1412.49 19724.9 4445.39 582.743 14119.8 64.3685 32.714 5794.96 2782.28 3012.68 22.9615 142.369 1743.78 1625.95 1253.83
internal_count=7149125 5915541 1233584 1224117 764140 5347412 544906 10012 534894 21193 459977 568129 1386 561174 469752 513701 294388 152210 43023 266738 8108 2958 547068 215577 331491 3244 6255 126745 120473 69022
is_linear=0
shrinkage=0.055


Tree=56
num_leaves=31
num_cat=0
split_feature=53 53 50 51 26 13 41 26 26 54 42 50 15 51 41 53 7 29 56 28 8 29 31 54 57 13 57 51 15 39
split_gain=7231.97 2146.53 1591.21 1580.75 758.68 822.972 600.877 669.858 584.388 790.172 504.196 498.425 542.888 511 497.621 495.035 1243.28 488.135 505.891 501.565 462.838 436.214 419.593 402.605 406.497 393.198 392.725 374.664 373.674 362.038
threshold=-0.077619433403015123 -1.0000000180025095e-35 -13.492255210876463 224.50000000000003 912.00000000000011 3.6762205362319951 -1.0000000180025095e-35 14.500000000000002 37.500000000000007 86.500000000000014 -1.0000000180025095e-35 -9.4043130874633771 7.4286303520202646 207.50000000000003 1.0000000180025095e-35 -0.07079982757568358 0.21827500313520434 0.30952382087707525 -100.85375976562499 56.500000000000007 3.9219243526458745 0.92857143282890331 2.8617925643920903 113.50000000000001 48.500000000000007 3.3140207529067998 6.5000000000000009 26.500000000000004 3.0677825212478642 1.0000000180025095e-35
decision_type=2 2 2 2 2 2 2 2 2 2 2 2 2 2 2 2 2 2 2 2 2 2 2 2 2 2 2 2 2 2
left_child=3 2 8 6 -4 10 7 -1 25 15 -6 28 20 -14 23 16 -10 18 -12 -19 -13 -15 27 -7 -25 -2 -5 -21 -8 -29
right_child=1 -3 4 26 5 14 11 -9 9 -11 17 12 13 21 -16 -17 -18 19 -20 22 -22 -23 -24 24 -26 -27 -28 29 -30 -31
leaf_value=0.25350167680405844 -0.041484201069681911 0.036481465744959397 0.017913421586803202 0.29126691947832928 -0.054628056269723738 0.0068093966590614353 0.31788932076123977 -0.055175555763654613 0.55377715670387995 -0.036632881857570271 -0.0070115360428391737 -0.047665814964803176 0.037255390430355258 -0.029646136091587109 0.016299425186602941 -0.0067139256530184196 0.025383333737232183 -0.044792563759371705 0.015506522878737609 -0.0023647238773140695 0.031132926976994824 0.53321620319808327 0.022309636401806915 0.19640856829449146 -0.021422056649739986 0.057293580920417163 -0.050026284171403479 -0.031344484180235256 -0.027671442756521655 0.005683119902744907
leaf_weight=16.885568203404546 158.71893462957814 6246.3143399618566 12963.773622842506 5.3159667267464092 566.7490075067617 7482.2243584147654 4.5602224350441238 937.7931556769181 11.586340782465411 4848.0872757027391 5354.6902360534295 528.57804176886566 1183.1950324533973 5.7155684225726855 15623.75005913619 4020.9493887058925 74.615461589535698 1101.7407101558056 6904.3351015525404 7865.2078894586302 386.00771759613417 6.6094197710044682 1388.8286898704246 21.239413195755333 2372.1827300922014 480.7112915662583 9627.8763756637927 3317.8632882426027 1341.4930608891882 1049.7509327831212
leaf_count=279 22902 4958 141347 874 63535 43729 309 274188 264 1351987 165929 23138 21094 1378 114482 176832 7258 51329 39614 15401 7223 24 8172 243 164335 28103 4137250 75827 191128 15162
internal_value=-0.000749421 0.00550748 0.00294631 -0.0372057 0.00598852 0.00307296 -0.00992163 -0.0484236 -0.0179767 -0.0216073 -0.00351749 0.00076818 0.0174361 0.0417647 0.0101925 -0.00384808 0.122871 -0.00243402 0.00567188 -0.00918281 -0.0144198 0.33897 -0.00628725 0.000527595 -0.0190836 0.0326434 -0.0496869 -0.00954173 -0.0253286 -0.0224486
internal_weight=95897.3 81853.3 75607 14044 66012.3 53048.6 4410.84 954.679 9594.67 8955.24 27549.2 3456.16 2110.11 1195.52 25499.4 4107.15 86.2018 26982.4 12259 14723.4 914.586 12.325 13621.7 9875.65 2393.42 639.43 9633.19 12232.8 1346.05 4367.61
internal_count=7148294 2491409 2486451 4656885 899105 757758 518761 274467 1587346 1536341 434969 244294 52857 22496 322789 184354 7522 371434 205543 165891 30361 1402 114562 208307 164578 51005 4138124 106390 191437 90989
is_linear=0
shrinkage=0.055


Tree=57
num_leaves=31
num_cat=0
split_feature=53 54 49 42 25 6 50 49 44 57 46 15 16 44 54 15 15 3 50 45 56 56 48 48 56 26 19 52 16 44
split_gain=6559.8 2151.3 1443.99 1178.35 1034.05 1248.94 820.445 616.964 869.827 810.107 588.918 570.26 535.517 485.65 478.152 474.09 473.448 465.377 870.764 512.344 611.578 473.884 564.82 462.82 505.906 462.468 438.179 882.758 436.922 434.472
threshold=-0.075682044029235826 7.5000000000000009 4.8630323410034189 -1.0000000180025095e-35 -14.444069862365721 -12.073047161102293 -1.0000000180025095e-35 3.7682096958160405 1.5000000000000002 227.50000000000003 2.6922756433486943 6.1851787567138681 44728.500000000007 2.5000000000000004 776.50000000000011 5.4183177947998056 8.2914214134216326 0.97368422150611889 -11.958175659179686 0.8321044147014619 -100.89965820312499 -100.87768554687499 847.50000000000011 659.50000000000011 -100.90649414062499 912.00000000000011 5.5000000000000009 0.84485661983490001 86456.500000000015 3.5000000000000004
decision_type=2 2 2 2 2 2 2 2 2 2 2 2 2 2 2 2 2 2 2 2 2 2 2 2 2 2 2 2 2 2
left_child=2 6 17 -3 -5 14 -2 8 9 -7 11 12 -9 16 -6 -12 -10 -1 -19 21 -21 29 -23 -18 28 -17 -11 -28 -25 -20
right_child=1 3 -4 4 5 7 -8 10 13 26 15 -13 -14 -15 -16 25 23 18 19 20 -22 22 -24 24 -26 -27 27 -29 -30 -31
leaf_value=-0.050576369505017767 0.013928887832981142 -0.043394107191848233 -0.0033881084445241032 -0.027918723332293907 0.062307500582735542 0.030496893688654332 0.040091771947761506 0.29489011403919718 0.028462647024451636 -0.024331251036706105 -0.023768046721319998 0.019782985913276117 0.072300876735760286 -0.024960590137380907 0.20666829024965502 0.020447675684962627 -0.056151906964984989 -0.037273541202430378 -0.030522105539068319 0.030446149544646098 0.38129740591241601 -0.047870549801051036 0.29089428600720396 0.57839572644837434 0.12283624295564265 0.0022815431052786734 -0.042888192734788472 0.58734975273537982 -0.025501841080383919 0.37738546226161301
leaf_weight=9118.5848430034239 16915.842307458166 1893.6948892802466 3168.7365805096924 3586.3280029937159 472.89865628979169 936.32998771546409 4614.1363269425929 32.34321532654576 1400.6671345226932 7685.9295124001801 1867.1504686556291 1586.4385172314942 331.21336212661117 490.96251617348753 78.533294574124739 4847.1889597603586 26.154326237970963 1452.0837038725149 186.73917408077978 31.401902077719569 25.600438522873446 22.319795456016436 33.310850063106045 10.983029042603446 79.032618209253997 33569.594444780843 16.475963411852721 5.6877653752453616 4.1588795087300232 3.2445227219723156
leaf_count=3922541 30923 308200 237914 770749 5160 31858 2781 286 70193 800613 18221 22795 3634 29959 1466 16246 1166 580918 32746 2614 693 2472 1218 242 1836 248279 2804 203 574 13
internal_value=-0.00138729 0.00466751 -0.0360667 -0.000769516 0.000649571 0.00256914 0.0195439 0.00170662 -0.0101162 -0.0176967 0.00469057 0.034171 0.0958351 0.0224166 0.0845393 0.00325947 0.0377411 -0.0455841 -0.0195708 0.0645994 0.206059 0.0283131 0.162238 0.140301 0.194941 0.00457599 -0.0235669 0.197189 0.447373 -0.0140572
internal_weight=94493.8 80451.7 14042 58921.8 57028.1 53441.7 21530 52890.3 10656.4 8644.42 42233.9 1950 363.557 2011.96 551.432 40283.9 1521 10873.3 1754.7 302.617 57.0023 245.614 55.6306 120.329 94.1745 38416.8 7708.09 22.1637 15.1419 189.984
internal_count=7149317 2368188 4781129 2334484 2026284 1255535 33704 1248909 939448 835478 309461 26715 3920 103970 6626 282746 74011 4543215 620674 39756 3307 36449 3690 3818 2652 264525 803620 3007 816 32759
is_linear=0
shrinkage=0.055


Tree=58
num_leaves=31
num_cat=0
split_feature=51 54 50 41 41 50 9 27 6 24 54 25 26 23 26 57 13 26 57 7 15 25 28 7 46 49 56 42 56 15
split_gain=5902.98 1784.94 1587.11 1144.35 748.253 736.783 633.643 567.851 652.313 627.696 603.447 542.503 500.822 524.603 475.589 473.862 525.609 467.299 459.993 453.093 429.636 655.143 1145.87 519.799 498.11 427.394 403.05 605.486 461.511 470.475
threshold=289.50000000000006 920.50000000000011 -1.0000000180025095e-35 -1.0000000180025095e-35 -1.0000000180025095e-35 -110.75454330444335 4.8001670837402353 958.87527465820324 -12.073047161102293 -8.0329093933105451 796.50000000000011 -8.696952819824217 4.5000000000000009 5.5000000000000009 81.500000000000014 45.500000000000007 3.5408543348312382 1053.5000000000002 16.500000000000004 2.6649526357650761 8.0772919654846209 -16.207832336425778 16.500000000000004 1.0000000180025095e-35 3.3128770589828496 8.9676342010498065 -100.87768554687499 1.0000000180025095e-35 -100.91137695312499 7.217076539993287
decision_type=2 2 2 2 2 2 2 2 2 2 2 2 2 2 2 2 2 2 2 2 2 2 2 2 2 2 2 2 2 2
left_child=2 4 3 14 -2 15 -5 8 9 -7 -11 -4 13 -3 -1 16 -6 -8 -19 -20 26 22 -22 24 -23 -16 27 -10 -29 -30
right_child=1 12 11 6 5 7 17 -9 20 10 -12 -13 -14 -15 25 -17 -18 18 19 -21 21 23 -24 -25 -26 -27 -28 28 29 -31
leaf_value=0.062390935354254502 -0.052931608623845813 -0.050987102737856879 0.001360975195214076 -0.0062312786498906897 -0.041632604067445587 0.024373925678551272 0.017960185731136741 -0.044363509980190029 -0.033445063108705729 0.12528763093859313 0.55977085364022239 0.040612959738582692 -0.048456873193236501 0.20011816749508093 -0.048863823135138033 -0.043770964219867904 0.075638204751306212 0.024197984108307303 0.0073602267335764471 -0.0057017724398198801 -0.03359019783676679 -0.044180819908078581 0.91318533366928911 0.02354063751879748 0.3986378099119221 0.0072848751321348253 0.011288313896376455 -0.031831644781988404 0.028718457784082472 0.16742222445627958
leaf_weight=149.43943271320313 1261.8652638907079 46.625354479765519 1344.2710349734407 11610.758305571508 223.51529438048601 312.18710542772897 11144.222925766371 737.81404451467097 1995.4970588809811 139.71793059981428 6.1339625637046984 5130.9953240870964 8169.8948951761704 45.85904197092168 1973.6514697282109 2148.8771237165201 229.47888652561232 3569.636902933009 27785.146166575374 11295.43260446284 7.752956703072412 10.374779807636516 2.0989651547279209 539.29800573829561 17.120885884389281 515.79566923156381 2760.78733493248 228.96289363363758 276.90568639407866 97.392099078278989
leaf_count=6613 387478 15966 2107 199683 45984 53762 126792 212616 333517 3635 237 5889 3786036 2260 510002 605438 29745 10774 266653 241935 2360 1084 171 54508 384 16974 181505 24470 15006 5499
internal_value=-0.000552397 -0.0276924 0.00646284 0.00398557 -0.0131681 -0.00798882 0.00541918 0.00115636 0.00643934 0.0693137 0.161508 0.0324716 -0.0470021 0.0774031 -0.0314896 -0.033011 0.0179519 0.00793411 0.00531256 0.00358468 0.00153368 0.046431 0.407644 0.0366427 0.250463 -0.0372389 -0.0033357 -0.0188633 0.0292493 0.0665404
internal_weight=93777.5 19258.2 74519.3 68044.1 10995.8 9733.92 65405.2 7132.04 6394.23 458.039 145.852 6475.27 8262.38 92.4844 2638.89 2601.87 452.994 53794.4 42650.2 39080.6 5936.19 576.646 9.85192 566.794 27.4957 2489.45 5359.55 2598.76 603.261 374.298
internal_count=7149083 5761661 1387422 1379426 1957399 1569921 845837 888754 676138 57634 3872 7996 3804262 18226 533589 681167 75729 646154 519362 508588 618504 58507 2531 55976 1468 526976 559997 378492 44975 20505
is_linear=0
shrinkage=0.055


Tree=59
num_leaves=31
num_cat=0
split_feature=50 54 41 50 26 53 42 1 57 47 13 24 45 24 7 25 13 26 14 6 44 49 15 54 10 8 53 13 22 6
split_gain=5762.98 2039.01 1481.81 1309.88 888.32 650.979 629.656 584.392 534.08 748.249 576.489 791.473 492.792 474.265 464.936 453.928 434.263 554.024 434.065 421.919 448.837 732.034 573.075 542.229 420.378 404.597 366.366 360.896 471.727 346.561
threshold=-11.625393390655516 138.50000000000003 -1.0000000180025095e-35 -1.0000000180025095e-35 24.500000000000004 -0.037591725587844842 -1.0000000180025095e-35 0.35416667163372045 48.500000000000007 -108.40282440185545 3.8176519870758061 -15.443235874176024 0.76964271068573009 -14.848365783691404 2.1317028999328618 -8.696952819824217 3.6242519617080693 1433.5000000000002 4.7916412353515634 -0.090226802974939332 1.5000000000000002 -5.6949901580810538 7.2566499710083017 53.500000000000007 5.8622088432312021 2.5249279737472539 -0.07079982757568358 1.8688348531723025 6.212574005126954 -6.715852975845336
decision_type=2 2 2 2 2 2 2 2 2 2 2 2 2 2 2 2 2 2 2 2 2 2 2 2 2 2 2 2 2 2
left_child=1 14 5 6 13 29 -4 12 9 -6 -11 -12 -8 -3 19 -5 17 -9 -16 20 26 22 -22 -24 -7 -18 -1 28 -10 -2
right_child=2 4 3 15 8 24 7 16 27 10 11 -13 -14 -15 18 -17 25 -19 -20 -21 21 -23 23 -25 -26 -27 -28 -29 -30 -31
leaf_value=0.17268202955680065 0.11972637602782463 -0.041220927306599542 -0.042050209209648866 0.0041299405518516914 -0.025435330016889565 0.056805690068834139 -0.032012698597758037 0.011790664241336781 0.039723906199464823 0.032638569195143893 0.79268900925802366 0.15913838558915605 0.011781448845602836 0.052431102185984686 0.085593768655078589 0.040202226437803246 -0.013349883417257164 -0.015393763356580025 -0.017928663036479182 0.00087882027165853268 0.07680830967625929 0.061737728117168489 -0.027175418697372021 0.60965091974415497 -0.019934432169715119 0.01201639654367955 0.0050475481975130396 -0.045082256040389408 0.60095618452963573 -0.049808592192616227
leaf_weight=37.768124188645743 32.505874067079276 244.40416109189391 807.47197738278192 1345.583170090802 329.60770527459681 335.57539212377742 789.00857057678513 3129.2549701509997 32.205336023820564 70.120839254464954 3.107959122164174 39.867538288934156 37508.360635105637 472.30481199128553 121.15918862714898 4906.9858750682324 2357.0722804719117 8204.520828154753 4374.4578928808914 2479.5436841762858 21.401623225305229 217.45321045350283 4.5390778197906938 15.220765931531785 585.44603525847197 9773.1200652149273 511.09946395852603 12097.230071177473 0.4499446643749242 2126.9864994733362
leaf_count=1775 3337 90281 48620 1831 103378 4870 135459 17336 10986 13322 355 2122 405967 24139 3865 6361 31286 96574 315842 81930 1237 2621 225 643 12996 73666 15303 4936636 106 706227
internal_value=-0.000628705 -0.0259196 0.00678445 0.00845567 -0.0390084 -0.0305053 0.00605561 0.0066879 -0.0424036 0.0167705 0.135644 0.282795 0.0108751 0.0204306 -0.00355892 0.0324488 -0.000147262 -0.00788625 -0.0150467 0.0121517 0.0465491 0.105571 0.305368 0.487417 0.00818168 0.00708389 0.0180374 -0.0445692 0.126227 -0.046986
internal_weight=92973.8 21071.9 71901.9 68821.4 13289.3 3080.51 62568.8 61761.3 12572.6 442.704 113.096 42.9755 38297.4 716.709 7782.64 6252.57 23464 11333.8 4495.62 3287.03 807.482 258.615 41.1615 19.7598 921.021 12130.2 548.868 12129.9 32.6553 2159.49
internal_count=7149296 5604766 1544530 817100 5181325 727430 808908 760288 5066905 119177 15799 2477 541426 114420 423441 8192 218862 113910 319707 103734 21804 4726 2105 868 17866 104952 17078 4947728 11092 709564
is_linear=0
shrinkage=0.055


Tree=60
num_leaves=31
num_cat=0
split_feature=53 53 50 51 41 25 28 42 41 49 46 28 57 13 27 54 9 33 25 16 50 55 10 24 31 33 53 8 14 51
split_gain=5980.34 1729.05 1199.78 1021.86 796.052 676.445 706.408 528.413 539.326 783.559 669.444 857.645 657.568 610.999 436.527 712.191 658.939 655.784 621.055 511.333 489.057 518.186 526.594 549.593 486.049 641.311 1002.92 1228.1 912.018 427.028
threshold=-0.07665920257568358 -1.0000000180025095e-35 -110.75454330444335 164.50000000000003 -1.0000000180025095e-35 -13.683915138244627 1.0000000180025095e-35 -1.0000000180025095e-35 1.0000000180025095e-35 3.9328949451446538 2.8656533956527714 6.5000000000000009 188.50000000000003 3.3842465877532963 172.90090942382815 106.50000000000001 4.8554885387420663 6.4027373790740976 -10.900306224822996 84435.000000000015 -16.713972091674801 0.85766601562500011 5.7054464817047128 -0.01976748742163181 0.89587974548339855 5.6818413734436044 -0.050775676965713494 3.0677825212478642 6.4914817810058603 103.50000000000001
decision_type=2 2 2 2 2 2 2 2 2 2 2 2 2 2 2 2 2 2 2 2 2 2 2 2 2 2 2 2 2 2
left_child=3 2 -2 -1 29 -6 -7 -8 9 12 11 -10 -9 -12 18 -16 17 -17 -13 -18 21 22 -20 24 25 -24 27 -27 -29 -4
right_child=1 -3 4 -5 5 6 7 8 10 -11 13 14 -14 -15 15 16 19 -19 20 -21 -22 -23 23 -25 -26 26 -28 28 -30 -31
leaf_value=-0.011892588674336759 -0.034995253792596825 0.033855388745575948 -0.002512850487885224 -0.046447021355408305 -0.020621685753493834 0.071831485360437805 -0.034182695737531202 0.03183160282446286 -0.039640883825904825 0.0047057194462003975 -0.0046807148549926295 -0.030274588252006848 -0.028750516089269988 0.011797820293820042 -0.022764477274400282 0.44968905907117906 0.20694568763722515 -0.039528236104209809 -0.053761716535636966 -0.054700931252310112 0.029083838468725295 -0.035635264062007746 0.098776130763826048 -0.054045838640039583 0.08337828157795539 -0.027523365528701778 0.20832211634931255 1.172508886166395 -0.016958552140311865 -0.048385490908681203
leaf_weight=3699.8785194379743 2458.3225806893315 5825.2073535956442 1166.2154569721315 8649.8831897949567 2946.3660629277583 488.79785726696718 980.10449165303726 623.26227787917014 539.48838043981232 19681.962954898248 9435.9497978888685 475.66292395442724 3971.5623779097805 24400.372966207913 74.864372979151085 34.31195857282728 43.734004613477737 9.5359338511480001 54.128704961738549 39.00166859687306 4673.3991772374138 92.868277969071642 95.094715806888416 44.726971115684137 210.08974604588002 4.8708731682272619 81.479040591744706 5.9719310611253587 2.2000586329959333 1292.4553231713362
leaf_count=345663 659831 4944 55300 4371738 468223 3477 74784 6642 23267 124618 54577 23771 336342 109088 1818 776 569 699 4708 3121 64836 1442 3874 3226 13273 1241 1887 397 520 383842
internal_value=-0.000496845 0.00501889 0.00274452 -0.0361038 0.00404502 0.00514141 0.00629189 0.00579791 0.00640714 -6.95295e-05 0.0103065 0.0264933 -0.0205072 0.00720243 0.0325261 0.111233 0.188336 0.35014 0.0296697 0.087517 0.0351091 0.082077 0.10414 0.123755 0.144073 0.207451 0.306329 0.691182 0.9674 -0.0266761
internal_weight=92101.8 79752 73926.8 12349.8 71468.5 69009.8 66063.4 65574.6 64594.5 24276.8 40317.8 6481.43 4594.82 33836.3 5941.94 201.448 126.584 43.8479 5740.49 82.7357 5264.83 591.43 498.562 444.433 399.706 189.617 94.5219 13.0429 8.17199 2458.67
internal_count=7148494 2431093 2426149 4717401 1766318 1327176 858953 855476 780692 467602 313090 149425 342984 163665 126158 6983 5165 1475 119175 3690 95404 30568 29126 24418 21192 7919 4045 2158 917 439142
is_linear=0
shrinkage=0.055


Tree=61
num_leaves=31
num_cat=0
split_feature=53 53 49 25 26 41 57 7 42 43 3 50 44 49 16 48 13 57 6 13 46 56 35 33 19 8 41 30 8 44
split_gain=4773.87 1593.78 1542.08 958.477 901.845 1154.79 825.738 702.893 540.133 531.337 524.79 703.833 488.744 700.79 571.549 640.357 534.26 513.526 547.288 477.339 459.807 548.104 507.868 472.944 441.17 461.685 413.736 404.336 395.377 385.817
threshold=-0.075682044029235826 -1.0000000180025095e-35 4.8630323410034189 -11.234835624694822 280.50000000000006 -1.0000000180025095e-35 6.5000000000000009 2.2996544837951665 -1.0000000180025095e-35 -1.0000000180025095e-35 0.75961539149284374 -11.958175659179686 1.0000000180025095e-35 8.9676342010498065 1090100.5000000002 433.50000000000006 3.4811217784881596 382.50000000000006 -5.3804481029510489 1.7005987167358401 -0.053490592166781419 -100.89965820312499 2.2769384384155278 6.2156071662902841 5.5000000000000009 1.4978661537170412 -1.0000000180025095e-35 0.84523808956146251 1.2424533367156985 3.5000000000000004
decision_type=2 2 2 2 2 2 2 2 2 2 2 2 2 2 2 2 2 2 2 2 2 2 2 2 2 2 2 2 2 2
left_child=2 3 10 6 -5 -6 -2 -8 -7 -10 -1 19 13 17 -14 28 -17 -11 -19 -12 21 -13 -23 -24 -18 -26 -4 -20 -16 -22
right_child=1 -3 26 4 5 8 7 -9 9 12 11 20 14 -15 15 16 24 18 27 -21 29 22 23 -25 25 -27 -28 -29 -30 -31
leaf_value=-0.050004582576780081 0.036156856896541065 0.03230388967814949 -0.054893389754746925 0.028574039348149859 -0.037850601419178259 -0.038282994235850888 0.10829393832569599 -0.02201936959322023 -0.067644468565947274 0.0092185682535207633 0.3904138465430898 -0.050891457875074049 0.00029394060430923359 0.0075193842317240345 -0.013787350730164806 0.0067934352648522708 0.060612760569228825 0.47611219641286484 -0.023342641966480421 -0.035839209590513434 -0.042900818220239528 0.060072580512979402 -0.039431997442291866 0.33125644910096741 0.54770813726150114 -0.032629892672121526 0.0080590663379625175 0.059383044414517715 0.013907223778835841 0.32021631739158429
leaf_weight=7527.3669256313005 871.73842855589464 5704.1004395652562 351.29968853946775 4380.3969101686962 2043.3367580927443 887.39979410264641 122.30129489139654 8077.4599994478049 299.27726417977829 2348.0593004692346 3.0251693124882868 45.871631798800081 13713.618511943496 11462.380808780668 1700.6660505848704 765.77291249879636 1319.3013708946528 1.7117932228138659 6566.9626908791251 1350.615274770651 133.23544784355909 77.389938392210752 11.413860572618431 54.601309931022115 6.3573825429193658 5.6942512723617256 2773.9635129156522 179.06579331844114 18293.891826173989 4.4742136383429161
leaf_count=3853730 24917 4976 98548 38609 408431 78675 1056 1060581 9136 17931 1131 8958 133494 29028 12177 33235 41864 48 400086 639111 28979 7036 1939 2303 100 557 139141 574 73286 10
internal_value=-0.000666559 0.0043171 -0.0324768 0.00212956 0.00450226 0.00273063 -0.0145964 -0.0200109 0.00417464 0.00484289 -0.0438016 -0.0159532 0.00523375 -0.00152513 0.00911414 0.014588 0.043469 -0.0129208 -0.0206259 -0.0334533 0.0559057 0.110443 0.162026 0.268902 0.0644599 0.344341 0.000906427 -0.0211044 0.0115488 -0.0202973
internal_weight=91082.8 78749.5 12333.3 73045.4 63973.9 59593.5 9071.5 8199.76 57550.2 56662.8 9207.99 1680.63 56363.5 20558.2 35805.3 22091.7 2097.13 9095.8 6747.74 1353.64 326.986 189.277 143.405 66.0152 1331.35 12.0516 3125.26 6746.03 19994.6 137.71
internal_count=7149647 2368761 4780886 2363785 1277231 1238622 1086554 1061637 830191 751516 4543197 689467 742380 447667 294713 161219 75756 418639 400708 640242 49225 20236 11278 4242 42521 657 237689 400660 85463 28989
is_linear=0
shrinkage=0.055


Tree=62
num_leaves=31
num_cat=0
split_feature=53 53 51 25 41 57 26 52 14 0 7 8 53 19 40 27 45 26 6 26 26 53 49 42 44 2 44 48 15 49
split_gain=4489.69 1531.26 1234.39 1019 915.221 803.134 593.485 572.439 772.158 962.189 562.274 530.399 506.847 505.737 497.19 493.623 541.627 505.084 475.847 450.509 537.37 514.489 418.315 395.614 390.777 634.346 380.984 420.186 385.776 379.957
threshold=-0.077619433403015123 -1.0000000180025095e-35 224.50000000000003 -10.900306224822996 -1.0000000180025095e-35 102.50000000000001 832.50000000000011 0.82655280828475963 8.2851347923278826 0.64583334326744091 2.2996544837951665 4.0163424015045175 -0.027461975812911984 1.5000000000000002 3.2769666910171513 625.78042602539074 0.85321214795112621 864.00000000000011 -3.875985741615295 194.50000000000003 178.50000000000003 -0.055660784244537347 8.9676342010498065 -1.0000000180025095e-35 2.5000000000000004 0.12916667014360431 1.0000000180025095e-35 489.50000000000006 6.1081352233886728 6.7309472560882577
decision_type=2 2 2 2 2 2 2 2 2 2 2 2 2 2 2 2 2 2 2 2 2 2 2 2 2 2 2 2 2 2
left_child=2 3 13 5 19 7 -6 8 15 -10 -7 23 -9 18 -11 16 -2 -18 -1 20 -5 -22 -21 -8 -24 -26 29 28 -28 -25
right_child=1 -3 -4 4 6 10 11 12 9 14 -12 -13 -14 -15 -16 -17 17 -19 -20 22 21 -23 24 26 25 -27 27 -29 -30 -31
leaf_value=0.17903802243153064 -0.030036391641969622 0.031758498142317793 -0.046237177228623777 0.020217917459490635 0.018235165842707478 0.11030114296351705 -0.04668022032934277 -0.035738562048054714 -0.040181420983539294 0.76204179559545238 -0.031858089333817792 0.010433762912078317 0.0099560479600546373 -0.015707165435325802 -0.020326990824654365 -0.0040408422107993426 0.036760937829992547 0.15439136240140136 0.021857124888616977 -0.050867558977761997 0.56657488316261595 -0.037211725349558369 -0.0070931961812590941 -0.024975345579286049 0.3481645193844124 -0.074581812479020487 -0.014830757317118635 0.02766730227717638 0.0054647483158621109 -0.0021545255919175948
leaf_weight=62.715318083530292 139.14979969558772 5597.778665618971 7370.8131814954104 195.75749487476423 9612.2934536762768 80.80227321118582 558.42626109509729 1338.7228732898366 11.302082989946941 7.4252027865732071 5081.3991195296403 19842.425319308182 1615.4083109777421 3561.2505897762021 2.7457521371543407 716.68516975757666 235.97541323595215 209.64548125385772 432.51853051153012 1602.3309487822698 6.0457422591280192 6.015744101488961 424.53848918131553 3029.1722281093244 19.699689872795716 16.386961258715019 3491.6160508722533 2079.6413162536919 14925.657473030733 8099.3138778181747
leaf_count=2201 9479 4947 4138971 7904 85832 1142 56936 126284 3006 273 834523 226429 15072 458807 342 142588 16433 9799 58031 428949 566 296 7021 264984 345 410 25804 97757 87102 37505
internal_value=-0.000620288 0.00404433 -0.0328338 0.00192723 0.00441889 -0.0149361 0.0056831 0.00268985 0.0326885 0.326976 -0.0295283 0.00336246 -0.0107768 -0.00845237 0.613744 0.0266002 0.0638691 0.0932001 0.0433528 -0.0298343 0.0465524 0.342779 -0.0376233 -0.000998175 0.00849971 0.170481 -0.000184292 0.00426356 0.00161407 -0.00837478
internal_weight=90373.7 78946.4 11427.3 73348.6 63909.3 9439.26 61638.5 4277.06 1322.93 21.473 5162.2 52026.3 2954.13 4056.48 10.171 1301.46 584.771 445.621 495.234 2270.78 207.819 12.0615 2062.96 32183.8 460.625 36.0867 31625.4 20496.9 18417.3 11128.5
internal_count=7149738 2491728 4658010 2486781 1327840 1158941 882349 323276 181920 3621 835665 796517 141356 519039 615 178299 35711 26232 60232 445491 8766 862 436725 570088 7776 755 513152 210663 112906 302489
is_linear=0
shrinkage=0.055


Tree=63
num_leaves=31
num_cat=0
split_feature=50 41 54 50 26 53 9 8 25 35 47 24 25 26 48 56 6 45 54 15 15 8 16 50 57 47 25 33 56 25
split_gain=4820.14 1578.9 1242.02 1159.24 1068.64 642.13 544.647 663.162 538.101 534.511 501.757 484.324 438.822 382.993 451.291 762.131 401.214 458.533 400.602 652.741 476.317 485.785 552.792 441.665 380.997 565.597 757.881 768.296 424.456 377.668
threshold=-13.163551807403563 -1.0000000180025095e-35 86.500000000000014 -1.0000000180025095e-35 30.500000000000004 -0.046463102102279656 4.9376144409179696 2.5249279737472539 -16.288406372070309 1.2424533367156985 -11.567255973815916 -2.8694319725036617 -8.9948916435241681 206.00000000000003 754.50000000000011 -100.89379882812499 -8.8804230690002424 0.84456300735473644 20.500000000000004 8.4626312255859393 6.7434699535369882 4.5900437831878671 2303705.5000000005 -9.2009973526000959 60.500000000000007 -108.40282440185545 -21.91280364990234 8.2941746711730975 -0.046630859374999993 -7.0576219558715811
decision_type=2 2 2 2 2 2 2 2 2 2 2 2 2 2 2 2 2 2 2 2 2 2 2 2 2 2 2 2 2 2
left_child=2 5 9 6 8 -2 -3 -8 -4 29 -11 -7 -5 14 -9 -16 17 -15 -18 20 21 -20 -23 -21 25 -6 27 -27 -28 -1
right_child=1 3 4 12 24 11 7 13 -10 10 -12 -13 -14 16 15 -17 18 -19 19 23 -22 22 -24 -25 -26 26 28 -29 -30 -31
leaf_value=0.0091638962795896669 -0.050657946768309911 -0.0019101991153594282 -0.041651562589448618 0.0020807076504207045 -0.031593519846140436 0.087111625504968815 -0.0018677862870142639 0.031919758067946079 0.055016521777156498 -0.024855671709665461 0.068753170143716402 -0.014001765022057105 0.03843582124220616 0.25192268639253224 0.4596488208312603 0.078258036482919027 0.018567143225132216 0.044183806386837915 -0.030896368072264192 0.10066871356380314 0.0069517115849900739 0.013580485280177744 0.32489702394873654 0.024830826747550078 -0.04556766222016987 -0.026412067240194521 0.29333201939273529 0.84919906010666513 0.015789341251793449 0.081723211099688567
leaf_weight=1480.6513849974144 2067.2709885202348 23068.977358915843 254.33091274823528 1288.4534943094477 421.13015039474703 162.10441009071656 12727.543473509606 1186.2564246555557 528.30800101300701 2680.0918453516206 180.39066011272371 1000.9192681298591 4559.2865277715027 37.205696606310084 14.667066717986016 99.043945788638666 12481.975115580019 148.09078043268528 2187.4443940265337 295.25505626748782 11015.580491846311 694.30733890889678 12.714911692775784 1051.5315980424639 9710.2320429886458 4.5579317110823458 14.375405253958887 2.5999217635253444 124.27451013540849 249.62124496069737
leaf_count=63438 924694 424423 108261 1805 152497 4181 260253 5285 29112 132923 2039 43190 6341 410 271 919 22279 2140 83413 11900 236875 17420 272 7793 4579593 1308 599 123 22238 3458
internal_value=-0.000584601 0.00527368 -0.0283138 0.00698857 -0.0382924 -0.0323015 0.00487777 0.00861023 0.0235377 -0.00425844 -0.0188427 0.00040418 0.0304342 0.0131731 0.0423051 0.14474 0.0118096 0.091419 0.0112614 0.00528027 0.00173379 -0.018102 0.0214213 0.0417676 -0.0430101 0.000809592 0.0923426 0.510074 0.0537737 0.0198371
internal_weight=89749.2 74098.6 15650.6 70868.3 11059.8 3230.29 65020.6 41951.6 782.639 4590.76 2860.48 1163.02 5847.74 29224.1 1299.97 113.711 27924.1 185.296 27738.8 15256.8 13910 2894.47 707.022 1346.79 10277.2 566.938 145.808 7.15785 138.65 1730.27
internal_count=7149453 2053864 5095589 1081799 4893731 972065 1073653 649230 137373 201858 134962 47371 8146 388977 6475 1190 382502 2550 379952 357673 337980 101105 17692 19693 4756358 176765 24268 1431 22837 66896
is_linear=0
shrinkage=0.055


Tree=64
num_leaves=31
num_cat=0
split_feature=41 50 50 28 57 27 53 51 7 51 28 8 26 27 50 15 3 7 51 25 48 50 14 14 9 51 13 26 48 26
split_gain=4075.09 1899.32 1097.41 996.269 981.494 815.55 1123.99 1155.12 923.55 705.916 612.792 623.992 629.035 610.588 588.834 454.857 460.452 437.918 409.95 407.424 405.229 392.473 586.863 754.446 356.822 356.273 354.438 350.14 488.333 458.379
threshold=-1.0000000180025095e-35 -18.715316772460934 -1.0000000180025095e-35 1.0000000180025095e-35 51.500000000000007 958.87527465820324 -0.07177639007568358 224.50000000000003 5.1502187252044687 103.50000000000001 6.5000000000000009 3.6242519617080693 312.50000000000006 374.88259887695318 -11.108977317810057 6.974010944366456 0.97368422150611889 2.7396341562271123 1618.5000000000002 -8.9948916435241681 940.50000000000011 -18.279174804687496 6.4762027263641366 6.2035467624664316 4.9334011077880868 727.50000000000011 3.1567740440368657 194.50000000000003 41.500000000000007 178.50000000000003
decision_type=2 2 2 2 2 2 2 2 2 2 2 2 2 2 2 2 2 2 2 2 2 2 2 2 2 2 2 2 2 2
left_child=9 4 3 5 13 6 7 -3 -9 27 17 12 -12 26 21 -16 -17 -5 -18 -4 -20 22 23 -14 -13 -25 -2 28 -1 -30
right_child=1 2 19 10 -6 -7 -8 8 -10 -11 11 24 14 -15 15 16 18 -19 20 -21 -22 -23 -24 25 -26 -27 -28 -29 29 -31
leaf_value=-0.02511326462115791 -0.029909998285658618 0.11105139707735545 0.0014562442026820402 0.052771685480095011 -0.033702642430406847 -0.0046687835973716566 0.068516507628899895 1.0523983734100102 0.28859913582392971 -0.053241228758705898 0.026044602801912339 0.0021355625871421475 -0.049605586455349696 -0.016754225092292744 -0.0075090412284983116 -0.0046628239085979763 0.013753637160985835 -0.027079813561448909 0.31101855294655328 0.036839524884649678 -0.044830844738605616 -0.026124840136479026 -0.053822650406344492 0.094837403883547486 0.014342345879775929 0.44896638747033718 0.084431182852824346 -0.02127541029536589 0.087569391338505859 0.43364813719037504
leaf_weight=116.67600291687995 97.486006809282117 50.959111496573314 1271.5255984961987 219.65273402025923 5795.9745550833177 349.44698128290474 468.99687882733997 4.1823473694967133 24.130156543455087 4774.6439747678814 2422.739058427047 11654.406904706731 25.411641373648308 584.15456964133773 13798.495800423669 6626.6916173574282 8655.6276327917585 2820.7985443149228 22.284985357429832 4361.0090721999295 13.25614629301708 3793.8477808920434 57.364771444466896 17.670226622372866 19145.257827240042 21.488349432242103 447.35394749010447 1342.6656874946784 97.080738357501104 8.9933527056127769
leaf_count=4711 6078 1562 1810 2775 2236649 23261 7109 252 3142 2664671 26261 247465 7636 160715 203017 137827 52999 273618 219 6407 493 574804 16345 1882 332123 1706 11982 135261 5532 430
internal_value=-0.00026236 0.00299461 0.00551325 0.00363788 -0.0245674 0.0610453 0.102593 0.288173 0.542452 -0.0427411 0.00288981 0.00399838 -0.000976547 0.0222722 -0.00296205 -0.000267522 0.00625604 -0.0212339 0.0145792 0.0288602 0.189134 -0.0229717 0.0722979 0.18016 0.00972447 0.317999 0.0638866 -0.0106472 0.0524771 0.135111
internal_weight=89090.3 82750.2 75825.2 70192.7 6924.97 897.715 548.268 79.2716 28.3125 6340.06 69295 66254.5 35454.9 1128.99 33032.1 29116.4 15317.9 3040.45 8691.17 5632.53 35.5411 3915.78 121.935 64.5702 30799.7 39.1586 544.84 1565.42 222.75 106.074
internal_count=7148742 4338137 1922713 1914496 2415424 35326 12065 4956 3394 2810605 1879170 1602777 1023189 178775 996928 394555 191538 276393 53711 8217 712 602373 27569 11224 579588 3588 18060 145934 10673 5962
is_linear=0
shrinkage=0.055


Tree=65
num_leaves=31
num_cat=0
split_feature=53 53 49 50 42 25 3 25 6 24 25 26 41 29 30 56 44 28 50 22 8 53 8 40 10 8 2 51 10 15
split_gain=3779.2 1206.37 1012.14 806.474 877.642 621.553 544.12 543.188 1120.46 1171.27 501.216 588.677 593.429 497.644 486.044 462.55 449.202 511.09 432.222 504.481 452.643 807.981 1137.31 1553.41 828.516 422.406 414.543 581.392 398.512 518.129
threshold=-0.077619433403015123 -1.0000000180025095e-35 4.8630323410034189 -4.3781540393829337 -1.0000000180025095e-35 -7.7946922779083243 0.97368422150611889 -13.469283103942869 -7.1922597885131827 -4.1209394931793204 -13.683915138244627 352.50000000000006 -1.0000000180025095e-35 0.18333333730697635 0.6904762089252473 -0.030029296874999997 1.0000000180025095e-35 7168.5000000000009 -10.720786094665526 2.4414010047912602 3.0677825212478642 -0.051757156848907464 2.4414010047912602 3.0201274156570439 7.6011524200439462 5.9148526191711435 0.240384615957737 155.50000000000003 1.0000000180025095e-35 8.0052003860473651
decision_type=2 2 2 2 2 2 2 2 2 2 2 2 2 2 2 2 2 2 2 2 2 2 2 2 2 2 2 2 2 2
left_child=2 3 6 4 -2 -5 -1 -8 9 -9 18 -12 15 16 -15 -13 17 -14 -6 20 21 22 -20 -24 -25 -4 -27 -28 29 -22
right_child=1 -3 25 5 10 -7 7 8 -10 -11 11 12 13 14 -16 -17 -18 -19 19 -21 28 -23 23 24 -26 26 27 -29 -30 -31
leaf_value=-0.048540751329006232 -0.048590734890975422 0.02907370397158986 -0.0090233279032540161 0.0027575398760618106 -0.032538886090186708 0.018837613094831937 -0.03877716022004013 0.15208711915560064 0.0037000022901422448 0.93590540800236044 0.02118326596310827 -0.054384906286631424 -0.01968935451624499 -0.010629961468738512 0.025390669571561206 0.082847508849479293 0.014634527752763629 0.011709881595085273 0.065301825805157226 -0.056288430748791488 -0.041658092744687999 0.032744125635978706 -0.037311868917960102 -0.021549916412449251 0.94138375690755605 0.047893159961058494 -0.040534289790719318 0.58262081047320158 -0.021624931737386551 0.42824294420210057
leaf_weight=6378.2605499732308 1261.753125829855 5223.3742724619806 2539.3945157625712 21852.464036694961 2692.3040816751309 10894.539075023262 783.85847178928088 57.280395947746001 476.61777250107843 1.9264315150212485 3539.4331608056091 938.9264940576395 3312.4141204775078 14588.767701504985 1223.8532157681184 76.239952271920629 8309.1131272609346 2969.3275169589324 46.185016535338946 230.24365978443529 12.618701838306153 208.97439173283055 9.7906344688963163 2.9587255283258846 11.804056744673288 184.67476456833538 6.7737514353357238 5.7608301378786564 316.21727085893508 9.1751302164047939
leaf_count=3846889 320577 4946 216805 60241 828708 26559 428757 3190 152039 197 56262 284241 219050 284963 6344 1614 204223 147862 3278 16309 779 7784 1144 297 159 9820 396 384 16304 244
internal_value=-0.000614446 0.00355833 -0.0316857 0.00171833 -0.00354567 0.00810925 -0.0418933 -0.00970283 0.0327953 0.248487 -0.00206324 -6.48552e-05 -0.00246153 -0.00107685 -0.00783492 -0.0437231 0.00624728 -0.00484969 -0.0217682 0.0124192 0.0382749 0.0893692 0.243445 0.510793 0.791769 -0.00294811 0.0735691 0.330333 -0.00469333 0.199167
internal_weight=88165 77730.5 10434.5 72507.1 39760.1 32747 7697.94 1319.68 535.825 59.2068 38498.3 34958.1 31418.6 30403.5 15812.6 1015.17 14590.9 6281.74 3540.27 847.968 617.724 279.713 70.7384 24.5534 14.7628 2736.6 197.209 12.5346 338.011 21.7938
internal_count=7150365 2491888 4658477 2486942 2400142 86800 4431072 584183 155426 3387 2079565 1204559 1148297 862442 291307 285855 571135 366912 875006 46298 29989 12662 4878 1600 456 227405 10600 780 17327 1023
is_linear=0
shrinkage=0.055


Tree=66
num_leaves=31
num_cat=0
split_feature=53 51 53 25 26 41 41 26 13 0 25 10 10 14 6 54 50 31 46 53 7 45 26 35 51 40 28 23 19 14
split_gain=3610.52 1321.13 1042.58 624.379 629.718 587.338 537.239 569.965 531.36 486.36 459.217 1145.98 594.225 526.417 406.253 425.84 491.277 493.761 396.088 493.667 610.814 377.837 419.146 731.062 820.707 1234.85 877.193 551.735 484.801 477.994
threshold=-0.073728919029235826 273.50000000000006 -1.0000000180025095e-35 -14.444069862365721 312.50000000000006 -1.0000000180025095e-35 -1.0000000180025095e-35 14.500000000000002 3.3842465877532963 0.91666665673255932 -21.735817909240719 9.2098903656005877 9.2104907035827654 8.4613633155822772 -8.5349602699279767 179.50000000000003 -13.999949932098387 2.4414010047912602 2.6922756433486943 -0.027461975812911984 6.4330716133117685 0.76964271068573009 1099.5000000000002 1.2424533367156985 111.50000000000001 2.6735538244247441 12.500000000000002 2.5000000000000004 1.5000000000000002 6.9132399559021005
decision_type=2 2 2 2 2 2 2 2 2 2 2 2 2 2 2 2 2 2 2 2 2 2 2 2 2 2 2 2 2 2
left_child=1 6 3 9 -5 -6 7 -1 -7 10 11 13 -13 -2 -10 -16 -17 -18 19 -11 -21 -8 23 24 -23 -26 -27 -25 -24 -28
right_child=2 -3 -4 4 5 8 21 -9 14 18 -12 12 -14 -15 15 16 17 -19 -20 20 -22 22 28 27 25 26 29 -29 -30 -31
leaf_value=0.21153966277507738 -0.04993151555612612 -0.045846342687173705 0.027972195808157185 0.022109469104865949 -0.028269441733183066 -0.0051365977170419776 -0.039450772753557239 -0.055012541295310503 0.084710793283362465 0.0068775632019191721 -0.03752383607781095 0.93661011363326219 -0.018358580591210802 0.46021697278136114 0.0079925349953055193 -0.055231611264611992 -0.010043066988580549 0.034812680578870901 -0.049270573459130634 0.20893075653791604 0.00034265522920723428 0.053891075401602088 0.079149697729237467 -0.05298077862666066 0.06404457025325154 -0.033805713655555923 0.70466745098525774 0.072753516089698073 -0.0091844186948807412 -0.019923021912078294
leaf_weight=20.172189418459311 47.074042302672751 6345.2290996023221 5167.217343846336 5095.0354383655358 1874.2756652075332 17551.054079507943 586.13644180994015 816.19720062124543 193.44993836269714 453.75538896431681 2341.073310358217 1.9320297439116974 2.4909234750084579 1.9361346305813629 37600.137552613043 590.83448442432564 4451.1391756345984 885.75457677163649 211.75709885288961 90.707963965833187 76.370935450308025 237.60506477579474 198.99044477858115 257.63687369774561 47.258584393071942 6.914857150521132 21.327468453324403 171.53768036758993 2385.0295705301687 2.7741208813386029
leaf_count=331 21177 4188404 4950 62406 421145 345993 100624 377093 1807 80807 643882 326 1030 391 270450 179622 170063 23338 8673 757 1839 5207 8596 29116 5552 1701 1592 6454 185467 827
internal_value=-0.000119709 -0.0294337 0.00412657 0.00240069 0.00351919 0.00201759 -0.00749124 -0.0473647 0.00294628 -0.0212206 -0.033793 0.118889 0.674426 0.0109607 0.0061912 0.00583255 -0.00786361 -0.00257282 0.0149233 0.0370375 0.116367 0.0010761 0.00825997 0.0444562 0.107254 0.256275 0.499617 -0.00246668 -0.00224226 0.632173
internal_weight=87732.8 11096.8 76636 71468.8 68241.7 63146.6 4751.58 836.369 61272.4 3227.1 2394.51 53.4331 4.42295 49.0102 43721.3 43527.9 5927.73 5336.89 832.591 620.834 167.079 3915.21 3329.07 745.055 315.88 78.275 31.0164 429.175 2584.02 24.1016
internal_count=7149620 4910964 2238656 2233706 1474824 1412418 722560 377424 991273 758882 666806 22924 1356 21568 645280 643473 373023 193401 92076 83403 2596 345136 244512 50449 14879 9672 4120 35570 194063 2419
is_linear=0
shrinkage=0.055


Tree=67
num_leaves=31
num_cat=0
split_feature=41 50 50 45 53 42 26 23 27 6 55 55 8 7 6 27 54 15 26 25 33 2 23 31 25 50 47 36 25 55
split_gain=3137.8 1771.36 1069.51 988.616 723.138 630.768 486.635 945.321 738.562 598.333 567.597 513.181 510.251 490.999 460.739 678.941 460.71 676.275 627.324 412.06 633.888 391.142 593.499 686.87 892.529 371.127 364.937 361.823 354.989 348.624
threshold=-1.0000000180025095e-35 -110.40093612670897 -1.0000000180025095e-35 0.76964271068573009 -0.037591725587844842 -1.0000000180025095e-35 2650.5000000000005 6.5000000000000009 1166.2376098632815 -0.52366057038307179 0.83422851562500011 0.86499023437500011 3.7494349479675297 2.9364883899688725 -8.8804230690002424 231.78370666503909 776.50000000000011 6.0695817470550546 24.500000000000004 -21.91280364990234 8.2941746711730975 0.41428571939468389 6.5000000000000009 2.6735538244247441 -21.735817909240719 -9.6184768676757795 -4.3086390495300284 1.0000000180025095e-35 -8.4344043731689435 0.85034179687500011
decision_type=2 2 2 2 2 2 2 2 2 2 2 2 2 2 2 2 2 2 2 2 2 2 2 2 2 2 2 2 2 2
left_child=4 21 3 -3 -1 -5 7 8 14 10 -8 -9 -11 25 15 16 -7 18 -18 20 -17 -2 23 -23 -25 -12 -16 -15 -4 -20
right_child=1 2 28 5 -6 6 9 11 -10 12 13 -13 -14 27 26 19 17 -19 29 -21 -22 22 -24 24 -26 -27 -28 -29 -30 -31
leaf_value=-0.049214795670778612 -0.041889523320104712 -0.041988415997026199 0.0044629078054886293 -0.038621716987239464 0.0017541980685587951 0.056307815534602811 -0.040790793545633607 0.10043902248092273 -0.052856737088149308 -0.0038804455437395084 0.17788744980078089 0.011655882595354604 0.0091434545013409502 -0.021432497502661279 0.0022281450475721311 -0.039583065299330505 -0.038417288255879124 0.11346952339359173 0.64399520313247149 -0.0069616582825509634 0.50453594869336027 -0.037082756252234443 0.25601969495400356 0.70934459690276663 -0.036750131416015352 0.030228887684291751 0.015583777517430416 0.022606287866640862 0.036019513236828157 -0.018230309968188991
leaf_weight=4663.1833711183863 3124.9487283992348 1500.1638637892902 1484.8575196375605 1076.8336620293558 1026.9460529468488 299.9904073975049 1964.8984853319125 515.29627490404528 595.04864217096474 18831.054743585642 61.81173955486156 319.2250113360351 17600.016109850374 2208.3781783918384 15824.56704438827 12.329580647754485 6.0666576446965363 115.56836447026581 14.186296864761973 504.1968984103296 7.2541256442200384 166.63006384670734 26.458641139208339 3.9900320358574382 9.5319435138953832 237.70387840270996 10161.130442142719 752.97786928666756 3949.0083375768736 2.4406224578851825
leaf_count=2767928 1379418 608003 2845 157824 42164 6351 316450 10332 193320 452116 270 6761 267757 146676 531155 5824 276 4832 513 116700 554 72444 2531 972 4222 482 19276 25219 5371 1029
internal_value=-0.000555428 0.00220654 0.00388406 0.00212185 -0.0400225 0.00305529 0.00369882 0.00925291 0.00749904 -8.53746e-05 -0.0174803 0.066749 0.00241185 -0.00339313 0.00884134 0.0461216 0.0962189 0.177828 0.425914 0.0036912 0.223591 -0.037038 0.035596 -0.0028168 0.315462 0.063122 0.00745256 -0.0102156 0.0274084 0.565048
internal_weight=87066.7 81376.6 78045 72611.1 5690.13 71111 70034.1 28377.3 27542.8 41656.8 5225.77 834.521 36431.1 3260.87 26947.7 962.033 438.252 138.262 22.6936 523.781 19.5837 3331.56 206.611 180.152 13.522 299.516 25985.7 2961.36 5433.87 16.6269
internal_count=7149615 4339523 2879936 2871720 2810092 2263717 2105893 896923 879830 1208970 489097 17093 719873 172647 686510 136079 13001 6650 1818 123078 6378 1459587 80169 77638 5194 752 550431 171895 8216 1542
is_linear=0
shrinkage=0.055


Tree=68
num_leaves=31
num_cat=0
split_feature=50 54 47 41 26 45 32 14 10 9 25 8 48 54 57 47 13 24 27 37 32 13 22 13 25 26 47 26 23 35
split_gain=2870.96 1346.65 1038.76 886.781 819.746 554.004 461.196 667.097 762.906 457.469 407.348 400.257 562.305 388.575 369.789 518.098 552.922 607.215 475.657 439.847 385.473 371.708 415.806 363.223 362.362 359.074 352.01 343.138 377.16 343.087
threshold=-13.492255210876463 80.500000000000014 -1.0000000180025095e-35 -1.0000000180025095e-35 30.500000000000004 0.82692542672157299 1.2424533367156985 7.13688087463379 9.0972781181335467 4.9394338130950937 -17.242135047912594 2.1383330821990971 746.50000000000011 152.50000000000003 60.500000000000007 -108.40282440185545 3.5694335699081425 -14.442293167114256 192.54944610595706 1.0000000180025095e-35 1.7005987167358401 1.8688348531723025 6.212574005126954 3.5114340782165532 -8.4344043731689435 9.5000000000000018 -5.3518984317779532 2650.5000000000005 6.5000000000000009 2.2769384384155278
decision_type=2 2 2 2 2 2 2 2 2 2 2 2 2 2 2 2 2 2 2 2 2 2 2 2 2 2 2 2 2 2
left_child=1 -1 3 5 10 25 7 -7 -9 26 -3 12 13 -11 15 18 -17 20 19 -6 -18 22 -16 -14 -4 -2 -5 28 -13 -12
right_child=2 4 24 9 14 6 -8 8 -10 11 29 27 23 -15 21 16 17 -19 -20 -21 -22 -23 -24 -25 -26 -27 -28 -29 -30 -31
leaf_value=0.0020800249109517474 0.14991142981180341 -0.053580767510576874 0.002009509741588917 -0.009940509684567396 -0.047023160408548544 0.020226783540892197 -0.042895835679348862 -0.044811388151567121 0.51835711793542993 -0.0025286216543583344 0.077453927389416907 0.015003209208781988 -0.0033432676321656159 -0.035201000750925762 0.044164153456990644 -0.050796056940637914 -0.029081670803876507 0.068044727670622654 -0.054358141831849151 0.25014972602041047 0.45308630818126328 -0.044175269643949119 0.56369511777384929 0.073463413167501143 0.033979894165571428 -0.051750293877296294 0.0036060439504662064 0.0049961815057016539 0.071091550366196951 -0.011682423459907394
leaf_weight=4132.9950710828416 22.447593692922965 165.95591752801556 1424.063839824521 11490.946941573406 25.438522846903652 581.23645353468601 393.26626026455779 11.15762787719723 12.587858164217321 7360.4093865925679 338.63670801697299 11835.73213535815 316.93980997847393 1290.0420714558568 29.79465705470648 52.740637484239414 5.4833485700655755 69.1441476814216 334.54575900570489 27.721840293961577 21.306423028698191 7947.7245886640158 0.77781262691132624 445.2490438236855 4346.4204684121069 1646.3329709339887 11712.626346032368 19723.035946702585 369.59724897320848 208.83313726563938
leaf_count=177624 148 90120 4279 412221 4495 46671 46357 2097 163 39310 22845 167085 27146 115774 10450 15742 1294 7012 148942 1421 751 4476399 83 26765 18926 920532 37445 299617 2869 24507
internal_value=-0.000576299 -0.0240109 0.00371531 0.00179177 -0.035691 -0.0292571 0.00315621 0.0331984 0.291967 0.0030769 0.0208205 0.00654559 -0.00342024 -0.00741857 -0.0404354 0.00373729 0.0893208 0.165052 -0.029801 0.116128 0.365344 -0.0434056 0.134756 0.0417114 0.0260987 -0.0485979 -0.00310322 0.00948364 0.0167301 0.0436547
internal_weight=86343.2 13361.1 72982.1 67211.6 9228.1 2667.03 998.248 604.982 23.7455 64544.6 713.426 41341 9412.64 8650.45 8514.68 536.381 148.675 95.9339 387.706 53.1604 26.7898 7978.3 30.5725 762.189 5770.48 1668.78 23203.6 31928.4 12205.3 547.47
internal_count=7149090 4981685 2167405 2144200 4804061 1015968 95288 48931 2260 1128232 137472 678566 208995 155084 4666589 179657 24799 9057 154858 5916 2045 4486932 10533 53911 23205 920680 449666 469571 169954 47352
is_linear=0
shrinkage=0.055


Tree=69
num_leaves=31
num_cat=0
split_feature=41 25 45 50 26 53 10 51 13 45 36 57 45 50 40 30 4 10 0 12 6 45 28 40 51 7 28 43 16 51
split_gain=2875.69 1279.78 934.81 1268.91 831.57 953.2 741.813 662.666 634.216 660.775 563.046 670.019 573.816 551.967 544.022 535.465 485.02 469.642 448.343 432.903 392.84 392.179 377.843 373.058 372.904 357.047 355.181 354.822 377.987 411.711
threshold=-1.0000000180025095e-35 -13.469283103942869 0.79962685704231273 -9.4043130874633771 1642.0000000000002 -100.83645629882811 3.2769666910171513 103.50000000000001 3.3842465877532963 0.80053392052650463 1.0000000180025095e-35 48.500000000000007 0.88493233919143688 -1.0000000180025095e-35 3.2769666910171513 0.84523808956146251 1.0000000180025095e-35 7.7432672977447519 0.91666665673255932 1.0000000180025095e-35 -6.1552119255065909 0.833451807498932 44.500000000000007 2.0126758813858037 26.500000000000004 3.0144723653793339 1.0000000180025095e-35 1.0000000180025095e-35 2301617.5000000005 94.500000000000014
decision_type=2 2 2 2 2 2 2 2 2 2 2 2 2 2 2 2 2 2 2 2 2 2 2 2 2 2 2 2 2 2
left_child=7 10 3 -3 5 6 -4 -1 9 17 -2 12 14 26 18 -5 19 -6 -12 20 21 -10 -11 -13 -17 -19 -7 28 -22 -30
right_child=1 2 4 15 8 13 -8 -9 16 22 11 23 -14 -15 -16 24 -18 25 -20 -21 27 -23 -24 -25 -26 -27 -28 -29 29 -31
leaf_value=-0.0082665657874518381 -0.032429626760913474 -0.045063381012845287 0.38622209630812021 0.0019929517331245933 0.041709077625579578 0.058998668422600854 0.086384717447265835 -0.051985167291260473 0.36639485470774297 -0.058930693570797769 0.0098244259056333438 0.1710769549390479 -0.032159361945874973 0.03830323053172497 0.48592892818627065 0.040454161848336972 0.026953941978069208 0.12737416115452566 0.1734165812290254 -0.045879286155205846 0.00015308204479129976 0.061375760033942336 -0.0077286692272245184 -0.032338995465391505 0.25669606499573877 0.62880270705995411 0.0090488824198567911 0.046480240147722944 0.0093374360623439227 0.048742121661053475
leaf_weight=1447.3961540920427 4343.5022319859127 2691.9390906636836 25.129573777550831 3108.0317949688761 35.25154650292825 436.77592195337638 179.50457935454324 3823.7986127955373 11.017234183615072 446.67928036663216 87.592198797385208 23.934295072802342 92.409258156549186 2411.6911669552792 7.6538569268304846 62.866177642252296 2909.8476718666498 13.659156221896412 117.34133708674926 522.70517054211814 24856.614132405608 78.579573778319173 12678.769859650638 486.91952121059876 36.65048444562126 4.9522492634132496 17409.056328087463 579.27926696639042 5442.6041626811493 936.59267423499841
leaf_count=146204 1576657 1268765 1456 161833 3348 5355 10770 2663643 138 27460 13368 3702 9942 1887 390 71 5020 959 2868 14622 455195 586 248354 216515 238 319 204273 3411 18241 83026
internal_value=-0.000670994 0.0019215 0.00374768 -0.0172567 0.00554523 0.0148425 0.131539 -0.0399999 0.00162292 -0.00867189 -0.02456 0.0172793 0.0811039 0.0136315 0.129946 0.00611387 0.00546314 0.175213 0.105394 0.00353082 0.00434738 0.116266 -0.00949293 -0.0212428 0.128563 0.3657 0.0102876 0.00401398 0.00321911 0.0151565
internal_weight=85308.7 80037.5 74878.2 5899.49 68978.7 20462.2 204.634 5271.19 48516.6 13179.3 5159.35 815.85 304.997 20257.5 212.587 3207.55 35337.2 53.863 204.934 32427.4 31904.7 89.5968 13125.4 510.854 99.5167 18.6114 17845.8 31815.1 31235.8 6379.2
internal_count=7148616 4338769 2515327 1430907 1084420 223741 12226 2809847 860679 280440 1823442 246785 26568 211515 16626 162142 580239 4626 16236 575219 560597 724 275814 220217 309 1278 209628 559873 556462 101267
is_linear=0
shrinkage=0.055


Tree=70
num_leaves=31
num_cat=0
split_feature=41 50 47 53 45 49 42 26 54 50 51 14 27 30 0 10 22 33 50 8 1 27 7 47 7 53 40 26 3 8
split_gain=2606.26 1285.83 940.236 759.999 715.564 883.902 615.304 601.392 1066.73 598.287 736.229 590.667 540.001 457.145 449.835 432.356 428.386 685.414 414.798 395.629 585.783 377.855 649.801 381.881 361.747 356.769 350.402 363.26 487.272 848.889
threshold=-1.0000000180025095e-35 -110.75454330444335 -1.0000000180025095e-35 -0.037591725587844842 0.79698204994201671 4.8630323410034189 -1.0000000180025095e-35 2650.5000000000005 720.50000000000011 -17.114152908325192 68.500000000000014 6.7884085178375253 374.88259887695318 0.84523808956146251 0.81666666269302379 5.8622088432312021 5.9661335945129403 7.3135535717010507 -10.154222488403319 3.9981586933135991 0.18333333730697635 93.614212036132827 8.4679837226867694 -18.590933799743649 1.4565852880477907 -100.86611557006835 2.5249279737472539 168.50000000000003 0.60990336537361156 3.3497501611709599
decision_type=2 2 2 2 2 2 2 2 2 2 2 2 2 2 2 2 2 2 2 2 2 2 2 2 2 2 2 2 2 2
left_child=3 16 4 -1 5 13 -6 8 21 12 -11 18 -10 -3 19 -5 -2 -18 26 20 24 23 -23 -8 -9 -7 -12 -28 29 -29
right_child=1 2 -4 15 6 25 7 14 9 10 11 -13 -14 -15 -16 -17 17 -19 -20 -21 -22 22 -24 -25 -26 -27 27 28 -30 -31
leaf_value=-0.049121193048817138 -0.035670000390199026 -0.03921379771263836 0.025699193291514599 0.049785501089209816 -0.039317307177153614 -0.044841050358739594 0.034594933694894692 0.021409296465812664 0.083577629243354781 0.034956355840289409 0.077951669140761154 0.028053762231271404 -0.041717666148885571 0.37291206172470354 0.013971408945522642 -0.023514883996138151 -0.042869056170932847 0.47758285962571984 0.088006523934407221 0.004148917466848325 -0.016080387708927918 -0.037661756043335715 0.02254718372818651 0.0079397034966833015 -0.0040040046872623462 0.019178254826027051 0.12472029255089473 -0.029313593651818404 0.23577583266048543 0.70276663937836459
leaf_weight=4081.3979740085779 2923.1084525400074 2874.2271798526635 5309.0113398671383 381.57524649635889 1008.7026975138579 306.29528598068282 1756.8605414475314 2348.525978515856 168.13948723790236 382.89374796696939 40.749484777101316 102.78461936523672 255.90197394543793 3.2077951197279608 5623.2990095613059 652.4105732368771 17.060330078820702 7.8817076025297856 101.84131846926175 14277.087568998337 11252.030065593892 1351.1766276626149 899.15839032665826 21179.5131498517 6045.7266363874078 1708.2612566774478 45.371271044248715 5.625659876503053 73.506318009691313 17.042785917408764
leaf_count=2768962 1404367 1152139 11681 11261 149961 29692 53642 42777 25712 3429 4219 17837 157207 386 45204 30921 9259 1890 4749 274047 312672 211880 31756 124091 225219 33586 870 2435 5778 1777
internal_value=-0.000420321 0.00201184 0.00337517 -0.0384623 0.00172347 -0.0185718 0.00320802 0.0038616 0.0102924 0.0609832 0.0897295 0.142795 0.00835902 -0.0381083 -0.000428977 0.00364481 -0.0336057 0.173882 0.183099 -0.00281776 -0.00788026 0.00787801 -0.0136076 0.00998851 0.00311459 0.00935777 0.232456 0.272758 0.332982 0.54862
internal_weight=85200.4 80085 77136.9 5115.38 71827.9 4891.99 66935.9 65927.2 26380.6 1193.86 769.815 386.921 424.041 2877.43 39546.7 1033.99 2948.05 24.942 284.137 33923.4 19646.3 25186.7 2250.34 22936.4 8394.25 2014.56 182.296 141.546 96.1748 22.6684
internal_count=7149406 4338262 2922746 2811144 2911065 1215803 1695262 1545301 645382 224013 41094 37665 182919 1152525 899919 42182 1415516 11149 19828 854715 580668 421369 243636 177733 267996 63278 15079 10860 9990 4212
is_linear=0
shrinkage=0.055


Tree=71
num_leaves=31
num_cat=0
split_feature=53 50 53 50 26 27 41 19 50 45 25 33 15 13 10 23 50 10 25 8 16 25 57 15 36 32 27 30 28 32
split_gain=2392.67 1033.81 873.825 603.946 587.626 546.604 535.266 628.339 516.038 1164.03 500.499 646.089 443.203 442.084 437.383 507.08 416.728 644.871 407.058 403.33 401.186 403.773 395.07 385.289 364.267 527.748 388.837 569.877 529.552 361.697
threshold=-0.077619433403015123 -9.4043130874633771 -1.0000000180025095e-35 -6.0744788646697989 384.50000000000006 1193.4531250000002 -1.0000000180025095e-35 1.5000000000000002 -18.279174804687496 0.80727300047874462 -21.91280364990234 8.5158920288085955 8.3410525321960467 1.7005987167358401 5.5274410247802743 1.5000000000000002 -9.2009973526000959 8.0035300254821795 -7.7668864727020255 3.7494349479675297 86468.500000000015 -16.207832336425778 13.500000000000002 8.5462665557861346 1.0000000180025095e-35 3.9019217491149907 47.54980659484864 0.6904762089252473 1.0000000180025095e-35 1.2424533367156985
decision_type=2 2 2 2 2 2 2 2 2 2 2 2 2 2 2 2 2 2 2 2 2 2 2 2 2 2 2 2 2 2
left_child=1 4 3 5 8 10 -3 16 13 -10 11 -2 22 -1 15 -11 17 -8 -5 23 21 -14 -12 -9 26 -26 27 28 -24 -18
right_child=2 6 -4 18 -6 -7 7 19 9 14 12 -13 20 -15 -16 -17 29 -19 -20 -21 -22 -23 24 -25 25 -27 -28 -29 -30 -31
leaf_value=0.37057682374650186 -0.043420133341712137 -0.05471474785308663 0.025463316349371556 0.0020576220095486 -0.047035483113239421 -0.039216889134099528 -0.033580282382673243 -0.038361877285686928 -0.053939431915360131 0.56806052791083772 0.025289621151264003 0.38500243813845364 0.30803537305375744 -0.031526069125928105 0.10953270107256681 0.10138218227849576 0.0078774965473978505 0.62887589981042058 0.014040873321771065 0.023472602495188642 0.0046693260108113671 0.048060600244793812 0.098208114513185674 0.092077077483880859 -0.024384851156733316 0.45531426841511941 -0.023656430722697984 0.047092311689211283 -0.0040821687487278407 0.11845888293693892
leaf_weight=3.3958076729904851 18.293688678648323 427.63211132574361 4824.4993515256792 28699.084209595923 5211.9224407774163 1315.7939607389271 7.1176327983848733 818.28910529357381 139.7238765474176 11.261863180436196 1217.1614806061843 17.769109128275886 13.816815390833652 672.20278838649392 124.47269664623309 17.241893009166233 178.65256114455406 5.0406556096859276 12225.128687049262 974.71186828869395 1505.1501552001573 659.87952644971665 149.38161325699184 69.983430456719361 3407.0243046081159 1.96378331654705 2701.1832481145393 701.45615475403611 18457.068335286225 175.80064031970687
leaf_count=880 9160 281234 4931 105138 3728120 428882 1583 76322 68472 557 24506 612 1810 417396 9222 2095 15663 492 40197 41769 73991 24715 539 2062 273436 153 517374 3495 982734 11780
internal_value=-0.000329073 -0.0274056 0.00282459 0.00128654 -0.0397319 -0.0046176 0.00128387 0.0121227 -0.000380588 0.0600195 -0.00303308 0.188851 -0.00330595 -0.0267974 0.162519 0.343026 0.0774238 0.344289 0.00563861 -0.000900582 0.0205152 0.0556225 -0.00525809 -0.0276272 -0.00672557 -0.0234421 -0.00413161 -0.00139467 -0.00323477 0.0636082
internal_weight=84752.1 8837.45 75914.7 71090.2 6180.22 30165.9 2657.23 2229.6 968.299 292.7 28850.1 36.0628 28814.1 675.599 152.976 28.5038 366.611 12.1583 40924.2 1862.98 2178.85 673.696 26635.2 888.273 25418.1 3408.99 22009.1 19307.9 18606.4 354.453
internal_count=7149320 4657647 2491673 2486742 4226742 2341407 430905 149671 498622 80346 1912525 9772 1902753 418276 11874 2652 29518 2075 145335 120153 100516 26525 1802237 78384 1777731 273589 1504142 986768 983273 27443
is_linear=0
shrinkage=0.055


Tree=72
num_leaves=31
num_cat=0
split_feature=41 50 50 53 28 28 27 57 45 26 13 8 54 13 10 7 10 3 40 14 56 15 10 54 8 7 24 14 2 45
split_gain=2300.25 1165.76 796.188 718.358 671.067 701.608 627.664 625.506 478.072 508.617 587.613 419.009 416.19 405.653 419.562 369.24 342.181 342.524 487.305 316.591 327.909 346.254 365.505 341.231 715.225 383.777 355.683 312.907 311.344 311.204
threshold=-1.0000000180025095e-35 -18.965348243713375 -1.0000000180025095e-35 -0.037591725587844842 1.0000000180025095e-35 2.5000000000000004 958.87527465820324 51.500000000000007 0.76007181406021129 1033.5000000000002 3.4498615264892583 3.8393945693969731 119.50000000000001 3.5408543348312382 6.2156071662902841 2.2657337188720708 5.8622088432312021 0.34057971835136419 3.2384861707687382 4.7916412353515634 -100.87622070312499 8.5992341041564959 4.6200466156005868 113.50000000000001 1.4978661537170412 1.0000000180025095e-35 -0.065636046230792985 6.3500125408172616 0.12916667014360431 0.8388592302799226
decision_type=2 2 2 2 2 2 2 2 2 2 2 2 2 2 2 2 2 2 2 2 2 2 2 2 2 2 2 2 2 2
left_child=3 7 4 -1 6 -6 29 13 -7 -10 11 -11 19 15 -15 -2 27 18 -18 -9 23 -22 -23 25 26 -21 -25 -5 -16 -3
right_child=1 2 -4 16 5 8 -8 12 9 10 -12 -13 -14 14 28 -17 17 -19 -20 20 21 22 -24 24 -26 -27 -28 -29 -30 -31
leaf_value=-0.048519679461352418 0.096202906634344415 0.19050440872598554 0.024847654000854709 0.090578846838157673 -0.035092430525309422 -0.047067053578595128 -0.011603410760476702 0.12626933659888201 0.012628889293908846 -0.014420543113174833 0.0044368342615731284 0.0036736704376547067 -0.040947692583417558 -0.056896369134869958 -0.0075707281291984762 -0.038930766029130898 -0.022882245144788489 -0.03565224528822962 0.25391907706428585 0.2288446041463286 -0.040847086070463744 0.29974757396616619 -0.045646584019102154 -0.018030110592040228 -0.040402328870349863 0.0028517880122192127 0.69702789805476473 -0.009918260080120039 0.10062944648673984 0.06734354116133634
leaf_weight=3755.7971092724474 66.982804022729397 68.626023379270919 5018.6631958698854 202.771347876871 1541.0743238434661 581.01959222438745 326.65909841982648 48.771294355392456 12871.787641425733 10919.590877524461 35662.049460403039 5993.7304597983602 3338.7016248739092 86.063302057678811 106.2533863405697 406.39785062032752 47.141663945047185 558.067758228397 26.669676713645458 18.868671906762756 726.61762752803043 14.107350474572742 15.785642317379823 2.413974201423116 13.06599167617969 479.83189792046323 4.1349353664554682 169.09918826376088 317.88302553712856 505.4561735431198
leaf_count=2768010 191 2103 8130 4262 169148 258846 24953 1751 215733 336397 805201 116735 2081807 21675 15616 106910 2448 27963 569 943 78318 317 1437 688 3427 44189 277 6925 33575 10693
internal_value=-0.000371925 0.00186256 0.00371337 -0.0374865 0.00216259 0.00153208 0.0491902 -0.0222103 0.00238948 0.0028321 0.000432626 -0.00800914 -0.030614 0.0175778 0.0513744 -0.0190039 0.00383318 -0.0207672 0.0868963 -0.00449167 -0.00996798 -0.0329685 0.13695 0.0235968 0.223593 0.0135891 0.539759 0.0453549 0.0737511 0.083584
internal_weight=83894.1 79134.5 73488.7 4759.55 68470 67569.3 900.741 5645.88 66028.2 65447.2 52575.4 16913.3 4662.3 983.58 510.2 473.381 1003.75 631.879 73.8113 1323.6 1274.83 756.511 29.893 518.315 19.6149 498.701 6.54891 371.871 424.136 574.082
internal_count=7149237 4339060 1947939 2810177 1939809 1902060 37749 2391121 1732912 1474066 1258333 453132 2213154 177967 70866 107101 42167 30980 3017 131347 129596 80072 1754 49524 4392 45132 965 11187 49191 12796
is_linear=0
shrinkage=0.055


Tree=73
num_leaves=31
num_cat=0
split_feature=41 25 53 45 49 42 36 47 6 57 43 30 53 45 25 29 44 8 46 10 16 47 48 56 33 45 14 40 16 7
split_gain=2041.03 1069.21 751.031 687.457 1046.68 664.747 595.952 578.249 611.173 551.818 531.753 473.619 463.236 452.132 1002.69 391.112 615.32 470.277 436.742 433.38 427.369 458.974 545.465 491.466 390.896 382.682 365.912 352.76 342.841 342.576
threshold=-1.0000000180025095e-35 -13.469283103942869 -0.037591725587844842 0.79442286491394054 4.3496184349060067 -1.0000000180025095e-35 1.0000000180025095e-35 -1.0000000180025095e-35 -7.1922597885131827 48.500000000000007 -1.0000000180025095e-35 0.84523808956146251 -0.089531004428863512 0.81486269831657421 -13.249439239501951 0.26785714924335485 1.5000000000000002 1.7005987167358401 4.9492456912994394 8.9875092506408709 2058727.5000000002 -109.37746429443358 603.50000000000011 -100.87622070312499 7.3145525455474862 0.88493233919143688 7.0409741401672372 3.2769666910171513 2169981.0000000005 6.1339228153228769
decision_type=2 2 2 2 2 2 2 2 2 2 2 2 2 2 2 2 2 2 2 2 2 2 2 2 2 2 2 2 2 2
left_child=2 6 -1 4 11 -5 -2 8 12 25 -10 -3 13 14 -7 16 28 19 20 -17 21 -18 -23 24 -24 27 -6 -8 -12 -11
right_child=1 3 -4 5 26 7 9 -9 10 29 15 -13 -14 -15 -16 17 18 -19 -20 -21 -22 22 23 -25 -26 -27 -28 -29 -30 -31
leaf_value=-0.047319163747500823 -0.031681108862139769 -0.04061225349704875 0.0056580388457494251 -0.038921012468184212 -0.0021052531734337657 0.8989599616574353 0.091689615610725597 0.0242176190547083 -0.060603523483003165 0.058454373604906053 -0.0014231173183037943 0.38667408941922027 0.033417002876876295 0.10587925889262001 -0.032681078634962148 -0.022966420900307448 -0.034596335350291434 0.0026339193500792583 0.013474263688529008 0.028067818850967201 0.083696216143397853 0.01848352397318646 0.15518204645693559 -0.0077845607516878581 -0.054043786691303559 -0.01428662204044163 0.049455574310355702 0.36493938554789307 0.011974330012438342 -0.046600046176871225
leaf_weight=3591.1897301386925 3998.2721507537644 2636.2272826415719 1043.3301198924892 1016.9884020222817 1365.7591354905162 2.2047041576588526 219.03012438840233 4776.1411059282254 381.36342479416635 123.9702889197506 12575.775070464239 2.9133175977040073 845.16854996141046 104.32994289824273 6.1353747901739535 3933.5574847056996 277.54605651751626 28981.76049393788 3839.0696030294057 572.78895837604068 601.20787802874111 849.64126057631802 253.82835160323884 98.941172117250971 27.694970458047464 102.35510530066676 593.70208865706809 11.215771305141969 10682.579141433001 342.32966850697994
leaf_count=2767714 1576014 1241256 42317 146445 55766 153 16256 5530 15712 36868 368803 143 16353 4813 719 64832 22008 278710 16283 8128 11453 12991 5843 1540 2609 9919 19861 383 215507 182931
internal_value=5.66844e-05 0.00213298 -0.0353996 0.00375573 -0.0168309 0.00511262 -0.0230207 0.00576621 0.00438817 0.0202495 0.00372401 -0.0394103 0.0478779 0.150324 0.45823 0.00412011 0.00877117 6.30427e-05 0.02455 -0.0164557 0.0446333 0.0288309 0.043224 0.0975172 0.134015 0.0738306 0.0136034 0.112474 0.00473159 -0.0183465
internal_weight=83857 79222.5 4634.52 74425.3 4598.6 69826.7 4797.17 68809.7 64033.6 798.901 63075.8 2639.14 957.839 112.67 8.34008 62694.4 29206.3 33488.1 5947.93 4506.35 2108.86 1507.65 1230.11 380.464 281.523 332.601 1959.46 230.246 23258.4 466.3
internal_count=7147860 4337829 2810031 2515458 1317026 1198432 1822371 1051987 1046457 246357 1024419 1241399 22038 5685 872 1008707 657037 351670 72727 72960 56444 44991 22983 9992 8452 26558 75627 16639 584310 219799
is_linear=0
shrinkage=0.055


Tree=74
num_leaves=31
num_cat=0
split_feature=41 50 25 53 45 25 6 57 52 15 15 31 10 42 44 52 53 26 14 14 46 57 22 57 7 1 9 51 1 38
split_gain=1911.66 834.137 842.139 737.724 555.594 594.474 650.654 620.78 702.647 633.048 991.177 690.664 653.642 474.079 460.318 624.077 449.028 504.892 1455.45 439.665 415.688 445.432 398.196 395.209 504.478 395.048 371.883 373.977 380.118 436.182
threshold=-1.0000000180025095e-35 -4.3781540393829337 -8.696952819824217 -0.046463102102279656 0.76964271068573009 -13.683915138244627 -7.1922597885131827 91.500000000000014 0.82377120852470409 6.6675925254821786 7.2940375804901132 3.4175922870635991 6.4002559185028085 -1.0000000180025095e-35 1.0000000180025095e-35 0.82604831457138073 -0.089531004428863512 372.00000000000006 6.1872363090515146 6.0579535961151132 9.1909418106079119 134.50000000000003 3.8606742620468144 79.500000000000014 6.3611180782318124 0.53571429848670971 4.2738637924194345 68.500000000000014 0.41428571939468389 1.0000000180025095e-35
decision_type=2 2 2 2 2 2 2 2 2 2 2 2 2 2 2 2 2 2 2 2 2 2 2 2 2 2 2 2 2 2
left_child=3 4 -3 -1 -2 7 16 8 9 -6 12 -12 -11 -8 20 -16 17 22 19 -19 21 -15 -7 -14 -25 -17 -22 -28 29 -29
right_child=1 2 -4 -5 5 6 13 -9 -10 10 11 -13 23 14 15 25 -18 18 -20 -21 26 -23 -24 24 -26 -27 27 28 -30 -31
leaf_value=-0.050015277184868256 -0.040431767310752861 -0.0017288273512132996 0.015300515456531322 -0.00084277852336838766 -0.020911643253263959 -0.017380661083476037 -0.046529622074580453 -0.039683697427942644 -0.030347071472439924 -0.050062119411636144 -0.04166441210715606 0.30724415407576222 0.15082839998160702 0.011264625397543452 0.026063069636217882 0.0029488567545407391 0.028871794584655948 -0.012951944491679464 0.038489987497291621 0.95463744382408733 -0.076553635273702028 -0.019793744397942552 0.18715335112705084 0.75659868689892518 0.13765454224562104 -0.023483544904367375 0.0050612886599135628 0.049740033202509346 -0.0082619568170237499 0.22858976362538369
leaf_weight=3148.119295047014 1208.6043055817718 15959.800094410894 19531.236391861807 1305.1424793687183 318.52954276662786 61.562489322503097 691.92177314707078 2503.839504060219 901.28888163983356 43.393085826071911 199.6883899794193 13.740372792934066 233.78495548211504 1677.0687079688068 3340.1194912061328 16991.416872924601 738.80969238758553 1.4997948268428469 20.050270561943762 5.0689477657433599 150.67684666614514 8271.1956929430598 47.854119896888733 3.4642781491857049 13.197728723403996 1896.804249926121 3400.7127157649957 112.22292572597507 115.23149562173057 63.938730109366588
leaf_count=2707789 718549 47004 38200 101420 121823 5029 153093 1406004 139797 18466 64472 1162 23526 13043 214126 249454 19601 399 1250 165 1914 1061144 540 551 3698 18234 10637 2864 2669 1268
internal_value=-0.000586866 0.00140233 0.0076435 -0.0356211 -0.00374619 -0.00268119 -0.000479784 -0.0222141 0.00315391 0.03968 0.0775601 -0.0126831 0.142223 -0.00159978 -0.000730349 0.00416685 0.0462607 0.136328 0.331832 0.823599 -0.00862228 -0.0145549 0.0763432 0.175867 0.411276 0.000288934 0.00673522 0.0102332 0.0694888 0.119172
internal_weight=82970 78516.7 35491 4453.26 43025.7 41817.1 37586.2 4230.93 1727.09 825.798 507.269 213.429 293.84 36711.3 36019.4 22228.3 874.845 136.036 26.619 6.56874 13791 9948.26 109.417 250.447 16.662 18888.2 3842.78 3692.11 291.393 176.162
internal_count=7147891 4338682 85204 2809209 4253478 3534929 1755430 1779499 373495 233698 111875 65634 46241 1728446 1575353 481814 26984 7383 1814 564 1093539 1074187 5569 27775 4249 267688 19352 17438 6801 4132
is_linear=0
shrinkage=0.055


Tree=75
num_leaves=31
num_cat=0
split_feature=41 50 51 53 13 41 49 57 7 42 54 2 6 25 56 40 22 23 1 50 43 56 57 57 8 46 48 25 55 26
split_gain=1695.71 924.715 820.444 676.53 561.533 492.594 597.391 996.766 527.947 514.117 456.457 661.951 414.04 585.277 398.323 529.85 430.257 453.478 368.633 421.996 364.827 362.478 596.437 722.433 359.384 361.607 354.471 342.306 329.041 325.684
threshold=-1.0000000180025095e-35 -110.40093612670897 103.50000000000001 -1.0000000180025095e-35 3.3497501611709599 1.0000000180025095e-35 3.9328949451446538 188.50000000000003 2.7396341562271123 -1.0000000180025095e-35 1373.5000000000002 0.12916667014360431 -7.4707930088043204 -13.469283103942869 -0.015380859374999998 3.0201274156570439 5.9661335945129403 2.5000000000000004 0.38750000298023229 -115.12104034423827 -1.0000000180025095e-35 -0.050537109374999993 130.50000000000003 145.50000000000003 3.6762205362319951 3.4369220733642583 49.500000000000007 -13.249439239501951 0.89233398437500011 1433.5000000000002
decision_type=2 2 2 2 2 2 2 2 2 2 2 2 2 2 2 2 2 2 2 2 2 2 2 2 2 2 2 2 2 2
left_child=2 14 -1 4 -3 6 7 21 24 -7 20 -12 13 -9 16 -16 -2 -18 -17 28 -11 22 -6 -24 25 -8 -13 -15 -20 -23
right_child=1 3 -4 -5 5 9 8 12 -10 10 11 26 -14 27 15 18 17 -19 19 -21 -22 29 23 -25 -26 -27 -28 -29 -30 -31
leaf_value=0.0015801153980465 -0.03938049272337283 -0.0067196374271978627 -0.050057781744821866 0.023226915051358009 -0.05341595090137316 -0.040061040171646516 0.056580420930899329 -0.051919954047908785 -0.015080403793451337 -0.058412678440346887 0.016874414355979993 -0.066399713225382934 -0.036166320804624223 0.39958132804662511 -0.037480771955278838 0.025919569515868709 -0.041075170965667089 0.37146609097463401 0.42068314538038454 0.044128695838512796 0.0090085011082933816 0.050105629372475348 0.46091910514739337 -0.044407544489580439 0.017023323648423835 -0.0051610449616647106 0.13510869860285812 0.095520124245417851 -0.028376548210810339 -0.022728837522976077
leaf_weight=1355.9886883916333 2433.5998104948667 19063.127075032622 2960.9516315273358 4546.6095288023353 21.626169137714896 637.11175607686164 298.11917216447182 76.656768411921803 3846.34499054146 239.876349536411 682.38501712027937 26.325449123862199 3529.2443674490205 10.018871224368921 148.7951672001509 70.676220550958533 14.438912516285201 11.020189478993414 22.952588018029932 27.335802498331759 29524.990764127113 506.79763991391519 20.864877981774043 11.571405398950445 6565.7475434751832 5376.456717362802 261.6688276687637 67.741680524602998 5.2601464656181625 287.79085810983088
leaf_count=146104 1385699 911883 2663871 4766 3325 106013 6967 53473 82066 10347 77590 384 976622 276 41032 14017 9132 1602 1017 5350 431535 32497 774 2605 55379 69287 26925 1230 2459 25710
internal_value=-0.000316749 0.00153353 -0.0338548 0.00267076 0.00135388 0.00431447 -0.00228885 -0.0199144 0.00268169 0.00865407 0.00967024 0.0466982 -0.032291 0.0546361 -0.0298599 0.0324695 -0.0368825 0.169161 0.113214 0.212969 0.00845543 0.0336819 0.165307 0.298794 0.00826704 -0.00187044 0.11587 0.15647 0.34529 0.0237486
internal_weight=82652.1 78335.2 4316.94 75601.1 71054.5 51991.3 20619 4532.31 16086.7 31372.4 30735.2 970.379 3683.66 154.417 2734.08 275.02 2459.06 25.4591 126.225 55.5485 29764.9 848.651 54.0625 32.4363 12240.3 5674.58 287.994 77.7606 28.2127 794.588
internal_count=7149937 4339962 2809975 2879654 2874888 1963005 1310211 1096512 213699 652794 546781 104899 1031601 54979 1460308 63875 1396433 10734 22843 8826 441882 64911 6704 3379 131633 76254 27309 1506 3476 58207
is_linear=0
shrinkage=0.055


Tree=76
num_leaves=31
num_cat=0
split_feature=41 50 51 47 42 45 43 1 44 31 48 32 54 25 50 47 51 10 13 54 28 49 16 14 33 38 30 51 47 53
split_gain=1674.65 1076.22 747.405 680.267 477.394 488.473 461.542 442.286 558.743 429.204 631.477 531.488 439.119 457.344 562.283 1449.81 2121.68 1341.69 885.597 444.57 421.204 386.436 528.079 490.329 536.014 445.601 511.96 499.286 507.216 685.299
threshold=-1.0000000180025095e-35 -110.75454330444335 103.50000000000001 -1.0000000180025095e-35 -1.0000000180025095e-35 0.77243167161941539 -1.0000000180025095e-35 0.35416667163372045 1.0000000180025095e-35 1.7005987167358401 489.50000000000006 3.8393945693969731 336.50000000000006 -14.73135471343994 -10.540522575378416 -12.834517478942869 702.50000000000011 6.9092540740966806 3.5114340782165532 342.50000000000006 9.5000000000000018 8.9676342010498065 2169981.0000000005 7.0566060543060312 7.3135535717010507 1.0000000180025095e-35 0.84523808956146251 155.50000000000003 -10.24265146255493 -0.051757156848907464
decision_type=2 2 2 2 2 2 2 2 2 2 2 2 2 2 2 2 2 2 2 2 2 2 2 2 2 2 2 2 2 2
left_child=2 -2 -1 4 -3 -6 -7 8 21 10 -10 -11 20 -14 15 19 17 18 -17 -15 -12 22 23 -8 -25 26 -24 -27 -29 -30
right_child=1 3 -4 -5 5 6 7 -9 9 11 12 -13 13 14 -16 16 -18 -19 -20 -21 -22 -23 25 24 -26 27 -28 28 29 -31
leaf_value=-0.00080578533180489383 -0.034084210858399862 -0.03828650736612256 -0.050807658135042358 0.022090354168489403 -0.03011284340054695 -0.058157134920178308 -0.036873182329522913 -0.0033768433718601972 0.011469963660087575 -0.002105966297899815 -0.029069202111374835 0.059487182033778459 0.0087588005693962842 0.41086733048593482 0.049384045093365823 -0.010864629174288083 0.10751253164188387 -0.017745913323276602 1.61499693116201 0.091341371972499072 0.038508028368410253 0.0066277845854001965 -0.012714445355278292 -0.017305536077008001 0.047485916590500075 0.0083536396005705945 0.19170900531734286 0.036508144677169951 0.4045680436181891 0.097988713022510374
leaf_weight=1333.4365968058119 2530.4331322179059 920.0997987947776 2805.8814546564245 4928.5026183169102 1444.0185695783584 376.61989648907911 2814.4867894967902 24627.041161008237 14754.649888483575 8385.2179920594208 337.52968810289167 441.3397720954963 221.05411810631631 9.695689522312021 291.4250595808262 1.0830508099170426 16.769659633049741 2.3588549435371533 3.0674792766803876 218.49527161457809 1521.5515119560296 8136.6680715506664 2258.6301501822309 1611.8432137776981 502.48607903497759 993.75386849767528 32.687271781323943 286.06638561503496 24.263601308746729 112.95201580738649
leaf_count=146155 1415830 161304 2664040 11747 673882 23509 356584 549705 127244 197577 63409 6724 85165 678 7696 273 3524 708 391 34399 45949 30831 234418 173192 44070 14429 354 65762 7590 2098
internal_value=-0.000653834 0.00116067 -0.0347205 0.00234765 0.000962989 0.00148588 0.00215924 0.00249954 0.00586679 0.0108834 0.0158988 0.00100571 0.040742 0.0757446 0.102691 0.1623 0.536538 1.11494 1.41662 0.113436 0.0261938 -0.00197113 -0.0100709 -0.0218584 -0.00183166 0.00560431 -0.00938712 0.0297929 0.0794415 0.164518
internal_weight=81944.1 77804.8 4139.32 75274.4 70345.9 69425.8 67981.7 67605.1 42978.1 26204.2 17377.7 8826.56 2623.03 763.949 542.895 251.47 23.279 6.50939 4.15053 228.191 1859.08 16773.8 8637.17 4928.82 2114.33 3708.35 2291.32 1417.04 423.282 137.216
internal_count=7149237 4339042 2810195 2923212 2911465 2750161 2076279 2052770 1503065 573737 369436 204301 242192 132834 47669 39973 4896 1372 664 35077 109358 929328 898497 573846 217262 324651 234772 89879 75450 9688
is_linear=0
shrinkage=0.055


Tree=77
num_leaves=31
num_cat=0
split_feature=41 50 53 53 9 1 57 23 27 14 32 8 57 49 19 25 26 26 48 57 47 15 19 15 1 52 40 9 8 26
split_gain=1603.77 780.698 676.694 562.021 552.819 378.964 526.222 384.858 574.827 499.402 359.818 357.843 338.247 320.014 501.979 317.927 310.717 483.173 334.17 308.536 357.592 344.431 483.336 500.804 311.062 298.625 294.549 302.644 403.882 293.996
threshold=-1.0000000180025095e-35 -110.75454330444335 -1.0000000180025095e-35 -0.046463102102279656 4.925844907760621 0.38750000298023229 157.50000000000003 6.5000000000000009 531.05493164062511 5.5853724479675302 0.89587974548339855 2.1383330821990971 3.5000000000000004 13.260377407073976 2.5000000000000004 -6.8300240039825431 194.50000000000003 178.50000000000003 67.500000000000014 102.50000000000001 -103.3545799255371 8.1117782592773455 1.5000000000000002 8.1932621002197283 0.13392857462167743 0.87751251459121715 3.3842465877532963 4.7647428512573251 4.5695295333862314 206.00000000000003
decision_type=2 2 2 2 2 2 2 2 2 2 2 2 2 2 2 2 2 2 2 2 2 2 2 2 2 2 2 2 2 2
left_child=3 5 4 13 26 25 7 8 9 -7 -5 12 -6 16 -15 19 17 -1 -19 24 21 -21 23 -23 -14 -2 -3 28 -28 -13
right_child=1 2 -4 10 11 6 -8 -9 -10 -11 -12 29 15 14 -16 -17 -18 18 -20 20 -22 22 -24 -25 -26 -27 27 -29 -30 -31
leaf_value=-0.012318701599885141 -0.043652735002821429 -0.0066332121861353132 0.02293708598010458 0.022382012894667833 0.073699010792360978 0.43107364790855696 -0.053926505409847128 0.22950984424415316 -0.035498418530821432 0.078331831392866716 -0.037425458961810085 0.027396281229861142 0.027159665672946934 0.32533904057734797 -0.048547874245899347 0.015545087037037166 -0.055061036703721714 0.417196607032637 -0.031677929309994295 0.0062772525306300708 -0.020836792674895743 0.63482361633929341 0.060593519603402264 -0.029634243633343899 -0.014471746385369607 0.10808448130619754 0.058729069509939717 -0.010444604803643672 0.30789782010545103 0.0058328544981563132
leaf_weight=148.34271342749707 1879.1984852572787 23123.510847178055 4540.05314145796 701.08943080401514 159.65293176739942 9.0723205433459935 216.36001309461426 29.731820306507871 158.84889952046797 122.7666988960118 529.80403162701987 2019.4081771843485 1158.0147657317575 12.896187630016355 24.907317647652235 1752.1755182840279 2561.1791750658886 9.4903866219101491 6.6632037856616071 615.84247847244842 5660.9959516858798 4.9402362683322263 72.275135691626929 4.588904244475998 1013.8514554369613 35.440628684125841 178.31379382160958 173.26485189044615 17.819616707682144 34808.551067961147
leaf_count=67626 1117001 1087287 4804 47068 1700 655 178247 3609 99956 16375 54100 59004 20911 128 2184 39620 2634606 512 4089 119832 351992 204 5964 745 22586 644 7251 6573 430 1193692
internal_value=-0.000376901 0.00137009 0.00236528 -0.0343431 0.0010439 -0.0291429 0.0116139 0.0560179 0.0346921 0.117469 -0.00340772 0.00447085 -0.00451433 -0.0480911 0.102104 -0.00576393 -0.0503574 0.022342 0.268317 -0.0101474 -0.0162573 0.0207867 0.123364 0.414762 0.00773705 -0.0405698 -0.005851 0.0425484 0.0884585 0.00701881
internal_weight=81749.1 77754.7 75303.3 3994.37 70763.2 2451.42 536.78 320.42 290.688 131.839 1230.89 47270.3 10442.3 2763.48 37.8035 10282.7 2725.68 164.496 16.1536 8530.51 6358.64 697.647 81.8043 9.52914 2171.87 1914.64 23492.9 369.398 196.133 36828
internal_count=7149395 4339082 2922595 2810313 2917791 1416487 298842 120595 116986 17030 101168 1816250 563554 2709145 2312 561854 2706833 72227 4601 522234 478737 126745 6913 949 43497 1117645 1101541 14254 7681 1252696
is_linear=0
shrinkage=0.055


Tree=78
num_leaves=31
num_cat=0
split_feature=53 51 53 26 28 57 8 40 16 14 16 54 54 53 54 26 41 56 57 50 35 9 16 31 6 51 47 9 54 47
split_gain=1528.4 912.21 544.346 452.692 634.301 575.285 356.493 416.807 386.733 406.172 430.781 523.525 352.313 574.132 475.24 372.125 348.056 322.381 469.646 319.973 318.99 352.205 398.144 318.446 488.534 643.754 589.9 362.886 356.584 320.797
threshold=-0.077619433403015123 273.50000000000006 -1.0000000180025095e-35 81.500000000000014 10.500000000000002 57.500000000000007 1.8688348531723025 3.3497501611709599 2302857.5000000005 6.367328643798829 2303425.5000000005 60.500000000000007 349.50000000000006 -0.027461975812911984 60.500000000000007 864.00000000000011 -1.0000000180025095e-35 -0.050537109374999993 296.50000000000006 -110.75454330444335 1.2424533367156985 4.4721360206604013 2303117.5000000005 2.6020033359527592 -6.0556118488311759 583.50000000000011 -110.20004653930663 4.7728502750396737 14.500000000000002 -19.442476272583004
decision_type=2 2 2 2 2 2 2 2 2 2 2 2 2 2 2 2 2 2 2 2 2 2 2 2 2 2 2 2 2 2
left_child=1 16 3 -2 5 12 8 23 -6 10 11 -10 13 -5 -15 -14 -1 20 -19 -16 21 22 -13 27 25 -25 -27 -8 -29 -26
right_child=2 -3 -4 4 6 -7 7 -9 9 -11 -12 17 15 14 19 -17 -18 18 -20 -21 -22 -23 -24 24 29 26 -28 28 -30 -31
leaf_value=-0.047808858061682787 0.02655770284261787 -0.042038693637448159 0.021194085157539719 -0.043117484665419835 -0.010805708306949187 -0.034758555250344395 -0.012102862139941495 0.032071565523664081 0.02340504514003422 -0.031857609455738005 0.003750854607163288 0.37772371272248167 -0.050985155806949296 0.021790866355242234 0.44096351595039307 0.11417275289851753 0.0027602617425856665 0.052889136459168748 0.41458609264565138 -0.036296508148197036 -0.060464348915402311 0.061715429071521222 0.058047940920490725 -0.042565239744959939 0.053029802759906965 -0.026792650717602059 0.68192586562266888 0.010310650816638268 -0.00061341299484031899 0.0096554925843156687
leaf_weight=467.69366925756913 2078.2880850434885 3882.9046047332231 4422.113623900339 600.73443183145719 9738.7652608172502 2781.9009667865466 5302.5693209117744 1527.8706888011657 252.25886054092553 321.37083588092355 499.91100200236542 25.507895628456026 52.159010317584034 722.39489111909643 8.7464889076072705 156.44653038977413 3188.5751835374977 20.322262728703208 23.300375534454361 5.1226611780002704 27.972352576674893 86.394064747611992 22.67539832968032 12.1613964351709 568.78243526694132 4.6052067310083658 6.5422345538972877 13898.892581579508 25831.78567917872 5151.9074723896338
leaf_count=360572 93128 3982110 4926 100176 347807 719424 160550 27537 1566 12977 20289 1485 24863 8782 109 25104 314829 557 216 248 3706 4568 1874 1300 40099 1706 463 26771 797315 64465
internal_value=9.33044e-05 -0.0234918 0.00249269 0.00130524 0.000527563 -0.0198322 0.00192039 0.00381451 -0.0070687 0.0213018 0.0392011 0.0774013 0.00705895 -0.00340753 0.029065 0.0726504 -0.00376477 0.141349 0.26885 0.301777 0.10013 0.134481 0.246883 0.00296119 0.015151 0.243144 0.471505 0.00140487 0.00320894 0.0140105
internal_weight=81690.7 7539.17 74151.5 69729.4 67651.1 4327.5 63323.6 52305.1 11018.5 1279.71 958.342 458.431 1545.6 1337 736.264 208.606 3656.27 206.172 43.6226 13.8692 162.55 134.577 48.1833 50777.2 5744 23.3088 11.1474 45033.2 39730.7 5720.69
internal_count=7149522 4657511 2492011 2487085 2393957 878706 1515251 1120206 395045 47238 34261 13972 159282 109315 9139 49967 675401 12406 773 357 11633 7927 3359 1092669 108033 3469 2169 984636 824086 104564
is_linear=0
shrinkage=0.055


Tree=79
num_leaves=31
num_cat=0
split_feature=53 47 9 3 50 25 26 41 49 57 52 15 46 27 27 56 13 25 51 13 53 13 13 19 35 51 24 52 16 4
split_gain=1434.22 795.403 559.693 558.744 432.947 428.569 397.009 405.203 629.139 824.029 537.581 514.272 433.899 404.431 390.257 419.316 386.673 661.525 1685.35 803.778 405.093 375.667 357.047 332.425 378.353 585.093 474.247 439.703 334.534 328.889
threshold=-100.86611557006835 -5.3518984317779532 3.6744549274444585 0.75961539149284374 -111.18835067749022 -6.729534149169921 14.500000000000002 1.0000000180025095e-35 3.7682096958160405 233.50000000000003 0.8019009828567506 3.0677825212478642 2.8656533956527714 718.86129760742199 702.61373901367199 -0.046630859374999993 3.1567740440368657 -9.4656548500061017 42.500000000000007 2.9700856208801274 -0.053709864616394036 3.6762205362319951 1.7005987167358401 3.5000000000000004 1.2424533367156985 241.50000000000003 -7.2923476696014395 0.79480814933776867 2061703.5000000002 1.0000000180025095e-35
decision_type=2 2 2 2 2 2 2 2 2 2 2 2 2 2 2 2 2 2 2 2 2 2 2 2 2 2 2 2 2 2
left_child=3 2 -2 -1 -4 -3 -6 8 9 13 23 -10 16 14 -8 -16 17 -13 -19 -20 -18 -22 -5 24 25 -9 -27 -28 -29 -24
right_child=1 5 4 22 6 -7 7 10 11 -11 -12 12 -14 -15 15 -17 20 18 19 -21 21 -23 29 -25 -26 26 27 28 -30 -31
leaf_value=-0.051386163652631558 -0.029312359669932331 0.0043898192206181467 -0.028725067349844712 0.350840198895911 0.05101309750506304 0.021871982364241958 0.028264947475581424 0.042634605545501449 0.2757826248784046 -0.035058824913558967 0.0012032492580597921 -0.019386152692162709 -0.0052524134248448581 -0.045227050881200923 0.45482253048022769 -0.035141431956616578 -0.040690400658256957 0.086857055995991139 -0.02628543521729634 0.85875418342934262 -0.021949697016910356 0.069166287012828148 -0.010625788956661676 -0.03918915970081803 0.020013656517569499 0.028193650479059244 0.10212842488227404 0.11023004940419284 0.4588414438281288 0.13670089615061276
leaf_weight=2266.1488658325979 2558.1819949037163 32025.563802459044 1844.6726042313967 3.7908433026168487 426.19461881945608 4885.3399959490052 899.2114216783084 170.80582577479072 15.351264249125959 4281.9178758830531 20657.134366387327 71.025821684277616 8238.5300088448566 243.39779834984802 8.3852820796892065 7.6272333365050136 254.00398092629621 82.273450874257833 3.5681844665086819 9.6877715300070104 195.73907268763287 435.3379807000747 743.99338166171219 100.53241537697613 268.08291740692221 36.353247866092715 36.330513531167526 15.61271388287423 33.717313255125191 43.825188816059381
leaf_count=2282775 480246 128057 1056114 425 18868 17606 38291 5274 215 1687724 685285 6189 233507 83754 333 1396 30969 221 386 207 4289 5337 285899 17640 47494 18968 5225 1497 2126 3046
internal_value=-0.00059975 0.000853435 -0.00442959 -0.037517 -0.00276552 0.00670632 -0.00144947 -0.00207643 -0.00908457 -0.0239328 0.00277209 -0.000395259 -0.000999723 0.0171597 0.0339066 0.268611 0.0321831 0.107805 0.198631 0.678571 0.017427 0.0409548 0.00225955 0.0513917 0.0678296 0.110535 0.200169 0.267573 0.368806 -0.00161979
internal_weight=80862.3 77804.6 40893.7 3057.76 38335.5 36910.9 36490.8 36064.6 14746.1 5440.54 21318.6 9305.52 9290.17 1158.62 915.224 16.0125 1051.64 166.555 95.5294 13.256 885.081 631.077 791.609 661.435 560.903 292.82 122.014 85.6605 49.33 787.819
internal_count=7149363 4577218 4431555 2572145 3951309 145663 2895195 2876327 2092818 1811498 783509 281320 281105 123774 40020 1729 47598 7003 814 593 40595 9626 289370 98224 80584 33090 27816 8848 3623 288945
is_linear=0
shrinkage=0.055


Tree=80
num_leaves=31
num_cat=0
split_feature=53 49 0 45 25 26 25 25 56 32 7 52 26 49 15 8 14 19 40 57 36 1 9 35 14 10 37 41 49 15
split_gain=1340.28 763.448 597.422 535.391 463.969 432.662 414.982 408.837 1249.09 546.637 523.876 423.58 384.477 423.619 411.966 404.768 381.873 361.9 332.616 320.641 349.458 293.836 353.61 334.55 270.262 338.956 267.062 264.966 366.891 504.917
threshold=-0.07275295257568358 4.8630323410034189 0.91666665673255932 0.80526497960090648 -13.683915138244627 1099.5000000000002 -21.735817909240719 -15.542226791381834 -100.89575195312499 1.7005987167358401 0.31759184598922735 0.78394883871078502 1642.0000000000002 8.9676342010498065 5.2067463397979745 4.7749040126800546 7.1037330627441415 2.5000000000000004 3.0201274156570439 382.50000000000006 1.0000000180025095e-35 0.18333333730697635 4.6925911903381357 2.1383330821990971 7.5424785614013681 9.2104907035827654 1.0000000180025095e-35 1.0000000180025095e-35 3.6251385211944585 5.482717990875245
decision_type=2 2 2 2 2 2 2 2 2 2 2 2 2 2 2 2 2 2 2 2 2 2 2 2 2 2 2 2 2 2
left_child=1 3 4 -1 6 18 16 -5 -9 10 17 -12 13 19 15 -14 -2 -10 -3 -6 -21 27 23 24 25 -23 -27 28 29 -16
right_child=2 5 -4 7 12 -7 -8 8 9 -11 11 -13 14 -15 21 -17 -18 -19 -20 20 -22 22 -24 -25 -26 26 -28 -29 -30 -31
leaf_value=-0.048439850106367761 -0.045224681933354022 0.063175594548473643 0.014424951361119433 -0.036893793466604631 0.016046273169068547 -0.0097506608707356186 -0.029553272843656282 -0.038101107005623365 -0.022203290367522562 -0.052821311932227416 0.13855200105352278 0.012495820957530138 -0.035602750322274078 0.019355078972142836 0.14057281695851581 0.04945462583592735 0.2376619855141385 0.60958731406747779 -0.029558267607701319 -0.00029506609509970391 -0.037613397284767633 -0.02778071106474711 -0.0022873860025504362 -0.04850050543480474 0.046128500782540986 -0.0080511578013036343 0.16132611631055274 0.010558964507437171 0.0026440991750347771 -0.0359520508024063
leaf_weight=3080.8156696396763 22.575469018658623 480.80790998146404 10658.65391789889 1036.7475200840272 3355.8890700455522 2524.9809800813091 1988.2083746326389 626.83336821495323 3.2704688003868778 72.239635385689326 231.44763274613069 123.98783922678558 1664.9523228038452 6346.7424008696107 46.110876945604105 183.95162430393975 29.272615579364356 5.3319718769635074 150.80470337235602 7486.8876062592026 839.70941624452826 1030.850025021995 20088.7743057771 1015.761060496734 235.50644824706251 58.102833839249797 48.831584703060798 10198.638572593161 5985.7790002052789 1277.9658799002646
leaf_count=3147236 13802 12724 113150 980667 43118 235454 672316 468056 1678 38689 39346 44449 91153 12321 10457 4138 7023 1032 6793 253009 45254 22787 280969 33308 2236 1699 291 180189 74215 310979
internal_value=1.15608e-06 -0.0208769 0.00240124 -0.0338581 0.000330016 0.00044816 -0.0254309 -0.0124002 0.0115468 0.0825032 0.109709 0.0953627 0.00120995 0.007923 -0.0016837 -0.0270296 0.121345 0.449523 0.0409761 0.00170668 -0.00407881 -0.000508513 -0.00466915 -0.02465 -0.00689699 -0.0180264 0.0730463 0.00483282 -0.00315799 -0.0292989
internal_weight=80900.4 8337.27 72563.2 5180.67 61904.5 3156.59 2040.06 2099.86 1063.11 436.278 364.038 355.435 59864.5 18029.2 41835.2 1848.9 51.8481 8.60244 631.613 11682.5 8326.6 39986.3 22477.8 2389.05 1373.29 1137.78 106.934 17508.5 7309.86 1324.08
internal_count=7148538 4976124 2172414 4721153 2059264 254971 693141 1573917 593250 125194 86505 83795 1366123 353702 1012421 95291 20825 2710 19517 341381 298263 917130 341290 60321 27013 24777 1990 575840 395651 321436
is_linear=0
shrinkage=0.055


Tree=81
num_leaves=31
num_cat=0
split_feature=53 53 3 49 3 0 27 31 25 32 54 16 1 16 22 30 27 15 8 56 6 44 51 8 23 57 15 10 7 15
split_gain=1012.75 598.403 585.256 477.441 753.513 709.13 448.432 414.417 594.841 462.72 371.547 480.174 360.848 354.975 442.631 350.879 339.457 338.533 323.671 302.962 296.006 275.907 273.098 271.289 267.075 262.966 268.407 505.952 262.676 423.78
threshold=-100.86720657348631 -1.0000000180025095e-35 0.75961539149284374 3.2608113288879399 0.86190477013587963 0.91666665673255932 1361.779968261719 1.4978661537170412 -21.91280364990234 3.1984648704528813 20.500000000000004 2169981.0000000005 1.0000000180025095e-35 2097891.5000000005 6.0149362087249765 0.84523808956146251 15.017290115356447 8.6122307777404803 5.5853724479675302 -100.92163085937499 -0.33960065245628351 1.0000000180025095e-35 348.50000000000006 2.0126758813858037 1.5000000000000002 3.5000000000000004 8.6122307777404803 1.0000000180025095e-35 2.7396341562271123 3.0677825212478642
decision_type=2 2 2 2 2 2 2 2 2 2 2 2 2 2 2 2 2 2 2 2 2 2 2 2 2 2 2 2 2 2
left_child=2 3 15 4 5 10 7 18 -9 -10 11 -2 28 14 -4 -1 20 -17 -6 21 -11 -15 -21 25 -7 -14 -27 -28 -5 -30
right_child=1 -3 13 12 6 24 -8 8 9 16 -12 -13 23 19 -16 17 -18 -19 -20 22 -22 -23 -24 -25 -26 26 27 -29 29 -31
leaf_value=-0.050672232486848781 -0.021240068328614001 0.020454977946200083 -0.045347502504262671 0.010433773532720819 0.020709925502542085 -0.029623760860721514 -0.048129337592753195 0.20336740878206833 -0.02753048247782219 0.15405909389143255 -0.031813422916336133 0.049763755402558313 0.07606351065168708 0.58979193482746228 0.18381725232772633 0.033606962273694516 -0.057843128079098624 0.49797692746927974 -0.060074235421477634 0.057769811303755067 0.032094594863908185 0.09886368434627979 -0.052125375370216963 0.0003626188356315744 0.057824760127391191 -0.015438475436835039 0.36589711178046597 0.0010265314827733686 0.17592867288535108 -0.0033552446385481634
leaf_weight=2025.8695960656041 953.2026111385785 4392.3727934919298 357.54646079899976 17617.185482287139 4080.0811490163906 134.80463465949288 462.2862197443028 33.310560547048226 1772.320743379998 75.636992911517154 5824.310083472752 406.98702970764134 94.30900052038487 0.54433822177816438 22.519611540541518 21.395932477898899 86.698409886099398 1.4351129261194717 151.00952931307256 286.73846156883519 253.57353960903129 17.302238197007682 85.083678705967031 27765.691832365643 442.94121012155665 5642.8804667409859 11.094953048275782 40.334953226323705 35.120179857360199 6752.5163533701561
leaf_count=2232187 11540 4978 182966 203027 433556 36388 301946 8111 239872 1151 2740611 4653 400 352 1975 3092 23015 77 20201 13869 7742 3843 77013 328281 29377 105901 76 746 88 131584
internal_value=-0.000432355 0.000753459 -0.0327849 -0.000439233 -0.00929852 -0.0210551 0.00390432 0.00766655 -0.0115524 -0.0152802 -0.0257738 0.000109679 0.00180484 0.00806847 -0.0295586 -0.0481166 0.0366292 0.147017 0.0177592 0.0446778 0.0620019 0.239637 0.0322646 -0.0018962 0.0373414 -0.0127218 -0.0142577 0.105186 0.00689276 -0.00229879
internal_weight=79847.1 77028.7 2818.44 72636.3 14677.2 7762.25 6914.92 6452.63 2221.54 2188.23 7184.5 1360.19 57959.1 769.735 380.066 2048.7 415.909 22.831 4231.09 389.669 329.211 17.8466 371.822 33554.3 577.746 5788.62 5694.31 51.4299 24404.8 6787.64
internal_count=7148618 4633244 2515374 4628266 3858163 2822569 1035594 733648 279891 271780 2756804 16193 770103 280018 184941 2235356 31908 3169 453757 95077 8893 4195 90882 435404 65765 107123 106723 822 334699 131672
is_linear=0
shrinkage=0.055


Tree=82
num_leaves=31
num_cat=0
split_feature=41 53 50 26 43 57 7 42 45 29 25 31 46 51 22 28 45 33 10 16 54 13 1 16 33 15 7 22 13 35
split_gain=1242.4 618.99 613.04 465.921 435.77 420.298 494.945 404.368 400.089 443.34 414.189 449.843 756.709 521.326 489.596 545.305 370.821 362.485 355.849 459.275 434.966 460.303 505.538 393.602 354.301 394.642 356.098 361.891 310.75 302.165
threshold=-1.0000000180025095e-35 -0.046463102102279656 -110.75454330444335 330.50000000000006 -1.0000000180025095e-35 32.500000000000007 7.5142447948455819 -1.0000000180025095e-35 0.77243167161941539 1.0000000180025095e-35 -10.900306224822996 2.8029010295867924 3.9065225124359135 26.500000000000004 2.4414010047912602 1977.5000000000002 0.77681392431259166 9.2104907035827654 7.6011524200439462 4140.5000000000009 106.50000000000001 3.4498615264892583 0.38750000298023229 2058736.5000000002 7.8242459297180185 7.8141977787017831 2.1642229557037358 1.8688347935676577 2.9700856208801274 2.3502402305603032
decision_type=2 2 2 2 2 2 2 2 2 2 2 2 2 2 2 2 2 2 2 2 2 2 2 2 2 2 2 2 2 2
left_child=1 -1 5 -4 -5 6 -2 -6 -9 17 16 13 -13 28 15 18 -11 -10 19 -15 -20 22 23 -22 26 -26 -18 -28 -12 -17
right_child=2 -3 3 4 7 -7 -8 8 9 10 11 12 -14 14 -16 29 24 -19 20 -21 21 -23 -24 -25 25 -27 27 -29 -30 -31
leaf_value=-0.048105035833404301 -0.035699586854065234 0.00028176113891099344 0.017770964094129097 -0.058929075403615722 -0.037038233376701146 -0.03598936467525498 0.10355182274266765 -0.028528655949127322 0.0091447023011028538 0.3303648485213197 -0.016818151410340616 0.061188406577048077 0.0049323610727846296 0.19335614449104438 -0.036929235603854575 -0.0030542343975873184 0.099904488105772543 -0.046073621201062634 0.030381575429064885 -0.0060789825047564694 -0.026264632979686262 0.037395695014341125 0.12332849912386683 0.53412939531853421 0.03280893553141756 -0.070631203605997825 -0.016920674984807829 -0.058015103266601552 0.0060848993881705699 -0.027341948264317448
leaf_weight=2287.2523531229235 151.8365644578007 1228.2062524344074 5963.1961583428783 351.15456087992061 785.69647026469465 1896.160768538306 148.20179677463602 1227.4153709141538 27304.083662891935 4.2605408197268835 1973.2874050997198 956.74699498212431 2921.4412631691084 32.399753102334216 1837.7918927133433 5010.0319910923718 61.372736504417844 359.54298376396764 223.5734808864072 525.32753238483565 4.0068979493808028 57.292026308656204 46.34992201323621 17.712272027099971 641.77673123026034 129.98272593010915 2209.7200838318677 916.48975435632747 19047.509097341914 2239.3313417820609
leaf_count=2709158 43014 101336 222127 25417 146008 1349175 24587 653803 1019627 1428 4305 18933 15049 388 52610 152862 365 25995 1214 12701 526 2447 563 395 47571 12530 240990 131492 31528 101538
internal_value=0.000727958 -0.0312236 0.00218782 0.00302896 0.00175157 -0.0264203 0.0336526 0.00206676 0.00252298 0.00309804 -0.000690666 0.0012241 0.0188716 -0.000985305 -0.0113239 -0.00553513 -0.0175272 0.00841884 0.0345623 0.00712178 0.0777022 0.157693 0.249458 0.445176 -0.0183178 0.0150446 -0.0264062 -0.0290415 0.00393143 -0.0105704
internal_weight=80559.2 3515.46 77043.7 74847.5 68884.3 2196.2 300.038 68533.1 67747.4 66520 38856.4 34892.8 3878.19 31014.6 9993.82 8156.03 3963.6 27663.6 906.662 557.727 348.935 125.361 68.0691 21.7192 3959.34 771.759 3187.58 3126.21 21020.8 7249.36
internal_count=7149682 2810494 4339188 2922412 2700285 1416776 67601 2674868 2528860 1875057 829435 395059 33982 361077 325244 272634 434376 1045622 18234 13089 5145 3931 1484 921 432948 60101 372847 372482 35833 254400
is_linear=0
shrinkage=0.055


Tree=83
num_leaves=31
num_cat=0
split_feature=41 53 50 50 1 57 9 48 27 27 32 25 11 53 3 26 45 42 9 45 40 0 30 56 19 52 26 57 26 51
split_gain=1141.21 573.687 544.676 486.777 443.697 486.675 409.004 374.856 423.297 363.29 526.952 342.886 338.786 467.623 325.575 319.255 305.578 302.289 373.561 433.897 343.915 305.465 315.233 300.465 298.553 287.65 286.851 282.871 342.243 360.894
threshold=-1.0000000180025095e-35 -0.037591725587844842 -1.0000000180025095e-35 -111.18835067749022 0.38750000298023229 157.50000000000003 4.9355530738830575 982.50000000000011 718.86129760742199 702.61373901367199 2.5249279737472539 -8.4344043731689435 1.0000000180025095e-35 -0.027461975812911984 0.86190477013587963 1155.0000000000002 0.76964271068573009 1.0000000180025095e-35 4.3973479270935067 0.85170143842697155 3.4175922870635991 0.6904762089252473 0.6904762089252473 -100.91040039062499 6.5000000000000009 0.87751251459121715 14.500000000000002 16.500000000000004 2650.5000000000005 306.50000000000006
decision_type=2 2 2 2 2 2 2 2 2 2 2 2 2 2 2 2 2 2 2 2 2 2 2 2 2 2 2 2 2 2
left_child=1 14 3 4 24 15 17 16 9 23 -11 -4 -10 -14 26 -6 -8 21 19 -19 -20 -5 -23 -9 25 -2 -1 -18 -29 -30
right_child=2 -3 11 6 5 -7 7 8 12 10 -12 -13 13 -15 -16 -17 27 18 20 -21 -22 22 -24 -25 -26 -27 -28 28 29 -31
leaf_value=0.088889767948107837 -0.045901717886262149 0.0037721166243896141 -0.0040883829968762836 -0.012080293189801876 0.08913698489001888 -0.053576611401620643 -0.037582558832563714 -0.043420744060673852 -0.043148541091777348 -0.044020241984367749 0.35269567955598902 0.029444320735588128 -0.0099693869562670016 0.2465584681005791 0.11333990280206425 -0.050895937310002214 0.018272391774034277 0.031119848596402194 0.0082509708982575324 -0.042193358821993036 0.086327143690175828 0.012931699852093283 -0.057386192881299466 0.030886821857304739 0.22782657199148329 0.10036031975480215 -0.051096268741433012 0.0076731503906964189 -0.0013903525895120573 -0.034219447577446473
leaf_weight=40.756817013490945 1556.891188536305 984.01655815693084 1303.0188195601804 14856.59425887547 243.63502327143215 168.14717702305643 570.52871996763861 170.51708593714284 456.06146534573054 15.535714168741832 19.570678492891602 3144.0007917071925 69.458321068028454 25.895847456762567 33.614058058476076 57.914369115955196 3272.8265724553494 329.31289980810834 5433.8808681807132 907.54513747425517 171.29188541130861 2592.9033731407253 203.3871476148488 2819.2826731253881 7.5963332218234418 37.199714258429594 2336.6009168928722 15568.63278150931 21062.280254682351 1059.1560727507458
leaf_count=6660 1080824 42252 2834 983368 77421 170034 348461 28753 219545 5172 865 5360 30851 227 10106 38332 10062 10304 91847 36858 1540 35117 5886 242987 2576 645 2750957 329295 240199 338692
internal_value=-0.000433748 -0.0316097 0.000958642 -0.000200791 -0.0264425 0.0204001 0.000581984 0.00368864 0.0207619 0.0288372 0.193535 0.0196254 -0.0233976 0.0685106 -0.0460284 0.0618513 0.00221619 -0.00513881 0.00467286 -0.022627 0.0107118 -0.00894193 0.00772385 0.0265834 -0.0401998 -0.0421854 -0.0485149 0.00277502 0.00142706 -0.00296956
internal_weight=79518.1 3394.99 76123.1 71676 2071.38 469.697 69604.7 45109.7 3576.32 3024.91 35.1064 4447.02 551.416 95.3542 2410.97 301.549 41533.4 24494.9 6842.03 1236.86 5605.17 17652.9 2796.29 2989.8 1601.69 1594.09 2377.36 40962.9 37690.1 22121.4
internal_count=7148030 2809975 4338055 4329861 1369832 285787 2960029 1795109 528400 277777 6037 8194 250623 31078 2767723 115753 1266709 1164920 140549 47162 93387 1024371 41003 271740 1084045 1081469 2757617 918248 908186 578891
is_linear=0
shrinkage=0.055


Tree=84
num_leaves=31
num_cat=0
split_feature=41 51 26 27 23 57 22 50 54 6 32 52 54 33 25 22 46 50 35 26 50 10 26 50 40 50 19 9 7 15
split_gain=970.138 638.028 494.575 470.816 641.244 453.808 367.127 362.706 486.398 348.726 316.334 488.51 316.247 307.446 455.558 459.949 399.946 358.659 306.124 301.773 295.641 294.027 417.289 279.285 438.548 577.414 387.707 370.352 330.392 269.871
threshold=-1.0000000180025095e-35 103.50000000000001 1230.5000000000002 52.32982254028321 6.5000000000000009 91.500000000000014 2.6020033359527592 -13.492255210876463 145.50000000000003 -8.8804230690002424 3.9019217491149907 0.83375281095504772 361.50000000000006 8.3029718399047869 -7.5359222888946524 3.7494349479675297 -0.0580802634358406 -109.93559646606444 1.7005987167358401 47.500000000000007 -1.0000000180025095e-35 11.925019741058351 1138.0000000000002 -29.791623115539547 3.1984648704528813 -112.6787872314453 6.5000000000000009 4.9734973907470712 1.0000000180025095e-35 6.0695817470550546
decision_type=2 2 2 2 2 2 2 2 2 2 2 2 2 2 2 2 2 2 2 2 2 2 2 2 2 2 2 2 2 2
left_child=1 -1 3 19 5 6 -5 8 13 -9 -10 -12 -13 18 15 -15 -16 -17 29 -2 -21 -7 -23 24 26 -26 -20 -27 -25 -4
right_child=2 -3 7 4 -6 21 -8 9 10 -11 11 12 -14 14 16 17 -18 -19 23 20 -22 22 -24 28 25 27 -28 -29 -30 -31
leaf_value=0.0020579596066037219 0.041692486621477697 -0.047868596497272931 -0.02851881218880763 0.020824564949203053 0.051644022970824224 -0.040820393407960738 -0.046211676763859837 0.058650763240904943 -0.03552804407201287 -0.00032034905922915467 -0.039975200067729554 -0.019730013930485363 0.63775160071745551 0.0055034761689831202 0.4994627767859996 0.32346610728027231 -0.037511658396881885 -0.041705041457644164 -0.034762729306671888 0.0079251516810728839 0.032365541013165099 0.028916282326137095 0.54065146334161907 0.12930495716187643 -0.051677362729044697 0.24641828178831035 0.32524834393469704 0.023492217855940425 -0.040899138229909829 0.029856370040396884
leaf_weight=1238.3453212262248 982.9783261710545 2059.4183870810084 319.39231421140721 1034.8393583750003 442.0691484681447 1679.4199558176333 319.21680200006813 300.22643673443235 2352.5498345119413 49106.854908718145 13.062271079630593 2.720904911402612 2.5375082900281996 217.89821161702275 7.3390892137540504 21.500571093289185 5.367290602065621 10.240801296662537 286.72576626943192 14877.767045415414 1660.7553135775961 28.190645867900461 0.98597487161168729 30.819177396129817 53.46922892308794 60.06572012527613 4.361817614408209 36.246012559393421 1126.7471663116594 915.7817658574786
leaf_count=145901 6798 2664344 28456 165917 35413 780498 63173 4534 1700576 873307 8735 1164 321 18851 103 1338 219 1553 53692 441053 1693 4927 264 748 12066 3590 134 3752 68616 57969
internal_value=3.45444e-05 -0.0291459 0.00130423 0.00847549 -0.00991604 -0.0188714 0.004909 -0.00144412 -0.01488 4.38926e-05 -0.0335988 0.168635 0.453747 -0.000514124 0.055872 0.0359847 0.326098 0.216008 -0.00582378 0.012156 0.0103884 -0.0376767 0.122776 -0.0216855 0.0154407 0.0903264 -0.0239668 0.167822 -0.035831 0.0147075
internal_weight=79197.9 3297.76 75900.1 21026.2 3504.72 3062.65 1354.06 54873.9 5466.83 49407.1 2370.87 18.3207 5.25841 3095.95 262.346 249.64 12.7064 31.7414 2833.61 17521.5 16538.5 1708.6 29.1766 1598.43 440.869 149.781 291.088 96.3117 1157.57 1235.17
internal_count=7149705 2810245 4339460 1499736 1050192 1014779 229090 2839724 1961883 877841 1710796 10220 1485 251087 22064 21742 322 2891 229023 449544 442746 785689 5191 142598 73234 19408 53826 7342 69364 86425
is_linear=0
shrinkage=0.055


Tree=85
num_leaves=31
num_cat=0
split_feature=42 45 25 6 54 57 41 23 26 7 53 47 43 46 13 49 45 3 45 23 47 40 40 4 0 54 49 23 47 14
split_gain=864.929 609.413 575.502 587.819 848.04 566.325 509.932 461.344 670.135 460.891 456.609 450.294 386.9 367.18 386.133 325.608 309.621 356.799 307.904 295.564 298.246 291.026 281.592 267.64 265.996 261.143 358.696 260.603 255.276 367.327
threshold=-1.0000000180025095e-35 0.77243167161941539 -11.234835624694822 -3.875985741615295 349.50000000000006 45.500000000000007 -1.0000000180025095e-35 6.5000000000000009 8319.5000000000018 2.2996544837951665 -0.033201396465301507 -1.0000000180025095e-35 -1.0000000180025095e-35 4.3515541553497323 3.5694335699081425 4.8630323410034189 0.77681392431259166 0.19523809850215915 0.77421575784683239 4.5000000000000009 -9.8477540016174299 2.6735538244247441 3.3497501611709599 1.0000000180025095e-35 0.46428571641445165 27.500000000000004 6.270146608352662 6.5000000000000009 -8.2889904975891096 6.2353901863098153
decision_type=2 2 2 2 2 2 2 2 2 2 2 2 2 2 2 2 2 2 2 2 2 2 2 2 2 2 2 2 2 2
left_child=10 15 5 4 19 13 -5 9 16 -7 -1 12 -8 14 27 -2 -9 -18 -6 20 -4 -19 23 -14 -16 -12 -27 -3 29 -28
right_child=1 2 3 6 18 7 11 8 -10 -11 25 -13 22 -15 24 -17 17 21 -20 -21 -22 -23 -24 -25 -26 26 28 -29 -30 -31
leaf_value=-0.050578837995657072 -0.04811696647114054 -0.0161867391751889 -0.038404667451495657 -0.029357613317852308 0.47810181938121443 0.083784251637196133 -0.05904682859321634 0.38207763891605745 -0.028027444743382753 -0.031783154903039942 -0.020762461751356893 0.020453884036998392 0.00057910762818786884 -0.016234007744088671 -0.021871941956732293 0.0069108626813050274 -0.060389943641300799 0.10351725909063229 0.092137994958020969 0.036461850698862174 0.031453366296446066 0.025795611756988985 0.025404664162192482 0.016566654300955563 0.059936911092818138 -0.057126130977624881 0.44694988081157322 0.060842255171783148 0.06895893698782804 -0.035337735090068698
leaf_weight=1534.0216590284253 1156.7285601744079 736.57070688728709 467.36336359969573 1495.081401190022 1.6743654340389174 102.11971937579801 309.04233404464321 3.1616984443389802 846.11240805347916 4644.8975354874856 383.09809684706852 4209.359400465386 53054.333945433609 1127.0877177468501 138.42557697329903 450.18126582168043 89.959374259342439 227.00310414418345 445.14131905947579 805.90568340255413 299.08910511987051 404.97523675375851 1530.6006195070804 3363.6165343119064 808.71716653107433 58.624007069156505 8.6323026826139522 156.866949700634 135.69500446738675 6.301819559885188
leaf_count=1409670 1159978 109948 12533 991942 920 1530 11469 280 64121 1874822 4205 6653 1256134 10440 23362 29839 13920 10191 24620 6788 653 32927 26438 4768 50051 6643 91 4032 609 270
internal_value=-0.000223565 0.000734606 0.00145112 0.00325553 0.0324364 -0.011365 0.00233188 -0.0206686 0.00515235 -0.0292115 -0.0347845 0.00309262 0.00183655 0.00844397 0.0235587 -0.0327271 0.0437964 0.0396971 0.0988592 0.0133076 -0.0111171 0.0543062 0.00216631 0.00153366 0.0479284 0.00619952 0.0548938 -0.0023989 0.0989259 0.28562
internal_weight=79000.4 76874 75267.1 65981.2 2019.17 9285.9 63962 6318.23 1571.21 4747.02 2126.37 62467 58257.6 2967.67 1840.58 1606.91 725.099 721.938 446.816 1572.36 766.452 631.978 57948.6 56418 947.143 592.351 209.253 893.438 150.629 14.9341
internal_count=7149847 5728359 4538542 2342918 45514 2195624 2297404 1997791 121439 1876352 1421488 1305462 1298809 197833 187393 1189817 57318 57038 25540 19974 13186 43118 1287340 1260902 73413 11818 7613 113980 970 361
is_linear=0
shrinkage=0.055


Tree=86
num_leaves=31
num_cat=0
split_feature=41 54 25 15 26 43 45 7 22 56 50 37 14 52 40 7 28 48 24 45 6 50 32 42 26 23 27 4 6 48
split_gain=924.887 554.395 532.8 414.326 392.68 372.017 364.327 333.454 419.946 331.811 510.938 462.042 443.377 390.044 348.243 446.909 357.578 362.555 331.897 588.12 573.872 328.407 320.344 315.044 313.354 451.056 413.584 293.537 333.586 315.113
threshold=-1.0000000180025095e-35 80.500000000000014 -10.900306224822996 5.708768606185914 206.00000000000003 -1.0000000180025095e-35 0.77243167161941539 2.1642229557037358 3.113268375396729 -0.029052734374999997 -16.344938278198239 1.0000000180025095e-35 6.4575538635253915 0.8330095410346986 3.0677825212478642 6.459416627883912 10.500000000000002 58.500000000000007 -7.4660005569457999 0.82074075937271129 -7.7015376091003409 -7.0825421810150138 0.89587974548339855 -1.0000000180025095e-35 3418.5000000000005 6.5000000000000009 15.017290115356447 1.0000000180025095e-35 -4.1557483673095694 723.50000000000011
decision_type=2 2 2 2 2 2 2 2 2 2 2 2 2 2 2 2 2 2 2 2 2 2 2 2 2 2 2 2 2 2
left_child=1 22 3 -2 -4 -6 21 -5 9 10 -9 18 -13 -11 -14 16 -16 -18 19 20 -12 -7 -1 -8 25 26 -10 28 -25 -30
right_child=2 -3 4 7 5 6 23 8 24 13 11 12 14 -15 15 -17 17 -19 -20 -21 -22 -23 -24 27 -26 -27 -28 -29 29 -31
leaf_value=0.032346254293531614 -0.040161542072969104 -0.04437718902360252 0.02087290469220424 0.085823165309046268 -0.057784494653392172 -0.050879087608176457 -0.03261727324360849 -0.048311921793102876 0.14949237316109978 0.038184493162189741 0.080720301872571898 0.077431023049497824 -0.040517715981502417 -0.0031612974807531486 -0.051400957001845091 -0.023340226150557853 0.023977567060381143 0.28640901927085133 -0.025172365635646621 0.0089602923896068103 0.61383704662049843 0.0090787535099995549 -0.032800849556774848 0.051058719414573558 -0.056767123199972708 0.062740145772350278 -0.037662668476270728 0.017554229029078963 0.00082574612404083189 0.016726528107345283
leaf_weight=561.5176589176408 1259.7146104894928 2181.7648202398559 3546.4745765549596 112.09264545788756 307.53697743982775 719.56630123773357 739.0307567823329 891.75044978433289 32.603351115598343 1109.19361183414 19.801843290682886 372.73754441324854 285.92279524344485 1811.9487305032089 20.436082628904842 104.30291824776214 25.214321807259694 43.328866806987207 1495.5468231888954 148.18137530138483 5.2602726382319807 444.56405306962552 377.59510357538238 417.19603253278183 795.99383831687737 198.38551022083266 758.21175814716844 4120.0708838315913 51733.163265397772 4061.519465969177
leaf_count=19307 516874 2770558 42551 992 16304 695475 128467 720974 211 228371 2153 15011 28969 77530 3243 6532 159 2432 127881 23049 465 21531 20642 6657 141062 6273 243204 5621 827027 449728
internal_value=0.000119827 -0.0291973 0.00133226 -0.0108503 0.0030824 0.002072 0.0023724 -0.00634261 -0.00766714 -0.00101814 -0.0126569 2.7381e-05 0.0328713 0.0125766 -0.00223011 0.0540023 0.141083 0.198064 -0.016788 0.0542668 0.2761 -0.0280412 0.00611715 0.00295439 -0.0311882 -0.0104232 -0.029056 0.00339279 0.00235335 0.00198462
internal_weight=78700.6 3120.88 75579.7 9490.63 66089.1 62542.6 62235.1 8230.91 8118.82 6333.63 3412.48 2520.73 851.943 2921.14 479.205 193.282 88.9793 68.5432 1668.79 173.243 25.0621 1164.13 939.113 61071 1785.19 989.201 790.815 60331.9 56211.9 55794.7
internal_count=7149253 2810507 4338746 2145385 2193361 2150810 2134506 1628511 1627519 1236769 930868 209894 56346 305901 41335 12366 5834 2591 153548 25667 2618 717006 39949 1417500 390750 249688 243415 1289033 1283412 1276755
is_linear=0
shrinkage=0.055


Tree=87
num_leaves=31
num_cat=0
split_feature=41 51 42 43 41 49 57 13 48 9 46 49 10 40 3 46 9 47 26 48 40 6 14 51 46 27 28 26 7 56
split_gain=831.081 594.686 468.498 481.14 439.058 555.089 674.526 477.526 365.728 344.482 343.266 337.786 566.198 358.137 431.179 367.76 349.841 332.836 319.467 383.073 314.181 327.911 308.59 304.578 303.99 303.976 297.049 292.175 305.387 291.313
threshold=-1.0000000180025095e-35 103.50000000000001 -1.0000000180025095e-35 -1.0000000180025095e-35 1.0000000180025095e-35 3.7682096958160405 227.50000000000003 3.4175922870635991 409.50000000000006 4.8572702407836923 -0.052562527358531945 -0.032211391255259507 6.8029501438140878 2.8617925643920903 0.60990336537361156 2.2283253669738774 4.2738637924194345 -16.957339286804196 194.50000000000003 41.500000000000007 3.3497501611709599 -0.022654825821518895 7.2615761756896982 147.50000000000003 -7.7213764190673819 718.86129760742199 393.50000000000006 503.00000000000006 2.6649526357650761 -0.022216796874999997
decision_type=2 2 2 2 2 2 2 2 2 2 2 2 2 2 2 2 2 2 2 2 2 2 2 2 2 2 2 2 2 2
left_child=1 9 -2 -4 5 6 25 -6 -9 -1 24 12 -12 14 15 -13 -16 22 19 -11 21 -15 -14 -18 -10 29 -21 -7 -29 -5
right_child=2 -3 3 4 7 27 -8 8 10 18 11 13 17 20 16 -17 23 -19 -20 26 -22 -23 -24 -25 -26 -27 -28 28 -30 -31
leaf_value=-0.055173003156480792 -0.038138700088419075 -0.048444352754323489 -0.061822771558531858 0.044799741091483561 -0.0030168029539670762 0.020631334754683549 -0.027682314793629162 0.0066412492950408885 0.021271451556723085 -0.006861587123222896 -0.059892770847145671 0.53053959920025073 -0.025808386051869071 -0.036279309432932949 0.19253611083363831 0.092848021678086631 0.096449121040989336 0.13116696525359312 0.0017109856083335148 0.10707056212216705 0.1463886329472382 0.060783167607486165 0.4737678596101581 -0.017543584875204878 -0.033799578235490187 -0.026250085274615472 0.38516392974486846 0.0026869461939660381 -0.012588642006978181 -0.011906870752570355
leaf_weight=249.64209642715286 914.66626016382361 1809.133746013802 357.81090505147586 840.21087539580185 14838.5099029665 1991.7669872889528 4991.158358880959 26122.99811357446 2724.2855154321878 76.894674862851389 34.632842898077797 6.6752271707518984 4.0324854534701471 316.23576587165007 47.474768578365911 17.067743490915745 129.33689949742984 94.235579084954225 770.16450884373626 81.17887350928504 40.799551878124475 151.64620649896096 14.112132034264503 147.43489938048879 336.58011922787409 446.22208665043581 10.501351806335149 14696.355478196521 5413.0443747998215 402.90223026281456
leaf_count=42592 225794 2664062 46227 83229 693193 8711 1897615 180639 532464 3247 2362 206 925 32769 2772 578 964 2273 96135 3525 1471 2958 293 18723 41132 241997 526 179208 121549 20937
internal_value=-0.000258803 -0.0286332 0.000875854 0.00135955 0.00167002 -0.00363535 -0.0175217 0.00506135 0.00903197 0.00160282 0.0243701 0.0522115 0.128044 0.0385305 0.0811039 0.286787 0.0619162 0.186045 0.0169137 0.0843201 0.00890002 -0.00451013 0.381151 0.036492 0.0151705 0.0124909 0.157196 0.000565087 -0.00142704 0.0264466
internal_weight=78077.7 2997.52 75080.2 74165.5 73807.7 28781.7 6680.49 45026.1 30187.5 1188.38 4064.55 1003.68 147.013 856.671 347.99 23.743 324.247 112.38 938.739 168.575 508.682 467.882 18.1446 276.772 3060.87 1689.34 91.6802 22101.2 20109.4 1243.11
internal_count=7149076 2810087 4338989 4113195 4066968 2553246 2243778 1513722 820529 146025 639890 66294 5853 60441 23243 784 22459 3491 103433 7298 37198 35727 1218 19687 573596 346163 4051 309468 300757 104166
is_linear=0
shrinkage=0.055


Tree=88
num_leaves=31
num_cat=0
split_feature=42 50 53 41 26 43 53 1 45 8 54 11 47 54 25 40 45 57 19 54 45 46 24 49 26 24 13 53 25 35
split_gain=894.966 520.297 418.192 392.909 485.428 373.375 364.206 313.72 394.409 315.623 302.429 445.401 374.12 459.025 286.16 281.585 298.185 269.871 328.835 267.254 447.269 339.402 399.824 293.457 308.48 285.718 262.593 259.675 277.984 246.457
threshold=-1.0000000180025095e-35 -110.75454330444335 -1.0000000180025095e-35 -1.0000000180025095e-35 194.50000000000003 -1.0000000180025095e-35 -0.033201396465301507 1.0000000180025095e-35 0.76351600885391246 2.5249279737472539 126.50000000000001 1.0000000180025095e-35 -112.7949867248535 119.50000000000001 -5.1150395870208731 2.9174053668975835 0.80936139822006237 51.500000000000007 6.5000000000000009 776.50000000000011 0.82191285490989696 5.3108456134796151 -3.7744563817977901 10.471739292144777 693.50000000000011 -0.29797270894050593 1.7005987167358401 -0.045409917831420891 -12.743447303771971 3.0201274156570439
decision_type=2 2 2 2 2 2 2 2 2 2 2 2 2 2 2 2 2 2 2 2 2 2 2 2 2 2 2 2 2 2
left_child=6 10 3 4 14 -5 -1 8 -7 -9 11 17 13 -13 -3 19 -17 -2 -19 25 23 22 -22 24 -21 -11 -12 -6 -29 -30
right_child=1 2 -4 5 27 7 -8 9 -10 15 26 12 -14 -15 -16 16 -18 18 -20 20 21 -23 -24 -25 -26 -27 -28 28 29 -31
leaf_value=-0.052043820528158147 0.034946643189916346 0.10668956452439793 0.01902238995146547 -0.058035974633550876 -0.054957414513852804 -0.037625529690141199 -7.0603999701078594e-05 -0.010189637113702053 0.006766368790625088 -0.022808852749726896 0.19780294374921895 -0.052592595829654469 0.18902072024942243 0.38940317416748305 -0.042183835149435259 -0.034416826787227191 0.008972152309919915 -0.055429323791539059 0.23806442803192804 0.079691072246431696 0.04214282987559987 -0.035638813258849121 0.18430332062694382 0.049781748597618566 -0.056981997174347508 -0.002001767102359814 -0.04252198621115947 0.10478108209063043 -0.025395771990008371 0.21952757186761487
leaf_weight=1363.1099141188315 190.65791585633997 119.15856364768115 4095.4349216055125 311.19803920929553 868.70225608706824 612.63732189481379 581.1200317615876 9542.0013450309052 30859.170253958262 2439.9623480018927 9.0320432020234858 56.311786628619302 60.565598715562373 3.0397118469700208 53.710821741522523 493.46189875493292 12442.957732811454 333.39509234548314 7.0855890913517205 55.547513170982711 136.38413020642474 60.404558519250713 107.4537306560087 190.70233842439484 291.00048704387154 10887.418093692337 1402.029158334044 54.675269192899577 550.61623794620391 7.7473392066312945
leaf_count=1408881 21091 22240 4784 23544 1291963 417429 11881 380024 1303190 122083 2176 9449 3552 864 6346 87521 199471 69400 160 5552 28919 2637 2658 1082 100981 81856 1488390 5513 46415 562
internal_value=0.000251112 0.00119188 0.00195018 0.000951275 -0.0254914 0.00159246 -0.0365493 0.00186911 0.00589639 -0.00158975 -0.0260251 0.00496471 0.0984605 -0.0014585 0.0605488 0.00143903 0.00730441 -0.0168656 -0.0459645 -0.00391686 0.0260531 0.0787505 0.107234 -0.0042401 -0.0342531 -0.00581823 -0.0402907 -0.0356992 -0.00818569 -0.0200792
internal_weight=78186.7 76242.5 74180.3 70084.9 1654.61 68430.3 1944.23 68119.1 31471.8 36647.3 2062.12 651.056 119.917 59.3515 172.869 27105.3 12936.4 531.139 340.481 14168.9 841.493 304.242 243.838 537.25 346.548 13327.4 1411.06 1481.74 613.039 558.364
internal_count=7150614 5729852 4134770 4129986 1373039 2756947 1420762 2733403 1720619 1012784 1595082 104516 13865 10313 28586 632760 286992 90651 69560 345768 141829 34214 31577 107615 106533 203939 1490566 1344453 52490 46977
is_linear=0
shrinkage=0.055


Tree=89
num_leaves=31
num_cat=0
split_feature=41 53 43 47 45 8 31 25 56 28 52 15 15 10 8 3 15 13 40 26 47 47 54 33 56 28 27 15 13 35
split_gain=826.683 496.941 405.519 392.172 371.024 372.788 568.961 323.937 418.421 405.621 378.697 481.276 453.838 389.589 326.85 322.398 285.947 346.514 305.732 274.284 271.193 397.43 380.962 372.151 306.702 295.902 369.845 346.573 480.008 457.967
threshold=-1.0000000180025095e-35 -0.037591725587844842 -1.0000000180025095e-35 -1.0000000180025095e-35 0.77421575784683239 5.9597148895263681 2.6020033359527592 -14.444069862365721 -0.028076171874999997 1.0000000180025095e-35 0.82377120852470409 6.6675925254821786 7.2940375804901132 6.4002559185028085 3.9981586933135991 0.86190477013587963 4.1971738338470468 2.7403194904327397 2.8029010295867924 14.500000000000002 -18.590933799743649 -113.81650161743163 67.500000000000014 8.5158920288085955 -0.050537109374999993 44.500000000000007 923.63937377929699 6.6927037239074716 3.5114340782165532 1.7005987167358401
decision_type=2 2 2 2 2 2 2 2 2 2 2 2 2 2 2 2 2 2 2 2 2 2 2 2 2 2 2 2 2 2
left_child=1 15 -2 4 5 -4 -7 8 -6 -9 11 -10 13 -13 20 19 17 -16 -18 -1 21 22 23 -11 -25 -23 27 28 -27 -30
right_child=2 -3 3 -5 7 6 -8 9 10 14 -12 12 -14 -15 16 -17 18 -19 -20 -21 -22 25 -24 24 -26 26 -28 -29 29 -31
leaf_value=0.083716361403215381 -0.055706448308561675 0.0033040217879328209 -0.036528724431632895 0.01714643140038 -0.036153162426123382 0.014296150689201618 0.38667455716177018 0.043795802624798034 -0.024895223199435268 -0.0026114645154108182 -0.021481396452875428 -0.050112794098223341 -0.00072296937943262644 0.12679439057917941 0.19588733519951992 0.11374257215883529 -0.002589771670113677 0.028980012759523645 0.01028866260933913 -0.051903798522564645 -0.0034190502102972348 -0.0092271653938025798 -0.051979879579747694 0.2052001287531792 -0.049929593257229024 0.01799235414511597 0.20041835009334213 0.0094123747530723573 0.00653757748376552 0.13175040963202383
leaf_weight=41.923738200974185 377.26612440263852 940.71310189797077 1218.6265025475295 4327.5000325050787 1613.0375945512205 67.005720695364289 10.353536077309398 673.82085417024791 307.78557243157411 471.42168358986964 930.30767274583923 40.887636213039514 213.11185629223473 270.16093055071542 45.59465222992003 33.135501458600629 8805.0994313007104 156.0345038176747 15193.327731848636 1827.2511909666646 36776.119699286472 689.79555847501615 496.14879490109161 45.113409240788314 17.572047217166983 525.39946355478605 33.878465798567049 1222.2799353738665 123.96635878382949 307.39773759740638
leaf_count=6694 55047 42039 820941 11589 1150403 23728 998 14155 173711 16743 198610 25680 84627 33562 632 10127 197951 3581 291190 2751289 751697 103568 161733 1052 673 51359 2007 127937 13368 20783
internal_value=-0.000307795 -0.0293924 0.000797204 0.00108674 9.63483e-05 -0.0290021 0.0845834 0.000645281 -0.0159584 0.00150096 0.00257633 0.029446 0.0612888 0.103115 0.00105856 -0.0455274 0.00611988 0.0705497 0.00556397 -0.0486467 -0.00195059 0.0117674 -0.0175199 0.0146763 0.135277 0.0221746 0.0319616 0.0288897 0.053594 0.0962537
internal_weight=77802 2843.02 74959 74581.7 70254.2 1295.99 77.3593 68958.3 3375.29 65583 1762.25 831.946 524.16 311.049 64909.1 1902.31 24200.1 201.629 23998.4 1869.17 40709.1 3932.97 1030.26 534.107 62.6855 2902.72 2212.92 2179.04 956.764 431.364
internal_count=7147474 2810149 4337325 4282278 4270689 845667 24726 3425022 1666593 1758429 516190 317580 143869 59242 1744274 2768110 493354 4213 489141 2757983 1250920 499223 180201 18468 1725 319022 215454 213447 85510 34151
is_linear=0
shrinkage=0.055


Tree=90
num_leaves=31
num_cat=0
split_feature=41 51 7 23 27 57 6 27 6 50 8 47 22 50 6 7 0 46 2 26 24 25 0 15 51 52 31 14 10 47
split_gain=608.556 626.774 402.31 715.303 515.297 428.337 426.82 319.643 368.339 301.247 308.699 292.106 286.679 317.679 309.135 445.627 424.494 456.735 535.571 410.624 274.328 346.557 564.632 266.001 266.484 300.794 263.136 401.722 298.133 291.685
threshold=-1.0000000180025095e-35 103.50000000000001 2.7396341562271123 4.5000000000000009 15.017290115356447 157.50000000000003 -0.11814132705330847 1361.779968261719 -12.073047161102293 -1.0000000180025095e-35 4.8713660240173349 -113.13002014160155 4.1971738338470468 -18.482075691223141 -7.3544647693634024 6.8002648353576669 0.26785714924335485 -7.7213764190673819 0.10555555671453477 1627.0000000000002 -3.9246675968170162 -15.01834726333618 0.73214286565780651 6.974010944366456 455.50000000000006 0.85670635104179393 0.89587974548339855 7.13688087463379 9.0972781181335467 -10.649256706237791
decision_type=2 2 2 2 2 2 2 2 2 2 2 2 2 2 2 2 2 2 2 2 2 2 2 2 2 2 2 2 2 2
left_child=1 26 6 5 -5 7 -2 8 11 10 -8 -4 13 -7 15 16 17 -15 -19 -20 21 22 -10 24 -22 -26 27 29 -29 -1
right_child=2 -3 3 4 -6 12 9 -9 20 -11 -12 -13 -14 14 -16 -17 -18 18 19 -21 23 -23 -24 -25 25 -27 -28 28 -30 -31
leaf_value=0.0833575468543446 0.027466326516760751 -0.047429470413915244 -0.029036591086559791 -0.0033164856177477537 0.021090892429344421 -0.048833095780621956 -0.00020740533339069545 -0.044441544288627156 -0.044695090499104612 0.019409704680053704 0.011483692676633595 0.050822235747210676 -0.058938055194170204 0.095734542792477159 -0.017941243888899359 -0.053678248325653002 0.013890182497851148 0.12949057660942501 -0.013482271612949142 0.92738544419653113 0.018605017690306289 -0.041294056292832511 0.063304756821425098 -0.014330131301618473 0.19900341968871893 -0.054274176008756149 -0.026560119104879518 -0.045316286805975853 0.28945871952379415 -0.0026532190296172688
leaf_weight=148.21221922215773 2245.4374922066345 1585.1672972330125 170.58607212873176 7894.6499549386499 3908.0295955428737 964.93148228692007 38476.510096174927 493.79904306918615 276.116635655344 3156.9347058108542 8302.0383608974225 673.48315763560822 642.00009736447828 69.748064371291548 4320.6682989285327 100.12831183406524 113.18805859220447 14.035835756338203 1.5784280266379931 1.9966440981952471 1084.8220671161544 1044.6047168503865 300.90180270274868 916.35112466465216 45.815236749593168 17.161072536604479 467.71782781177899 9.5029927349532937 23.622518565214705 537.09695031668525
leaf_count=35486 45300 2664265 111074 293683 271955 915077 1422808 250804 78530 5614 197240 99080 187077 5651 341330 38953 14446 1387 232 152 2386 37229 14868 3052 393 235 66214 2269 228 41864
internal_value=0.000429209 -0.0248586 0.00136228 -0.00468781 0.00477064 -0.0146069 0.00403553 -0.0026534 0.00194591 0.00297927 0.00186848 0.0346068 -0.0242387 -0.0202017 -0.0141772 0.0393207 0.0859291 0.173463 0.392061 0.746337 -0.00557044 -0.0224649 0.0116843 0.00772429 0.0253173 0.13107 0.00537754 0.0262096 0.200071 0.0164174
internal_weight=78006.8 2771.32 75235.5 23054.6 11802.7 11251.9 52180.9 5023.64 4529.84 49935.5 46778.5 844.069 6228.28 5586.28 4621.34 300.675 200.547 87.359 17.6109 3.57507 3685.77 1621.62 577.018 2064.15 1147.8 62.9763 1186.15 718.435 33.1255 685.309
internal_count=7148882 2810326 4338556 2667594 565638 2101956 1670962 597651 346847 1625662 1620048 210154 1504305 1317228 402151 60821 21868 7422 1771 384 136693 130627 93398 6066 3014 628 146061 79847 2497 77350
is_linear=0
shrinkage=0.055


Tree=91
num_leaves=31
num_cat=0
split_feature=41 51 50 12 27 25 13 42 32 14 10 57 45 13 57 41 54 2 7 49 22 56 27 49 25 51 7 7 16 56
split_gain=569.942 564.869 374.161 365.114 352.434 331.923 321.246 295.888 292.018 317.542 302.355 286.253 271.335 256.063 257.853 318.724 360.463 367.251 357.158 392.707 316.431 309.357 661.194 315.353 289.913 311.864 288.482 270.771 270.95 408.968
threshold=-1.0000000180025095e-35 103.50000000000001 -1.0000000180025095e-35 1.0000000180025095e-35 1455.1170043945315 -8.9948916435241681 3.113268375396729 -1.0000000180025095e-35 1.2424533367156985 7.13688087463379 6.2156071662902841 22.500000000000004 0.76457601785659801 3.3497501611709599 6.5000000000000009 1.0000000180025095e-35 1263.5000000000002 0.12916667014360431 2.6245504617691044 -0.032211391255259507 0.89587974548339855 -100.88500976562499 1389.3269042968752 7.2649135589599618 -9.6553335189819318 164.50000000000003 2.0083076953887944 0.027547532692551616 2301875.5000000005 -100.92163085937499
decision_type=2 2 2 2 2 2 2 2 2 2 2 2 2 2 2 2 2 2 2 2 2 2 2 2 2 2 2 2 2 2
left_child=1 8 3 4 7 -4 -5 -2 9 10 -1 -6 -9 -14 -15 21 18 -18 19 26 -19 22 23 27 -25 -26 -17 -16 -29 -30
right_child=2 -3 5 6 11 -7 -8 12 -10 -11 -12 -13 13 14 15 16 17 20 -20 -21 -22 -23 -24 24 25 -27 -28 28 29 -31
leaf_value=0.057493623806374065 -0.032393045653858747 -0.047161935456630021 -0.0092346358326291789 0.021743231168835326 0.016127236670078007 0.025980770964485245 -0.043578144646188914 -0.032906407302679276 -0.033508710417469244 0.16983684161730586 -0.014125051897212434 -0.047512194967556265 -0.0039336851416494813 0.02507583353416468 0.02436071401332698 0.056744731805904759 0.016051402146797535 0.11986636973409788 -0.0038088134296687124 0.0077411529780163617 -0.0021133958157576317 0.0012550053103546773 0.40343753662228526 -0.033025038678810348 0.0065579669346322693 0.19903684987078926 -0.020477606090366959 -0.051710944032468356 0.38666333826137939 -0.0082043790600542735
leaf_weight=294.6501571056433 796.41219520926825 1514.6362588351767 1095.4652415332384 290.04766831881716 288.31215799588244 3074.990837103338 1012.6036112992151 692.2483192483196 413.56131962995278 37.455829083686695 436.69059063342866 799.7343567305652 18396.360122181854 1643.0474327977281 219.52987071988173 821.64977041690145 705.16771211908781 232.39337010425515 8773.4814235595404 17726.346985120326 88.011716059496393 13568.13224411328 6.3653046605759291 678.35352568002418 1613.8382372561609 20.883641754742712 175.11432235554093 1358.6349427454115 3.0916257048666003 403.24985699914396
leaf_count=25605 196264 2664579 1812 23205 33847 6414 94556 568968 61351 2464 56570 602513 943035 9507 24689 25478 107115 28421 377376 103384 23019 652270 1527 15771 7510 1148 12588 380520 2404 94773
internal_value=-0.000165534 -0.0249796 0.000734583 -0.00021531 0.000330213 0.0167307 -0.0290062 0.000828741 0.00351552 0.0235199 0.0149239 -0.0306523 0.00122528 0.00158339 0.0036964 0.00293663 0.00654475 0.0384816 0.00534679 0.00963689 0.0868423 -0.00282183 -0.0156605 -0.0167494 -0.00293333 0.00961632 0.0431436 -0.032805 -0.0399641 -0.000536541
internal_weight=77180.5 2696.99 74483.5 70313 69010.4 4170.46 1302.65 67922.3 1182.36 768.797 731.341 1088.05 67125.9 66433.7 48037.3 46394.2 28522.2 1025.57 27496.6 18723.1 320.405 17872.1 4303.95 4297.58 2313.08 1634.72 996.764 1984.51 1764.98 406.341
internal_count=7148683 2810569 4338114 4329888 4212127 8226 117761 3575767 145990 84639 82175 636360 3379503 2810535 1867500 1857993 677381 158555 518826 141450 51440 1180612 528342 526815 24429 8658 38066 502386 477697 97177
is_linear=0
shrinkage=0.055


Tree=92
num_leaves=31
num_cat=0
split_feature=53 53 13 25 12 26 49 28 19 9 35 52 29 51 9 15 53 24 6 49 13 53 28 27 6 25 26 19 23 27
split_gain=661.903 380.856 356.581 398.598 371.24 354.582 342.82 280.356 262.449 271.356 251.947 549.844 458.89 372.686 337.037 293.385 381.567 261.85 289.001 254.394 250.993 249.151 412.827 310.226 274.203 299.769 293.936 577.882 389.271 268.958
threshold=-100.86720657348631 -1.0000000180025095e-35 3.4811217784881596 -11.234835624694822 1.0000000180025095e-35 47.500000000000007 13.260377407073976 533.50000000000011 5.5000000000000009 4.9505562782287607 1.7005987167358401 0.84051477909088146 0.92857143282890331 51.500000000000007 4.5560796260833749 7.5057671070098886 -0.042478352785110467 -0.019351040944457051 -0.0153388325124979 2.2324123382568364 1.7005987167358401 -0.027461975812911984 6.5000000000000009 13.728696823120119 -7.3544647693634024 -15.542226791381834 1230.5000000000002 3.5000000000000004 1.0000000180025095e-35 47.54980659484864
decision_type=2 2 2 2 2 2 2 2 2 2 2 2 2 2 2 2 2 2 2 2 2 2 2 2 2 2 2 2 2 2
left_child=6 2 3 -2 5 -4 20 8 9 -5 11 12 17 -14 -12 16 -16 -9 -19 -17 -1 22 23 -7 25 -25 29 -28 -29 -27
right_child=1 -3 4 7 -6 21 -8 10 -10 -11 14 -13 13 -15 15 19 -18 18 -20 -21 -22 -23 -24 24 -26 26 27 28 -30 -31
leaf_value=0.19638161369825033 -0.024400942151858163 0.016870071875138969 0.036577618614416836 -0.013311539496897135 -0.034911739581368742 0.078732840715134284 0.054677863430541665 0.0072831372524939757 0.10991702692465294 0.020355018845079929 -0.040654546305046932 -0.0097541874561189214 0.053647131128938229 0.23050185906790638 -0.038896920401911929 -0.060595869231718114 -0.0073776193689273923 0.085947631060206656 -0.0079434956692129351 0.01065610262250484 -0.038110253671962586 0.0073505997353121256 0.00074511376901641266 -0.033365949376562398 -0.059085031821803198 0.088001768999997607 0.033563860523996673 0.59663301716416173 0.11224508758234823 -0.056278224350577423
leaf_weight=9.0283608766330854 3038.3301452534506 4017.7490615379065 930.65277299610898 1083.6542373202392 787.03714354729163 75.038021288317395 128.64663467439823 2675.3268979220593 75.117814096302027 2161.6441619176476 1066.081323051505 5256.0145062277152 143.55375238554552 45.402053657453507 1488.979709396197 155.64335443687742 5241.8942411258467 279.44958642459824 151.03357201995095 2695.0361472812656 1964.8169562595722 17809.238549695699 23901.974887158023 665.45531918713823 674.51343471792643 51.797244747984223 90.892535515973577 5.5391619071306222 15.515410663851069 120.64924868827802
leaf_count=2283 947634 4925 64798 65797 70169 2731 1373 309244 1392 94218 92814 44132 227 280 297701 56870 43293 26490 17026 37687 2512011 65553 1644757 468906 223268 967 13173 941 1855 37048
internal_value=-0.000448703 0.000408826 -0.000527956 -0.00571826 0.00241174 0.00307807 -0.030846 -0.00319266 0.0115525 0.00911006 -0.00574522 0.00128566 0.0188852 0.100988 -0.0113894 -0.00811379 -0.0143739 0.0137358 0.0532933 0.00666655 -0.0365442 0.00235577 -0.00111957 -0.0272715 -0.032395 -0.0132316 0.0336436 0.10098 0.329722 -0.0116827
internal_weight=76805.7 74703.2 70685.5 25557.2 45128.3 44341.3 2102.49 22518.8 3320.42 3245.3 19198.4 8550.78 3294.77 188.956 10647.6 9581.55 6730.87 3105.81 430.483 2850.68 1973.85 43410.6 25601.4 1699.4 1624.36 949.849 284.394 111.947 21.0546 172.446
internal_count=7149563 4633896 4628971 2034805 2594166 2523997 2515667 1087171 161407 160015 925764 397399 353267 507 528365 435551 340994 352760 43516 94557 2514294 2459199 2393646 748889 746158 522890 53984 15969 2796 38015
is_linear=0
shrinkage=0.055


Tree=93
num_leaves=31
num_cat=0
split_feature=42 49 26 41 56 50 25 14 47 50 29 8 28 50 51 22 30 23 51 16 23 27 3 16 2 9 54 52 52 28
split_gain=495.542 492.223 482.79 357.8 385.617 382.102 355.428 319.069 306.639 284.965 296.913 328.515 320.047 283.508 381.072 325.585 280.35 279.231 277.072 379.205 270.403 377.474 269.811 252.129 474.231 309.772 460.169 426.486 250.411 247.14
threshold=-1.0000000180025095e-35 6.270146608352662 1230.5000000000002 -1.0000000180025095e-35 -0.030029296874999997 -4.3781540393829337 -17.242135047912594 8.4613633155822772 -1.0000000180025095e-35 -114.7102813720703 0.21111111342906955 3.6762205362319951 9.5000000000000018 -4.3781540393829337 147.50000000000003 3.65057384967804 0.30952382087707525 3.5000000000000004 1431.5000000000002 84435.000000000015 6.5000000000000009 671.47653198242199 0.97368422150611889 2097643.0000000005 0.14835165441036227 4.999742031097413 60.500000000000007 0.82788038253784191 0.79420661926269542 1.0000000180025095e-35
decision_type=2 2 2 2 2 2 2 2 2 2 2 2 2 2 2 2 2 2 2 2 2 2 2 2 2 2 2 2 2 2
left_child=1 -1 6 4 -4 -6 7 -2 20 -5 -11 13 -13 16 -15 28 -12 23 -14 22 21 29 -20 -3 25 -25 -27 -28 -16 -8
right_child=2 17 3 9 5 -7 8 -9 -10 10 11 12 18 14 15 -17 -18 -19 19 -21 -22 -23 -24 24 -26 26 27 -29 -30 -31
leaf_value=-0.050899896771249252 -0.036357551307458352 -0.0036567076777891095 -0.04760267781607036 -0.039034748588943749 0.090335471362665287 -0.098558512069592305 0.041570853744342919 0.13321720351704647 0.030231571601081163 0.0039017043578883641 -0.0299279710298943 -0.044708325330374006 0.0023250599229483622 -0.0048691908370794932 0.12812437515654307 0.17066606127143533 -0.0076838568646920517 -0.067958667484722263 -0.036828858387503292 -0.047111689278435821 0.040874454050422289 -0.04917081611666662 0.2835278559142474 0.042563409960084057 -0.018793653820519226 0.018326898195736307 -0.033203667878906169 0.41184861237321663 -0.059003513014805338 0.0057434442036887745
leaf_weight=1107.4288298594183 730.64842171524651 342.80636690664687 894.97465571467183 591.65466084171203 123.41341950674541 38.786437240079977 599.11848044110229 30.326830544567201 1927.7222892408026 22907.093954558659 3291.7783468294656 436.10482679642155 14234.132329660148 8179.3134944381891 28.886072607361712 64.520396100822836 3579.6235681217804 112.8125852465746 8.9802879427152202 25.450969228055328 687.66152114493889 364.56598774137092 29.26745775307063 52.062861268233974 92.937787976145046 21.811918380553834 7.1131961731880429 30.407702127296943 54.906256670015864 16362.242030581605
leaf_count=1378369 685617 16414 1152022 474532 8606 312 47596 11958 7735 1436417 264915 108386 174186 19445 661 455 184501 15449 2448 7973 23505 150125 1383 4659 2761 135 3068 737 1633 962952
internal_value=0.00017306 -0.0285722 0.000850576 -0.00186603 -0.0334751 0.0435692 0.00799947 -0.0287741 0.00940964 -0.00123755 -0.000810683 -0.00441703 0.00143512 -0.0100887 -0.00326179 0.0826528 -0.018354 0.00899577 0.0028577 0.113049 0.00717361 0.00582463 0.212749 0.0253344 0.0728979 0.146918 0.228061 0.333493 0.00908809 0.00702084
internal_weight=76958.6 1767.38 75191.2 54488.9 1057.17 162.2 20702.3 760.975 19941.3 53431.7 52840.1 29933 14733.9 15199 8327.63 148.313 6871.4 659.952 14297.8 63.6987 18013.6 17325.9 38.2477 547.14 204.333 111.396 59.3328 37.5209 83.7923 16961.4
internal_count=7148955 1421592 5727363 3837875 1160940 8918 1889488 697575 1191913 2676935 2202403 765986 294376 471610 22194 2749 449416 43223 185990 11804 1184178 1160673 3831 27774 11360 8599 3940 3805 2294 1010548
is_linear=0
shrinkage=0.055


Tree=94
num_leaves=31
num_cat=0
split_feature=41 51 25 13 26 16 52 54 2 10 13 1 31 51 10 45 15 48 47 14 51 13 8 50 31 24 54 50 51 48
split_gain=541.171 461.081 362.537 442.847 349.054 310.412 425.731 300.679 375.666 296.396 276.596 316.393 304.18 350.91 416.102 385.182 341.131 467.346 388.786 397.184 390.995 382.559 391.544 530.073 330.875 326.398 295.367 303.271 280.129 384.981
threshold=-1.0000000180025095e-35 232.50000000000003 -10.900306224822996 3.5114340782165532 1230.5000000000002 4145.5000000000009 0.82842683792114269 531.50000000000011 0.20714285969734195 6.8029501438140878 3.8393945693969731 0.38750000298023229 2.8029010295867924 18.500000000000004 6.9092540740966806 0.76237764954566967 7.6403636932373056 67.500000000000014 -6.1165621280670157 5.9012653827667245 68.500000000000014 3.8176519870758061 1.2424533367156985 -11.27513265609741 2.5249279737472539 -0.016201525926589962 1158.5000000000002 -8.3105449676513654 77.500000000000014 167.50000000000003
decision_type=2 2 2 2 2 2 2 2 2 2 2 2 2 2 2 2 2 2 2 2 2 2 2 2 2 2 2 2 2 2
left_child=1 -1 3 -2 -4 6 -5 -7 -9 -10 11 26 13 -13 -15 25 21 -18 19 -19 -20 24 23 -23 -17 -16 -6 -28 -29 -30
right_child=2 -3 4 5 10 7 -8 8 9 -11 -12 12 -14 14 15 16 17 18 20 -21 -22 22 -24 -25 -26 -27 27 28 29 -31
leaf_value=-0.0029240423102322986 -0.024986127702249252 -0.050217551392699546 0.0090571719947165705 -0.041105807231385016 0.0029104322175540526 -0.011827536220701726 0.072416657456779179 0.0013112737589401607 -0.015514481614696492 0.10000321830446846 0.0071234878952635651 -0.003041390790490948 0.018234572853947251 -0.036915550129681625 -0.022671934933447314 -0.032723620620082924 -0.024464506109515009 0.17206673376595771 0.0065562493247922409 -0.014070557625984734 0.18073272427213652 0.68436895143558496 0.041941324259517999 -0.031759065459862748 0.040551271972971072 0.63835315320346608 -0.050416660927217034 -0.014348508522476103 0.2294398707011506 0.01428582791212474
leaf_weight=1328.5613311275665 3440.8261112167093 1171.293967483216 16992.180438942945 133.89792797755217 21800.501848664047 3759.1491110900533 359.75518185435794 959.15387320198352 90.615635054302402 242.05226742866216 12016.973067610932 6407.7066986039281 1105.9170759181143 2792.4899499210296 3.4395320683252071 1774.0008558947302 337.88411275815452 36.483615751320031 58.366409934591502 207.82893969191355 114.81217214290518 2.062835678603733 97.88127245916985 4.8567759242723687 203.96380435692845 0.15604055413859796 650.880651569576 567.38275987142697 30.666734729718883 87.902503188641276
leaf_count=408579 1069795 2402098 463324 50493 526634 430816 11156 497072 41842 44679 364633 11072 9487 88259 3519 56442 1839 1190 201 11554 1111 152 1749 190 2436 144 613542 5054 4784 26922
internal_value=4.98471e-06 -0.0251392 0.000852836 -0.00950194 0.00227842 0.000120926 0.0415215 -0.00396239 0.0188822 0.0687735 -0.000106959 -0.0025022 -0.0093135 -0.01185 -0.0218563 -0.00701919 -0.00811842 0.0234414 0.0620433 0.016619 0.123861 -0.0195932 0.0804686 0.379253 -0.0250845 0.360655 0.00136952 -0.0236763 0.00187816 0.0769654
internal_weight=76779.6 2499.86 74279.8 8985.45 65294.3 5544.62 493.653 5050.97 1291.82 332.668 48302.2 36285.2 13147.9 12041.9 5634.23 2841.74 2838.14 755.375 417.491 244.313 173.179 2082.77 104.801 6.91961 1977.96 3.59557 23137.3 1336.83 685.952 118.569
internal_count=7150768 2810677 4340091 2145853 2194238 1076058 61649 1014409 583593 86521 1730914 1366281 189345 179858 168786 80527 76864 15895 14056 12744 1312 60969 2091 342 58878 3663 1176936 650302 36760 31706
is_linear=0
shrinkage=0.055


Tree=95
num_leaves=31
num_cat=0
split_feature=45 49 26 15 15 54 48 14 30 57 28 14 45 48 51 54 54 2 54 25 54 35 57 14 26 14 51 14 9 38
split_gain=460.124 758.212 428.865 405.187 302.112 424.739 772.121 411.256 283.189 279.842 353.931 403.587 312.442 298.797 777.092 391.635 583.111 355.676 267.578 264.423 509.561 352.088 327.724 327.12 258.495 373.654 782.061 451.595 370.575 255.334
threshold=0.79962685704231273 3.6251385211944585 1642.0000000000002 5.2067463397979745 7.3718037605285653 270.50000000000006 159.50000000000003 6.3500125408172616 0.84523808956146251 16.500000000000004 31.500000000000004 6.4060542583465585 0.89022904634475719 159.50000000000003 348.50000000000006 40.500000000000007 580.50000000000011 0.19090909510850909 20.500000000000004 -16.288406372070309 796.50000000000011 1.2424533367156985 91.500000000000014 7.4619276523590097 497.00000000000006 5.5194568634033212 315.50000000000006 7.8502981662750253 4.7146430015563974 1.0000000180025095e-35
decision_type=2 2 2 2 2 2 2 2 2 2 2 2 2 2 2 2 2 2 2 2 2 2 2 2 2 2 2 2 2 2
left_child=1 8 19 18 5 6 -3 -8 24 -5 11 13 -12 -11 15 17 -17 -15 -4 22 -21 -22 23 -2 25 26 -1 -27 -28 -18
right_child=2 4 3 9 -6 -7 7 -9 -10 10 12 -13 -14 14 -16 16 29 -19 -20 20 21 -23 -24 -25 -26 27 28 -29 -30 -31
leaf_value=-0.057924253690869162 -0.012417309975783076 0.0022819062967302946 -0.010370796616271674 0.012825104978990616 0.021366615170406358 -0.038685279487687081 0.4222321776591923 0.079128414220683119 0.2261988372354041 -0.028004695254145826 0.00025840445203678208 -0.037801470984736261 -0.021360137573966338 -0.041749167270834893 -0.035603858223126124 -0.054141403820736733 0.057065577346728111 0.2761709421897301 -0.050664099214165162 0.0068594962044914243 0.084860327671280836 0.017613757187496273 -0.054592985195684021 0.095346408974746638 -0.045733637710886552 -0.041002139207675807 0.56979132366448648 0.10765789761464163 0.14494060242199241 0.21844981682720546
leaf_weight=39.40837200160604 424.12654386326903 340.80320783896605 1356.2534539664048 4143.4633161636593 1515.2714576994767 791.12376662183669 16.101047386939172 27.134703577379696 7.5228955244238014 391.10183701865026 38515.45296283596 1674.8373195595923 2129.3392870564712 11.730448478600008 240.14928714642883 79.354148848738987 70.014608060737373 49.622376515239011 786.54694682828267 19367.643816580065 425.92873805895215 526.87478787565487 450.52435272542061 101.37577047885861 2166.2548465184518 458.51272133359453 5.9558749381685621 66.461781328020152 27.550528977270005 53.657451950653922
leaf_count=8641 183704 2950 7796 25966 120739 148602 205 405 437 17509 1270798 574065 7751 717 214416 19442 12895 1324 212189 435842 68967 157319 648620 31593 2794984 161400 1896 6301 6564 5569
internal_value=-0.000259015 -0.0156324 0.00092807 -0.00187973 0.00516658 -0.015724 0.0314657 0.237424 -0.0357948 -0.000820009 -0.00212963 -0.0219018 -0.000876657 0.00787567 0.0356914 0.0999114 0.0602203 0.21682 -0.0252446 0.00745344 0.00879802 0.0479608 -0.0204423 0.00907432 -0.036915 -0.00484907 0.107658 -0.0213436 0.28464 0.132853
internal_weight=76260.1 5462.1 70798 49501.5 2690.43 1175.16 384.039 43.2358 2771.67 47358.7 43215.3 2570.47 40644.8 895.63 504.528 264.379 203.026 61.3528 2142.8 21296.5 20320.4 952.804 976.027 525.502 2764.14 597.889 72.9148 524.975 33.5064 123.672
internal_count=7149606 3253124 3896482 2370437 272901 152162 3560 610 2980223 2150452 2124486 845937 1278549 271872 254363 39947 37906 2041 219985 1526045 662128 226286 863917 215297 2979786 184802 17101 167701 8460 18464
is_linear=0
shrinkage=0.055


Tree=96
num_leaves=31
num_cat=0
split_feature=42 41 49 55 46 49 27 43 16 13 50 7 8 22 22 56 8 16 16 32 13 14 14 40 48 29 25 57 50 16
split_gain=456.893 368.477 505.121 707.608 444.987 424.28 371.846 339.536 340.118 364.587 334.758 315.958 337.781 312.504 626.321 694.008 920.073 387.604 300.072 414.43 320.83 309.094 277.142 377.516 277.047 450.211 272.107 320.892 270.92 270.836
threshold=-1.0000000180025095e-35 1.0000000180025095e-35 4.1342215538024911 0.82543945312500011 2.4594056606292729 5.1518654823303232 335.49304199218756 -1.0000000180025095e-35 1178213.5000000002 3.4175922870635991 -2.7866013050079341 2.7756605148315434 3.6762205362319951 3.113268375396729 3.0201274156570439 -100.87377929687499 2.0126758813858037 2301565.5000000005 1090100.5000000002 1.7005987167358401 3.2769666910171513 7.3208577632904062 6.5095136165618905 2.8617925643920903 84.500000000000014 0.26785714924335485 -5.8414266109466544 35.500000000000007 -9.2009973526000959 2303823.0000000005
decision_type=2 2 2 2 2 2 2 2 2 2 2 2 2 2 2 2 2 2 2 2 2 2 2 2 2 2 2 2 2 2
left_child=10 2 3 13 5 18 22 -3 -9 -10 -1 12 26 14 -2 -16 17 -17 19 -4 -20 -21 23 -5 -11 29 27 -6 -13 -26
right_child=1 7 4 6 11 -7 -8 8 9 24 -12 28 -14 -15 15 16 -18 -19 20 21 -22 -23 -24 -25 25 -27 -28 -29 -30 -31
leaf_value=-0.04349670435735209 -0.022283576945381557 -0.051293439139904529 0.0096997461474518185 0.02696468214621664 0.014370700524929957 0.0092551213861266253 -0.022134884021864528 -0.0021691972316170817 -0.0020585352272321712 0.0079754915482339334 0.01221395283175062 -0.044499877102985134 0.0096685462048708114 -0.053173465977778396 0.045278707193680261 -0.0088463316692833551 -0.026213225311610518 1.1477457186366455 0.1178092442574912 0.33167094038723427 -0.0056183664579885165 0.093901917242809871 0.00059028568131549628 0.1173900305507012 0.034857495021809966 0.0028688413902125016 0.034047879657954278 -0.013927042209482573 -0.0087331548058987123 0.17863247398102886
leaf_weight=1225.4346410663275 4407.6312258460384 334.91702938420349 40.342950537335128 560.32959665879025 1490.8569972142577 721.3133168311324 690.23977521521738 17207.870144669258 8128.8596360740776 14307.009447682241 441.47055379959056 763.76311087427894 8000.1110852785641 1095.1231665592932 27.830693447031081 0.94561865789000765 4.2966908793896437 0.71586304824450053 105.53626012144377 37.221552479983075 149.35002087210887 36.215335102053359 640.63776361395139 183.16130845079897 2865.8837712358218 1972.2494945836079 475.77029363421025 6400.7517136940733 3869.1358581397799 35.527035836596042
leaf_count=1409321 2544460 46018 2548 23403 2144 26081 470966 615784 388058 43586 11820 74076 92567 679740 15515 595 1578 168 2998 1152 11817 1383 35201 4536 249167 215234 891 143579 32314 1203
internal_value=-0.000314974 0.000322668 -0.00442849 -0.016643 -0.000217338 0.0339648 0.0107361 0.00346903 0.00388674 0.00770232 -0.0287496 -0.00199915 0.0015911 -0.0269015 -0.0203711 0.199815 0.571634 0.976924 0.0815398 0.154182 0.0467704 0.227876 0.0271489 0.0498766 0.0118385 0.0231588 -0.00613296 -0.00857541 -0.0146711 0.0369223
internal_weight=76220.5 74553.6 29701.3 7610.91 22090.4 1089.98 2074.37 44852.3 44517.4 27309.5 1666.91 21000.4 16367.5 5536.54 4441.42 33.7889 5.95817 1.66148 368.666 113.78 254.886 73.4369 1384.13 743.491 19180.7 4873.66 8367.38 7891.61 4632.9 2901.41
internal_count=7147903 5726762 4167712 3776162 391550 45979 534106 1559050 1513032 897248 1421141 345571 239181 3242056 2562316 17856 2341 763 19898 5083 14815 2535 63140 27939 509190 465604 146614 145723 106390 250370
is_linear=0
shrinkage=0.055


Tree=97
num_leaves=31
num_cat=0
split_feature=53 3 26 50 30 9 16 22 56 44 14 51 50 4 26 51 47 53 28 49 35 50 15 25 16 8 8 57 49 47
split_gain=467.099 388.926 348.586 394.146 299.802 287.38 274.398 301.685 270.407 263.408 254.257 393.044 286.184 249.161 329.381 570.992 332.149 243.777 240.948 326.789 292.913 372.549 333.332 418.865 244.957 234.665 301.476 232.492 268.041 242.446
threshold=-100.86720657348631 0.75961539149284374 81.500000000000014 -111.18835067749022 0.84523808956146251 4.925844907760621 2097893.5000000005 6.0149362087249765 -100.92163085937499 1.0000000180025095e-35 6.0579535961151132 9.5000000000000018 -1.0000000180025095e-35 1.0000000180025095e-35 384.50000000000006 315.50000000000006 -11.206321239471434 -0.045409917831420891 48.500000000000007 -0.13539027422666547 1.2424533367156985 -16.14410305023193 7.217076539993287 -13.249439239501951 1287644.0000000002 4.5695295333862314 4.7229433059692392 16.500000000000004 -60.361633300781243 -14.402879714965819
decision_type=2 2 2 2 2 2 2 2 2 2 2 2 2 2 2 2 2 2 2 2 2 2 2 2 2 2 2 2 2 2
left_child=1 4 -2 -4 -1 10 7 -3 9 -8 11 -5 13 14 15 -13 -17 -18 19 20 21 -12 -23 -24 -22 -10 -27 28 -7 -30
right_child=2 6 3 5 -6 27 8 -9 25 -11 18 12 -14 -15 -16 16 17 -19 -20 -21 24 22 23 -25 -26 26 -28 -29 29 -31
leaf_value=-0.048345658754186296 0.021772750659537259 -0.044186483506523669 -0.029419566084694791 0.0050317598802925908 0.12636042411839923 0.094253423657872634 0.55010522979602483 0.12863983175441651 -0.0084032030370767893 0.08928506791621986 -0.0502756943522824 -0.03548017273668648 0.17412494103710388 0.024332928529134389 -0.046002208706688794 0.043154440076426749 0.51920564235830213 0.11774821010178933 0.00027853069111986986 -0.036701032810230946 0.026692996233747726 0.062120369017080616 0.37455625195843195 -0.039189584138392783 -0.055910725685241865 0.28759400039957506 0.048023678401220619 0.002155003329649277 -0.032186557110618658 0.017558506480592311
leaf_weight=1236.0097522908763 2356.0620798827731 303.09741559188114 1320.4142375173687 1433.0255153065082 25.777790847641882 123.3988612141402 0.90777184860781091 29.069345390016679 194.81848048299435 18.122157840349246 48.716305820533307 108.04659134752001 15.348583100945687 200.26178868254647 1852.9845938993967 28.19145615582238 6.9175498881668327 13.999005759134889 17999.723159486777 1236.1463857364142 231.99369847410708 85.359833867987618 22.269630072551085 8.9522008420317416 195.7623440308962 14.626864024525274 100.71171045934898 43155.187900236517 318.82688241271535 3542.1570886684349
leaf_count=2232689 211507 185358 1095256 2761 3156 6792 337 1982 71732 3835 41287 6117 418 4194 226797 8494 556 60 658329 93165 75155 10911 2518 2760 120302 1958 14759 2047655 12490 6530
internal_value=0.000284607 -0.0264415 0.000978068 0.000295642 -0.0442918 0.000853226 0.00769173 -0.0273783 0.0429594 0.221156 -0.00411647 -0.0174278 -0.031867 -0.0336872 -0.0395135 0.0360533 0.182175 0.325072 -0.00165653 -0.0206467 0.0128435 0.0738693 0.12568 0.26689 -0.0113198 0.0286908 0.0890922 0.00332959 0.016033 0.0134144
internal_weight=76226.9 1923.14 74303.7 71947.7 1261.79 70627.3 661.354 332.167 329.187 19.0299 23487.7 3658.78 2225.75 2210.4 2010.14 157.155 49.108 20.9166 19828.9 1829.2 593.054 165.298 116.582 31.2218 427.756 310.157 115.339 47139.6 3984.38 3860.98
internal_count=7149860 2515806 4634054 4422547 2235845 3327291 279961 187340 92621 4172 1253824 249397 246636 246218 242024 15227 9110 616 1004427 346098 252933 57476 16189 5278 195457 88449 16717 2073467 25812 19020
is_linear=0
shrinkage=0.055


Tree=98
num_leaves=31
num_cat=0
split_feature=0 25 6 42 30 50 54 14 50 27 9 45 47 6 13 50 13 12 9 54 50 50 22 33 50 23 29 54 51 37
split_gain=350.241 450.966 367.946 339.735 445.673 431.544 630.42 427.962 467.223 493.582 421.983 409.831 402.44 379.467 374.73 349.308 301.789 296.082 285.208 273.512 290.311 285.37 393.828 377.779 330.212 342.355 635.653 269.54 440.211 374.011
threshold=0.81666666269302379 -15.542226791381834 -12.073047161102293 1.0000000180025095e-35 0.84523808956146251 -11.27513265609741 145.50000000000003 6.8029501438140878 -16.713972091674801 5.5983097553253183 4.9092381000518808 0.8321044147014619 -17.841323852539059 -0.021629072725772854 2.8617925643920903 -116.71132659912108 2.9700856208801274 1.0000000180025095e-35 4.9138085842132577 40.500000000000007 -12.829568862915037 -12.999598503112791 0.89587974548339855 7.0904934406280526 -11.958175659179686 1.0000000180025095e-35 0.46428571641445165 1263.5000000000002 59.500000000000007 1.0000000180025095e-35
decision_type=2 2 2 2 2 2 2 2 2 2 2 2 2 2 2 2 2 2 2 2 2 2 2 2 2 2 2 2 2 2
left_child=1 -1 -3 4 5 6 7 8 9 10 -4 12 -6 14 -12 -16 -5 27 -7 20 -10 -21 23 24 25 26 -23 -18 -29 -30
right_child=-2 2 3 16 11 18 -8 -9 19 -11 13 -13 -14 -15 15 -17 17 -19 -20 21 -22 22 -24 -25 -26 -27 -28 28 29 -31
leaf_value=-0.029010750850146046 0.0092883665384432112 0.042278183691263502 -0.0074620909359865402 -0.014175125477466124 0.18251624612705483 -0.0096239297272651507 -0.03454038568457353 -0.022984232792246533 -0.0022515369331683331 -0.041509228318072293 -0.055293505132207384 0.0073022081600776509 0.044260523959798612 -0.059311579119243653 -0.050387423797277217 0.1171729123875684 0.0087664419786198586 -0.047336513869206558 0.00084286635749752437 -0.015678376072398453 -0.062070927001847027 0.066130579698993774 -0.057702645614624855 0.18538586866520673 -0.05859981232071431 0.039965507213170631 0.60285523862880819 -0.010006126208284455 0.06917923857158681 0.28059665062666195
leaf_weight=1778.806100840884 10051.053762144467 584.52152773900889 226.50512929796241 2009.1149707858858 72.407772395963548 11170.786379761586 3337.6420548160095 1959.2520328832616 654.53028340786113 183.7249845743936 44.94882571985363 1263.6069528898224 395.2485367419722 51.191283788415603 37.939804237190401 501.07782304831198 13005.491191760171 274.99346906298888 26662.675710219482 341.48387681067106 388.01748880901141 22.739492168097062 70.892995088535827 75.491924801899586 62.872602453775471 107.15636869191076 5.4284458982001516 112.98955844924785 83.923709059978137 34.630145733652171
leaf_count=1500489 175294 36351 20680 34544 868 461289 3666579 122448 8632 33509 4513 7765 1550 4564 8277 19026 143922 8854 829708 27198 4910 898 5091 1915 2979 3686 161 885 9144 3514
internal_value=-0.000268821 -0.00173553 -0.000972154 -0.00137575 -0.00367833 -0.00471243 -0.0162542 -0.00333686 0.0105563 0.0394892 0.0568997 0.0236756 0.0673711 0.0797309 0.0923196 0.105024 0.00568993 0.00864783 -0.00224844 -0.00700447 -0.0247052 0.0198778 0.0548346 0.0844971 0.0424531 0.0898181 0.244853 0.00982831 0.0680262 0.139791
internal_weight=75571.1 65520.1 63741.3 63156.8 47635.6 45904.4 8070.9 4733.25 2774 1045.39 861.663 1731.26 467.656 635.158 583.966 539.018 15521.1 13512 37833.5 1728.61 1042.55 686.066 344.582 273.689 198.197 135.324 28.1679 13237 231.543 118.554
internal_count=7149243 6973949 5473460 5437109 5236246 5226063 3935066 268487 146039 90569 57060 10183 2418 36380 31816 27303 200863 166319 1290997 55470 13542 41928 14730 9639 7724 4745 1059 157465 13543 12658
is_linear=0
shrinkage=0.055


Tree=99
num_leaves=31
num_cat=0
split_feature=0 30 45 56 3 54 47 47 25 16 7 54 49 46 10 13 8 9 27 46 56 9 16 16 22 22 10 8 47 0
split_gain=357.556 339.555 617.253 438.803 633.078 512.49 353.082 323.649 293.871 293.778 279.576 358.607 263.051 283.003 474.859 366.47 343.801 254.619 260.015 374.015 353.063 526.853 366.408 325.012 298.48 280.53 269.247 527.699 653.688 295.161
threshold=0.64583334326744091 0.84523808956146251 0.83607271313667308 -100.88500976562499 0.97368422150611889 300.50000000000006 -121.088077545166 -17.841323852539059 -10.116950035095213 86468.500000000015 0.027547532692551616 270.50000000000006 3.2608113288879399 3.4369220733642583 7.6011524200439462 3.2384861707687382 6.661853790283204 4.8890287876129159 1361.779968261719 -0.055010490119457238 -100.86938476562499 4.9711883068084726 86457.500000000015 4140.5000000000009 3.0677825212478642 3.0201274156570439 8.9247875213623065 5.3775877952575692 -10.437690734863279 0.23611111193895343
decision_type=2 2 2 2 2 2 2 2 2 2 2 2 2 2 2 2 2 2 2 2 2 2 2 2 2 2 2 2 2 2
left_child=1 3 7 4 5 9 -5 -3 -4 10 11 -1 -11 14 16 -16 -14 -8 19 20 21 -19 -23 -22 25 -24 29 -28 -29 -25
right_child=-2 2 8 6 -6 -7 17 -9 -10 12 -12 -13 13 -15 15 -17 -18 18 -20 -21 23 22 24 26 -26 -27 27 28 -30 -31
leaf_value=0.020222693143459657 0.0069893960269160772 0.14291530124391372 -0.045650962593885833 -0.057178410029182648 -0.0014728974489003077 -0.039105269540572869 -0.0063350259668077721 0.044179384225105804 0.011130937561608661 -0.028824511846357183 -0.044795792107545605 0.41509995289694518 -0.0303868366134665 -0.0028249378590724321 0.20496274030964667 0.048309720389126357 0.30176713885043016 -0.059204039391763323 -0.041663608826103891 0.0025535818684066167 0.071769662384731897 -0.03020509982009844 0.090776871073143167 -0.015895803879098565 -0.020277386104589214 0.44802151149896818 0.036651580324759292 -0.038165145356062281 0.64571762390494736 0.025931064771047646
leaf_weight=100.006432980299 18406.689829135925 123.39139993788558 316.30782122092205 303.86127213883447 13977.028509584692 2929.8926277581195 8339.9705319139757 504.45302976382663 1938.8518253545626 1024.1039178723877 1007.7017896613397 2.53443538173451 189.95285746769514 3061.5505627186503 67.415573440492153 131.93538772474858 4.9160450709459829 108.35566084992024 352.96496852388373 19418.478693415906 245.76575778750703 96.990288972505368 589.25557387198205 1395.8348494880192 73.742496688384563 2.0892936135642222 287.73526729820878 6.5352638359181583 4.7588575702684448 797.86014083112241
leaf_count=3596 383084 3037 51847 242479 512485 3172828 785447 2246 4118 238988 101055 469 8899 47914 1351 3868 102 40464 319157 482413 24262 37616 109692 315046 21854 492 40582 2133 84 190425
internal_value=0.000320059 -0.00181889 0.01656 -0.00279217 -0.00867822 -0.0204907 0.0013435 0.06456 0.00308336 -0.0107082 -0.0359686 0.0488285 -0.00441486 0.00285004 0.0464059 0.105005 -0.0146679 0.00191303 0.00485591 0.00557785 0.0218244 0.0522397 0.0683679 0.0120793 0.082861 0.0957849 0.00606234 0.0545685 0.359714 -0.000658744
internal_weight=75810.9 57404.2 2883 54521.2 22497 8520.01 32024.2 627.844 2255.16 5590.12 1110.24 102.541 4479.87 3455.77 394.22 199.351 194.869 31720.3 23380.4 23027.4 3608.92 870.433 762.078 2738.49 665.087 591.345 2492.72 299.029 11.2941 2193.69
internal_count=7148033 6764949 61248 6703701 4091555 3579070 2612146 5283 55965 406242 105120 4065 301122 62134 14220 5219 9001 2369667 1584220 1265063 782650 210118 169654 572532 132038 110184 548270 42799 2217 505471
is_linear=0
shrinkage=0.055


Tree=100
num_leaves=31
num_cat=0
split_feature=53 41 16 43 3 25 22 7 26 36 48 10 1 32 39 53 50 51 45 7 24 47 8 30 22 16 54 45 40 48
split_gain=304.784 421.259 302.023 281.37 264.236 246.627 424.658 386.631 269.42 265.843 498.545 380.144 274.557 274.26 288.626 261.871 302.404 255.791 321.625 278.025 244.63 276.831 251.697 240.913 233.041 232.785 232.337 345.62 407.153 390.058
threshold=-100.86720657348631 1.0000000180025095e-35 2097891.5000000005 1.0000000180025095e-35 0.43167701363563543 -10.402107715606688 2.6020033359527592 2.8233031034469609 55.500000000000007 1.0000000180025095e-35 16.500000000000004 8.2984070777893084 0.53571429848670971 3.65057384967804 1.0000000180025095e-35 -100.85910034179686 -7.5096962451934806 34.500000000000007 0.82692542672157299 0.91619062423706066 -2.8694319725036617 -114.53513336181639 1.7005987167358401 0.84523808956146251 6.0149362087249765 2096671.5000000002 342.50000000000006 0.81146711111068737 2.8617925643920903 125.50000000000001
decision_type=2 2 2 2 2 2 2 2 2 2 2 2 2 2 2 2 2 2 2 2 2 2 2 2 2 2 2 2 2 2
left_child=1 23 24 5 -4 6 20 -8 -9 12 -11 13 -7 15 -15 16 -12 -14 -19 25 21 -2 -23 -1 -3 -20 -24 -28 29 -29
right_child=3 2 4 -5 -6 9 7 8 -10 10 11 -13 17 14 -16 -17 -18 18 19 -21 -22 22 26 -25 -26 -27 27 28 -30 -31
leaf_value=-0.044858198240475045 -0.024047265486381815 -0.035846757643572473 0.3562391495109416 0.025880076280013264 0.045116448003335502 0.0050599153506186443 0.050862356670745963 0.021680820369277345 -0.037643468493797606 0.0063859039669393255 -0.045840917442391632 -0.064911117839695401 -0.0012020205933287117 -0.00089286733747172904 0.27780020284079704 -0.017679314229924036 0.19498259720065392 0.033790919260405075 0.058958443676301465 -0.048617069876532477 -0.012347984528922521 -0.018075815074019039 0.0089482375091048637 0.10763249712045155 0.11024597034666396 -0.05380267490594199 -0.046380226651194068 -0.060060976199399756 0.01100861031511524 0.10253689315570728
leaf_weight=1166.6459983166424 782.30767068694695 308.31532591162249 3.657953177636954 1342.3695073489216 289.56739170080982 44424.989629339922 180.30601715255762 254.81791906862054 2251.2280345608888 4210.4901003332634 24.457628095056862 503.10258732066723 6161.512499746168 25.910395876329858 14.812041455676079 3713.3611639607116 32.58140741934767 225.07827692126739 145.87612566904863 1068.3205205328995 3542.6360327019065 745.29173330377671 2988.2412841074693 27.579690402344568 32.045232701639179 82.80538056360092 120.4991391551157 46.52739782872959 407.53521451470442 425.13904247275786
leaf_count=2255488 532557 191373 432 42154 63443 1958425 5520 42588 538291 9080 40471 70348 11424 1192 109 332926 2304 11272 942 14603 170952 223894 235552 2358 2549 984 97708 3297 157476 129490
internal_value=0.000426237 -0.0217286 0.0144489 0.000976978 0.0549052 0.000513352 -0.00677982 -0.0259624 -0.0315801 0.00192646 -0.00707483 -0.0202041 0.00339957 -0.014225 0.11977 -0.015829 0.0963483 -0.00619725 -0.0263482 -0.0368743 -0.0010797 0.00616255 0.0111757 -0.0409025 -0.020695 0.0178502 0.0166582 0.0395452 0.0515174 0.0860357
internal_weight=75548 1827.81 633.586 73720.2 293.225 72377.8 11744.5 2686.35 2506.05 60633.3 8524.72 4314.23 52108.6 3811.12 40.7224 3770.4 57.039 7683.59 1522.08 1297 9058.18 5515.54 4733.23 1194.23 340.361 228.682 3987.94 999.701 879.202 471.666
internal_count=7149202 2515643 257797 4633559 63875 4591405 2137325 586399 580879 2454080 456430 447350 1997650 377002 1301 375701 42775 39225 27801 16529 1550926 1379974 847417 2257846 193922 1926 623523 387971 290263 132787
is_linear=0
shrinkage=0.055


Tree=101
num_leaves=31
num_cat=0
split_feature=45 14 8 57 9 56 40 14 8 45 45 54 28 9 53 51 54 45 40 8 51 7 8 53 48 0 0 15 24 47
split_gain=289.915 283.592 379.468 261.343 239.524 368.995 230.276 260.976 310.206 341.699 262.499 361.492 267.008 260.236 453.095 250.914 250.631 246.4 242.451 219.243 236.474 281.1 219.174 274.1 263.53 366.231 455.731 317.978 374.014 325.388
threshold=0.76964271068573009 7.6422843933105478 5.9597148895263681 6.5000000000000009 4.925844907760621 -0.020263671874999997 2.8029010295867924 6.5417509078979501 6.3910789489746103 0.82074075937271129 0.79962685704231273 899.50000000000011 7.5000000000000009 4.7860195636749276 -0.041014552116394036 9.5000000000000018 199.50000000000003 0.84888583421707164 2.9700856208801274 1.0000000180025095e-35 1843.5000000000002 1.8918497562408449 3.65057384967804 -100.86611557006835 159.50000000000003 0.23611111193895343 0.26785714924335485 6.4175486564636239 -0.19951895624399182 -18.880135536193844
decision_type=2 2 2 2 2 2 2 2 2 2 2 2 2 2 2 2 2 2 2 2 2 2 2 2 2 2 2 2 2 2
left_child=1 -1 -3 -2 5 6 15 8 10 -10 -8 13 -13 14 -12 -5 19 -15 -18 20 -9 -22 23 -6 -24 27 -27 28 -26 -30
right_child=3 2 -4 4 22 -7 7 16 9 -11 11 12 -14 17 -16 -17 18 -19 -20 -21 21 -23 24 -25 25 26 -28 -29 29 -31
leaf_value=-0.037752482941641026 0.016502014833184704 0.0071096329893664701 0.26163589287612732 0.00477876775552855 -0.041377365103228675 -0.026780706016158017 -0.058747065830661555 -0.02940502379084119 0.26337301551953524 0.04330528131009833 0.065702403991290445 -0.049229801580541119 0.11612720146700634 -0.046204744359168437 0.0010724745181198466 -0.016179659917040502 -0.055948262033924001 0.011918690240589006 -0.0092533229572786899 0.0051655109052438615 0.18977858166396241 -0.047187846980736595 0.0035711173968111837 -0.00012650888961833652 -0.057215370670425231 0.10017763382703866 0.025340944536578786 -0.0059679836874153604 0.12085574135230551 0.022147665083754865
leaf_weight=966.79651039282908 3084.5019412699621 109.04967319787829 16.227152962557739 2509.431227709516 491.54988527012756 2023.0332152328047 138.95511720149079 903.10662875286653 26.088805105682695 76.600079852214549 536.27653310348978 32.814883531158557 164.74528780323453 362.49005516426405 833.70893238158897 5530.2382895080664 424.69916306316736 548.27090975301689 1561.8754147820582 8058.1481327672664 28.494781929301098 24.686508302518632 16809.512093773374 26072.702270690963 87.962837071536342 291.17609777126927 1498.0750485097815 1827.6093910723575 175.83205203374382 235.31199015097809
leaf_count=1185745 28768 72864 1819 5045 759839 98595 95769 19886 2306 1601 52364 41546 29194 20412 8982 884291 187039 11153 632399 126239 1593 9009 146128 1687269 57660 41665 280480 585470 26187 47623
internal_value=0.000427318 -0.02764 0.0488547 0.000841366 0.000162509 -0.00434236 -0.00225064 0.00208042 0.0173186 0.108848 0.0135267 0.0176891 0.0881241 0.0114086 0.0265186 -0.00963898 -0.00169331 -0.0113409 -0.0193514 0.00220669 -0.0226229 0.0851777 0.00241884 -0.000897465 0.006628 0.0190928 0.0377648 0.0046837 0.0433599 0.0653066
internal_weight=75450 1092.07 125.277 74357.9 71273.4 23783.7 21760.6 13721 2719.95 102.689 2617.26 2478.31 197.56 2280.75 1369.99 8039.67 11001 910.761 1986.57 9014.44 956.288 53.1813 47489.7 26564.3 20925.5 4115.97 1789.25 2326.72 499.107 411.144
internal_count=7148940 1260428 74683 5888512 5859744 2227423 2128828 1239492 263327 3907 259420 163651 70740 92911 61346 889336 976165 31565 819438 156727 30488 10602 3632321 2447108 1185213 1039085 322145 716940 131470 73810
is_linear=0
shrinkage=0.055


Tree=102
num_leaves=31
num_cat=0
split_feature=50 6 45 27 49 15 26 49 41 25 45 15 19 10 49 49 10 47 16 15 27 50 57 13 10 13 13 31 56 45
split_gain=377.201 331.104 318.678 424.394 275.876 473.469 269.272 300.12 444.29 376.582 285.914 270.551 413.976 325.591 277.998 276.243 447.493 282.914 282.533 264.911 262.629 260.297 363.648 383.872 259.627 310.828 272.337 373.507 309.06 623.681
threshold=-18.715316772460934 -12.073047161102293 0.82074075937271129 531.05493164062511 7.9710149765014657 5.9851942062377939 330.50000000000006 8.9676342010498065 -1.0000000180025095e-35 -8.9948916435241681 0.84027111530303966 8.2370824813842791 4.5000000000000009 11.164630413055422 -0.25133396685123438 -1.3100154399871824 8.853879928588869 -10.437690734863279 2303380.5000000005 6.1081352233886728 958.87527465820324 -16.344938278198239 409.50000000000006 3.5114340782165532 6.2156071662902841 3.8176519870758061 3.7954261302948002 1.8688348531723025 -100.91674804687499 0.82563745975494396
decision_type=2 2 2 2 2 2 2 2 2 2 2 2 2 2 2 2 2 2 2 2 2 2 2 2 2 2 2 2 2 2
left_child=2 20 4 19 -1 -6 -3 8 -8 21 -11 13 15 14 -10 16 -13 -18 -17 -4 -2 22 -9 -24 -21 26 27 28 29 -26
right_child=1 6 3 -5 5 -7 7 9 11 10 -12 12 -14 -15 -16 18 17 -19 -20 24 -22 -23 23 -25 25 -27 -28 -29 -30 -31
leaf_value=-0.047036342691587456 0.057479120842647051 0.013749036786680588 -0.022396721423395556 -0.033914481198976845 0.30719353913806263 -0.050641887134023351 -0.03867414998549077 -0.0093322234479448294 -0.039210597706103967 0.022853806924968759 0.00581126985798719 0.042820561905928693 0.16091276155112108 -0.077518042958005753 -0.0027922848206448142 0.00029082538995090206 -0.017720041102838396 0.64313470044439858 0.047168409172434256 -0.021197786388610022 -0.0048809141847139473 -0.0016250403256824414 0.27160888329293753 0.022766040983343314 0.53464413879746797 -0.022067946919349331 0.14230721345881742 -0.029543250944285455 0.041730492956539959 0.084753957878088038
leaf_weight=998.20262120937696 565.21687948875478 4925.7847001733753 661.63395145852701 1145.80228801677 13.511385553196304 25.355147627473343 1060.9378496677527 85.718783335876651 646.53292835704633 3979.767874208279 11805.986340401054 30.741765765618766 51.724371067015454 177.44964570825687 23706.264191092632 2206.8467562010919 2.301538638654165 2.4797780509979921 467.14476610641577 378.26239024753158 317.20629524203832 21160.590714296966 35.512060888810083 36.775361730513396 6.6247112938144701 266.91025176114636 74.644530467368895 203.93343605309201 667.16523729423352 62.656154514261289
leaf_count=1610988 13976 111489 185938 1273221 390 4605 1703846 2295 247973 10338 19227 12109 2335 20567 1299747 100640 1335 140 10837 101338 27657 115220 1375 2394 2344 65342 8856 59501 116245 16508
internal_value=0.0007995 0.00177555 -0.0146265 -0.00660124 -0.0413002 0.09459 0.00135451 0.000420807 -0.00383921 0.00367608 0.0101138 -0.00247819 0.0138285 -0.00431619 -0.00376699 0.0107294 0.153286 0.478578 0.00855306 0.00692151 0.0351612 -0.00109208 0.068144 0.154676 0.0186378 0.0304288 0.0442739 0.0357808 0.0539473 0.160865
internal_weight=75769.7 71265 4504.7 3467.63 1037.07 38.8665 70382.6 65456.8 28352.4 37104.4 15785.8 27291.5 2761.24 24530.2 24352.8 2709.51 35.5231 4.78132 2673.99 2321.83 882.423 21318.6 158.006 72.2874 1660.2 1281.93 1015.02 940.38 736.446 69.2809
internal_count=7148776 3703500 3445276 1829293 1615983 4995 3661867 3550378 3399529 150849 29565 1695683 127396 1568287 1547720 125061 13584 1475 111477 556072 41633 121284 6064 3769 370134 268796 203454 194598 135097 18852
is_linear=0
shrinkage=0.055


Tree=103
num_leaves=31
num_cat=0
split_feature=42 41 49 56 6 30 56 13 16 11 49 9 8 15 7 7 25 56 13 51 28 14 15 27 46 35 40 23 33 45
split_gain=362.801 328.34 406.49 473.065 370.437 390.31 355.95 309.418 313.436 304.814 286.46 282.665 316.4 279.022 292.517 443.805 634.49 692.457 425.23 293.235 272.919 272.457 327.355 264.104 263.596 356.713 322.714 472.152 315.339 296.975
threshold=-1.0000000180025095e-35 1.0000000180025095e-35 8.9676342010498065 -100.86303710937499 -6.715852975845336 0.84523808956146251 -100.88500976562499 3.4175922870635991 1178216.0000000002 1.0000000180025095e-35 6.270146608352662 4.6007614135742196 2.2499048709869389 3.0677825212478642 2.4403095245361333 2.2996544837951665 -6.8918664455413809 -100.88110351562499 3.2384861707687382 42.500000000000007 7234.0000000000009 6.3144531250000009 8.0772919654846209 718.86129760742199 3.4369220733642583 2.1383330821990971 3.3842465877532963 3.5000000000000004 7.8242459297180185 0.77243167161941539
decision_type=2 2 2 2 2 2 2 2 2 2 2 2 2 2 2 2 2 2 2 2 2 2 2 2 2 2 2 2 2 2
left_child=10 2 3 4 6 13 -2 11 -9 23 -1 12 -3 -6 15 -15 19 -18 -19 20 -17 22 -12 24 25 29 -26 -28 -27 -5
right_child=1 7 -4 9 5 -7 -8 8 -10 -11 21 -13 -14 14 -16 16 17 18 -20 -21 -22 -23 -24 -25 26 28 27 -29 -30 -31
leaf_value=-0.046330468615499575 -0.050680650523759606 -0.011871070528520059 0.0024541177370519334 -0.057816822167089159 0.090807124621868268 0.048170062079064845 0.13429282715876054 -0.00068454141311460653 0.010925690947087664 0.025383391364373838 0.019783924742044618 -0.00044791990158875479 -0.069877735694266682 -0.021901371483468386 -0.042645795845756514 -0.069149654906430741 -0.052398303342568869 0.62144692949440872 -0.032393671249429275 -0.033109098849053512 0.11315142664950294 -0.02589698956215895 0.19586717917442834 -0.043293894277961022 -0.016274081497010581 -0.027671321844952596 -0.018736774550767939 0.37806875044092425 0.042270878960805239 0.034898495509437494
leaf_weight=903.40396919625346 45.138495171733666 1325.3552134887432 14241.75270191743 108.4444405043032 59.042293455466279 231.3152926901821 84.772217404039111 11285.545846099354 18662.925966887677 1170.0133809561958 186.5828313032107 12846.406174140837 358.23717658844544 5033.6067333001993 1994.8997462363041 27.80652316036867 9.7662442568835122 9.9524318260082492 3.1704045991937155 147.28600097024173 113.29777822719188 370.03977787337499 33.910790152556729 501.1741065740498 2597.3254601386143 898.55766863518511 20.6829891235102 10.563565561780704 243.92137961834669 1398.872716648184
leaf_count=1378300 44876 114325 64662 68767 11027 2478 17840 327846 514215 125323 12467 574215 29449 1798982 1151732 596 4066 213 391 106957 598 28613 2063 414827 33618 157625 279 78 32385 130288
internal_value=-0.000157543 0.00038923 -0.00416892 -0.01058 -0.0199094 -0.0214943 0.070526 0.0033563 0.0065512 -0.000155648 -0.0269441 -0.00322885 -0.0243842 -0.0237033 -0.0246857 -0.0179487 0.0453039 0.295949 0.498127 0.020706 0.0760895 0.00285325 0.0506072 -0.00534325 -0.00170233 0.0105294 -0.0140295 0.149059 -0.0126194 0.028059
internal_weight=74923.8 73429.8 28951.4 14709.6 7760.05 7630.14 129.911 44478.5 29948.5 6949.56 1493.94 14530 1683.59 7398.83 7339.79 5344.89 311.279 22.8891 13.1228 288.39 141.104 590.533 220.494 5779.54 5278.37 2649.8 2628.57 31.2466 1142.48 1507.32
internal_count=7149101 5727658 4167608 4102946 3139756 3077040 62716 1560050 842061 963190 1421443 717989 143774 3074562 3063535 1911803 112821 4670 604 108151 1194 43143 14530 837867 423040 389065 33975 357 190010 199055
is_linear=0
shrinkage=0.055


Tree=104
num_leaves=31
num_cat=0
split_feature=42 49 23 41 52 49 57 46 47 49 47 57 28 28 8 35 16 56 15 46 46 10 45 15 45 9 48 27 10 29
split_gain=251.166 373.352 262.774 245.02 361.104 321.107 463.448 317.19 347.106 308.515 372.489 305.485 369.848 385.742 291.503 279.967 352.754 335.245 283.663 358.597 572.868 289.998 278.414 275.223 330.529 275.732 272.838 340.067 383.338 343.821
threshold=-1.0000000180025095e-35 6.270146608352662 3.5000000000000004 1.0000000180025095e-35 0.82788038253784191 3.7682096958160405 145.50000000000003 2.8656533956527714 -113.81650161743163 5.1518654823303232 -7.4499812126159659 120.50000000000001 16.500000000000004 17.500000000000004 4.1026091575622567 2.1383330821990971 2301565.5000000005 -100.92163085937499 8.0772919654846209 3.3128770589828496 3.4369220733642583 11.925019741058351 0.76964271068573009 7.0170578956604013 0.85907170176506054 4.9583711624145517 76.500000000000014 531.05493164062511 7.941289186477662 0.41428571939468389
decision_type=2 2 2 2 2 2 2 2 2 2 2 2 2 2 2 2 2 2 2 2 2 2 2 2 2 2 2 2 2 2
left_child=1 -1 -3 5 26 6 11 8 -7 10 23 -2 -13 -14 -9 22 -17 -18 -19 21 -21 -20 -8 24 -10 -25 -5 29 -29 -28
right_child=3 2 -4 4 -6 7 15 14 9 -11 -12 12 13 -15 -16 16 17 18 19 20 -22 -23 -24 25 -26 -27 27 28 -30 -31
leaf_value=-0.045706086822171296 0.0044733974036468924 0.024524323077404958 -0.071727507058177251 0.0024471652052148163 0.00094983167732757255 -0.040988789080068699 -0.055973463708160365 -0.0071024079759101051 0.15661422562902691 0.011770858093149728 -0.063483325128564722 -0.028460389980336603 0.40454551069940708 0.094746111989840592 0.0063125485584255977 -0.045845732911561493 0.33487212929033361 -0.024041762609617601 0.0037923058807467413 0.53558102174533417 -0.042883838090889671 0.32169756232700142 -0.0035983050877331658 -0.062897983647000097 -0.05890696973005579 0.07661869436520781 0.044397570577427256 -0.026175004996880354 0.049733308024461305 -0.0083416239770135337
leaf_weight=864.46585023619991 1166.1974417301681 544.29714743429213 96.752260879788082 2888.6145603448385 37977.828867578501 193.3352131031279 343.29635100418818 12761.00467856141 183.54195546811388 603.75313489406835 52.275534265587339 59.966233242143062 9.8234490702452586 106.84689687899663 7947.4847669731098 1921.1919459208439 4.1683921500807619 387.91015763871837 107.21514612871397 6.5798548660241059 8.1335744492680515 4.4570734221051671 2598.1270868954598 51.896069469716167 21.695707798062358 176.98853077084641 2172.5480051083141 657.97003249265254 283.97939644637518 449.72684722745907
leaf_count=1378252 195994 27678 15388 22225 580152 28032 584084 275812 5159 14265 1298 41930 154 2595 117953 1254350 8734 262819 48764 600 2956 1299 1305983 6208 1506 7686 245662 530218 114018 67941
internal_value=-2.2887e-05 -0.0222223 0.00955454 0.000435514 0.00299448 -0.00352368 -0.0140372 -0.000306773 0.0261709 0.0382142 0.070584 0.0148268 0.0811778 0.136383 -0.00195375 -0.0212472 -0.0350058 0.00521638 -0.000654056 0.069312 0.286035 0.0297232 -0.00979567 0.087267 0.132972 0.0443171 0.0150181 0.0251885 -0.00314837 0.035354
internal_weight=74652.1 1505.52 641.049 73146.6 44430.7 28715.9 6723.91 21992 1283.49 1090.15 486.398 1342.83 176.637 116.67 20708.5 5381.08 2439.66 518.464 514.296 126.386 14.7134 111.672 2941.42 434.122 205.238 228.885 6452.84 3564.22 941.949 2622.27
internal_count=7149715 1421318 43066 5728397 1560216 4168181 3710262 457919 64154 36122 21857 240673 44679 2749 393765 3469589 1579522 325172 316438 53619 3556 50063 1890067 20559 6665 13894 980064 957839 644236 313603
is_linear=0
shrinkage=0.055


Tree=105
num_leaves=31
num_cat=0
split_feature=42 53 25 36 28 27 28 27 26 53 41 40 13 29 25 31 50 30 31 50 50 40 24 23 16 24 45 49 49 35
split_gain=319.902 352.395 245.672 353.177 332.428 282.676 281.248 333.273 290.787 294.852 279.112 275.068 258.157 278.944 424.148 285.455 258.278 467.467 257.588 257.069 286.958 330.868 255.414 352.425 276.885 246.341 244.994 301.421 313.369 352.417
threshold=-1.0000000180025095e-35 -0.033201396465301507 -16.288406372070309 1.0000000180025095e-35 1.0000000180025095e-35 231.78370666503909 1.5000000000000002 847.87768554687511 1230.5000000000002 -1.0000000180025095e-35 -1.0000000180025095e-35 3.2769666910171513 3.6762205362319951 1.0000000180025095e-35 -10.402107715606688 2.0126758813858037 -4.3781540393829337 0.84523808956146251 2.8029010295867924 -12.296936035156248 -11.800734519958494 3.113268375396729 -6.1204633712768546 1.0000000180025095e-35 2097894.5000000005 -0.43364682793617243 0.81602036952972423 3.2608113288879399 4.3496184349060067 2.3502402305603032
decision_type=2 2 2 2 2 2 2 2 2 2 2 2 2 2 2 2 2 2 2 2 2 2 2 2 2 2 2 2 2 2
left_child=1 -1 3 -2 5 -4 -6 8 9 -8 -10 -5 13 15 -15 -12 17 25 -18 -9 21 -21 23 24 -14 -16 27 -17 29 -29
right_child=2 -3 4 11 6 -7 7 19 10 -11 12 -13 22 14 16 26 18 -19 -20 20 -22 -23 -24 -25 -26 -27 -28 28 -30 -31
leaf_value=-0.046467158294466217 -0.032914765673457844 0.0091446465925263502 0.053623053946136055 0.015928951922875866 -0.02891731551750109 -0.0077338467115194423 0.0045573052141532969 -0.03248859870304234 -0.03324498414129206 0.030389043075539815 0.004815742578081897 0.20291955210134968 0.1544633909441708 -0.036079643390715815 0.070569461343045231 -0.054989283342547643 -0.0030761363205978822 0.040510938423989722 0.030748041782142996 -0.035321244693048849 0.042052459797849315 0.38842981495739615 0.0025939334723186127 -0.05239399355765139 -0.04843984237100616 -0.020890186558564727 -0.041181759205402471 0.054310697081762553 0.024095836335442829 0.41746035734587261
leaf_weight=904.3192195588781 1324.9631280269678 552.80081335891737 653.48351629576064 298.43804463140259 957.55031628986762 345.00312946930353 16080.554458014027 137.5229238820466 819.37941611482529 1453.2011560611427 9830.4991486987565 20.98331241303822 101.09147231586394 1634.0746576194651 85.820448075246532 103.16071441609529 6737.722883821174 420.23866705503315 752.60321238823235 7.5370984775072456 683.53214746848971 10.367970297898863 24240.094273223629 48.938789130130317 22.662168752489379 5361.5224632407771 772.64906148126465 22.391398458305048 148.04242812335724 9.4932661769853457
leaf_count=1410392 1124401 11899 19274 167503 210602 56216 914748 85571 1101153 1398 708364 4759 11031 115194 2605 82517 16452 1152 1243 1373 13029 372 833026 19339 6100 185647 35209 3368 5087 1525
internal_value=6.28467e-05 -0.0254101 0.000572423 -0.0204133 0.00105687 0.0324897 0.000609036 0.00101799 0.000595604 0.0067063 -0.00150116 0.0311508 -0.000980713 -0.00480765 -0.00967232 0.00189311 -0.00642962 -0.0150652 0.00034065 0.0353697 0.0488097 0.241281 0.00307609 0.0687774 0.116869 -0.0193859 -0.0252154 0.0183209 0.0607034 0.204367
internal_weight=74540.6 1457.12 73083.5 1644.38 71439.1 998.487 70440.7 69483.1 68644.1 17533.8 51110.4 319.421 50291 25878.2 14992 10886.2 13357.9 5867.58 7490.33 838.96 701.437 17.9051 24412.8 172.692 123.754 5447.34 1055.74 283.088 179.927 31.8847
internal_count=7150549 1422291 5728258 1296663 4431595 75490 4356105 4145503 4045158 916146 3129012 172262 2027859 1158363 322293 836070 207099 189404 17695 100345 14774 1745 869496 36470 17131 188252 127706 92497 9980 4893
is_linear=0
shrinkage=0.055


Tree=106
num_leaves=31
num_cat=0
split_feature=0 50 30 45 50 1 54 41 49 35 19 50 53 51 51 8 32 53 24 24 50 14 16 52 22 56 26 50 48 56
split_gain=287.289 381.695 327.843 370.102 356.556 330.871 313.846 298.071 500.942 458.581 382.631 435.743 372.186 529.547 413.389 602.614 534.164 614.721 796.791 918.158 805.699 725.185 584.178 503.031 492.406 511.811 397.092 339.204 314.596 488.698
threshold=0.53571429848670971 -114.01645278930663 0.84523808956146251 0.83745709061622631 -7.7985911369323722 0.53571429848670971 336.50000000000006 1.0000000180025095e-35 3.9328949451446538 2.1383330821990971 1.5000000000000002 -5.4385697841644278 -0.075682044029235826 77.500000000000014 433.50000000000006 3.2769666910171513 2.0126758813858037 -0.041014552116394036 -0.061153257265686982 -0.027885644696652886 -8.5442018508911115 5.8707075119018564 2300182.5000000005 0.75129297375679027 3.0677825212478642 -100.87231445312499 384.50000000000006 -7.5096962451934806 731.50000000000011 -100.91137695312499
decision_type=2 2 2 2 2 2 2 2 2 2 2 2 2 2 2 2 2 2 2 2 2 2 2 2 2 2 2 2 2 2
left_child=1 -1 5 4 -4 7 -2 8 9 12 11 -10 26 -14 15 16 17 18 23 20 21 -20 -21 -15 25 -23 -3 -24 -9 -30
right_child=6 2 3 -5 -6 -7 -8 28 10 -11 -12 -13 13 14 -16 -17 -18 -19 19 22 -22 24 27 -25 -26 -27 -28 -29 29 -31
leaf_value=-0.0354442778458674 0.0043121531894732583 0.043189741427872179 0.11778188604282641 0.0061970990397081736 0.027000196558638074 -0.016759058792386594 0.037069835813943533 0.00034627379536017824 0.10783576834555342 -0.037111473281313874 -0.0023700790925085093 0.00670342049741061 -0.03761207817663742 0.43953114093213236 -0.0045471118701262345 -0.011882216662742981 -0.040378218073904112 0.059433126529599388 -0.027235140245449829 -0.047397551989484976 -0.033134110425046312 0.80769644653100725 0.083945748012912505 -0.050758120746366799 -0.018794549944654414 -0.017325182811345381 -0.054858759468590659 0.42765248501836101 -0.045042622687730238 0.023670687224692812
leaf_weight=1004.5005505168665 17765.177122497713 148.45663878727646 181.01193905636319 2273.7277397805301 456.75546620547539 4390.7365468944045 926.28022655523091 24301.711397161387 200.44802988003357 2564.5489992141811 13152.717312391644 347.73033259400108 634.13425117282895 2.2241316123108836 914.54139012104133 306.92609425447881 83.423566453027888 280.72038600186352 4.6969362355885123 28.655052774964133 7.1629397258511736 22.035399458109175 20.164350867620669 46.296585069096182 2.5611481532105236 2.2573147754301308 689.03156184063118 15.903062798053723 339.92097134466167 3426.9776906454936
leaf_count=1213849 202127 100508 3553 42855 1611 130509 194688 377888 560 1795927 452085 1738 17686 315 291956 46379 14386 5924 1816 13837 1815 2675 6304 17625 1150 659 1603399 869 92295 512118
internal_value=4.37123e-05 -0.00193164 -0.00131467 0.0166288 0.0534817 -0.00232212 0.00594498 -0.000987207 -0.00621458 -0.0197953 -0.000486337 0.0443241 -0.00592137 0.00522301 0.020919 0.0490733 0.0850898 0.109466 0.197057 0.279962 0.478144 0.582873 0.135631 0.0106783 0.67711 0.741163 -0.0373251 0.269111 0.00264013 0.0174186
internal_weight=74541.4 55850 54845.5 2911.5 637.767 51934 18691.5 47543.2 19474.6 5773.74 13700.9 548.178 3209.19 2371.7 1737.57 823.027 516.101 432.677 151.957 103.436 38.7137 31.5508 64.7225 48.5207 26.8539 24.2927 837.488 36.0674 28068.6 3766.9
internal_count=7149106 6752291 5538442 48019 5164 5490423 396815 5359914 4377613 3923230 454383 2298 2127303 423396 405710 113754 67375 52989 47065 29125 8115 6300 21010 17940 4484 3334 1703907 7173 982301 604413
is_linear=0
shrinkage=0.055


Tree=107
num_leaves=31
num_cat=0
split_feature=50 57 6 28 3 49 51 25 26 48 47 45 57 22 14 7 6 49 10 25 42 56 53 10 51 15 31 35 48 29
split_gain=292.479 390.787 389.807 388.991 335.421 323.407 304.947 301.912 291.343 260.989 496.357 364.82 378.693 328.843 278.418 270.149 257.996 252.472 401.115 361.66 325.282 369.555 513.555 917.06 593.008 414.353 372.362 339.576 299.501 296.293
threshold=-18.715316772460934 57.500000000000007 -12.073047161102293 1.5000000000000002 0.75961539149284374 7.9710149765014657 94.500000000000014 -12.990560054779051 330.50000000000006 659.50000000000011 -103.3545799255371 0.84170231223106395 382.50000000000006 2.1383330821990971 8.4613633155822772 3.579939723014832 -0.021782913245260712 8.9676342010498065 11.005438804626467 -8.9948916435241681 1.0000000180025095e-35 -100.87231445312499 -100.86062622070311 9.2098903656005877 249.50000000000003 7.8907697200775155 2.8617925643920903 1.8317808508872988 294.50000000000006 0.30952382087707525
decision_type=2 2 2 2 2 2 2 2 2 2 2 2 2 2 2 2 2 2 2 2 2 2 2 2 2 2 2 2 2 2
left_child=1 -1 -2 -4 5 -3 -7 -6 -5 14 13 -12 -13 -11 -9 -15 -8 18 20 -19 21 25 23 -23 -25 26 27 -10 -26 -22
right_child=2 4 3 8 7 6 16 9 17 10 11 12 -14 15 -16 -17 -18 19 -20 -21 29 22 -24 24 28 -27 -28 -29 -30 -31
leaf_value=0.016296883625941824 0.036482950867675452 -0.047789753991974125 -0.036356667024787286 0.014314094704166601 -0.038802698861592148 -0.054811956402594758 0.093708404538550755 -0.041660647278142483 -0.011222647144722819 -0.025061728671992502 -0.0063088708514025312 -0.051127419875117985 0.18987595687359621 0.086154593806444912 0.21997470552645906 -0.053248425561892528 0.49202722091332834 -0.0017904418688266537 -0.07771752224706964 0.009226931714872412 0.02303185431643278 0.061216547636556928 0.00050084855634248242 -0.022837370434281964 1.0469664388654951 0.0064169803881589573 0.018148991549044532 -0.033256144249017919 -0.008005645024016142 -0.0019338473662101579
leaf_weight=997.13799941947218 914.15147528625675 1433.0004258486297 853.81174949502747 4560.2612911505712 597.9323675626074 31.230193719035015 37.932541525340639 326.22680785604462 4386.824216448862 455.9100426879013 65.925493120972533 21.516568449966144 111.61162132755271 179.15660865638347 7.8594722135458133 50.777532609310583 1.5320607285539143 21151.287078813853 216.92427814220719 15698.735570496909 2347.0532825767004 49.722280882531777 9175.3120473355812 2.5313227048609397 1.2380758268991487 2562.514074995066 762.91764518641867 4096.4058504932909 0.84956926043378178 3698.4786938257021
leaf_count=210361 41754 2253119 140692 99915 751640 2144 4680 65976 1075862 83862 42116 786 3277 14969 872 11401 77 116478 50082 29529 36026 21568 379978 485 206 416470 92461 1130437 1432 71085
internal_value=4.8194e-05 -0.0138387 0.000899867 0.000429682 -0.0228989 -0.0420698 0.0693739 -0.0069611 0.000889405 0.00875245 0.024366 0.0996726 0.150484 0.00194642 -0.0323527 0.0548914 0.162761 -6.59513e-05 -0.00407421 0.00290376 -0.00347013 -0.00670104 0.00154419 0.162823 0.656227 -0.0131434 -0.018565 -0.0218756 0.914863 0.0077696
internal_weight=74796.8 4317.75 70479 69564.9 3320.61 1503.7 70.6948 1816.92 68711.1 1218.98 884.898 199.054 133.128 685.844 334.086 229.934 39.4646 64150.8 27300.8 36850 27083.8 21038.3 9229.65 54.3412 4.61897 11808.7 9246.15 8483.23 2.08765 6045.53
internal_count=7149740 3445280 3704460 3662706 3234919 2260020 6901 974899 3522014 223259 156411 46179 4063 110232 66848 26370 4757 3422099 3276092 146007 3226010 3118899 403669 23691 2123 2715230 2298760 2206299 1638 107111
is_linear=0
shrinkage=0.055


Tree=108
num_leaves=31
num_cat=0
split_feature=42 43 26 47 29 45 46 33 13 25 16 49 49 16 13 47 13 15 24 8 15 27 54 44 40 25 50 32 51 16
split_gain=283.626 310.406 292.914 274.637 262.424 319.098 430.015 306.315 278.61 270.634 431.903 240.534 229.962 297.193 345.171 293.326 281.21 228.276 537.144 618.539 355.607 226.515 233.823 325.744 275.428 246.677 295.05 228.355 287.863 406.611
threshold=-1.0000000180025095e-35 -1.0000000180025095e-35 1167.0000000000002 -1.0000000180025095e-35 0.15476191043853763 0.79269188642501842 5.7742896080017099 6.8029501438140878 3.65057384967804 -10.462506294250487 2301416.0000000005 5.4728658199310312 6.270146608352662 2097643.0000000005 3.8393945693969731 -8.2889904975891096 3.8815107345581059 5.482717990875245 -0.016353682614862915 0.89587974548339855 5.1269311904907235 1271.6770629882815 67.500000000000014 1.0000000180025095e-35 3.4498615264892583 -8.696952819824217 -118.43061065673827 2.3502402305603032 340.50000000000006 2097891.5000000005
decision_type=2 2 2 2 2 2 2 2 2 2 2 2 2 2 2 2 2 2 2 2 2 2 2 2 2 2 2 2 2 2
left_child=12 -2 3 21 5 6 17 11 9 10 -6 -8 -1 -14 -15 16 -16 18 -4 20 -20 22 25 27 -25 26 -3 28 -24 -30
right_child=1 2 4 -5 8 -7 7 -9 -10 -11 -12 -13 13 14 15 -17 -18 -19 19 -21 -22 -23 23 24 -26 -27 -28 -29 29 -31
leaf_value=-0.044696605423912975 -0.054336193207977383 0.14865748362226269 -0.020725051324365983 0.027179534257265412 -0.053336902324279241 0.0047125961869450197 0.21469256158118885 0.059552282178123091 9.1006925843809146e-05 -0.0080360851032794719 0.014196063436150014 -0.024621199801100103 -0.032092321391816732 0.002851742792483842 0.36453446201990697 0.05259209345264635 -0.031906759917646799 -0.048178409646097188 -0.016949220185696452 -0.034778403410684416 0.73022318325501034 -0.032465826580427605 -0.024635007480120177 0.022587081891317758 0.16371951731476519 0.004412908477073446 -0.019145322925971264 0.032334358076830522 -0.020232039220639871 0.06846080116375064
leaf_weight=772.96239532039908 309.15255388515652 27.245418961538235 84.685833332478069 1719.0132293201023 974.24705955231912 20884.935052869041 8.184359406193833 273.86234991964011 15712.166311704976 13327.093372739197 402.39982333595981 363.06121667983825 340.12242094834801 170.82817847569822 18.825307372433603 48.338380685454467 6.0234345603385 1010.797333854629 2.186373837539576 8.436772993358316 3.7466376111988211 490.97100163988944 1319.2447130984219 3622.0968051413947 37.46822300486383 9127.3711440774205 2044.8053669605288 472.03430062023108 336.204305122199 284.54454260412604
leaf_count=1377748 46265 972 109874 7650 254871 1271947 3053 7927 495998 280426 66656 16364 25109 13689 1114 1176 2082 1312984 3209 14107 1277 431480 118216 773553 2281 31631 24731 77033 231223 143940
internal_value=-0.000248035 0.000216906 0.000453141 0.0062201 -0.00166475 0.00281833 -0.0196737 0.0159594 -0.00500163 -0.0104417 -0.0336168 -0.0165624 -0.0251142 0.000957735 0.0467442 0.142461 0.279188 -0.0403644 0.0378561 0.299326 0.573053 0.00418456 0.00523553 0.0139222 0.0242535 0.000522085 -0.0165863 -0.00177035 -0.0101304 0.020646
internal_weight=74203.1 72846 72536.8 19481 53055.8 22639.9 1754.96 645.108 30415.9 14703.7 1376.65 371.246 1357.1 584.138 244.015 73.1871 24.8487 1109.85 99.0556 14.3698 5.93301 17762 17271 6071.59 3659.57 11199.4 2072.05 2412.03 1939.99 620.749
internal_count=7148586 5727668 5681403 1842710 3838693 2740742 1468795 27344 1097951 601953 321527 19417 1420918 43170 18061 4372 3196 1441451 128467 18593 4486 1835060 1403580 1346246 775834 57334 25703 570412 493379 375163
is_linear=0
shrinkage=0.055


Tree=109
num_leaves=31
num_cat=0
split_feature=7 22 6 23 0 53 29 51 31 53 8 14 49 57 1 57 24 27 15 45 54 13 47 54 10 13 14 54 13 49
split_gain=277.385 436.005 383.205 329.285 253.54 253.092 288.451 239.161 257.524 230.951 230.127 246.655 249.216 235.063 237.455 228.16 227.848 350.733 381.721 304.157 272.004 268.536 304.974 280.308 232.904 342.076 338.197 308.226 334.669 407.914
threshold=2.7396341562271123 2.5249279737472539 -3.228725671768188 2.5000000000000004 0.91666665673255932 -100.88117218017577 0.46428571641445165 138.50000000000003 3.113268375396729 -1.0000000180025095e-35 2.0126758813858037 6.2353901863098153 13.260377407073976 105.50000000000001 1.0000000180025095e-35 409.50000000000006 -2.8694319725036617 231.78370666503909 6.6675925254821786 0.7909640669822694 342.50000000000006 3.5694335699081425 -114.53513336181639 60.500000000000007 6.908255100250245 3.5972183942794804 6.8029501438140878 879.50000000000011 3.113268375396729 -1.3100154399871824
decision_type=2 2 2 2 2 2 2 2 2 2 2 2 2 2 2 2 2 2 2 2 2 2 2 2 2 2 2 2 2 2
left_child=2 4 -1 -3 10 6 -4 8 -5 -7 11 12 -2 14 -13 -14 17 20 -19 -18 -12 -20 -23 -24 -22 26 27 28 -26 -30
right_child=1 3 5 7 -6 9 -8 -9 -10 -11 16 13 15 -15 -16 -17 19 18 21 -21 24 22 23 -25 25 -27 -28 -29 29 -31
leaf_value=0.055021197267532247 -0.0084753498877460851 -0.036025417726128571 -0.057835221771251499 -0.020905262310296522 0.016497085597752217 0.0013903599031110437 0.043643407415279223 0.019544804146233431 0.059340784256853844 0.017234547449300752 0.012260841666522661 0.02658123626747225 0.0062366985784638842 -0.040520461456192293 -0.038791144231022423 0.12472043545850456 -0.059917107488489871 -0.050054781690126331 -0.030516228502326739 -0.0035060119654932893 0.01179417887113089 -0.053951217989588587 -0.025283165731971483 0.050823269138931947 0.080498837060400147 0.019945441049136731 0.024023437069622632 0.06776584067220677 0.49125818693145745 0.16535773853267027
leaf_weight=409.53977602662053 684.99912229580514 2066.6690706929949 398.81251071256702 2131.2739697068173 2221.7551040974067 47811.6071894247 103.27437140565598 740.36545193642087 123.47089557167783 2950.0427627991885 1852.0920249424526 393.12340400068206 106.37383533723187 1383.6811363601591 285.89302263894933 87.312527588597732 295.58611457953521 481.01599238555355 411.80543992754247 7616.309884182192 262.14933997452317 132.96641142388398 183.93450122969807 665.53256936659454 36.301784071081784 180.68934900754539 77.866271447681356 67.59056666061224 19.481115394184599 38.577740840060869
leaf_count=6673 233342 739774 1031321 21681 60069 2439042 34653 244261 783 3518 76666 39907 412 482056 39891 281 281519 375265 214941 318796 83623 145404 8189 178323 1588 45936 16986 21582 1752 1074
internal_value=0.000131833 -0.0049577 0.00235284 -0.0191642 -0.000840742 0.00192675 -0.0367375 -0.00748899 -0.0163894 0.00231276 -0.00336905 -0.0171775 0.00719699 -0.0275531 -0.0010255 0.0614429 -6.71695e-05 0.00994397 -0.00807785 -0.00565002 0.0232665 0.00653141 0.0221365 0.0342925 0.0528194 0.0779559 0.120364 0.164577 0.227024 0.304992
internal_weight=74220.1 22546.8 51673.3 5061.78 17485 51263.7 502.087 2995.11 2254.74 50761.6 15263.3 2941.38 878.685 2062.7 679.016 193.686 12321.9 4410 1875.25 7911.9 2534.75 1394.24 982.433 849.467 682.656 420.507 239.817 161.951 94.3606 58.0589
internal_count=7149308 3634101 3515207 1006499 2627602 3508534 1065974 266725 22464 2442560 2567533 795889 234035 561854 79798 693 1771644 1171329 922122 600315 249207 546857 331916 186512 172541 88918 42982 25996 4414 2826
is_linear=0
shrinkage=0.055


Tree=110
num_leaves=31
num_cat=0
split_feature=0 25 31 56 53 7 10 15 26 49 42 24 28 54 45 13 56 1 43 46 49 9 6 25 16 56 15 3 53 10
split_gain=284.013 287.241 288.52 323.418 503.889 395.876 502.101 390.821 617.971 344.795 684.233 374.065 350.717 324.231 415.764 385.393 317.832 268.665 265.323 255.429 498.193 252.434 247.192 246.859 224.595 249.071 222.55 220.784 293.336 324.78
threshold=0.53571429848670971 -13.683915138244627 2.8617925643920903 -100.87377929687499 -100.86062622070311 1.6059389114379885 9.2098903656005877 7.4286303520202646 1642.0000000000002 2.9773628711700444 1.0000000180025095e-35 -3.9246675968170162 12.500000000000002 276.50000000000006 0.80053392052650463 3.3842465877532963 -100.87622070312499 0.53571429848670971 1.0000000180025095e-35 3.7198908329010014 1.1979631781578066 4.8671946525573739 -6.5038197040557852 -9.6553335189819318 2303823.0000000005 -100.87768554687499 6.9962239265441903 0.97368422150611889 -0.061523199081420891 6.9092540740966806
decision_type=2 2 2 2 2 2 2 2 2 2 2 2 2 2 2 2 2 2 2 2 2 2 2 2 2 2 2 2 2 2
left_child=1 -1 3 7 5 6 -5 8 22 10 11 12 -9 14 15 26 21 -6 -2 20 -4 -12 -3 -21 -15 -26 -10 -24 29 -29
right_child=18 2 19 4 17 -7 -8 9 13 -11 16 -13 -14 24 -16 -17 -18 -19 -20 23 -22 -23 27 -25 25 -27 -28 28 -30 -31
leaf_value=-0.023709643064320118 0.0043373473599117376 0.089157711693408803 -0.020498340743935192 0.11933845615102848 0.0027839902629455764 0.020235104030075481 0.53468114009001866 -0.052350133679697819 0.099539739916119974 0.0047558563617966882 0.089075701628966913 -0.051577909638559939 0.14139542541607919 -0.043561899189753721 -0.018604688439479683 -0.060976762740384292 0.39276733676324033 -0.016145189729398698 0.051730649326555724 -0.028414651289364122 0.047712494774251449 -0.0090282551933393088 -0.01390799843156147 0.011355423799373272 -0.036231325423184774 0.37571191442850327 0.34858229155990605 0.079932197002204303 0.0015242557265942294 -0.022175302832046651
leaf_weight=1876.0526048388419 18278.117919044977 87.927143252352835 442.39731596785714 59.228885942953639 21910.858257467451 88.675984070257982 6.6251619484100948 47.890779860521434 51.761887367611052 8930.1123516205407 149.91441693410161 1109.8559440107056 57.502278086831211 2040.1425864809426 6137.2093641867395 29.811398692982038 2.9680867672432205 2525.0055990871333 359.51447597471997 633.98058640229283 1180.4592784241831 160.93272123314091 2431.5830945281486 1803.1419250261533 7.8878645720542409 3.2819644447736191 11.814003848543505 308.21811849743244 2978.0488918163173 132.16039314752561
leaf_count=1677518 391753 9417 144229 18111 600320 38467 2337 46355 3848 314711 6027 987500 10122 1606304 269312 8075 27 16110 4954 15131 49297 9300 835219 14898 10386 402 1015 18508 26172 13831
internal_value=-0.000604411 -0.00258631 -0.00184107 -0.00300274 0.00146135 0.0988922 0.195906 -0.0074502 -0.0133845 0.000620355 -0.0234688 -0.0421498 0.0549735 -0.0230884 -0.0168204 0.0954233 0.0483999 0.000825098 0.00526518 0.0122427 0.0291121 0.0389461 0.00015796 0.000972845 -0.0420391 0.163557 0.16786 -0.00125472 0.00775292 0.0493841
internal_weight=73843.1 55205.4 53329.4 49269.4 24590.4 154.53 65.854 24679 14219.8 10459.2 1529.06 1215.25 105.393 8281.91 6230.6 93.3873 313.815 24435.9 18637.6 4059.98 1622.86 310.847 5937.94 2437.12 2051.31 11.1698 63.5759 5850.01 3418.43 440.379
internal_count=7149656 6752949 5075431 4851876 675345 58915 20448 4176531 2802489 1374042 1059331 1043977 56477 1899342 282250 12938 15354 616430 396707 223555 193526 15327 903147 30029 1617092 10788 4863 893730 58511 32339
is_linear=0
shrinkage=0.055


Tree=111
num_leaves=31
num_cat=0
split_feature=43 16 53 12 10 22 9 47 14 2 35 14 54 54 33 7 50 50 53 30 32 15 9 50 1 52 53 37 0 10
split_gain=236.104 242.913 386.029 244.281 233.132 224.057 200.75 307.325 388.299 355.502 447.176 240.683 219.014 291.418 251.49 247.23 382.211 757.794 339.757 236.899 232.984 210.533 206.587 200.09 199.964 233.56 227.051 191.669 189.371 327.692
threshold=1.0000000180025095e-35 2169981.0000000005 -100.86720657348631 1.0000000180025095e-35 9.2104907035827654 6.0149362087249765 4.7781505584716806 -2.6202986240386958 6.2195951938629159 0.20714285969734195 2.2769384384155278 6.3144531250000009 53.500000000000007 276.50000000000006 7.9762461185455331 1.1353400349617007 -11.108977317810057 -11.435665607452391 -0.03564068675041198 0.46428571641445165 0.89587974548339855 7.5814647674560556 4.705195665359498 -10.930799961090086 0.64583334326744091 0.8127591907978059 -0.03564068675041198 1.0000000180025095e-35 0.46428571641445165 8.2941746711730975
decision_type=2 2 2 2 2 2 2 2 2 2 2 2 2 2 2 2 2 2 2 2 2 2 2 2 2 2 2 2 2 2
left_child=1 2 5 6 24 -1 7 8 -4 10 12 -12 14 15 22 16 17 21 23 -15 -18 -14 -10 -17 -3 -26 -27 -11 -13 -30
right_child=-2 4 3 -5 -6 -7 -8 -9 9 27 11 28 13 19 -16 18 20 -19 -20 -21 -22 -23 -24 -25 25 26 -28 -29 29 -31
leaf_value=-0.04527348201775102 0.023094999169787245 0.0076811204379827816 -0.049219360752781542 -0.031423825322523656 -0.017541214175977288 0.083096106959497998 0.00028828879210060688 0.0065326201923870952 -0.0024672572257550887 -0.02203884610961377 0.065333667316385055 -0.035395998079130048 -0.041669644901140994 -0.037573798412514958 0.0753985308874838 -0.01993900278177527 0.10733439434219381 0.70396659891874125 -0.063095893127456559 0.067595399164396358 -0.06503376814724475 0.19637893028047437 -0.087327115606016373 0.077011650450643135 0.038785515256858076 -0.051555519607919174 -0.0063771545661966333 -0.071987393318936221 -0.028279842928214709 0.082404031932144739
leaf_weight=815.97517833954771 1322.972651236516 19027.209477209326 912.34083219009335 823.83289722172776 1371.8034749666112 38.808090006932616 39968.111729049153 2552.4747072906175 584.51385558021138 806.87401599384611 88.010536797752138 1293.9394347265334 13.736913199507397 220.6234047505277 102.45581540814601 77.670933449291624 64.146137941104826 4.0484656870248719 79.616329578740988 85.939772127880133 32.029152223447454 33.397192695032572 96.97661885470734 326.91652982556843 265.99091996140487 416.89045502414228 1672.0339768111589 325.88936641564942 228.84180026674585 118.82282334518095
leaf_count=1616223 47863 1990056 160274 87803 190187 24702 2387485 9598 6335 57241 10250 247245 3616 137383 738 29711 459 117 4202 11778 1162 689 1342 4805 35495 26630 5645 27713 19177 3622
internal_value=0.000113657 -0.000307558 -0.00246247 -0.00181916 0.0043984 -0.038996 -0.00130801 -0.0092296 -0.0165482 -0.00999983 -0.00120956 -0.0209326 0.0186032 0.0364605 -0.00286179 0.0576805 0.119082 0.233693 0.0379681 -0.00747976 0.0495537 0.129659 -0.015091 0.0583833 0.00580974 -0.00929481 -0.0154951 -0.036662 -0.0257419 0.010181
internal_weight=73772.9 72449.9 49696 48841.2 22753.9 854.783 48017.4 8049.26 5496.79 4584.45 3451.69 1729.61 1722.07 938.125 783.946 631.562 147.358 51.1826 484.204 306.563 96.1753 47.1341 681.49 404.587 21382.1 2354.92 2088.92 1132.76 1641.6 347.665
internal_count=7149546 7101683 4853670 3212745 2248013 1640925 3124942 737457 727859 567585 482631 280294 202337 193922 8415 44761 6043 4422 38718 149161 1621 4305 7677 34516 2057826 67770 32275 84954 270044 22799
is_linear=0
shrinkage=0.055


Tree=112
num_leaves=31
num_cat=0
split_feature=42 50 57 44 9 9 51 56 16 8 33 35 8 14 52 14 13 15 16 45 16 50 8 8 56 22 8 13 10 43
split_gain=271.566 344.557 258.513 251.92 303.044 267.315 249.914 475.014 422.907 611.363 357.985 321.428 299.157 329.52 423.295 400.528 407.101 650.616 345.742 349.605 301.846 320.468 419.68 385.301 357.407 299.833 297.805 291.071 285.749 278.967
threshold=-1.0000000180025095e-35 -4.3781540393829337 22.500000000000004 1.5000000000000002 4.925844907760621 4.3973479270935067 51.500000000000007 -100.86743164062499 2179362.0000000005 5.2857353687286386 7.8274357318878183 1.0000000180025095e-35 1.7005987167358401 6.8464114665985116 0.85976442694664013 6.2980291843414316 3.3842465877532963 7.2374186515808114 1289847.5000000002 0.82817950844764721 1289817.5000000002 -15.399098396301268 3.7726949453353886 3.7954261302948002 -100.89624023437499 3.5972183942794804 3.2384861707687382 3.8393945693969731 7.3142197132110605 1.0000000180025095e-35
decision_type=2 2 2 2 2 2 2 2 2 2 2 2 2 2 2 2 2 2 2 2 2 2 2 2 2 2 2 2 2 2
left_child=1 2 -1 4 -2 -5 29 8 10 11 12 -10 -8 14 15 -14 17 -17 -18 -20 21 22 -15 -24 26 -16 -23 -22 -19 -7
right_child=3 -3 -4 5 -6 6 7 -9 9 -11 -12 -13 13 20 25 16 18 28 19 -21 27 24 23 -25 -26 -27 -28 -29 -30 -31
leaf_value=0.098519508649077533 -0.0075937271870598457 0.009756675358116423 -0.053662579412538901 -0.017041837715376925 0.0014041405430861406 0.0013081786537748358 -0.024843273980559796 0.00045424781125758961 0.16455950363147492 0.40210760217275571 -0.036946887336134167 -0.052964359135219442 0.027094716889758026 -0.051555730682478797 -0.065239701096368438 0.087193095410397867 0.033698846285613038 0.32298576519400329 0.34186453071751211 0.073022015414087149 -0.054956199060861369 0.086720970345401591 0.49018105084750718 0.11574114414026994 -0.044417035976849352 0.083093209254590364 0.012952842526080789 0.049337872651767825 -0.033396857171480276 0.032361775292428584
leaf_weight=30.833495333092287 16522.055788859405 532.98964459332637 767.12374339523376 1435.7192301765317 35953.298776713898 12425.163672196097 227.35452302385238 2592.7873070367641 39.520189165516058 17.084870150021743 224.7057455949107 34.684139768141904 240.31398297050328 40.34860432507412 107.44783846000792 118.21739343565423 210.66456250712508 72.154932418270619 20.271488877857337 43.774135106403264 233.17922528776398 269.26414239409496 4.5591249946155576 150.93558131459577 178.00960140205279 60.147724172711605 423.05401199271728 118.02650343063578 6.4917524019110706 936.43818950036075
leaf_count=1720 1854603 19112 1399973 113735 3122275 34896 23712 379462 6345 2573 26993 15312 23841 14903 2323 9209 16470 1668 2395 1872 25480 7155 188 11849 8624 624 12299 6484 995 2346
internal_value=0.000129431 -0.0244432 -0.0472053 0.000580907 -0.00142932 0.0057943 0.00754283 0.0174834 0.0330009 0.146484 0.0289731 0.0659607 0.0349028 0.0408578 0.0672398 0.0856413 0.114879 0.17477 0.069603 0.176709 0.024309 0.0388324 0.101551 0.141649 0.0242198 -0.0111401 0.0420597 -0.0197065 0.293331 0.00349584
internal_weight=74036.6 1330.95 797.957 72705.7 52475.4 20230.3 18794.6 5433 2840.21 91.2892 2748.92 74.2043 2524.22 2296.86 879.484 711.888 471.574 196.864 274.71 64.0456 1417.38 1066.17 195.843 155.495 870.328 167.596 692.318 351.206 78.6467 13361.6
internal_count=7149436 1420805 1401693 5728631 4976878 751753 638018 600776 221314 24230 197084 21657 170091 146379 59397 56450 32609 11872 20737 4267 86982 55018 26940 12037 28078 2947 19454 31964 2663 37242
is_linear=0
shrinkage=0.055


Tree=113
num_leaves=31
num_cat=0
split_feature=43 45 56 15 15 47 16 42 53 25 13 32 28 10 23 56 48 7 56 15 9 33 53 45 15 10 8 54 14 32
split_gain=282.593 238.354 308.239 288.39 236.908 281.682 221.089 339.862 272.077 260.493 248.182 221.849 228.677 256.211 398.2 251.402 340.117 407.108 316.113 449.477 207.819 400.137 319.698 279.121 261.561 263.125 250.641 223.274 256.042 408.998
threshold=-1.0000000180025095e-35 0.77243167161941539 -100.86059570312499 7.789661407470704 7.8141977787017831 -1.0000000180025095e-35 2169981.0000000005 1.0000000180025095e-35 -100.86364364624022 -8.2883019447326642 3.979637980461121 2.0126758813858037 28.500000000000004 7.8266401290893564 5.5000000000000009 -100.90161132812499 93.500000000000014 2.7396341562271123 -100.90844726562499 7.1985573768615732 4.9334011077880868 3.9415346384048466 -0.07079982757568358 0.77331924438476574 7.4682278633117685 7.6016521453857431 2.1383330821990971 965.50000000000011 6.4060542583465585 2.1383330821990971
decision_type=2 2 2 2 2 2 2 2 2 2 2 2 2 2 2 2 2 2 2 2 2 2 2 2 2 2 2 2 2 2
left_child=-1 2 -2 -4 5 -5 7 8 -3 11 20 -9 -13 15 -15 16 -14 18 -18 -20 21 23 27 -10 25 -25 -24 28 -22 -30
right_child=1 6 3 4 -6 -7 -8 9 10 -11 -12 12 13 14 -16 -17 17 -19 19 -21 22 -23 26 24 -26 -27 -28 -29 29 -31
leaf_value=-0.046307946152198395 -0.049024800087895566 -0.042038761486911318 -0.017616040019771136 -0.025237832833565385 0.05849342066841931 0.60399831861647768 0.00487499837484031 0.0049476078627404474 0.24095598542517377 0.012280193810821165 -0.065475421547411025 -0.045268591174475931 -0.0035407515613506044 -0.075388220062577532 0.045228114991619273 -0.01287511487672827 0.055594733850699553 -0.036877938103137484 0.24459301129051628 -0.060066828826137043 0.072202638396203833 -0.0030847581125057976 -0.014128545034323221 -0.008285333822848932 -0.049921722669606837 -0.060240545897778705 0.00073292973456048872 -0.0048416624896295141 -0.025865823545369697 0.065700776432905686
leaf_weight=396.76430887267634 658.36989398414153 586.51557515321474 303.95739056682214 2.9353105640620929 115.57517072546761 0.42458584968699042 22332.726809149841 6335.9757604174083 6.8345428796746992 7405.2912148890027 194.90781400397827 529.37823291012319 630.3825077166548 325.94527992495568 106.67610820010304 1737.5057163976307 213.75603268257692 93.514019717811607 64.413844280643389 16.390408634673804 404.34510987994145 7260.8736861044308 4472.5264364715549 1878.0301050774724 1037.9591539862304 345.3211494214047 14711.27264620029 549.43745100482192 324.09445338355727 262.96709804704005
leaf_count=204751 1270644 1053931 114631 1198 25020 21 1711257 335029 1683 21911 25642 163129 2370 5332 538 13943 3250 5651 710 544 80699 573015 223752 161162 80814 45635 437407 372524 138970 75485
internal_value=-0.000307216 -5.37229e-05 -0.0256247 0.0109523 0.0817285 0.367968 0.000332972 -0.00171676 -0.00508111 0.00445601 -0.00438527 -0.00131019 -0.0119667 -0.00637566 -0.0454696 -0.000167592 0.0214687 0.0616219 0.0929862 0.182896 -0.00399388 -0.0102841 -0.000796453 -0.0262499 -0.0271779 -0.0164719 -0.00273467 0.0232654 0.0387885 0.0153588
internal_weight=73305.1 72908.3 1081.26 422.892 118.935 3.3599 71827 49494.3 32035.1 17459.2 31448.6 10053.9 3717.96 3188.58 432.621 2755.96 1018.46 388.074 294.56 80.8043 31253.7 10529 20724.6 3268.14 3261.31 2223.35 19183.8 1540.84 991.407 587.062
internal_count=7150648 6945897 1411514 140870 26239 1219 5534383 3823126 3270719 552407 2216788 530496 195467 32338 5870 26468 12525 10155 4504 1254 2191146 862309 1328837 289294 287611 206797 661159 667678 295154 214455
is_linear=0
shrinkage=0.055


Tree=114
num_leaves=31
num_cat=0
split_feature=12 13 13 30 45 51 25 57 55 57 40 45 50 53 24 1 14 29 51 47 48 35 53 32 37 54 19 16 13 25
split_gain=255.587 293.835 227.2 296.762 349.088 318.753 222.767 267.935 237.179 222.431 209.033 185.422 452.072 324.501 281.294 444.456 311.707 242.383 366.088 311.789 295.742 282.365 331.652 287.317 510.186 386.418 298.127 275.491 248.636 247.865
threshold=1.0000000180025095e-35 3.113268375396729 2.9700856208801274 0.84523808956146251 0.86843472719192516 51.500000000000007 -16.288406372070309 91.500000000000014 0.89233398437500011 191.50000000000003 3.113268375396729 0.79962685704231273 -9.980641841888426 -100.81871414184569 -0.016201525926589962 0.30952382087707525 6.2353901863098153 0.18333333730697635 59.500000000000007 -120.37326431274413 16.500000000000004 1.7005987167358401 -0.033201396465301507 1.2424533367156985 1.0000000180025095e-35 67.500000000000014 3.5000000000000004 4959.5000000000009 3.7726949453353886 -16.207832336425778
decision_type=2 2 2 2 2 2 2 2 2 2 2 2 2 2 2 2 2 2 2 2 2 2 2 2 2 2 2 2 2 2
left_child=2 -2 3 -1 5 -5 7 8 10 -6 -4 12 14 -13 -8 -16 -17 18 -15 -20 -19 22 29 24 25 26 -24 -23 -27 -22
right_child=1 -3 6 4 9 -7 11 -9 -10 -11 -12 13 -14 17 15 16 -18 20 19 -21 21 27 23 -25 -26 28 -28 -29 -30 -31
leaf_value=-0.011518610460511261 0.023635769545094557 -0.03826097243895861 -0.0035563161659381043 0.027184251676332465 0.011332821178191265 0.13782706841517925 -0.042518411691705331 -0.050588435297007413 -0.053841076857395594 -0.092937236534490389 0.070540055073634519 0.035893667896884161 0.0033898724161931858 0.001884689856326435 -0.0078804841332040017 0.42858056773668851 -0.030567852464700829 0.0045161660069204601 -0.055449669783871912 0.018419184128520668 0.17651068816858784 -0.072094474527757982 -0.054282131357861335 -0.027358440829025846 0.077856972017487217 -0.02293144395809989 0.017758399449902883 -0.0095772338658717364 0.11128442354337603 0.013793923322105918
leaf_weight=7445.9506713396113 296.93137538703741 1011.0361658734764 383.99272426492826 251.30296105064917 231.7295296365628 112.04188225115649 1230.1320088547072 538.8316044966632 177.07908107699768 79.0115513978526 159.24577928814688 870.01159225623996 2665.3998682628735 16729.787649655511 63.687368627914111 9.1341413014451955 5.6260629151365711 16217.97265613632 172.40331439224246 7133.1555648996291 23.601209527885658 212.4115170880832 459.12003629433457 1430.1269682871643 251.92228236282244 63.325549722940195 274.6051769539481 11474.030129977677 109.71281335595995 3390.7501766846981
leaf_count=1014664 34088 153509 139510 497 9110 4433 2242863 801771 53795 5175 39419 348651 412968 71440 111415 3378 8066 30672 90366 895951 4013 11837 3575 10509 834 1397 1297 457125 582 187050
internal_value=-0.000124246 -0.0241728 0.000313265 -0.00835081 0.0264679 0.0627101 0.0014123 -0.0214472 0.000550368 -0.0162316 0.0186096 0.0018724 -0.00961855 0.0026496 -0.036027 0.0622129 0.290119 0.00214738 0.00637187 0.0166392 -0.000847636 -0.0057651 0.00392805 -0.0109063 0.00943043 -0.00990294 -0.0273824 -0.0107439 0.0629019 0.0151751
internal_weight=73474.1 1307.97 72166.1 8120.04 674.086 363.345 64046.1 1259.15 720.318 310.741 543.239 62786.9 3973.98 58812.9 1308.58 78.4476 14.7602 57942.9 24035.3 7305.56 33907.6 17689.6 6003.16 2588.81 1158.69 906.764 733.725 11686.4 173.038 3414.35
internal_count=7149960 187597 6962363 1033879 19215 4930 5928484 1034495 232724 14285 178929 4893989 2778690 2115299 2365722 122859 11444 1766648 1057757 986317 708891 678219 209257 18194 7685 6851 4872 468962 1979 191063
is_linear=0
shrinkage=0.055


Tree=115
num_leaves=31
num_cat=0
split_feature=41 3 7 22 7 15 24 0 7 50 16 50 25 49 56 53 44 14 13 53 31 52 46 40 25 12 13 54 57 13
split_gain=259.924 320.076 224.215 350.2 330.116 305.219 253.878 252.853 242.331 264.777 235.097 226.867 219.864 291.122 268.615 250.699 307.998 238.903 217.469 273.393 210.046 208.753 203.669 278.979 210.642 196.468 235.292 192.493 190.307 271.513
threshold=-1.0000000180025095e-35 0.86190477013587963 2.7396341562271123 2.6020033359527592 12.240981578826906 7.4094390869140634 -3.6434838771820064 0.91666665673255932 2.8734290599823002 -6.0744788646697989 44726.500000000007 -111.18835067749022 -6.9461865425109854 8.9676342010498065 -100.87231445312499 -0.045409917831420891 2.5000000000000004 5.9309172630310067 2.9700856208801274 -100.89181518554686 3.9219243526458745 0.82965445518493663 4.3515541553497323 3.0201274156570439 -11.622353076934813 1.0000000180025095e-35 3.113268375396729 47.500000000000007 91.500000000000014 3.5408543348312382
decision_type=2 2 2 2 2 2 2 2 2 2 2 2 2 2 2 2 2 2 2 2 2 2 2 2 2 2 2 2 2 2
left_child=1 12 6 7 -5 18 -2 8 9 -4 -7 28 20 14 -14 16 -15 -16 19 -6 -1 -12 23 -9 -24 -8 -27 -11 29 -10
right_child=2 -3 3 4 5 10 25 22 11 27 21 -13 13 15 17 -17 -18 -19 -20 -21 -22 -23 24 -25 -26 26 -28 -29 -30 -31
leaf_value=-0.039405536749863065 0.050381222439627046 0.072479345330702438 -0.054710537953330841 -0.031327776079572267 0.17878217636242494 0.056867934441135762 0.0026323296843634826 0.0095947946949210047 -0.054471371346599032 0.011820697574505545 -0.0025526765196568039 0.00084066337356626013 -0.043941746619782604 -0.035067926657424447 0.2219661597619845 0.03907167086954761 0.37900983104111063 -0.010041110302110136 0.01857402919801281 -0.070293601253057933 0.16477061214639091 -0.067561789531577224 -0.035127696477417696 0.07491824380753348 0.015544047798921413 0.026705157959467863 -0.042199353872319371 -0.04484041148630416 -0.054647953311902933 0.05672484426315047
leaf_weight=1302.9176793602674 327.94312825458474 101.48468111164402 543.18962121960067 2463.8124544695893 9.8636257852194813 75.976642170120613 48872.659124039463 442.96581023314502 118.74714455161302 587.01457097753882 240.77463578681636 12604.12386890412 265.05029082312831 7.1403141883201906 18.606409397805692 118.48815750493668 10.585028825560585 30.182397168027819 1380.3183825335873 144.61324829160003 10.590060765505767 390.56983973720344 314.35322455008281 354.79649131954648 1108.977798582986 196.39037170092342 591.58696684685128 256.58048691606382 415.12051191806677 138.45411158494244
leaf_count=2439996 3409 11115 65933 590614 1409 2668 1630266 35521 92087 998 20622 1007726 350437 555 899 179 22 4467 54051 13885 3263 6157 4677 16614 1597 5497 32083 2672 688273 62386
internal_value=-3.86717e-05 -0.020281 0.000490138 -0.00419318 -0.0174528 -0.00217006 0.0025131 -0.000493449 -0.00311456 -0.0249486 -0.0319348 -0.000825359 -0.0258087 0.00730927 -0.0218917 0.0729819 0.241191 0.090847 0.0116064 -0.049283 -0.0371408 -0.0429842 0.0167787 0.0389324 0.00426903 0.00219195 -0.0249659 -0.00557551 -0.0318342 0.00532696
internal_weight=73443.9 1865.05 71578.8 21590.3 4705.93 2242.12 49988.6 16884.3 14663.2 1386.78 707.321 13276.4 1763.56 450.053 313.839 136.214 17.7253 48.7888 1534.8 154.477 1313.51 631.344 2221.09 797.762 1423.33 49660.6 787.977 843.595 672.322 257.201
internal_count=7150078 2810933 4339145 2667890 689406 98792 1671255 1978484 1920075 69603 29447 1850472 2799818 356559 355803 756 577 5366 69345 15294 2443259 26779 58409 52135 6274 1667846 37580 3670 842746 154473
is_linear=0
shrinkage=0.055


Tree=116
num_leaves=31
num_cat=0
split_feature=42 49 0 30 30 45 19 27 44 45 57 49 16 13 52 26 51 36 9 52 9 51 13 8 9 53 16 2 32 15
split_gain=273.08 294.253 227.882 230.671 219.289 460.428 255.759 236.761 226.002 293.027 303.376 376.795 421.966 328.756 310.87 301.837 357.755 315.076 301.122 255.224 251.066 265.083 322.24 319.778 410.069 329.09 448.885 381.195 346.308 324.473
threshold=-1.0000000180025095e-35 6.270146608352662 0.81666666269302379 0.77500000596046459 0.84523808956146251 0.83745709061622631 1.5000000000000002 0.36915208399295812 1.5000000000000002 0.89022904634475719 191.50000000000003 4.8630323410034189 4140.5000000000009 2.5249279737472539 0.79420661926269542 4076.5000000000005 9.5000000000000018 1.0000000180025095e-35 4.9212665557861337 0.82718968391418468 4.3973479270935067 51.500000000000007 2.7403194904327397 3.7494349479675297 4.4721360206604013 -0.043943494558334344 2169981.0000000005 0.31666667759418493 1.0000000180025095e-35 8.3964934349060076
decision_type=2 2 2 2 2 2 2 2 2 2 2 2 2 2 2 2 2 2 2 2 2 2 2 2 2 2 2 2 2 2
left_child=1 -1 4 -4 8 -6 -7 -8 9 10 13 12 14 -2 -12 16 -14 -18 -16 -13 -10 22 -22 24 -23 26 27 29 -28 -25
right_child=2 -3 3 -5 5 6 7 -9 20 -11 11 19 15 -15 18 -17 17 -19 -20 -21 21 23 -24 25 -26 -27 28 -29 -30 -31
leaf_value=-0.051267147521408145 -0.060778010998748355 0.0025602991606021872 0.01128436133446558 -0.014487123778502135 0.052260985811585579 -0.090478068558332292 0.013926838036789017 -0.029587595731138415 -0.021227106439984714 -0.030333256435003897 -0.055170090457239022 0.0057050220240464572 -0.074276317438500508 0.0059705507003451879 -0.05836936914057303 -0.036671366139762476 -0.0049678361461471324 -0.039793732539719927 0.08643055757005054 -0.0066666354097887782 -0.050094781055166793 0.12283377316752304 0.0026528223663108519 0.008216012649109981 -0.00030654149450842392 0.017183570405968039 -0.041361021905463029 0.14172847673176583 0.26675964685038467 0.11565262608459094
leaf_weight=642.60912383129471 222.70366618609114 583.61316559249826 8646.8772896852461 1191.4628755449376 705.00946229568217 82.304407892370364 1915.5381250644568 466.12004003758193 1108.835134810739 1207.3417407372763 78.861071773048025 8420.5114926358365 264.58373344084248 11369.758272334453 47.914408385098795 1932.0175763832522 5857.6541329978209 902.99452204201953 271.32150669234397 12564.607533205446 358.42801532609155 79.47266174251854 9730.3103446752939 437.75591604232613 2589.9538912800199 1490.6635112861986 12.517838798798037 105.74228701100219 46.065551835970837 100.8108705868799
leaf_count=1377859 27776 43209 139576 30773 5353 4882 3523 53510 102651 46517 117550 238079 1834 469141 15619 1339154 1949544 474160 35400 101987 1556 5013 27915 107350 365051 24826 7321 15835 7242 7582
internal_value=-5.76227e-05 -0.0257419 0.000380295 0.00815756 -0.000847062 0.0132372 0.00198811 0.00536638 -0.00160203 -0.00367539 -0.00290433 -0.00579579 -0.0149724 0.00466259 0.040108 -0.0174414 -0.0121306 -0.00964537 0.0641324 -0.00170219 0.00396663 0.0058415 0.000754944 0.0163824 0.00358231 0.0319159 0.0628175 0.0486214 0.202847 0.0292052
internal_weight=73434.4 1226.22 72208.1 9838.34 62369.8 3168.97 2463.96 2381.66 59200.8 43140.3 41932.9 30340.5 9355.35 11592.5 398.097 8957.25 7025.23 6760.65 319.236 20985.1 16060.6 14951.7 10088.7 4862.98 2669.43 2193.56 702.892 644.309 58.5834 538.567
internal_count=7147788 1421068 5726720 170349 5556371 67268 61915 57033 5489103 4816761 4770244 4273327 3933261 496917 168569 3764692 2425538 2423704 51019 340066 672342 569691 29471 540220 370064 170156 145330 130767 14563 114932
is_linear=0
shrinkage=0.055


Tree=117
num_leaves=31
num_cat=0
split_feature=50 2 18 53 15 25 51 6 1 53 53 40 32 26 40 31 52 31 56 7 52 38 6 50 48 45 49 31 50 44
split_gain=260.587 210.885 206.777 197.842 243.369 306.125 283.118 257.509 217.401 215.421 212.322 182.281 179.729 170.667 165.723 164.883 360.539 358.745 461.337 359.824 318.65 359.353 287.478 229.392 227.403 220.577 240.491 238.963 455.139 332.388
threshold=-114.7102813720703 0.37980769574642187 1.0000000180025095e-35 -1.0000000180025095e-35 5.482717990875245 -6.631241798400878 257.50000000000006 -0.11814132705330847 0.61250001192092907 -0.051757156848907464 -100.84463882446288 2.8617925643920903 1.2424533367156985 1167.0000000000002 1.8688348531723025 2.6020033359527592 0.80839291214942943 2.6735538244247441 -100.86938476562499 0.79118430614471447 0.79338639974594127 1.0000000180025095e-35 -0.04608530364930629 -9.2009973526000959 41.500000000000007 0.77056929469108593 4.8630323410034189 1.8688348531723025 -10.720786094665526 3.5000000000000004
decision_type=2 2 2 2 2 2 2 2 2 2 2 2 2 2 2 2 2 2 2 2 2 2 2 2 2 2 2 2 2 2
left_child=1 -1 -2 4 5 8 7 9 -4 10 -7 -9 -8 -5 -10 25 17 18 -17 22 -20 -22 -19 -21 -24 26 -6 -27 29 -29
right_child=2 -3 3 13 15 6 12 11 14 -11 -12 -13 -14 -15 -16 16 -18 19 20 23 21 -23 24 -25 -26 27 -28 28 -30 -31
leaf_value=-0.040149470579095167 -0.07953668553458873 0.039595290561856483 -0.013250016271493399 0.027858499915729258 -0.056458443087044258 0.3986246946546817 0.091896860923364007 -0.048052623378758964 0.064786807909047339 0.013759765698488536 0.085231592904223524 0.00437844011656611 -0.03252641759597575 0.003639160116922135 -0.057882999243940698 -0.035882556387963151 0.0042145294915782033 -0.05343858258886594 0.10430499997711311 -0.046435131909452483 0.10007067780962488 0.49956708797833499 -0.011753053102630555 0.029255827647789636 0.16706743717381362 0.0020697179238560481 0.0070487196594064307 -0.039658776915915885 -0.0026006878292548241 0.13361100586165744
leaf_weight=758.0414296467352 92.655072962486884 111.41879800107563 3946.8795180528468 1418.7822907100199 426.55889446358924 2.8754811335675177 177.84767332282354 300.26179127926298 31.559129691784619 191.82210263598245 80.399258465869934 582.77816651944886 40.760520445648581 2309.7351559326053 512.19756202849385 36.837398166513594 6189.4232631233317 28.136967576690949 62.652566214135732 171.68934970843839 15.956208217947278 13.218123868689872 26.016935081279371 380.3784834126709 104.01353083307185 44300.556726117618 308.18004996694799 1419.2912466747075 9355.123839560496 29.518841081822757
leaf_count=1120765 52219 70312 701141 1481 949960 1307 20623 11656 298 654 2369 11744 13766 3449 39723 25777 158874 8603 5113 178375 951 729 426 19408 19153 3021748 27376 525565 151932 3961
internal_value=8.23008e-05 -0.0297624 0.000441965 0.00054971 -0.000120039 -0.0108278 0.0118299 0.000886589 -0.0177797 0.0468634 0.118019 -0.01362 0.068489 0.0128801 -0.0502379 0.000880089 0.00881623 0.0425415 0.12534 0.0267706 0.18853 0.327681 0.0985324 0.00551095 0.132178 -0.00011951 -0.0299533 0.000280962 -0.00705123 -0.0356811
internal_weight=73425.6 869.46 72556.1 72463.5 68734.9 5867.38 1376.74 1158.14 4490.64 275.097 83.2747 883.04 218.608 3728.52 543.757 62867.6 7028.32 838.9 128.664 710.235 91.8269 29.1743 158.167 552.068 130.03 55839.2 734.739 55104.5 10803.9 1448.81
internal_count=7149458 1191077 5958381 5906162 5901232 803281 62119 27730 741162 4330 3676 23400 34389 4930 40021 5097951 417409 258535 32570 225965 6793 1680 28182 197783 19579 4680542 977336 3703206 681458 529526
is_linear=0
shrinkage=0.055


Tree=118
num_leaves=31
num_cat=0
split_feature=42 49 50 25 14 13 50 13 8 31 29 25 10 7 28 15 4 41 16 48 16 45 7 30 29 50 7 27 46 9
split_gain=227.417 219.437 210.496 229.465 208.914 262.636 251.012 197.485 278.009 423 259.682 252.047 253.692 257.194 292.188 281.455 250.742 258.171 438.609 418.061 354.167 532.484 352.685 326.274 293.84 279.781 275.223 326.088 264.065 315.756
threshold=-1.0000000180025095e-35 6.270146608352662 -1.0000000180025095e-35 -8.9948916435241681 6.2662508487701425 3.7726949453353886 -10.343842029571531 3.4811217784881596 3.7494349479675297 0.89587974548339855 0.6904762089252473 -8.0523972511291486 7.8266401290893564 12.240981578826906 533.50000000000011 8.3410525321960467 1.0000000180025095e-35 1.0000000180025095e-35 1178213.5000000002 84.500000000000014 1289817.5000000002 0.85024631023406994 2.103870272636414 0.13392857462167743 0.41428571939468389 -17.114152908325192 6.8002648353576669 455.66554260253912 4.3515541553497323 4.9505562782287607
decision_type=2 2 2 2 2 2 2 2 2 2 2 2 2 2 2 2 2 2 2 2 2 2 2 2 2 2 2 2 2 2
left_child=1 -1 7 -4 5 -3 -7 8 9 -2 11 12 13 15 -15 -11 17 -9 -19 -20 23 22 -22 26 25 -24 27 28 -21 -30
right_child=2 4 3 -5 -6 6 -8 16 -10 10 -12 -13 -14 14 -16 -17 -18 18 19 20 21 -23 24 -25 -26 -27 -28 -29 29 -31
leaf_value=-0.046843149715708986 0.00048460757164690106 -0.0086999166719893255 -0.008373562352425248 0.021333155254146408 -0.025253701005419755 0.28796344555241371 0.060988183372606565 -0.0049629473273509342 0.0035526517654665057 -0.053234112349827598 0.0027013956115435837 -0.0098588304010762962 -0.0077791827944056974 0.025607130612795598 -0.047662093786454501 0.040840493346232631 0.016416110869768307 -0.0060563611723675548 0.0037713711496534966 0.069500211988408903 0.05544811957801847 -0.0056762729519486089 -0.054716535707375953 0.0017211456283599605 -0.057521400028796708 0.036957661831386247 0.0039113532278139693 0.28610737911679895 -0.046982421861879634 0.28079286013176197
leaf_weight=612.49440420411702 7803.2441127837737 130.48374073486775 1105.1116762298625 2704.4969753965852 367.06901500097592 14.735032714641418 76.118728963017929 15885.931116104599 8514.4629002129077 2064.635962894863 1586.724806798622 2936.5895224755295 1022.5297119097231 340.55553710096865 309.77844659384573 97.377398905358859 3224.9018406684336 8455.5629215481458 11271.39602277943 305.81129588643671 1178.6327585541876 1727.843092183306 113.00168870191555 204.09242190200894 155.42363539314829 698.08612373998039 101.01732122946123 24.313136148644844 9.8293480355641787 34.176059603341855
leaf_count=1377081 940919 9136 1846 9347 29727 2215 2059 2468255 571210 435292 58293 237926 137547 39700 28688 6197 55146 268891 38169 10481 35554 227068 58917 22673 21495 33805 14062 3551 437 505
internal_value=-0.000253841 -0.0239406 0.000143557 0.012716 9.34183e-05 0.0417587 0.110901 -0.000560997 -0.00448897 -0.0087254 -0.017319 -0.0220089 -0.0312879 -0.0398064 -0.00939111 -0.0489125 0.0016731 0.000487473 0.00405398 0.00945679 0.0235144 0.0170434 0.035314 0.0600175 0.010602 0.0239285 0.0847791 0.106274 0.0899199 0.210255
internal_weight=73076.4 1200.9 71875.5 3809.61 588.407 221.338 90.8538 68065.9 24675.9 16161.4 8358.19 6771.47 3834.88 2812.35 650.334 2162.01 43390 40165.1 24279.2 15823.6 4552.23 3872.99 2145.14 679.24 966.511 811.088 475.147 374.13 349.817 44.0054
internal_count=7146192 1420218 5725974 11193 43137 13410 4274 5714781 2455772 1884562 943643 885350 647424 509877 68388 441489 3259009 3203863 735608 466717 428548 376839 149771 51709 114217 92722 29036 14974 11423 942
is_linear=0
shrinkage=0.055


Tree=119
num_leaves=31
num_cat=0
split_feature=57 25 53 54 38 26 6 32 28 27 33 37 10 7 56 49 42 56 53 43 16 49 10 16 51 15 49 16 45 40
split_gain=238.401 337.093 220.596 312.28 258.108 218.112 298.022 555.667 385.048 260.057 229.945 298.305 225.361 226.043 189.258 264.315 436.508 429.402 428.942 408.781 357.042 385.392 299.228 295.344 292.132 606.757 313.242 319.888 400.531 292.833
threshold=6.5000000000000009 -15.542226791381834 -0.027461975812911984 27.500000000000004 1.0000000180025095e-35 206.00000000000003 -7.1922597885131827 0.89587974548339855 10.500000000000002 1198.3552246093752 7.9762461185455331 1.0000000180025095e-35 11.925019741058351 2.3661475181579594 -0.020263671874999997 8.9676342010498065 1.0000000180025095e-35 -100.87231445312499 -100.86062622070311 -1.0000000180025095e-35 2301617.5000000005 3.2608113288879399 9.2098903656005877 4140.5000000000009 241.50000000000003 6.2547895908355722 5.4728658199310312 1288225.0000000002 0.84888583421707164 2.8617925643920903
decision_type=2 2 2 2 2 2 2 2 2 2 2 2 2 2 2 2 2 2 2 2 2 2 2 2 2 2 2 2 2 2
left_child=-1 2 -2 -4 -5 -3 7 -7 10 14 12 -12 13 -8 15 16 17 20 22 -18 21 23 -19 -10 -20 29 27 28 -27 -26
right_child=1 5 3 4 -6 6 8 -9 9 -11 11 -13 -14 -15 -16 -17 19 18 24 -21 -22 -23 -24 -25 25 26 -28 -29 -30 -31
leaf_value=0.015527335896622816 -0.031257647366797356 0.01283934794570504 -0.033602686708963256 0.16336974289324405 -0.048934690677986829 0.079335315749280474 0.052925093283177134 -0.029517493128208967 0.03772886725646598 0.047744758223538693 -0.029600497130484415 0.095225947549390871 0.17716631181751608 -0.044063207240601851 -0.010214282124400051 0.0040248213733344688 -0.074002619138636608 0.066867216283169342 -0.0050674736222253809 0.012469660075620261 0.0033559675917695653 -0.010855805475764707 0.32782096391329352 -0.038053487059742229 0.02755978394340388 -0.020965054034512723 0.073305951059237512 -0.036967952495669337 0.07239714433409708 0.097025260849829251
leaf_weight=3004.9956659678137 1518.5510762235281 3961.5310977056943 96.599481411125453 60.398974214098416 20.933072157436982 368.82315692796692 73.009799339895835 225.20406865450059 159.95597423116851 336.33199027247611 134.32675752288924 94.591500018090301 9.9533353130464075 1259.9735073949487 5413.9993933738951 30492.141447072587 165.50483318899933 70.102300090184144 5974.2834835572576 5561.62584151185 2831.0095979892649 6199.1223269834663 12.739040285807276 3081.6362425666448 423.67123883563909 322.61520768835908 140.78171860001748 685.22372652046033 237.05224619733053 326.90450838311517
leaf_count=28876 1608542 136007 3367 1657 1270 55145 2560 64078 146408 9162 43320 13830 2432 438172 18363 122520 13665 37724 98458 89175 876395 491390 4210 2447188 55690 106539 7715 179168 6106 40532
internal_value=0.000369944 -0.000279404 -0.0244619 0.0328056 0.109058 0.0003207 -0.000447921 0.0381658 -0.000809237 -0.000131313 -0.0276508 0.0229121 -0.0363228 -0.0385731 -0.000394439 0.000544286 -0.00350764 -0.00726359 0.00248591 0.00990838 -0.0137713 -0.0189064 0.123371 -0.0342617 0.00117593 0.0186074 -0.00300147 -0.0118896 0.0188703 0.0582565
internal_weight=73263.6 70258.6 1696.48 177.932 81.332 68562.1 64600.6 594.027 64006.6 62434.7 1571.85 228.918 1342.94 1332.98 62098.4 56684.4 26192.2 20465.1 8193.37 5727.13 12271.7 9440.71 82.8413 3241.59 8110.53 2136.25 1385.67 1244.89 559.667 750.576
internal_count=7149664 7120788 1614836 6294 2927 5505952 5369945 119223 5250722 4750408 500314 57150 443164 440732 4741246 4722883 4600363 4497523 536142 102840 3961381 3084986 41934 2593596 494208 395750 299528 291813 112645 96222
is_linear=0
shrinkage=0.055


Tree=120
num_leaves=31
num_cat=0
split_feature=57 25 49 55 55 35 14 48 46 56 49 53 52 45 53 15 35 14 40 50 15 14 14 15 38 0 22 13 10 53
split_gain=191.253 196.361 333.798 299.329 259.254 305.162 325.222 262.754 260.053 233.659 340.702 702.409 631.629 484.604 335.575 243.201 242.953 231.59 527.312 513.406 473.272 446.673 335.722 222.032 216.602 217.097 200.514 242.07 251.039 199.312
threshold=6.5000000000000009 -8.696952819824217 8.9676342010498065 0.89233398437500011 0.84448242187500011 1.7005987167358401 7.9074676036834726 847.50000000000011 4.3515541553497323 -100.88208007812499 -0.040171811357140534 -0.042478352785110467 0.8045504391193391 0.80936139822006237 -100.83645629882811 5.482717990875245 2.1383330821990971 6.3144531250000009 2.6735538244247441 -16.713972091674801 6.7434699535369882 6.2035467624664316 6.2353901863098153 5.8066387176513681 1.0000000180025095e-35 0.91666665673255932 4.5053346157073983 3.5408543348312382 6.2156071662902841 -0.017575830221176144
decision_type=2 2 2 2 2 2 2 2 2 2 2 2 2 2 2 2 2 2 2 2 2 2 2 2 2 2 2 2 2 2
left_child=-1 3 4 -2 5 -3 7 17 -6 -9 11 12 14 16 -11 -12 -14 18 -7 20 21 -20 -23 -5 25 -19 27 -21 -29 -26
right_child=1 2 -4 23 8 6 -8 9 -10 10 15 -13 13 -15 -16 -17 -18 24 19 26 -22 22 -24 -25 29 -27 -28 28 -30 -31
leaf_value=0.01364484379453287 -0.0021810265220670757 0.0037139456968702791 0.0082572185165202139 -0.065240608278536658 0.025450449695428153 -0.041813583089402064 0.017772033221889923 -0.013047366238928977 -0.0028220646587883468 0.25297392916284345 0.087088048080766839 0.019005764946609938 0.88424478348787439 0.16294984898656306 -0.050337689409859242 -0.029469248176125271 -0.0086254924563731704 -0.039578051413642824 0.058701158977449382 -0.040705077452619615 -0.046605431075413033 0.57684375029507462 0.13269871438299422 -0.015815576966460396 -0.020621700703474577 0.036240726250210922 0.075924522301363193 -0.039553613213933275 0.050904274880425655 0.018030179606666488
leaf_weight=2964.7721753953374 32885.529864492877 6013.2305769810046 15710.583355904382 317.38514140603365 1785.9223130743485 557.833602779785 968.04203898510605 529.8705908524862 2182.6701482706121 16.814844426429772 69.695061786842416 105.99204668623861 4.0668477537692551 11.116594341539892 19.561733996059047 191.92667384769447 0.91953436733456317 2502.8836079225002 23.089318234378879 252.58456644634134 20.747731124247366 11.020369312827826 13.401553744464762 1914.4016389949247 2541.7412139094959 115.94111179622996 126.63473499648535 124.30440805324906 328.93995496419666 475.55730269500054
leaf_count=28849 4238589 1013885 30475 67083 4580 137036 87337 248974 4620 6235 4446 5283 160 1597 10285 36594 433 492458 13605 38989 34470 2209 6548 97492 473755 182 9437 18806 34159 1144
internal_value=-2.49133e-05 -0.000606289 0.00232752 -0.00350558 -0.00257788 -0.00588018 -0.0122799 -0.0159049 0.00991698 0.0112122 0.0416048 0.103897 0.258782 0.501941 0.103493 0.00263207 0.797712 -0.0195412 -5.64815e-06 0.0259746 0.165604 0.253888 0.397089 -0.0229745 -0.0245922 -0.0361587 0.0136052 0.00196885 0.0259349 -0.01451
internal_weight=72787.2 69822.4 34705.1 35117.3 18994.5 15025.9 9012.69 8044.64 3968.59 949.964 420.093 158.472 52.4796 16.103 36.3766 261.622 4.98638 7094.68 1458.56 900.723 68.259 47.5112 24.4219 2231.79 5636.12 2618.82 832.464 705.829 453.244 3017.3
internal_count=7149715 7120866 2717702 4403164 2687227 2678027 1664142 1576805 9200 314007 65033 23993 18710 2190 16520 41040 593 1262798 295259 158223 56832 22362 8757 164575 967539 492640 101391 91954 52965 474899
is_linear=0
shrinkage=0.055


Tree=121
num_leaves=31
num_cat=0
split_feature=9 56 32 14 51 50 53 15 53 7 27 25 32 51 13 13 47 8 8 46 15 10 7 49 25 53 4 56 13 8
split_gain=211.551 239.163 345.291 238.096 312.652 246.834 237.478 224.574 224.645 425.533 328.359 260.119 265.136 231.925 405.042 490.808 557.863 487.196 487.882 273.149 244.705 379.761 368.434 202.022 201.611 200.958 197.696 206.316 209.821 210.723
threshold=4.925844907760621 -100.88012695312499 3.5972183942794804 6.0579535961151132 9.5000000000000018 -1.0000000180025095e-35 -100.91209411621092 8.6316819190979022 -0.069146245718002305 2.4038174152374272 30.47725868225098 -17.242135047912594 2.5249279737472539 34.500000000000007 3.3140207529067998 2.9700856208801274 -9.6208319664001447 3.113268375396729 2.2499048709869389 2.0456670522689824 8.2370824813842791 9.2098903656005877 2.103870272636414 4.8630323410034189 -9.6553335189819318 -100.88772201538085 1.0000000180025095e-35 -0.019287109374999997 3.4498615264892583 5.7884287834167489
decision_type=2 2 2 2 2 2 2 2 2 2 2 2 2 2 2 2 2 2 2 2 2 2 2 2 2 2 2 2 2 2
left_child=3 2 25 4 -1 6 -6 8 9 13 -11 12 -12 -3 15 -15 23 18 -18 -16 21 -21 -22 -17 -4 -2 27 28 -8 -30
right_child=1 7 24 -5 5 -7 26 -9 -10 10 11 -13 -14 14 19 16 17 -19 -20 20 22 -23 -24 -25 -26 -27 -28 -29 29 -31
leaf_value=0.0037252227350443282 -0.050237325917632809 0.031839505696706863 -0.027710178132999908 -0.0014454709901236163 0.10944360922679157 0.20801261868462365 -0.021417577388094907 -0.05074428824281578 0.0047622733464168076 -0.060308366305359122 -0.05385094975376091 0.04360291497156104 0.066351208644912674 -0.044035097242647467 -0.019053442675604451 -0.040128555776486823 -0.021195972163117461 -0.026816817059762358 0.69387792278465665 -0.0079782839898956889 -0.033347118510747842 0.26226598556102737 0.45212887241750704 0.19529169230347082 0.050988874274138375 -0.0031790146920254825 0.018941979789270241 0.010370177295696052 -0.068508770080757078 0.0039348121072398934
leaf_weight=1430.3313879765919 273.94413544671261 361.59291977516841 117.11911533511011 20202.404729756323 31.519509692530846 8.30630443265545 765.73960728126258 208.46336101648922 28736.165860148321 192.98680809292273 208.02722707247449 478.88216578371794 70.396074797856272 18.922780358640011 87.638468093580741 13.363774121251479 3.0942423028318506 4.3474622683133921 12.933174484394838 58.156694380551926 6.2890214159269808 16.421247367317847 8.4945521381014242 33.501507552660769 533.63764296741283 17402.118478471151 203.8953453667782 239.96218036739447 941.27182514605374 138.74380271398695
leaf_count=2991 725114 2626 15584 2124543 16371 704 225547 13149 619414 114665 428902 218360 71122 24215 122288 25172 2622 2490 1509 23132 1963 2728 464 950 22835 2014929 6671 12075 287983 16900
internal_value=0.00042006 0.00249647 -0.00246949 -0.0038123 -0.0165112 -0.0289182 -0.0302114 0.0054784 0.00587338 0.0260658 0.00281517 0.0191912 -0.0228249 0.0611283 0.100028 0.194705 0.260289 0.473744 0.583613 0.0498567 0.114867 0.0642663 0.289372 0.130764 0.0367218 -0.00392233 -0.0323682 -0.0374175 -0.0436415 -0.0592271
internal_weight=72808.7 48846.5 18326.8 23962.2 3759.77 2329.44 2321.13 30519.7 30311.2 1575.05 950.292 757.305 278.423 624.756 263.163 86.1629 67.2402 20.3749 16.0274 177 89.3615 74.5779 14.7836 46.8653 650.757 17676.1 2289.61 2085.72 1845.76 1080.02
internal_count=7148018 4454233 2778462 2693785 569242 566251 565547 1675771 1662622 1043208 833049 718384 500024 210159 207533 56958 32743 6621 4131 150575 28287 25860 2427 26122 38419 2740043 549176 542505 530430 304883
is_linear=0
shrinkage=0.055


Tree=122
num_leaves=31
num_cat=0
split_feature=18 27 23 0 30 10 27 55 22 45 26 14 28 27 41 49 15 57 46 10 10 3 15 13 13 7 40 35 44 7
split_gain=201.711 170.885 296.656 167.911 248.5 231.21 223.398 223.23 194.641 167.906 225.486 247.967 229.318 224.706 211.088 384.992 500.488 453.036 341.264 330.86 436.319 440.763 376.328 426.213 425.873 633.568 494.856 315.407 309.572 360.995
threshold=1.0000000180025095e-35 1489.3674316406252 6.5000000000000009 0.91666665673255932 0.77500000596046459 7.8242459297180185 1389.3269042968752 0.86743164062500011 6.3868098258972177 0.89022904634475719 3418.5000000000005 6.6313426494598398 3.5000000000000004 183.08262634277347 1.0000000180025095e-35 3.9328949451446538 7.0374670028686532 227.50000000000003 -0.12225456535816191 6.1974613666534433 6.2156071662902841 0.20416666567325595 6.4777410030364999 3.65057384967804 3.5972183942794804 1.6407595872879031 2.8617925643920903 2.2769384384155278 2.5000000000000004 1.2276799678802492
decision_type=2 2 2 2 2 2 2 2 2 2 2 2 2 2 2 2 2 2 2 2 2 2 2 2 2 2 2 2 2 2
left_child=-1 3 -3 8 6 -6 -5 -8 9 14 13 12 -12 -11 15 16 17 18 -2 -19 -21 22 23 24 27 26 -26 -22 -17 -30
right_child=1 2 -4 4 5 -7 7 -9 -10 10 11 -13 -14 -15 -16 28 -18 19 -20 20 21 -23 -24 -25 25 -27 -28 -29 29 -31
leaf_value=-0.078974170076407613 0.002751333805810208 -0.043903275839808201 0.027680402522958499 0.010173630737183036 -0.034842827103451469 0.016556062303449852 0.15944027668728014 -0.053994002473046303 -0.073392709480007368 0.0059150019825429737 0.11577273196843771 -0.043774146017716405 -0.0089754288374326169 -0.055821637437387744 0.0034932453887793311 0.00013147070937988007 -0.034057612477048055 -0.044978788533713912 0.080951449457812213 0.23961946325315675 0.058691589498201767 -0.050387834989672954 -0.032107663243644079 -0.039579580468414824 -0.038254413253314551 -0.048891187849623617 0.46063772804586056 -0.028204385254898479 0.19585788424397385 -0.000193533042344691
leaf_weight=91.294599509506952 368.70044201002747 613.47015709734842 240.36532923940831 8346.4527404202672 727.69655471347505 410.74907588594942 51.849408826048602 17.232122261397308 104.31528202696791 1981.7493737900222 43.328404057581793 988.38302331094746 569.04890770858037 190.92986703356291 35047.762068829208 17831.34737056811 2505.9783748863483 667.48443094637332 306.94709235320624 17.740735310435412 549.41242672214139 438.59527331579011 394.64468159320677 198.31096453198552 6.9035933017876259 17.450679760768253 20.741140434918634 160.33675925013813 48.106743621399801 61.075098513210833
leaf_count=60367 122481 678169 22231 90300 16010 5187 1831 3915 35460 9596 1873 13635 3383 79329 1209971 467085 2184498 579523 1770 4278 173295 940853 230459 104208 2695 11695 2589 73361 3805 14924
internal_value=0.000576009 0.000681002 -0.0237077 0.000971554 0.00776048 -0.0163069 0.011024 0.106149 -6.64427e-05 6.1978e-05 -0.0111758 -0.0268046 0.000717189 0.000374022 0.000785995 -0.00323542 -0.0157444 -0.00113177 0.0386114 -0.0120521 0.000220634 -0.00281901 0.0127896 0.0314495 0.0502477 0.205694 0.349275 0.0390013 0.000709566 0.0909828
internal_weight=73018.4 72927.1 853.835 72073.3 9553.98 1138.45 8415.53 69.0815 62519.3 62415 3773.44 1600.76 612.377 2172.68 58641.5 23593.8 5653.25 3147.27 675.648 2471.62 1804.14 1786.4 1347.8 953.156 754.845 45.0954 27.6447 709.749 17940.5 109.182
internal_count=7148776 7088409 700400 6388009 117243 21197 96046 5746 6270766 6235306 107816 18891 5256 88925 6127490 4917519 4431705 2247207 124251 2122956 1543433 1539155 598302 367843 263635 16979 5284 246656 485814 18729
is_linear=0
shrinkage=0.055


Tree=123
num_leaves=31
num_cat=0
split_feature=57 25 26 56 10 15 1 29 16 24 6 28 27 55 28 13 26 56 25 7 4 30 50 1 15 47 41 52 24 25
split_gain=189.718 294.803 254.057 243.846 325.544 309.87 298.971 216.084 193.245 192.281 333.087 320.885 274.501 296.028 250.272 299.236 238.762 209.153 355.842 206.741 203.704 216.266 339.177 255.645 212.895 243.823 238.596 262.562 388.358 229.169
threshold=16.500000000000004 -15.542226791381834 206.00000000000003 -0.026123046874999997 6.6220710277557382 6.4480974674224862 0.38750000298023229 0.6904762089252473 2301790.5000000005 -7.4660005569457999 -7.4707930088043204 10.500000000000002 162.84423828125003 0.87622070312500011 14.500000000000002 3.6762205362319951 3167.5000000000005 -0.021240234374999997 -8.9948916435241681 2.7396341562271123 1.0000000180025095e-35 0.6904762089252473 -13.688894271850584 0.73214286565780651 8.2914214134216326 -4.3086390495300284 -1.0000000180025095e-35 0.83777210116386425 -0.022009613923728463 -7.0752642154693595
decision_type=2 2 2 2 2 2 2 2 2 2 2 2 2 2 2 2 2 2 2 2 2 2 2 2 2 2 2 2 2 2
left_child=-1 3 -3 -2 -5 -6 8 -8 -7 10 -4 19 17 14 15 -14 -17 20 -19 -11 21 24 -23 -24 25 26 27 -13 -29 -30
right_child=1 2 9 4 5 6 7 -9 -10 11 -12 12 13 -15 -16 16 -18 18 -20 -21 -22 22 23 -25 -26 -27 -28 28 29 -31
leaf_value=0.010017810543205795 -0.043345896135563118 0.014067690943909446 0.027689703220913797 -0.054430423993405357 -0.052725955950882308 -0.053689619292671728 0.13313981098803776 -0.045290328563455405 0.090127959937986099 0.040400240609610331 0.25588290659428176 -0.054914179566030702 -0.049847683435840999 -0.042992203493959373 0.026136430359211687 0.070423672840368851 0.25265943522626422 -0.027488662525563003 0.0040076418672323902 -0.029877012223984093 0.015303565551540057 0.1552854405346297 0.021734898547561492 -0.012258628513554193 0.009831949898299568 0.0026889557345437741 -0.0048594292873266444 -0.039827562634951436 0.053418909389503409 0.27482115696290438
leaf_weight=5975.7923881384486 856.74533594656532 3829.95800388309 201.09151487883355 190.00853499303776 91.346864046150586 79.092148112948053 140.69527066611045 21.387130842791521 37.585935671726475 133.44397485667287 16.646768123544462 566.35978951351717 25.578730745713983 162.39871852805663 973.87326138124627 55.6682031045857 37.853388613832067 2229.5937606387015 2107.1806099410605 1564.1611132140752 2616.5672145885765 45.2637285633391 2153.3966148030158 966.10408900227048 4672.9764708333678 16809.344700072936 26253.323466292648 127.79415225154662 57.50243329940713 15.449470588369875
leaf_count=76846 1196564 134794 78508 185204 99817 47327 25870 12318 7731 6467 1178 2147909 9913 8518 79873 2378 4330 9511 3212 528985 6057 603 5267 3594 291653 105328 2022800 41840 4337 596
internal_value=0.000631804 -0.000205548 0.00033128 -0.0249823 0.00324126 0.0331801 0.0617636 0.108945 -0.00556133 -0.000521198 0.0504882 -0.000705662 -3.61582e-05 0.0253599 0.0356655 0.109391 0.153264 -0.000582134 -0.012198 -0.0242503 0.000346902 -0.000411947 0.0135068 0.0112044 -0.00132143 -0.00251155 -0.00574667 -0.0358835 0.017837 0.114927
internal_weight=73014.2 67038.4 65621.5 1416.86 560.116 370.107 278.76 162.082 116.678 61791.6 217.738 61573.8 59876.2 1255.37 1092.97 119.1 93.5216 58620.9 4336.77 1697.61 54284.1 51667.5 3164.76 3119.5 48502.8 43829.8 27020.4 767.106 200.746 72.9519
internal_count=7149328 7072482 5497651 1574831 378267 193063 93246 38188 55058 5362857 79686 5283171 4747719 105012 96494 16621 6708 4642707 12723 535452 4629984 4623927 9464 8861 4614463 4322810 4217482 2194682 46773 4933
is_linear=0
shrinkage=0.055


Tree=124
num_leaves=31
num_cat=0
split_feature=50 26 41 43 54 54 40 49 49 56 3 56 27 1 24 31 25 47 54 8 50 48 2 16 45 19 39 28 14 8
split_gain=197.33 181.793 223.445 288.305 245.029 202.054 215.759 185.965 222.221 205.704 188.207 164.466 156.398 153.46 255.402 212.307 250.046 285.602 327.039 221.996 262.213 372.425 420.127 328.12 319.107 284.766 302.163 486.606 327.632 266.33
threshold=-118.84025573730467 352.50000000000006 -1.0000000180025095e-35 -1.0000000180025095e-35 580.50000000000011 456.50000000000006 2.6020033359527592 3.2608113288879399 5.1518654823303232 -100.89038085937499 0.86190477013587963 -0.020263671874999997 2927.7690429687505 0.15476191043853763 -14.442293167114256 2.8029010295867924 -10.900306224822996 -19.442476272583004 132.50000000000003 4.2555875778198251 -4.3781540393829337 159.50000000000003 0.16025641560554507 4138.5000000000009 0.84599551558494579 5.5000000000000009 1.0000000180025095e-35 5537.5000000000009 6.1706554889678964 4.0163424015045175
decision_type=2 2 2 2 2 2 2 2 2 2 2 2 2 2 2 2 2 2 2 2 2 2 2 2 2 2 2 2 2 2
left_child=-1 -2 4 11 5 7 -7 -3 9 -9 -10 -4 13 -5 -15 19 -17 18 -18 20 23 -22 -23 -16 -24 26 -25 -28 -29 -27
right_child=1 2 3 12 -6 6 -8 8 10 -11 -12 -13 -14 14 15 16 17 -19 -20 -21 21 22 24 25 -26 29 27 28 -30 -31
leaf_value=-0.039753521967987593 0.0096932983543695696 -0.056006380235411664 -0.076557333230539301 0.0035912602711986445 -0.054549200669756749 0.16018175940504975 -0.045548777389990448 -0.046839066503779531 -0.020652692719126682 0.13091988097129498 0.082049618512033407 0.057509197269157118 -0.057138093031024344 0.083231721009776091 0.044431153849851086 -0.050042768314778704 -0.02109310194654742 0.012193029169830344 0.15233402274901481 0.0032750768002028116 -0.0029291618433371891 -0.0095604753662433522 0.16828766001414186 -0.021617578219326444 0.036968075053971275 0.0072625603611914625 -0.038989890150373276 0.10608999971314313 0.013747736935332376 0.12189028845586369
leaf_weight=362.03522821335355 6181.4248205993208 218.45380626856786 207.93622600533854 29380.031468922985 458.8843216087771 37.921841237723129 21.227725016171462 24.711498537057196 536.87177590712963 63.013324456696864 55.011327105516102 28.106729839790205 136.94329369916522 101.54557587980526 285.02991282005678 177.88735396179254 48.938790121785132 2561.1020084446645 88.878543292739778 10399.399284184139 11634.906791069952 196.87447105508181 103.88869554648409 7397.7598403207812 122.75863948045298 261.27232315098809 533.48184944994864 126.49660278433294 1022.2003687828692 75.406000687857158
leaf_count=624628 576419 246264 35631 2042885 2202993 11972 40017 16801 26626 5175 233 942 125155 60219 12540 36620 1068 24888 5016 252945 26836 3193 596 651958 623 13395 68781 3531 30451 797
internal_value=0.000472673 0.000676306 -0.000164965 0.000307479 -0.0217391 -0.00580824 0.0885533 -0.0124791 0.00181919 0.0810208 -0.0104999 -0.0597316 0.000531273 0.000658098 -0.00179459 -0.00205286 0.0122491 0.0164397 0.0921678 -0.00333394 -0.00649249 -0.00107578 0.0492801 -0.013221 0.0994944 -0.0149888 -0.0168359 0.00419446 0.0243323 0.0343438
internal_weight=72850.4 72488.4 66306.9 64890.8 1416.1 957.211 59.1496 898.062 679.608 87.7248 591.883 236.043 64654.8 64517.9 35137.8 35036.3 2876.81 2698.92 137.817 32159.5 21760.1 12058.4 423.522 9701.65 226.647 9416.62 9079.94 1682.18 1148.7 336.678
internal_count=7149198 6524570 5948151 3398070 2550081 347088 51989 295099 48835 21976 26859 36573 3361497 3236342 1193457 1133238 67592 30972 6084 1065646 812701 31248 4412 781453 1219 768913 754721 102763 33982 14192
is_linear=0
shrinkage=0.055


Tree=125
num_leaves=31
num_cat=0
split_feature=18 16 16 9 15 52 14 26 50 47 26 42 54 39 26 42 45 8 50 51 14 48 49 49 10 11 51 41 3 49
split_gain=180.507 172.407 224.36 251.271 241.073 228.012 213.451 210.784 271.771 256.497 206.502 187.901 200.209 218.703 184.03 179.008 225.274 215.59 217.993 249.87 173.924 187.367 173.641 173.065 171.792 164.889 157.874 153.69 629.373 310.419
threshold=1.0000000180025095e-35 2169981.0000000005 2097573.5000000005 4.9289126396179208 7.6978023052215585 0.75129297375679027 6.3144531250000009 47.500000000000007 -12.129186630249022 -113.81650161743163 384.50000000000006 -1.0000000180025095e-35 33.500000000000007 1.0000000180025095e-35 417.50000000000006 -1.0000000180025095e-35 0.8388592302799226 2.9174053668975835 -11.108977317810057 232.50000000000003 6.4575538635253915 25.500000000000004 8.9676342010498065 5.1518654823303232 8.0035300254821795 1.0000000180025095e-35 9.5000000000000018 1.0000000180025095e-35 0.34057971835136419 3.9328949451446538
decision_type=2 2 2 2 2 2 2 2 2 2 2 2 2 2 2 2 2 2 2 2 2 2 2 2 2 2 2 2 2 2
left_child=-1 2 11 4 5 10 26 -5 -9 -10 -4 12 13 14 -2 16 22 18 19 -17 21 -8 -11 -21 -15 -19 -7 28 29 -13
right_child=1 -3 3 7 -6 6 20 8 9 15 -12 27 -14 24 -16 17 -18 25 -20 23 -22 -23 -24 -25 -26 -27 -28 -29 -30 -31
leaf_value=-0.077961680138398312 0.039258210824403714 0.0040299479243394989 0.20059133302173718 0.057504374902797369 -0.056978503000179113 -0.0077029901211604209 -0.047857696621713491 -0.050520797950578032 0.091424626638397302 -0.037816310602020099 0.014920803323681205 -0.018286297080265551 -0.052206460690420335 0.0018961383811930805 -0.051195507932251 -0.051407302249071564 -0.071623150653861309 0.0040801887883274504 -0.030820892200317043 -0.030891591242514987 -0.016097215084925936 0.081844440857485296 0.20626269500657424 0.28370999043778444 0.21710945185709871 -0.069983503902632097 -0.065474973669427616 0.0024466684388581355 -0.046338260152606635 0.0030990349246926749
leaf_weight=84.873788984259591 113.86753383293399 22479.254277552005 21.15808939843555 155.49509140006558 594.57291634932335 231.97494757082313 41.606194060208509 385.73494999360992 81.003310408639663 9.7898389588226546 61.959396171463595 2578.5578641583925 422.9751660160764 20.988115951942746 154.66023109509842 17.734634540320258 16.081932537061221 2939.2030792147416 1105.2308801956096 5.9695420766074703 424.70844774180296 126.23241139156744 31.670920176795335 14.89407378459873 19.328923450259026 88.830673719443439 374.73418308873079 28725.841235684289 1008.8569409476841 9998.4735843426242
leaf_count=60369 757 2219297 9201 9585 71500 469 185 289385 1762 22832 79345 1255164 825408 334 4835 1661 1807 44105 26956 4426 32513 7822 493 159 38 2687 48422 1078852 906010 142967
internal_value=-6.42054e-05 3.26893e-05 -0.00177287 -0.0111087 -0.0281687 -0.0146416 -0.0208389 -0.00448646 -0.00659803 -0.00261343 0.0708846 -0.000312374 -0.0278482 0.00581165 -0.0128227 -0.00452032 0.0878535 -0.00589807 -0.0261847 0.0948789 0.00266601 0.0492377 0.150763 0.205125 0.117645 0.00179566 -0.0436294 0.000167118 -0.00465186 -0.00129094
internal_weight=72336.3 72251.4 49772.1 6728.59 1876.95 1282.37 1199.26 4851.64 4696.14 4310.41 83.1175 43043.5 731.82 308.845 268.528 4229.41 57.5427 4171.86 1143.83 38.5983 592.547 167.839 41.4608 20.8636 40.317 3028.03 606.709 42311.7 13585.9 12577
internal_count=7149346 7088977 4869680 655315 249457 177957 89411 405858 396273 106888 88546 4214365 831372 5964 5592 105126 25132 79994 33202 6246 40520 8007 23325 4585 372 46792 48891 3382993 2304141 1398131
is_linear=0
shrinkage=0.055


Tree=126
num_leaves=31
num_cat=0
split_feature=26 47 48 47 50 49 42 55 50 54 7 45 7 8 8 14 6 15 7 48 8 15 15 56 57 10 3 51 46 40
split_gain=196.659 258.094 333.041 263.392 427.505 279.485 259.023 227.346 214.352 327.355 317.071 329.608 272.681 437.402 350.271 358.687 290.032 251.466 489.768 380.971 223.814 222.93 413.944 211.009 191.992 178.181 177.978 211.747 224.781 201.615
threshold=2650.5000000000005 -4.3086390495300284 76.500000000000014 -15.54800510406494 -17.114152908325192 8.9676342010498065 -1.0000000180025095e-35 0.87231445312500011 -18.715316772460934 264.50000000000006 1.3069813251495364 0.77243167161941539 1.6407595872879031 3.3140207529067998 3.1984648704528813 6.4762027263641366 -0.023629202507436272 6.1851787567138681 1.0000000180025095e-35 117.50000000000001 4.6959142684936532 6.1851787567138681 7.2940375804901132 -100.91137695312499 25.500000000000004 9.2098903656005877 0.62828946113586437 831.50000000000011 2.4594056606292729 2.9700856208801274
decision_type=2 2 2 2 2 2 2 2 2 2 2 2 2 2 2 2 2 2 2 2 2 2 2 2 2 2 2 2 2 2
left_child=1 2 3 -1 -5 -6 -4 -7 21 20 17 -12 13 14 15 -13 26 18 19 -11 -10 -8 -23 -16 -24 -20 27 28 29 -14
right_child=-2 -3 6 4 5 7 8 -9 9 10 11 12 16 -15 23 -17 -18 -19 25 -21 -22 22 24 -25 -26 -27 -28 -29 -30 -31
leaf_value=-0.050711643979248801 -0.0021580266593977143 0.010042729806761073 -0.055055570339805786 0.13760188008153323 -0.014959802404218502 0.011714019162830797 -0.03466655860141292 -0.019438075033839 0.009996963161945132 0.48472665621103939 -0.053902409770262331 0.1998360835165181 0.12193521326387548 -0.050711650994039924 0.55311755283541919 -0.049936947600995887 -0.056196187398782835 -0.045047613703552605 -0.05069031361566622 -0.029811076075847539 -0.026003431906432561 0.029919375526683525 0.024159088714281594 -0.018071881797220586 -0.056713754450108317 0.15346691836397064 0.031094745941236249 -0.032804907663274402 -0.053568277308255564 0.041341914047377151
leaf_weight=403.66814774966042 41977.616769517364 11725.466774838242 192.61423565066798 57.661924651096342 5177.0983116048883 3033.4479116485454 622.15855404858303 919.39261870842893 4487.8579916478047 7.6958763795992109 95.471208029084664 58.300092598779884 284.96195199222711 28.850083692886983 6.2551195110936533 21.615593103058927 80.994615234507364 238.79683238241705 52.704065842837736 5.7896783819232951 586.2914874888229 776.9251633247768 116.69329562371422 1.9949341665924274 337.23410294785572 11.672087317376279 737.57505108782061 48.645451109521673 30.007177246341598 149.43253120671579
leaf_count=25523 3625503 60848 629746 1643 105548 7691 628825 2640 149439 677 227759 14009 60456 23306 365 21005 80248 284357 75182 6979 20211 490536 14538 1567 409064 4779 82358 49687 5522 39898
internal_value=0.000279237 0.00365592 -0.000378058 -0.00750302 -0.00557805 -0.00655715 0.00723138 0.00445294 0.00862712 0.0130655 0.0327664 0.0430255 0.0495769 0.128696 0.186974 0.133315 0.0421689 -0.0171502 0.0659648 0.31551 0.0058158 -0.00797417 0.00560369 0.460299 -0.0358867 -0.00528169 0.0487377 0.073557 0.084929 0.0949969
internal_weight=72274.9 30297.3 18571.8 9591.27 9187.6 9129.94 8980.54 3952.84 8787.92 6934.91 1860.76 1544.1 1448.63 117.016 88.1657 79.9157 1331.62 316.659 77.8617 13.4856 5074.15 1853.01 1230.85 8.25005 453.927 64.3762 1250.62 513.047 464.402 434.394
internal_count=7149909 3524406 3463558 143045 117522 115879 3320513 10331 2690767 1147804 978154 606180 378421 60252 36946 35014 318169 371974 87617 7656 169650 1542963 914138 1932 423602 79961 237921 155563 105876 100354
is_linear=0
shrinkage=0.055


Tree=127
num_leaves=31
num_cat=0
split_feature=18 25 45 22 7 23 24 57 19 13 53 40 45 50 51 48 53 16 50 39 45 38 41 51 49 51 16 47 1 14
split_gain=176.784 175.646 228.434 199.275 254.286 332.642 250.55 201.095 191.886 319.062 247.451 237.264 209.847 288.757 287.526 302.645 190.684 196.715 185.967 285.977 216.56 189.279 184.456 240.885 292.798 204.032 202.375 187.903 182.294 279.957
threshold=1.0000000180025095e-35 -5.1150395870208731 0.81146711111068737 2.6735538244247441 2.5561521053314213 2.5000000000000004 -3.9246675968170162 6.5000000000000009 1.5000000000000002 2.7403194904327397 -0.065429478883743272 2.5249279737472539 0.78262481093406688 -9.4043130874633771 120.50000000000001 117.50000000000001 -0.07470607757568358 2097890.5000000005 -109.93559646606444 1.0000000180025095e-35 0.88269880414009105 1.0000000180025095e-35 1.0000000180025095e-35 858.50000000000011 -1.3100154399871824 215.50000000000003 4140.5000000000009 -115.67975616455077 0.53571429848670971 8.0534100532531756
decision_type=2 2 2 2 2 2 2 2 2 2 2 2 2 2 2 2 2 2 2 2 2 2 2 2 2 2 2 2 2 2
left_child=-1 3 -3 7 6 -6 -5 -2 9 -9 11 -11 13 -13 -15 -16 -14 -18 19 20 -8 -21 23 24 25 -10 -25 -26 -24 -30
right_child=1 2 -4 4 5 -7 18 8 22 10 -12 12 16 14 15 -17 17 -19 -20 21 -22 -23 28 26 27 -27 -28 -29 29 -31
leaf_value=-0.078378533311178597 0.016398345129675567 -0.020832425148508988 0.031852605918091366 0.082531792625222103 -0.033824839726262795 -0.0051190750556511719 -0.05110263928037842 -0.068542668492511866 -0.05620971336266576 -0.062517012473369452 0.010826781020118985 -0.047329451496605938 -0.019056019673411483 0.082607562699258591 0.48977195142695457 0.14615016156284386 0.0027274680873838929 0.1730994907670515 -0.0022623787586391318 0.1080539087086857 0.12990322842711707 0.52310981826614955 0.0042462081523337563 0.04457973458279843 -0.061318203808597711 0.072042793262348623 -0.036310219181523024 -0.0031877611007971648 -0.011174371847174538 0.046557870218732922
leaf_weight=81.774705443240236 2545.8716936956625 321.12737596343504 1059.356522043774 103.51710788279888 1912.2030029128946 3369.5541510844487 46.142746760029695 130.79391139338259 40.561645069130464 43.203825768083334 2475.9953108223854 30.13060697990295 117.30676643735933 136.75533192015428 7.5428104680977404 42.850314198622073 40.493795165348274 36.862332233358757 9650.0868773577386 16.046232165856058 28.00355129269883 1.1821683401576581 25815.269280584638 98.684985380226863 164.80338806580403 237.32303939361009 1025.0225830179552 18156.07665741958 4246.208880488397 265.33793551632698
leaf_count=60407 21523 18893 3499 558 728827 283779 70005 30824 10186 48579 93130 75287 85336 3084 722 19837 11457 4987 663380 9298 25 250 1103964 83040 92317 141039 1725101 1647056 109344 3847
internal_value=7.75755e-05 0.000171904 0.0195661 -0.000207693 -0.00580431 -0.0155338 -0.000579243 0.00131376 0.000589214 0.0139434 0.0177346 0.054787 0.0676918 0.1043 0.129309 0.237149 0.0252413 0.0894946 -0.0015043 0.0745198 0.0211474 0.247795 -0.000229085 -0.00436887 -0.00287085 0.0526597 -0.0290404 -0.00372725 0.00246342 -0.00773118
internal_weight=72246.1 72164.3 1380.48 70783.8 15126.7 5281.76 9844.98 55657.1 53111.2 3061.94 2931.14 455.146 411.942 217.279 187.148 50.3931 194.663 77.3561 9741.46 91.3747 74.1463 17.2284 50049.3 19722.5 18598.8 277.885 1123.71 18320.9 30326.8 4511.55
internal_count=7149581 7089174 22392 7066782 1756122 1012606 743516 5310660 5289137 373243 342419 249289 200710 98930 23643 20559 101780 16444 742958 79578 70030 9548 4915894 3698739 1890598 151225 1808141 1739373 1217155 113191
is_linear=0
shrinkage=0.055


Tree=128
num_leaves=31
num_cat=0
split_feature=13 26 15 32 57 19 53 14 51 31 28 57 15 56 49 51 55 48 49 9 55 28 13 36 10 47 39 16 47 45
split_gain=275.955 208.075 302.561 205.108 238.275 201.156 360.676 383.49 232.87 249.692 252.824 216.941 211.852 367.219 224.758 226.807 200.567 220.801 197.168 234.037 190.365 189.591 187.321 258.589 304.871 337.213 256.256 294.031 375.211 242.573
threshold=2.2499048709869389 1642.0000000000002 5.1269311904907235 2.1383330821990971 6.5000000000000009 1.5000000000000002 -0.055660784244537347 6.3144531250000009 1618.5000000000002 1.4978661537170412 5283.0000000000009 16.500000000000004 7.4286303520202646 -100.84033203124999 1.0000000180025095e-35 9.5000000000000018 0.89233398437500011 49.500000000000007 8.9676342010498065 4.9491856098175058 0.90112304687500011 24145.000000000004 3.8176519870758061 1.0000000180025095e-35 6.5517940521240243 -6.1165621280670157 1.0000000180025095e-35 2169981.0000000005 -20.298196792602536 0.82074075937271129
decision_type=2 2 2 2 2 2 2 2 2 2 2 2 2 2 2 2 2 2 2 2 2 2 2 2 2 2 2 2 2 2
left_child=-1 -2 3 4 -3 6 7 -4 -8 10 -10 18 -9 14 -14 -16 22 -18 19 -7 -21 -5 23 26 -25 -26 29 -28 -29 -13
right_child=1 2 5 21 -6 11 8 12 9 -11 -12 16 13 -15 15 -17 17 -19 -20 20 -22 -23 -24 24 25 -27 27 28 -30 -31
leaf_value=-0.029357129929749863 0.0049066334828859809 0.027994173329216242 -0.039816732471136575 -0.0097935053458028543 -0.042450345488330418 -0.018149827645673265 -0.003410213390108871 0.031993949712118074 -0.052078251000358053 -0.028849863963730234 0.094131088844452246 0.0083012034560080768 -0.049735348124646438 0.25366694695614922 -0.0920016111348088 0.11077177636858865 -0.013154783920916031 -0.069476513903872258 0.00461341277450791 0.060955752250908879 -0.072840304611740972 0.078422218871252378 0.0036539839510786624 0.0013494413192941914 -0.05248508095460807 -0.010991145195133219 0.0064173767528452365 0.23726101353694831 0.040383438429464083 -0.0078115886495689017
leaf_weight=951.92497868067585 21424.671435320837 161.55377872195095 119.37587888155394 328.0396418851451 1205.6726202381469 180.18394618634193 2272.5967070329352 270.32133279875416 39.120772552792914 100.5582878395071 222.60395437771513 3432.0507081038013 35.249191675138718 36.614462340949103 14.504810222715603 192.61515603373846 1501.2352527609328 240.72423417377286 3011.3579468624666 537.99775417947967 30.083856790486607 89.741222218857729 12000.069060786671 1555.5651131295017 1086.1247183899686 1303.8514159623446 3561.1559469956919 29.06325243293395 235.33275831837091 15916.735955416108
leaf_count=148838 2503631 1350 104261 40387 260152 6965 29426 122891 13617 19914 12497 1333445 65543 7454 131 2035 4580 33749 6505 8295 2092 3845 983648 172558 330023 10046 241875 10141 14485 654913
internal_value=-1.83952e-05 0.000376251 -0.00157661 -0.023778 -0.0340548 -0.000747304 0.012338 0.0482521 0.00314955 0.0437851 0.0717102 -0.00171735 0.0675778 0.100887 0.0731453 0.0947375 -0.00288099 -0.0211145 0.0109169 0.0360859 0.0532966 0.00985899 -0.00206648 -0.00459789 -0.0176046 -0.0299183 -0.00238012 0.010618 0.0660268 -0.00495213
internal_weight=72086.7 71134.8 49710.1 1785.01 1367.23 47925.1 3303.56 668.681 2634.88 362.283 261.725 44621.5 549.305 278.984 242.369 207.12 40861.9 1741.96 3759.62 748.266 568.082 417.781 39119.9 27119.9 3945.54 2389.98 23174.3 3825.55 264.396 19348.8
internal_count=7149292 7000454 4496823 305734 261502 4191089 377769 302315 75454 46028 26114 3813320 198054 75163 67709 2166 3789463 38329 23857 17352 10387 44232 3751134 2767486 512627 340069 2254859 266501 24626 1988358
is_linear=0
shrinkage=0.055


Tree=129
num_leaves=31
num_cat=0
split_feature=26 42 35 46 33 13 53 40 31 1 45 14 7 50 47 53 7 23 33 50 48 50 57 52 10 24 10 24 33 8
split_gain=181.871 220.105 192.019 268.637 239.999 335.24 293.234 239.368 234.251 243.09 201.768 325.625 350.125 234.073 335.442 265.93 482.085 241.586 228.631 227.588 275.032 220.504 253.305 219.298 209.838 205.638 195.771 292.99 220.993 194.572
threshold=1033.5000000000002 -1.0000000180025095e-35 1.2424533367156985 5.3108456134796151 5.3008110523223886 2.8029010295867924 -0.051757156848907464 2.5249279737472539 3.3140207529067998 0.64583334326744091 0.80526497960090648 7.9716033935546884 0.066538445651531233 -11.27513265609741 -11.040486812591551 -0.07079982757568358 3.579939723014832 6.5000000000000009 4.8080360889434823 -10.343842029571531 117.50000000000001 -8.3105449676513654 233.50000000000003 0.79616025090217601 6.908255100250245 -0.035221204161643975 5.8593597412109384 -0.061153257265686982 5.3155903816223153 3.8393945693969731
decision_type=2 2 2 2 2 2 2 2 2 2 2 2 2 2 2 2 2 2 2 2 2 2 2 2 2 2 2 2 2 2
left_child=2 -2 4 8 29 -6 7 -7 10 -10 11 -4 25 14 15 16 -12 -18 19 20 -15 23 -23 -20 -24 -13 27 -9 -29 -1
right_child=1 -3 3 -5 5 6 -8 26 9 -11 13 12 -14 18 -16 -17 17 -19 21 -21 -22 22 24 -25 -26 -27 -28 28 -30 -31
leaf_value=0.012800958568996684 -0.031070678832054617 -0.00064048468548278043 -0.04601944251848266 0.011036442505241086 -0.038462444849904687 -0.026287900738746203 0.02065245875856063 0.01099709447286178 0.021359123407039139 0.17009238069341115 0.10343391277729835 -0.033300662741297248 -0.051656051045426581 -0.066626768383242455 0.048568148314088774 -0.046108172996491094 -0.04972039663877105 0.067674052080457875 0.053393876818964188 0.012137131855557327 0.1141020070962675 0.034043025087885335 0.0075779193164921214 -0.053855914272219717 -0.045279950324919049 0.3669763616576826 0.063295632148983122 0.43639659650448659 0.14426248587302223 -0.016301102539092161
leaf_weight=2353.494573386095 723.4845600428016 55419.835794427308 642.19182001551962 4657.9093063452601 209.94757154020044 72.992348920459335 1520.6443919207231 28.286521518770314 249.02553840723704 33.759687802739791 107.54709281210671 4.0902706453125566 16.352361390418082 27.845462199555186 176.53420260830899 1024.5101324412244 275.66889970863122 60.801371634057432 62.212336455537297 1198.1293106510275 130.95538354095333 488.0511224840302 536.07355880008254 438.42919760531368 387.78125014864781 11.11190118781815 461.99399132603867 8.8887584534240869 41.439260027029377 980.49649426063115
leaf_count=278615 1108818 4206193 418425 15592 45885 47412 13539 11871 28193 1400 27579 1063 8532 873 5184 205849 444077 15707 2261 17516 2551 1022 6594 16560 7305 240 120230 882 3699 85141
internal_value=0.000446331 -0.00103535 0.00557777 0.00117958 0.0137251 0.0271905 0.0337237 0.0656884 -0.00664326 0.041762 -0.00912787 -0.0372398 0.123295 -0.00524 -0.0221281 -0.0307626 0.00476432 -0.0278265 0.00327821 0.0205054 0.0813451 -0.00896588 0.0021879 -0.0401323 -0.0147331 0.277692 0.0782341 0.156988 0.230633 0.00423071
internal_weight=72350.5 56143.3 16207.2 10529 5678.18 2344.19 2134.25 613.601 5871.07 282.785 5588.29 673.746 31.5545 4914.54 1645.06 1468.53 444.017 336.47 3269.48 1356.93 158.801 1912.55 1411.91 500.642 923.855 15.2022 540.609 78.6145 50.328 3333.99
internal_count=7148808 5315011 1833797 1226523 607274 243518 197633 184094 1210931 29593 1181338 428260 9835 753078 698396 693212 487363 459784 54682 20940 3424 33742 14921 18821 13899 1303 136682 16452 4581 363756
is_linear=0
shrinkage=0.055


Tree=130
num_leaves=31
num_cat=0
split_feature=13 12 42 26 25 14 43 46 8 51 55 14 15 7 28 16 47 0 22 16 10 53 51 14 24 24 46 24 1 46
split_gain=199.527 219.566 232.136 242.3 230.458 212.11 204.525 219.691 242.139 226.546 201.06 192.914 206.585 276.408 199.326 184.863 194.509 183.672 244.204 199.84 233.141 232.245 225.694 297.729 216.019 215.158 198.329 286.85 188.836 293.153
threshold=2.9700856208801274 1.0000000180025095e-35 1.0000000180025095e-35 47.500000000000007 -14.866768836975096 8.4613633155822772 -1.0000000180025095e-35 4.6248388290405282 3.7494349479675297 42.500000000000007 0.92065429687500011 8.2851347923278826 7.9151654243469247 1.8033267855644228 7234.0000000000009 1287632.0000000002 -14.776613235473631 0.58571431040763866 5.9094176292419442 2301565.5000000005 9.2104907035827654 -100.87939834594725 120.50000000000001 6.4240579605102548 -6.4125721454620352 -6.2323596477508536 2.6922756433486943 -5.1662893295288077 0.53571429848670971 7.7517473697662362
decision_type=2 2 2 2 2 2 2 2 2 2 2 2 2 2 2 2 2 2 2 2 2 2 2 2 2 2 2 2 2 2
left_child=11 2 3 -2 5 10 -6 8 -8 -10 -4 12 -1 14 -14 16 -9 18 19 21 24 -5 -22 -24 -21 -26 -19 -28 -23 -30
right_child=1 -3 4 17 6 -7 7 15 9 -11 -12 -13 13 -15 -16 -17 -18 26 -20 20 22 28 23 -25 25 -27 27 -29 29 -31
leaf_value=-0.01300058245208119 0.02518919184675189 -0.023254454754803498 -0.057131198185629437 -0.052601144095192037 -0.044647548915466607 0.082417417594739015 0.008203888468194356 -0.056472114145103433 0.002310421195551977 0.05038099303714165 0.065597225467404763 0.03404398015087224 0.00059510785226711852 -0.018735385993726199 0.087053047596005184 0.013777172498881593 0.0010256856296326161 0.026138785066883208 -0.07687899578859432 -0.056126739290872509 -0.053581663933728534 -0.00367260619687874 -0.055422860911953614 0.088426528184917919 0.12123529481778106 0.0058427095176546507 -0.040783199863890833 0.0039600662113974516 0.0069681683676894295 -0.034090005365724964
leaf_weight=7021.2832828823957 1053.2055721884826 1135.5215005610298 363.99359536945849 313.5138539995969 214.75717910690582 39.877206629535067 1974.5333091159264 177.76235485463985 405.93715070595499 1100.7611084950258 41.144164344790624 304.14305358823185 131.65338431076816 297.58230194332282 203.55612502979784 4539.6691707472783 6791.7798125158879 1143.5568206985918 131.64792002957984 164.9311156778349 392.76581935783906 21162.653234378471 76.414283034144319 89.06173385753209 44.153885234576592 9283.5096724821342 447.13838157087594 10479.87673113124 794.97431890940061 1541.5011151392682
leaf_count=985592 113418 164175 286146 1061149 15344 9972 53716 5318 1382 28592 2281 24880 8334 33198 5186 13117 27271 189606 69255 177916 8623 2654756 68899 29979 4768 977023 18171 35863 66287 9107
internal_value=-0.000361561 0.000661385 0.00109585 -0.000831925 0.00689832 -0.0318999 0.00804395 0.00881346 0.0209104 0.0374802 -0.0440196 -0.0085711 -0.0102856 0.0197051 0.0536045 0.00514695 -0.000480263 -0.00142952 -0.00349887 -0.00320229 0.00329997 -0.00594687 -0.0310837 0.0223218 0.00533731 0.0064536 0.00439756 0.00211134 -0.00531338 -0.0201351
internal_weight=71862.9 63904.6 62769.1 47118.9 15650.2 445.015 15205.2 14990.4 3481.23 1506.7 405.138 7958.22 7654.08 632.792 335.21 11509.2 6969.54 46065.7 33995.1 33863.5 10050.8 23812.6 558.242 165.476 9492.59 9327.66 12070.6 10927 23499.1 2336.48
internal_count=7149324 6092134 5927959 5484820 443139 298399 144740 129396 83690 29974 288427 1057190 1032310 46718 13520 45706 32589 5371402 5127762 5058507 1267208 3791299 107501 98878 1159707 981791 243640 54034 2730150 75394
is_linear=0
shrinkage=0.055


Tree=131
num_leaves=31
num_cat=0
split_feature=25 57 15 47 6 54 7 8 48 15 9 55 19 15 45 55 24 37 10 32 40 53 56 47 47 46 28 2 23 45
split_gain=195.819 288.257 230.931 292.809 225.064 441.086 219.891 217.771 206.273 249.44 302.663 263.501 222.597 210.272 202.722 238.718 226.064 220.182 336.564 249.531 231.168 194.748 232.846 201.182 182.817 261.374 309.293 260.548 252.136 182.684
threshold=-10.900306224822996 102.50000000000001 8.6122307777404803 -108.40282440185545 -3.875985741615295 349.50000000000006 5.2600364685058603 3.1567740440368657 41.500000000000007 6.6140549182891855 4.999742031097413 0.85766601562500011 1.5000000000000002 7.766205072402955 0.86999589204788219 0.86791992187500011 -2.8694319725036617 1.0000000180025095e-35 7.8242459297180185 1.0000000180025095e-35 3.0201274156570439 -0.055660784244537347 -100.84033203124999 -107.87971115112303 -4.3086390495300284 1.4640176296234133 67.000000000000014 0.31666667759418493 1.0000000180025095e-35 0.82563745975494396
decision_type=2 2 2 2 2 2 2 2 2 2 2 2 2 2 2 2 2 2 2 2 2 2 2 2 2 2 2 2 2 2
left_child=1 7 3 -3 5 -2 -7 8 -1 -10 12 -12 -11 -13 15 16 17 24 19 -19 -20 22 -18 -23 25 26 28 -28 29 -5
right_child=4 2 -4 14 -6 6 -8 -9 9 10 11 13 -14 -15 -16 -17 21 18 20 -21 -22 23 -24 -25 -26 -27 27 -29 -30 -31
leaf_value=-0.012642826374215052 0.0042553010516284363 -0.048194945961527111 0.043020595122301698 0.21439092362699808 0.000433714376473107 0.097217189098300016 0.0132597811469589 -0.010901794972756468 -0.0010117214125367217 0.065126934779877133 -0.042870898310349848 0.084309553436418563 -0.059378989308568872 -0.012005650325404888 -0.037840782316606668 0.075848596663838655 -0.033829788427021945 0.054342294912756842 0.047021050951576465 -0.045686705025736817 0.17816018363529573 0.12545608215158732 0.076693091208508646 -0.06141972506664034 0.051250853137271617 -0.0572973828061248 0.038439194893052295 0.28225732177920665 -0.02120403735353658 -0.038682960392044177
leaf_weight=589.35625803393486 1235.6873370597532 912.79642360613798 173.94559105216467 19.664929305967238 62056.251945201089 278.53484996672341 144.09198080569331 1908.3666769408883 617.90996264143178 60.920027723070234 63.181162620647228 542.59158025583747 123.19700129595003 77.059262785238388 735.50229037932149 101.03569523774058 155.69998859455882 125.94054694440274 136.1791245018976 173.0101497799551 56.651106282501132 13.573576317561672 84.965454345699982 453.62125791544167 120.70405794895487 340.85648560261325 45.397361596405972 14.979540463777083 485.81770198560116 11.217755929486882
leaf_count=4536 17154 1233253 33385 2061 4511738 24531 10319 181256 175790 3691 18335 35481 34134 8891 102592 7743 103238 22028 30442 90001 8320 548 3407 17987 887 34836 4092 228 419522 9083
internal_value=-5.77968e-05 -0.00808567 -0.0181991 -0.0209201 0.000968898 0.0209346 0.0690822 0.00249181 0.0148111 0.0257137 0.0446586 0.061438 -0.0175502 0.0723317 -0.0127581 -0.00480804 -0.00860982 0.00329599 0.0334253 -0.00334622 0.0890772 -0.0341932 0.0059564 -0.0547194 -0.0110616 -0.0194887 0.0031437 0.115891 -0.0110154 0.129884
internal_weight=71858.7 8144.14 4161.56 3987.61 63714.6 1658.31 422.627 3982.58 2074.22 1484.86 866.949 682.832 184.117 619.651 3074.82 2339.31 2238.28 1530.42 491.781 298.951 192.83 707.86 240.665 467.195 1038.64 917.934 577.077 60.3769 516.7 30.8827
internal_count=7149509 2585767 2123653 2090268 4563742 52004 34850 462114 280858 276322 100532 62707 37825 44372 857015 754423 746680 621500 150791 112029 38762 125180 106645 18535 470709 469822 434986 4320 430666 11144
is_linear=0
shrinkage=0.055


Tree=132
num_leaves=31
num_cat=0
split_feature=18 7 22 23 53 50 15 26 35 6 50 54 36 57 57 19 13 51 10 54 27 35 15 13 22 45 52 25 51 31
split_gain=156.887 151.485 217.972 295.986 256.538 215.25 231.85 214.294 190.077 182.341 261.298 401.474 217.643 266.405 287.955 221.396 218.08 212.356 250.748 210.095 206.4 254.456 203.133 317.505 196.58 184.326 260.617 372.077 411.208 325.153
threshold=1.0000000180025095e-35 2.6649526357650761 2.6020033359527592 2.5000000000000004 -0.02343538403511047 -8.5442018508911115 6.5345149040222177 9.5000000000000018 0.89587974548339855 -2.2072641849517818 -12.829568862915037 93.500000000000014 1.0000000180025095e-35 314.50000000000006 305.50000000000006 5.5000000000000009 3.4811217784881596 433.50000000000006 6.908255100250245 14.500000000000002 1193.4531250000002 1.8317808508872988 4.1971738338470468 2.6735538244247441 2.4414010047912602 0.7909640669822694 0.80018281936645519 -7.5029449462890616 120.50000000000001 1.7005987167358401
decision_type=2 2 2 2 2 2 2 2 2 2 2 2 2 2 2 2 2 2 2 2 2 2 2 2 2 2 2 2 2 2
left_child=-1 -2 9 4 7 6 -6 -4 -8 10 20 12 13 14 16 -15 -12 -13 24 -11 21 -3 23 -21 -19 -24 27 -27 -29 -30
right_child=1 2 3 -5 5 -7 8 -9 -10 19 11 17 -14 15 -16 -17 -18 18 -20 22 -22 -23 25 -25 -26 26 -28 28 29 -31
leaf_value=-0.076187123994345185 0.00222087530390734 0.01818652819033734 0.036410634555432156 -0.0031644766233125603 -0.065533222572370278 -0.021069184419804942 0.14722166284911287 -0.052118773089532749 0.010656835490104514 0.0053238988968849895 -0.026751684906847338 0.024969929909891136 0.028985706865848435 -0.073562348302881178 0.20599534023505209 0.073745979755940896 0.010878120423821669 -0.027125487325705536 0.10949854479440996 0.18836143100987449 -0.042644499065196032 -0.02179377909030969 -0.051739211431764881 -0.012708152408954671 0.19468495217613577 0.0035684079530062677 -0.01291106230926925 0.028594754954382764 0.12985290785562242 0.50473668297678798
leaf_weight=75.804086902411655 48987.900464477869 1001.247742423111 85.822104578306607 3164.0223264369779 35.086169375979807 463.64413224766031 66.20698349038139 1119.8545390740983 55.846794288780075 3841.1031151803181 706.22423680924112 1668.4306219527352 644.03966450205189 252.74002043906512 15.312590860470662 30.996777593158185 1345.6948514861433 87.522943995027163 201.11039877940493 34.527997876095469 436.85090619487164 918.52629250002065 328.9852627382279 58.086960411339533 8.9031010512553603 364.85928929442889 5928.3724273241314 61.409173801810539 29.770327712925791 7.252276194485602
leaf_count=60468 3385583 438067 11261 271531 1217 2296 305 715693 1121 9116 10731 87685 5873 8181 207 92 15031 34533 40715 2230 688739 545870 379124 14873 415 154795 253606 1176 6312 2274
internal_value=0.000407131 0.000493116 -0.00319255 -0.0133554 -0.0309526 -0.0021881 0.0524526 -0.0456928 0.0876136 -0.000367585 0.00631472 0.0134736 0.000786132 -0.00698416 -7.19641e-05 -0.0564713 -0.00210676 0.032751 0.0752497 -0.00495791 -0.00875223 -0.000949189 -0.0107541 0.0680616 0.00194225 -0.0118901 -0.00980014 0.0297208 0.121802 0.254606
internal_weight=72026.2 71950.4 22962.5 4990.48 1826.46 620.784 157.14 1205.68 122.054 17972 7317.6 4960.98 2995.01 2350.97 2067.23 283.737 2051.92 1965.97 297.536 10654.4 2356.62 1919.77 6813.26 92.615 96.426 6720.65 6391.66 463.291 98.4318 37.0226
internal_count=7149120 7088652 3703069 1003424 731893 4939 2643 726954 1426 2699645 1876139 203463 40115 34242 25969 8273 25762 163348 75663 823506 1672676 983937 814390 17103 34948 797287 418163 164557 9762 8586
is_linear=0
shrinkage=0.055


Tree=133
num_leaves=31
num_cat=0
split_feature=18 9 56 8 50 48 8 0 50 15 15 50 9 10 53 48 10 53 24 16 6 16 56 29 31 45 47 50 56 31
split_gain=155.366 139.382 238.932 235.718 315.705 236.617 316.756 329.549 322.061 585.068 710.742 880.866 537.703 357.443 391.206 308.879 302.592 300.763 291.273 287.138 344.799 272.18 264.871 310.736 263.786 244.717 444.038 342.682 277.933 239.338
threshold=1.0000000180025095e-35 4.925844907760621 -100.88012695312499 2.5249279737472539 -8.7720727920532209 76.500000000000014 4.1971738338470468 0.64583334326744091 -15.751142501831053 6.4777410030364999 6.2195951938629159 -16.921469688415524 4.9669547080993661 6.6220710277557382 -0.041014552116394036 184.50000000000003 7.3135535717010507 -0.03564068675041198 -3.9246675968170162 2096704.5000000002 -0.01562706287950277 86469.500000000015 -100.90649414062499 0.13392857462167743 2.1383330821990971 0.83745709061622631 -7.4499812126159659 -7.5096962451934806 -100.90063476562499 1.2424533367156985
decision_type=2 2 2 2 2 2 2 2 2 2 2 2 2 2 2 2 2 2 2 2 2 2 2 2 2 2 2 2 2 2
left_child=-1 -2 3 4 -3 -5 7 8 9 10 16 21 -13 14 15 22 -7 -9 -15 20 -16 -12 23 29 -8 26 -26 28 -28 -10
right_child=1 2 -4 5 -6 6 24 17 13 -11 11 12 -14 18 19 -17 -18 -19 -20 -21 -22 -23 -24 -25 25 -27 27 -29 -30 -31
leaf_value=-0.077533180179954586 -0.0034556444050228164 -0.034756536949698387 0.0046969861097467857 -0.0045300160236104066 -0.0047754335106561414 -0.051135989250089359 -0.020168830314264575 0.11157816939512365 -0.034003799890419163 0.0059458621623373151 0.23790941919517899 0.85400600296036955 -0.018081871334851972 0.062532864963879803 -0.021830524079308845 -0.062071680193438568 0.11881890439197604 -0.064302654987441255 -0.027105456973541862 0.10590488115679673 0.11039870729865328 -0.040971772182109442 -0.026638581141228693 0.019413933707164027 0.022866930185163923 -0.015694322171989641 0.57356666791100197 0.078170305277798502 0.12745601938459308 0.31544993273090038
leaf_weight=73.251224242965691 23578.555477204107 1459.6540745473721 30149.313951540797 8425.9307465110978 3876.5663490635889 44.905848016107484 1234.2636597150486 195.556185506357 6.4482687319905407 261.08911790390994 28.661042893545527 6.1784188419696857 2.3926966593353427 121.11893206302193 174.4148334232741 175.63800442861248 86.655352514884726 31.105385818751529 844.05048222980258 244.3125468697981 84.691169403722597 13.544047463888999 78.623707990744151 45.80431893360219 212.56686192863708 220.07660766585468 5.9084078170708407 39.9261006004308 13.343739051371811 21.826156446193636
leaf_count=60409 2666717 992901 1667348 87412 118226 68780 506462 9742 4018 350660 9649 438 3758 23275 3580 146656 39654 549 245670 2237 233 22500 13238 3413 80624 14441 592 2597 544 2134
internal_value=-7.65149e-05 8.03834e-06 0.00170595 -0.00331631 -0.0130012 0.00078269 0.0114511 0.0240768 0.017575 0.0592779 0.133447 0.298716 0.693588 0.00714811 0.0334716 -0.0131421 0.0610598 0.0865747 -0.0155925 0.0637044 0.0226616 0.153553 0.0433203 0.114561 -0.00661159 0.0272719 0.0617236 0.18864 0.35439 0.24262
internal_weight=71756.4 71683.1 48104.6 17955.3 5336.22 12619 4193.1 2467.02 2240.35 443.427 182.337 50.7762 8.57112 1796.93 831.759 328.34 131.561 226.662 965.169 503.419 259.106 42.2051 152.702 74.0787 1726.09 491.822 271.745 59.1782 19.2521 28.2744
internal_count=7148457 7088048 4421331 2753983 1111127 1642856 1555444 950184 939893 495439 144779 36345 4196 444454 175509 169459 108434 10291 268945 6050 3813 32149 22803 9565 605260 98798 84357 3733 1136 6152
is_linear=0
shrinkage=0.055


Tree=134
num_leaves=31
num_cat=0
split_feature=26 25 28 6 47 7 33 46 47 14 46 47 8 56 50 25 49 4 13 22 40 24 57 25 7 16 31 52 25 23
split_gain=144.437 156.157 141.503 304.478 328.612 285.225 251.153 214.307 200.639 188.144 183.168 181.372 209.213 179.711 280.178 146.266 142.343 138.435 224.329 157.372 164.634 147.588 268.663 302.765 230.524 284.01 206.389 185.679 178.25 254.945
threshold=47.500000000000007 -17.242135047912594 5.5000000000000009 -7.1922597885131827 -111.34578323364256 7.091942787170411 7.3135535717010507 3.3128770589828496 -13.006265640258787 6.5743777751922616 3.1820917129516606 -110.63687896728514 4.1666352748870858 -0.013916015624999998 -115.12104034423827 -16.779500961303707 4.3496184349060067 1.0000000180025095e-35 3.3497501611709599 4.4367339611053476 2.6735538244247441 -3.7744563817977901 370.50000000000006 -14.866768836975096 12.240981578826906 86459.000000000015 2.5249279737472539 0.81524571776390087 -13.469283103942869 1.5000000000000002
decision_type=2 2 2 2 2 2 2 2 2 2 2 2 2 2 2 2 2 2 2 2 2 2 2 2 2 2 2 2 2 2
left_child=1 -1 3 4 13 7 15 10 -8 16 -6 12 -7 -2 -15 -5 -10 21 19 -19 -21 22 24 -24 26 -26 -4 -28 -25 -30
right_child=2 -3 17 6 5 11 8 -9 9 -11 -12 -13 -14 14 -16 -17 -18 18 -20 20 -22 -23 23 28 25 -27 27 -29 29 -31
leaf_value=-0.052800133063522561 -0.049706758349379078 0.021011962724875665 -0.030529442363494339 0.045034832454296875 0.041257226954908459 -0.043543254624093523 -0.056640864641506895 -0.058762420246790473 -0.052617260467235326 -0.011065061273462086 0.27000932637402586 -0.024448814363319922 0.18815427596791937 0.0938679555621591 -0.053330048298959216 -0.048637357073489609 0.10262897203486647 -0.00077400776449718968 0.015950428394580683 -0.002946076758814906 -0.090929341150464207 -0.0010694906682587938 -0.053170694360201068 0.099579790737377036 0.059820405516694534 -0.0031634401840130179 0.13127614728859666 -0.0022958878165030656 -0.041912953591382661 0.043761056590164479
leaf_weight=87.468914745564689 428.627720458564 1453.6192199825164 829.58034489807324 49.281732804774947 786.6237752171146 18.072817297514121 98.953072062089632 61.349494915863033 17.932568268617615 139.91121611465496 5.9268571340944609 476.45806977519896 22.186634671626962 72.600693752661755 74.243637520405173 1010.5741612993697 110.74172138262657 793.50516406156385 3577.974733357114 120.46252499091497 133.93035715157748 59096.503382143994 108.74511176670057 135.18832484849554 318.53949633041339 653.64611011694069 41.565605625321041 96.670433371560648 117.27488390896542 779.09022180117972
leaf_count=127828 858352 66652 110302 12179 185692 31105 86986 6542 4928 9830 254 242249 6408 19189 26984 349358 480 3000 12215 484 1157 4676422 85908 45442 7854 19730 3682 10598 59393 78900
internal_value=3.68498e-05 0.0166653 -0.000329478 -0.0113112 0.00284721 0.017484 -0.0305572 0.0369213 0.008537 0.0331463 0.0446499 -0.0146832 0.0908234 -0.0318639 0.02014 -0.0440907 0.0798344 0.000225897 0.00939984 -0.0129362 -0.0501265 -0.000457334 0.0112698 0.0323931 -0.00119746 0.0176739 -0.0201474 0.0410478 0.0416261 0.0323817
internal_weight=71717.2 1541.09 70176.2 3373.48 1946.09 1370.62 1427.39 853.9 367.539 268.586 792.551 516.718 40.2595 575.472 146.844 1059.86 128.674 66802.7 4625.87 1047.9 254.393 62176.8 3080.3 1140.3 1940 972.186 967.816 138.236 1031.55 896.365
internal_count=7150103 194480 6955623 1840536 1376775 472250 463761 192488 102224 15238 185946 279762 37513 904525 46173 361537 5408 5115087 16856 4641 1641 5098231 421809 269643 152166 27584 124582 14280 183735 138293
is_linear=0
shrinkage=0.055


Tree=135
num_leaves=31
num_cat=0
split_feature=29 53 8 40 15 54 9 31 48 52 26 54 32 19 54 54 23 16 26 51 50 50 30 23 14 14 26 1 56 46
split_gain=186.37 313.648 237.151 202.713 200.612 253.433 206.454 246.959 245.224 235.395 234.175 200.462 420.81 325.099 270.965 257.948 234.108 311.834 295.714 262.87 234.245 204.946 218.954 203.106 239.154 398.718 200.259 195.684 191.646 188.541
threshold=0.26785714924335485 -100.88999176025389 1.7005987167358401 3.3497501611709599 5.482717990875245 7.5000000000000009 4.9892544746398935 3.6242519617080693 25.500000000000004 0.84051477909088146 876.00000000000011 106.50000000000001 3.2769666910171513 2.5000000000000004 349.50000000000006 27.500000000000004 3.5000000000000004 2170117.0000000005 2136.5000000000005 42.500000000000007 -9.4043130874633771 -7.7985911369323722 0.46428571641445165 1.0000000180025095e-35 6.8172831535339364 6.8590898513793954 102.50000000000001 0.46428571641445165 -100.87524414062499 3.0319377183914189
decision_type=2 2 2 2 2 2 2 2 2 2 2 2 2 2 2 2 2 2 2 2 2 2 2 2 2 2 2 2 2 2
left_child=1 -1 26 4 5 -4 8 -8 -6 10 -10 15 16 -14 -15 -12 -13 18 -18 -19 -21 23 -23 27 -25 -26 -2 -17 -27 -11
right_child=2 -3 3 -5 6 -7 7 -9 9 29 11 12 13 14 -16 21 17 19 -20 20 -22 22 -24 24 25 28 -28 -29 -30 -31
leaf_value=-0.057543135506268016 0.024710104270913833 0.0036110016823725733 0.0035340177840527099 0.022442097594984955 0.0012155095841331833 -0.036598145162428417 0.0033817811275852296 0.04973878531074296 -0.03852282225946807 0.0024152375940420302 -0.029355960232953601 -0.039686220876481285 -0.040892234164477841 -0.055957965015822939 0.15304136701078846 0.019475357741674599 0.059091703878079639 -0.075235105869115748 -0.063234743610670455 -0.045617557149014595 0.14079975259422986 -0.037103224963427134 0.05634174424517524 -0.055963098892657721 0.31831373269533986 0.084877012120291931 -0.01687707644323215 0.17215194294526437 -0.054419886413967909 -0.027876690084569351
leaf_weight=250.54388377437135 375.22858263850139 35364.952762166984 858.18577411468141 1102.6014855181711 8572.0645714144412 1061.5622207506312 12959.935346738341 352.26278306629683 388.23706086146558 781.45203615612991 172.27582328850986 646.37407673409325 52.2358578749554 19.959450005371764 104.14930898806051 36.78149526505149 84.53285341233277 25.592064893397037 176.50862518229405 22.573443558932922 103.18691378252697 138.07465544990555 156.85234610400221 53.507600422162795 13.162627017038174 86.43921272798616 4528.4702012699017 88.461153542579268 40.269456381371128 3018.2773357736878
leaf_count=1011155 53243 4465915 1772 40399 20238 152758 484219 10113 106096 43711 2434 247692 9238 3298 10306 2261 7655 319 55130 16655 3468 1450 639 5768 320 2521 350402 2386 5267 32380
internal_value=0.00035179 0.00317278 -0.00243764 -0.000665086 -0.00151758 -0.0186953 -0.000340628 0.00462668 -0.00481439 -0.0131336 0.000318358 0.0078567 -0.00596489 0.0715057 0.118564 0.029481 -0.0191436 0.0131441 -0.0232558 0.0746599 0.106874 0.0461054 0.0127048 0.0763481 0.0393423 0.0764744 -0.0136729 0.129783 0.0402216 -0.0216519
internal_weight=71634.7 35615.5 36019.2 31115.5 30012.9 1919.75 28093.2 13312.2 14781 6208.9 2409.17 2020.94 1235.11 176.345 124.109 785.824 1058.77 412.394 261.041 151.352 125.76 613.549 294.927 318.622 193.379 139.871 4903.7 125.243 126.709 3799.73
internal_count=7149208 5477070 1672138 1268493 1228094 154530 1073564 494332 579232 558994 482903 376807 353761 22842 13604 23046 330919 83227 62785 20442 20123 20612 2089 18523 13876 8108 403645 4647 7788 76091
is_linear=0
shrinkage=0.055


Tree=136
num_leaves=31
num_cat=0
split_feature=18 42 49 14 2 14 33 52 55 25 25 54 48 55 45 55 33 55 15 15 16 25 2 48 48 14 51 14 45 15
split_gain=145.764 128.512 281.691 187.455 174.931 171.908 152.524 144.506 140.695 183.643 158.612 153.364 232.107 311.484 241.526 248.054 351.323 260.927 256.42 257.214 243.069 227.037 227.025 212.225 402.24 309.259 269.945 259.508 312.909 309.947
threshold=1.0000000180025095e-35 -1.0000000180025095e-35 6.270146608352662 6.367328643798829 0.14835165441036227 7.0409741401672372 6.6852364540100107 0.87751251459121715 0.89233398437500011 -6.2942826747894278 -16.096404075622555 7.5000000000000009 58.500000000000007 0.89184570312500011 0.7676638960838319 0.86938476562500011 7.0929870605468759 0.86840820312500011 7.4286303520202646 6.9962239265441903 86459.000000000015 -9.6553335189819318 0.20714285969734195 33.500000000000007 41.500000000000007 6.6113684177398691 18.500000000000004 7.9716033935546884 0.78262481093406688 7.6006524562835702
decision_type=2 2 2 2 2 2 2 2 2 2 2 2 2 2 2 2 2 2 2 2 2 2 2 2 2 2 2 2 2 2
left_child=-1 2 7 4 -4 -5 -7 -2 11 10 -10 21 23 14 -14 17 -17 -16 19 20 -18 -3 -19 -13 25 -25 -26 29 -29 -28
right_child=1 8 3 5 -6 6 -8 -9 9 -11 -12 12 13 -15 15 16 18 22 -20 -21 -22 -23 -24 24 26 -27 27 28 -30 -31
leaf_value=-0.07621154554985908 -0.055740077091875596 -0.0066174600653770184 0.078630727146303772 -0.079515729970807206 -0.013150541067426956 -0.043406457696519178 0.045340704386166976 0.085935440080668904 -0.05436241854821075 0.035479469549417872 -0.008270209733727437 -0.00064098605006833096 -0.039484217104396063 0.11261079788077304 0.0070206389899639494 -0.026306088691086436 0.06988508807012582 0.10126662772877622 -0.03578424809471991 0.084833631994141734 -0.036024484711938858 0.010723267958644825 -0.05673046471620264 -0.059803082157260073 0.028861611347875776 -0.01567867542584938 -0.0017717913328077694 0.24310922952300421 0.025627580079327208 -0.045046119509189415
leaf_weight=69.944944420189131 460.32259650844207 2943.223747853539 152.56039219938248 97.188186507250066 102.37289399989822 100.05216082179686 127.54957323644339 18.511415366956498 233.03498048683105 272.17865277267992 4506.7630269068904 27709.767294204787 364.45643964595365 76.052658893233456 16185.597470769717 1535.5841636638725 101.91162053264998 146.1231832635749 170.37717034851084 221.67301393501839 164.52042190587963 10147.028658635914 30.215242243910325 741.52962173842388 725.8285902022908 1363.3359394773433 1791.6908158202205 17.498905313193973 198.03547560181323 690.07226928411546
leaf_count=60406 1363437 9065 11098 12778 4122 8670 5972 245 138151 254 38750 112065 926229 7131 3826500 401934 7777 16630 22069 13495 46311 15540 8316 14455 1736 15004 43510 378 2004 14983
internal_value=0.000452242 0.00053268 -0.018443 0.0073564 0.0422304 -0.020242 0.00623361 -0.0494315 0.000819553 -0.00805649 -0.0105913 0.00150113 0.000166821 0.00501569 0.00455356 0.00542891 -0.0119179 0.00775798 0.0215807 0.0417642 0.00502756 0.00682333 0.0733764 -0.00260481 -0.0124392 -0.0313283 -0.000795706 -0.00881497 0.0483961 -0.0138709
internal_weight=71465 71395.1 1058.56 579.723 254.933 324.79 227.602 478.834 70336.5 5011.98 4739.8 65324.5 52234.3 18996.5 18920.5 18556 2194.07 16361.9 658.482 488.105 266.432 13090.3 176.338 33237.8 5527.99 2104.87 3423.13 2697.3 215.534 2481.76
internal_count=7149015 7088609 1406322 42640 15220 27420 14642 1363682 5682287 177155 176901 5505132 5480527 5276392 5269261 4343032 491586 3851446 89652 67583 54088 24605 24946 204135 92070 29459 62611 60875 2382 58493
is_linear=0
shrinkage=0.055


Tree=137
num_leaves=31
num_cat=0
split_feature=18 16 16 9 8 16 50 56 50 50 43 31 55 10 9 24 10 54 22 52 56 56 31 55 51 46 55 7 48 29
split_gain=133.1 127.335 223.842 243.057 194.326 262.549 348.688 257.845 213.207 197.856 189.814 198.76 302.93 250.113 187.145 186.673 256.737 371.865 216.658 227.981 255.558 223.551 202.527 184.696 221.891 268.389 215.976 215.681 184.147 184.127
threshold=1.0000000180025095e-35 2169981.0000000005 2097573.5000000005 4.9289126396179208 3.2384861707687382 2097891.5000000005 -10.343842029571531 -100.92944335937499 -10.720786094665526 -11.625393390655516 -1.0000000180025095e-35 1.7005987167358401 0.82983398437500011 10.130198478698732 4.9192335605621347 -0.51572048664093006 8.1171631813049334 597.50000000000011 1.7005987167358401 0.87751251459121715 -0.022216796874999997 -0.025146484374999997 2.8029010295867924 0.87670898437500011 241.50000000000003 3.9065225124359135 0.88598632812500011 1.8918497562408449 16.500000000000004 0.46428571641445165
decision_type=2 2 2 2 2 2 2 2 2 2 2 2 2 2 2 2 2 2 2 2 2 2 2 2 2 2 2 2 2 2
left_child=-1 2 10 -4 5 -5 9 -8 -6 -7 -2 12 13 -12 -14 16 18 29 19 -13 21 -21 -17 24 25 -24 -25 28 -27 -18
right_child=1 -3 3 4 8 6 7 -9 -10 -11 11 15 14 -15 -16 22 17 -19 -20 20 -22 -23 23 26 -26 27 -28 -29 -30 -31
leaf_value=-0.074639786617607062 -0.042260261713987446 0.0039271744931361121 -0.027567454100024542 -0.042791650161929796 -0.038464210197088462 0.01746054647888547 0.13096742258133723 -0.026324389807960213 0.0090325194095056526 0.11963141782297827 -0.0013571714123465301 -0.02192510164355313 -9.0017344206182019e-05 -0.056736174231107002 0.014046085963952471 -0.0049248689918218172 -0.078606108485427886 0.086644576398192188 -0.048709774963051906 0.015424682304824707 -0.041151201588320259 0.13592700956562054 0.047439430999606368 -0.088793881769826083 -0.033729568451425641 0.0079845798812164387 -0.0017739466108512062 0.023981773480640133 -0.044854614334831552 0.0091489571621292034
leaf_weight=66.443254254510975 308.61834131811338 22216.260625163573 1821.1955870686434 761.72272947206511 313.45109083913485 151.86895965384974 28.147014231311914 671.85258625085407 2794.8347485648446 89.199860108445137 11610.471810357758 1443.3282925213571 4135.9843766992672 247.06604029255323 8986.9905661478915 10953.480805672916 89.409967104693351 160.50315431372292 737.52244306484135 108.25860957306577 92.943965373327956 78.727191399200819 761.26082851716637 104.95448271650821 252.54153549188777 520.65549889794784 401.64493968524039 1221.3689691020554 317.2556395882857 305.7515451951258
leaf_count=60463 133011 2219605 249442 104937 154587 80966 455 18198 40745 5987 1893159 398016 235475 72228 361052 663788 18490 45334 223006 343 760 103 19971 492 118097 903 785 7688 3980 17699
internal_value=0.000393873 0.000468619 -0.00108478 -0.0104833 -0.00399433 -0.0189002 0.00056204 -0.0191157 0.00418869 0.0569283 0.000371353 0.000685639 0.00383679 -0.00253449 0.00959246 -0.00379959 -0.0162385 0.0174111 -0.0238568 -0.01311 0.0319281 0.0683788 -0.00121312 0.0101355 0.0152099 0.0196437 -0.0204939 0.00927829 -0.0121692 -0.0114407
internal_weight=71753.7 71687.3 49471 6632.27 4811.08 1702.79 941.068 700 3108.29 241.069 42838.7 42530.1 24980.5 11857.5 13123 17549.6 3016.45 555.665 2460.78 1723.26 279.93 186.986 14533.2 3579.68 3073.08 2820.54 506.599 2059.28 837.911 395.162
internal_count=7149765 7089302 4869697 655317 405875 210543 105606 18653 195332 86953 4214380 4081369 2561914 1965387 596527 1519455 703751 81523 622228 399222 1206 446 815704 151916 150639 32542 1277 12571 4883 36189
is_linear=0
shrinkage=0.055


Tree=138
num_leaves=31
num_cat=0
split_feature=25 55 13 57 50 50 15 15 28 13 31 50 54 8 14 10 19 38 55 45 8 8 14 14 15 37 29 53 28 50
split_gain=156.333 194.471 196.386 193.689 187.313 198.898 443.318 536.276 238.645 226.459 181.498 178.235 172.651 164.651 219.7 307.553 186.523 302.079 284.79 206.88 225.989 280.559 263.937 227.095 201.218 350.649 393.798 251.573 486.546 1173.45
threshold=-7.1750566959381095 0.89233398437500011 3.113268375396729 3.5000000000000004 -1.0000000180025095e-35 -17.114152908325192 6.7690675258636483 6.6675925254821786 2421.5000000000005 3.113268375396729 3.113268375396729 -10.154222488403319 99.500000000000014 2.1383330821990971 4.6200466156005868 4.8080360889434823 3.5000000000000004 1.0000000180025095e-35 0.87231445312500011 0.84456300735473644 1.2424533367156985 1.8688348531723025 6.2832005023956308 6.5574882030487069 7.1012639999389657 1.0000000180025095e-35 0.46428571641445165 -0.052734166383743279 15073.000000000002 -10.930799961090086
decision_type=2 2 2 2 2 2 2 2 2 2 2 2 2 2 2 2 2 2 2 2 2 2 2 2 2 2 2 2 2 2
left_child=1 3 10 11 5 6 7 9 -9 -2 -3 -1 -12 14 15 -5 24 18 -18 -19 22 23 -21 -22 -16 26 -26 28 -27 -30
right_child=4 2 -4 13 -6 -7 -8 8 -10 -11 12 -13 -14 -15 16 -17 17 19 -20 20 21 -23 -24 -25 25 27 -28 -29 29 -31
leaf_value=0.061923272965562624 -0.058406072871508681 -0.048060006231758365 -0.0073201045297399906 0.19820659902963134 0.02552499238302626 0.0020208009896906499 -0.059327026901332486 -0.030222013392576609 0.379642880957475 0.073587354007151579 -0.01476874921448062 0.0083379822562558419 0.18043185928279457 0.00084775440302417376 -0.011413594093693179 -0.016573953872903797 -0.062385445712357872 -0.051990657984640899 -0.00015488530958570929 0.048592825844142595 -0.08339183300101792 -0.052595945451942669 -0.075150988619488254 0.079951955125823482 0.0079077813808786212 0.0083975478063165743 -0.038550374936071378 0.018337420246800868 0.5128002301866722 0.066485485296394767
leaf_weight=272.11497481184779 43.796799959436612 620.14540827479141 3567.7550673840851 32.738625096320902 1270.4175220479374 11394.114622231711 93.560070818792155 4.4220645590430676 18.066385898469889 218.38078302930808 37.587284461740637 588.39888932974281 15.985277316183781 42460.240049652435 5017.4582838147726 41.801494744187949 706.73869382927296 157.69764396253595 323.63225040743419 81.089900187434978 24.248866195332084 70.97525800785661 128.76433792881653 282.53379414053779 2007.2431030905027 119.303708352596 755.61518832292859 809.68562327450491 18.688145012383757 80.00178827316995
leaf_count=4684 33081 56131 121075 3682 5295 671209 114906 4417 2767 73302 861 1045 3371 4101833 1078269 11700 187670 80570 22330 3251 3226 5820 16988 7907 355889 78532 61652 14615 18582 4746
internal_value=6.16829e-05 -0.00115769 -0.0124904 -0.00026614 0.00550311 0.00333252 0.0423064 0.0761574 0.308211 0.0508575 -0.0396145 0.0255428 0.0539067 -0.000686606 -0.00679673 0.084289 -0.00747774 -0.0237141 -0.0429344 0.00296658 0.0180297 0.0432487 -0.027317 0.0659106 -0.00419292 0.00536739 -0.00484476 0.0327127 0.084498 0.171653
internal_weight=71263.2 58220.4 4241.47 53979 13042.8 11772.3 378.226 284.666 22.4885 262.178 673.718 860.514 53.5726 53118.5 10658.2 74.5401 10583.7 1775.68 1030.37 745.31 587.612 377.758 209.854 306.783 8808 3790.54 2762.86 1027.68 217.994 98.6899
internal_count=7149406 6244429 181438 6062991 904977 899682 228473 113567 7184 106383 60363 5729 4232 6057262 1955429 15382 1940047 327762 210000 117762 37192 16953 20239 11133 1612285 534016 417541 116475 101860 23328
is_linear=0
shrinkage=0.055


Tree=139
num_leaves=31
num_cat=0
split_feature=43 25 56 55 1 15 15 15 6 32 28 27 33 37 13 53 13 27 15 13 47 26 56 16 26 15 6 6 46 49
split_gain=150.254 141.222 324.911 165.755 186.187 175.859 151.505 162.142 147.774 267.84 261.953 190.582 207.47 275.156 189.836 161.552 154.196 153.274 146.728 159.251 142.42 142.588 134.022 176.853 129.587 154.089 180.906 159.582 177.145 256.671
threshold=1.0000000180025095e-35 -15.542226791381834 -0.027099609374999997 0.88598632812500011 0.38750000298023229 8.5462665557861346 7.2940375804901132 5.9414854049682626 -7.1922597885131827 1.8688348531723025 5.5000000000000009 21.453239440917972 7.9762461185455331 1.0000000180025095e-35 3.3842465877532963 -0.089531004428863512 3.8176519870758061 671.47653198242199 6.7690675258636483 3.9019217491149907 -8.2889904975891096 168.50000000000003 -0.010009765624999998 1287652.0000000002 372.00000000000006 6.6140549182891855 -0.039140418171882622 -5.7340686321258536 -3.1418968439102168 3.5004230737686162
decision_type=2 2 2 2 2 2 2 2 2 2 2 2 2 2 2 2 2 2 2 2 2 2 2 2 2 2 2 2 2 2
left_child=1 2 -1 4 5 -4 7 -6 9 14 11 -10 -13 -14 15 -3 20 24 -19 -20 21 -16 -5 -24 25 26 -12 -27 -29 -30
right_child=-2 8 3 22 6 -7 -8 -9 10 -11 17 12 13 -15 16 -17 -18 18 19 -21 -22 -23 23 -25 -26 27 -28 28 29 -31
leaf_value=-0.045310866365496166 0.01877203049350902 0.058599011338939862 -0.020124543526672603 -0.056308397098752266 -0.047754569426043642 0.10410622669289704 -0.019087827296665819 0.090611618050358445 0.015644203731167268 -0.039087445371499656 0.025262134578386827 -0.043117360878164354 -0.039516526581626292 0.09333395302312078 0.030756055479957141 -0.035828300909311245 -0.0022508330906183451 -0.022408860398265777 0.044693045165404899 -0.065549367280616916 -0.064270563732157102 0.081523770240414434 0.047540301513925867 -0.051635499796947683 -0.00093464109784585311 -0.057448575105942902 -0.021687991343809179 0.054767852671783676 -0.037074835523324259 0.0096776181938831793
leaf_weight=685.13812028389293 1236.7241488615691 68.634516704292764 310.46138261203669 194.44522865139879 26.131797694302804 33.715272557332355 66.57108189574501 199.24456003078376 298.90508701672661 210.60956130748673 1902.5022213411103 996.56319406911643 100.80754972995419 80.457816003949119 340.91257942760421 210.57881123564584 206.3359051958505 155.07024297212047 554.62704508178285 38.309936220575764 26.780659353833471 343.21329900497221 125.24708379121148 88.447562474815641 60373.275637543775 139.32209696125938 281.50337752143969 173.24276499471671 477.80585729736049 1339.3896008172742
leaf_count=1143195 48031 11518 181592 145480 34696 4319 27908 38297 11880 45804 52472 319130 30642 9115 10651 36690 23175 10880 13730 1992 586 33412 13692 13634 4791951 4833 10778 17054 57215 4924
internal_value=-0.000192783 -0.000528929 -0.0160276 0.00330939 0.0208011 -0.00663852 0.0527168 0.0738802 -0.000135456 0.0174721 -0.000506997 -0.0233749 -0.0333014 0.020374 0.0275494 -0.0119942 0.0395865 1.08313e-05 0.0246817 0.0370817 0.0516604 0.056632 -0.0238749 0.00624969 -0.000276335 0.00892739 0.0191749 -0.00160139 0.00244183 -0.00268328
internal_weight=71285 70048.2 1729.4 1044.26 636.124 344.177 291.947 225.376 68318.8 1407.07 66911.8 1476.73 1177.83 181.265 1196.46 279.213 917.242 65435 748.007 592.937 710.907 684.126 408.14 213.695 64687 4313.77 2184.01 2129.76 1990.44 1817.2
internal_count=7149276 7101245 1602813 459618 286812 185911 100901 72993 5498432 161836 5336596 370767 358887 39757 116032 48208 67824 4965829 26602 15722 44649 44063 172806 27326 4939227 147276 63250 84026 79193 62139
is_linear=0
shrinkage=0.055


Tree=140
num_leaves=31
num_cat=0
split_feature=43 25 45 10 47 10 52 2 52 9 11 47 53 50 13 24 5 46 16 24 10 56 42 10 49 56 56 45 51 52
split_gain=165.522 151.838 249.543 231.39 180.995 216.817 223.066 255.935 254.479 403.768 487.662 224.163 232.036 199.705 218.897 227.176 186.263 176.122 221.56 258.848 202.867 197.974 186.663 175.202 199.909 172.77 171.784 256.776 208.925 170.294
threshold=1.0000000180025095e-35 -7.9264726638793936 0.77681392431259166 9.2098903656005877 -4.3086390495300284 6.8029501438140878 0.8019009828567506 0.34848485887050634 0.79802247881889354 4.4301946163177499 1.0000000180025095e-35 -113.81650161743163 -0.07275295257568358 -15.957293033599852 3.9219243526458745 -0.026458228938281533 1.0000000180025095e-35 -0.068499922752380357 1178213.5000000002 -0.065636046230792985 6.6864848136901864 -100.90844726562499 1.0000000180025095e-35 5.7054464817047128 -0.022700460627675053 -100.89672851562499 -100.92163085937499 0.77933353185653698 26.500000000000004 0.78688302636146557
decision_type=2 2 2 2 2 2 2 2 2 2 2 2 2 2 2 2 2 2 2 2 2 2 2 2 2 2 2 2 2 2
left_child=1 -1 3 -3 5 17 8 13 26 10 -10 -11 -13 14 15 16 -8 18 22 -20 -19 -21 -4 -23 29 -22 27 -7 -28 -25
right_child=-2 2 4 -5 -6 6 7 -9 9 11 -12 12 -14 -15 -16 -17 -18 20 19 21 25 23 -24 24 -26 -27 28 -29 -30 -31
leaf_value=-0.0021759142502981448 0.019629145513181324 -0.045511217183868836 -0.054961887984395448 0.057731856457821203 0.0094501798589249376 0.40619192981739333 -0.064032570889445667 -0.084312999804905794 0.073534839266448965 0.28118665892735939 0.54508000831482628 0.094279485287324272 -0.042046750131693775 -0.014416607583333289 0.13528045387985169 -0.051253409682232839 0.064770827046536139 0.0010008534448108996 -0.0010620445768415999 -0.060106644114063114 0.12481899093669564 0.034957575497042058 0.039883971906089451 0.29110634072713676 0.0060512794767683857 -0.07323837493378639 0.02890962564133805 -0.033746916846790077 -0.036191745127258451 0.10857335229775174
leaf_weight=47485.048698981234 1264.6241366503673 503.05798376957682 151.269959622241 71.056814879346348 10515.652460743171 2.7410752803771157 37.006579455010069 143.34108339568775 20.495494870112456 5.5722401061648261 6.4181389497025512 62.012892203420051 81.979407815626473 4063.3469323076279 44.276650141022401 112.98796039579611 188.03103214030853 5107.1914013710448 271.22975626476182 31.667531452036201 63.274053521730821 199.33271251574479 100.35393401532201 14.622207344255001 50.971586690975528 13.033025159624229 296.29076139545941 6.8958497394742153 290.30243918904671 193.83350602001883
leaf_count=5321066 47993 671477 39025 62769 45044 3692 4389 803 3797 831 418 13247 8595 119313 2769 26919 17597 368396 35859 16015 2136 15160 312 3532 2723 1059 2336 36003 268097 7619
internal_value=-5.23222e-05 -0.000408587 0.00329651 -0.0323449 0.00423061 -0.000520081 -0.00861409 -0.0132188 0.0186416 0.0756682 0.253766 0.0364476 0.0178582 -0.0108343 0.0269347 0.0109779 0.0426582 0.00648448 0.0273967 0.0421108 0.00237405 0.0657571 -0.0170949 0.0749997 0.104524 0.0885678 0.0012734 0.187397 -0.00334234 0.127896
internal_weight=71397.9 70133.3 22648.2 574.115 22074.1 11558.5 5361.7 4588.99 772.708 176.478 26.9136 149.565 143.992 4445.65 382.302 338.026 225.038 6196.78 1013.28 761.657 5183.5 490.428 251.624 458.76 259.427 76.3071 596.23 9.63693 586.593 208.456
internal_count=7148991 7100998 1779932 734246 1045686 1000642 508806 171790 337016 26888 4215 22673 21842 170987 51674 48905 21986 491836 120245 80908 371591 45049 39337 29034 13874 3195 310128 39695 270433 11151
is_linear=0
shrinkage=0.055


Tree=141
num_leaves=31
num_cat=0
split_feature=13 12 51 15 56 47 28 14 57 40 15 28 50 14 56 6 23 31 48 0 57 42 45 51 14 32 29 47 24 56
split_gain=137.661 235.056 298.564 184.484 280.293 296.327 212.854 208.358 203.409 165.937 470.302 218.083 178.137 209.007 172.656 170.269 281.907 221.452 177.806 169.581 198.06 161.355 162.788 213.519 170.866 209.922 170.38 160.92 171.534 159.971
threshold=2.9700856208801274 1.0000000180025095e-35 9.5000000000000018 7.9151654243469247 -0.050537109374999993 -9.4147858619689924 7234.0000000000009 8.2851347923278826 257.50000000000006 2.4414010047912602 4.3630783557891855 708.50000000000011 -2.7866013050079341 6.0222353935241708 -100.88940429687499 -3.875985741615295 6.5000000000000009 3.3140207529067998 8.5000000000000018 0.41428571939468389 227.50000000000003 1.0000000180025095e-35 0.84027111530303966 51.500000000000007 6.8172831535339364 3.65057384967804 0.46428571641445165 -124.72607040405272 -4.2819983959197989 -100.88305664062499
decision_type=2 2 2 2 2 2 2 2 2 2 2 2 2 2 2 2 2 2 2 2 2 2 2 2 2 2 2 2 2 2
left_child=3 21 -3 7 5 -5 -7 9 -9 10 11 -1 19 -14 -13 16 17 -11 -17 20 -12 29 23 -23 26 -26 -25 -22 -29 -2
right_child=1 2 -4 4 -6 6 -8 8 -10 15 12 14 13 -15 -16 18 -18 -19 -20 -21 27 22 -24 24 25 -27 -28 28 -30 -31
leaf_value=-0.055224051306494312 -0.0047992730561333893 0.0091984641762140971 -0.04852319396579946 -0.029385723973840074 -0.0299670935835393 0.022778415227608581 0.11266357678359445 -0.072409154591457608 0.053202411648306941 -0.014544121781707881 0.029443022873385492 0.20843654574991152 -0.013589530208750131 0.065646266144942414 0.070179960824092266 -0.0027211704955063007 0.078925841522762788 0.16180725216580566 -0.025325746700183931 -0.069015891573001489 0.12148170434365846 0.0078647430499618459 0.0043166300282300365 0.089811830109308086 -0.0047516388544656118 0.14981902975063152 -0.048641523241053926 0.062140145799362327 -0.061741607480763128 0.0020145793137747625
leaf_weight=21.200541078225797 15772.841958851157 466.17308695462998 638.17125945545558 113.3745863132317 214.10510603639705 147.68237672380928 176.45525781848119 41.250692707304552 260.17162202666077 529.54822449348285 247.12279213729198 43.857517618773272 210.55791875551222 185.58611448998272 81.613980832320522 1493.0135759550321 139.04360266404183 17.454287149197626 3574.4080721708087 169.73260671113167 13.733955699197393 985.41950073227054 13841.523321711014 282.06597110560688 208.52985153521149 25.415748972242 26.544562005117768 34.823455143527099 252.32778462124043 30703.615856792039
leaf_count=15321 3504050 971 163070 33517 9567 3415 1641 8480 14975 348659 16171 6000 960 302 2781 2834 12426 2970 437911 17810 2193 3721 401158 13611 20397 298 3786 19869 99686 1980525
internal_value=5.31608e-06 0.000867562 -0.0242257 -0.00680383 0.0211338 0.046197 0.0726786 -0.00930509 0.035111 -0.0112375 0.00681428 0.0976802 -0.00553363 0.0238865 0.124642 -0.015195 0.0104588 -0.00750226 -0.018675 -0.0218245 -0.00671619 0.00131756 0.0062018 0.0232092 0.0507524 0.0148245 0.0773174 -0.0364103 -0.0459118 -0.000298124
internal_weight=70917.4 62950.3 1104.34 7967.06 651.617 437.512 324.138 7315.45 301.422 7014.02 1260.56 146.672 1113.88 396.144 125.471 5753.47 686.046 547.003 5067.42 717.741 548.008 61846 15369.5 1527.98 542.556 233.946 308.611 300.885 287.151 46476.5
internal_count=7149075 6091587 164041 1057488 48140 38573 5056 1009348 23455 985893 181093 24102 156991 1262 8781 804800 364055 351629 440745 155729 137919 5927546 442971 41813 38092 20695 17397 121748 119555 5484575
is_linear=0
shrinkage=0.055


Tree=142
num_leaves=31
num_cat=0
split_feature=9 25 53 54 46 19 50 14 16 39 25 8 16 16 16 27 57 54 13 3 53 14 47 53 53 52 25 51 16 53
split_gain=153.242 162.895 265.444 254.421 224.846 200.097 197.429 178.505 166.689 298.057 167.111 161.451 167.982 259.43 244.903 265.169 214.629 193.179 184.21 180.841 227.987 208.984 235.127 233.439 209.744 214.757 225.733 296.528 196.446 185.071
threshold=4.9355530738830575 -10.116950035095213 -0.077619433403015123 172.50000000000003 9.1909418106079119 2.5000000000000004 -18.279174804687496 7.4891326427459726 2301875.5000000005 1.0000000180025095e-35 -11.798265457153319 6.661853790283204 2096671.5000000002 2061703.5000000002 2169981.0000000005 14.231180667877199 311.50000000000006 7.5000000000000009 3.860674381256104 0.59411767125129711 -0.07665920257568358 6.5574882030487069 -6.1165621280670157 -0.047663778066635125 -0.065429478883743272 0.84485661983490001 -9.6553335189819318 583.50000000000011 2301617.5000000005 -0.03564068675041198
decision_type=2 2 2 2 2 2 2 2 2 2 2 2 2 2 2 2 2 2 2 2 2 2 2 2 2 2 2 2 2 2
left_child=1 3 4 8 -3 -6 -7 -5 -1 10 -10 12 13 -4 15 17 18 -14 -15 20 -16 23 -23 24 -21 26 27 28 -26 -24
right_child=-2 2 11 7 5 6 -8 -9 9 -11 -12 -13 14 16 19 -17 -18 -19 -20 21 -22 22 29 -25 25 -27 -28 -29 -30 -31
leaf_value=-0.031947862446365188 0.0017570443860835065 -0.045704098949179546 0.00045716700246436587 0.010862995941831505 0.07515888734978847 0.1344467992745246 -0.065841067144159285 -0.048015975098392775 -0.058253909786406266 0.13779693773839272 0.013325711137117949 0.035562785807527982 -0.0023287083833398686 -0.033240415572478664 0.12759336801635449 0.059648393216671154 0.047425613173958513 -0.042044289336315453 0.048265028262822113 -0.063863850218322457 -0.015373451381531868 -0.044212715320638606 -0.049111440343867913 0.0082508594140281895 0.1567911570309915 -0.034557968244275462 0.051476359491989442 0.38032519885805721 -0.019721291654902651 0.020601363386793206
leaf_weight=1953.0316813605023 46317.095155890725 690.20711470828974 11324.611832816918 1325.9012121500346 96.501650926526054 13.044233878779776 84.76879597162042 171.43415637877115 140.03996978452778 40.709413852644502 304.42720667720278 366.53767618877464 532.93032575212419 236.92770241299877 29.2862285219162 101.32657376419229 672.6517949437839 1214.9591224606993 123.44446856179275 36.397433611833549 2304.8403124180841 418.84785456670215 137.72380925666948 1553.6244698099472 59.789084672447643 49.957144274550956 210.68879017786094 10.718035213270921 25.577007950007101 593.70792069425806
leaf_count=137375 4345563 1166345 280244 845088 476 709 3366 143775 15485 488 3671 4146 959 882 2355 1724 18692 45933 166 8030 84308 14638 959 11480 431 1520 7469 1576 1224 958
internal_value=-0.000111705 -0.00359802 -0.00166273 -0.013855 -0.0310611 0.0207926 -0.0338915 0.00398441 -0.0247961 0.00402469 -0.0096243 -0.000355415 -0.0010347 0.00286955 -0.00765915 -0.0249177 0.0291859 -0.0299762 -0.00504253 -0.0017654 -0.0133107 0.00694336 -0.0116116 0.0179086 0.0554927 0.0683852 0.0854345 0.153667 0.10574 0.00723058
internal_weight=71141.7 24824.6 20889.1 3935.54 884.522 194.315 97.813 1497.34 2438.21 485.177 444.467 20004.5 19638 12357.6 7280.37 1849.22 1033.02 1747.89 360.372 5431.16 2334.13 3097.03 1150.28 1946.75 393.127 356.73 306.773 96.0841 85.3661 731.432
internal_count=7150035 2804472 1658590 1145882 1170896 4551 4075 988863 157019 19644 19156 487694 483548 299984 183564 48616 19740 46892 1048 134948 86663 48285 16555 31730 20250 12220 10700 3231 1655 1917
is_linear=0
shrinkage=0.055


Tree=143
num_leaves=31
num_cat=0
split_feature=57 56 53 25 56 15 15 6 28 24 25 7 22 13 54 27 32 47 24 14 4 2 16 41 54 47 50 16 7 10
split_gain=131.028 225.033 203.772 161.789 219.612 247.12 263.292 162.908 205.733 207.548 226.045 241.394 199.343 187.079 177.804 273.591 172.681 181.466 208.05 182.808 168.483 165.231 216.921 228.207 268.074 224.702 223.922 201.734 267.541 223.354
threshold=6.5000000000000009 -0.020263671874999997 -1.0000000180025095e-35 -15.542226791381834 -0.028076171874999997 6.8664121627807626 7.2940375804901132 -9.2814431190490705 5.5000000000000009 -2.8694319725036617 -10.585450649261473 2.1642229557037358 1.2424533367156985 3.5114340782165532 758.50000000000011 80.468151092529311 1.4978661537170412 -11.390172481536863 -7.2923476696014395 6.332390785217286 1.0000000180025095e-35 0.31666667759418493 84435.000000000015 -1.0000000180025095e-35 93.500000000000014 -5.3518984317779532 -7.7985911369323722 44731.500000000007 2.9364883899688725 8.5156917572021502
decision_type=2 2 2 2 2 2 2 2 2 2 2 2 2 2 2 2 2 2 2 2 2 2 2 2 2 2 2 2 2 2
left_child=-1 2 3 4 -2 -6 -7 14 16 21 11 -11 13 -13 15 -5 17 18 -9 -19 -12 22 27 26 25 -25 -24 28 -10 -29
right_child=1 -3 -4 7 5 6 -8 8 9 10 20 12 -14 -15 -16 -17 -18 19 -20 -21 -22 -23 23 24 -26 -27 -28 29 -30 -31
leaf_value=0.011351638589362164 -0.041275666986477069 -0.010384813636842643 0.022429218842851557 0.044815295017756968 -0.053591817439812867 0.089658166182930016 -0.025184644725358665 0.013976198867314089 0.095762327002834685 0.072061495141671886 -0.00046842299599925071 -0.061686287278040139 -0.066629501160068536 -0.0018779525647300607 0.054910413467627955 -0.063335724457314543 -0.049763958984786957 -0.026656240502262667 -0.0623360893112576 0.037427028798813072 0.01415170318931217 0.030969694714450945 -0.04735239359149955 -0.053995014927735126 0.008172464087737091 0.022238544441409065 0.12441427001153428 0.062029755172954282 -0.011927079917181824 0.26438411204531698
leaf_weight=2863.4269559976237 636.31926759281487 6490.8289935287248 1237.1404496803443 150.74503578151052 111.90290129144705 144.15359601216187 98.472022793073847 170.6316179944115 90.086901298011071 71.102632154310413 50075.759651760985 200.64430492125393 311.66335433748463 687.29599454067647 336.71664092782885 124.69115285824228 424.26372358527442 214.43547379651864 282.57301401774384 344.87849482364618 2498.594250914939 1111.5064772594342 29.458603791797941 489.6789614505833 1154.1215080976399 150.0889452137053 72.665459766718413 103.94877892514705 258.98241237380716 16.050093665071472
leaf_count=28831 1129062 256098 1458 1379 166361 34356 70809 51089 1920 2099 4349563 40257 43176 65112 26801 14038 167208 15836 215116 12209 4579 27778 137308 19403 192144 389 3902 16261 52730 1393
internal_value=-0.000163365 -0.000648415 0.000378299 -7.54669e-05 -0.0220606 0.0125217 0.0434807 0.000293274 -1.97671e-06 0.0005141 -0.00032738 -0.0232033 -0.0291255 -0.0156623 0.0284038 -0.00440144 -0.0205217 -0.0080843 -0.0337655 0.0128396 0.000227678 0.0135286 0.00528387 -0.00302858 -0.00766493 -0.0360769 0.0749691 0.0385611 0.016825 0.0985879
internal_weight=70952.8 68089.4 61598.6 60361.4 990.848 354.529 242.626 59370.6 58758.4 57321.6 53845.1 1270.71 1199.6 887.94 612.153 275.436 1436.78 1012.52 453.205 559.314 52574.4 3476.59 2365.08 1896.01 1793.89 639.768 102.124 469.068 349.069 119.999
internal_count=7148665 7119834 6863736 6862278 1400588 271526 105165 5461690 5419472 4958014 4504786 150644 148545 105369 42218 15417 461458 294250 266205 28045 4354142 453228 425450 353146 211936 19792 141210 72304 54650 17654
is_linear=0
shrinkage=0.055


Tree=144
num_leaves=31
num_cat=0
split_feature=17 16 50 9 8 51 48 56 7 40 3 54 8 19 51 11 7 56 38 47 50 51 32 54 2 54 57 35 25 51
split_gain=121.633 123.369 190.112 247.95 273.269 182.261 303.044 236.219 228.529 171.438 275.802 291.307 239.691 266.331 239.223 239.206 319.495 227.717 236.841 227.212 227.203 258.368 264.129 289.548 250.565 222.655 209.878 208.898 207.312 205.138
threshold=113.00000000000001 4140.5000000000009 -10.540522575378416 4.8247368335723886 0.89587974548339855 68.500000000000014 25.500000000000004 -0.033935546874999993 2.0714454650878911 2.8617925643920903 0.7947368621826173 563.50000000000011 2.5249279737472539 2.5000000000000004 804.50000000000011 1.0000000180025095e-35 12.240981578826906 -100.89233398437499 1.0000000180025095e-35 -9.6208319664001447 -12.502018451690672 739.50000000000011 2.7403194904327397 361.50000000000006 0.240384615957737 86.500000000000014 105.50000000000001 1.0000000180025095e-35 -5.1150395870208731 34.500000000000007
decision_type=2 2 2 2 2 2 2 2 2 2 2 2 2 2 2 2 2 2 2 2 2 2 2 2 2 2 2 2 2 2
left_child=-1 2 3 -2 -5 6 -4 8 -7 10 17 14 13 29 20 -16 -17 18 -3 -14 21 22 25 24 -24 -12 -15 -18 -27 -11
right_child=1 9 5 4 -6 7 -8 -9 -10 12 11 -13 19 26 15 16 27 -19 -20 -21 -22 -23 23 -25 -26 28 -28 -29 -30 -31
leaf_value=-0.074015401254941424 -0.060052112963226267 -0.037417409406259906 0.0062110639793076577 0.16838975823950283 0.034088500163197005 -0.01332249084299254 -0.051220158072003821 -0.052032331567128123 0.099644735385147981 -0.0058774221385152672 0.021720673734408044 0.022752609408612599 -0.0031802857962311098 0.0030250660232056226 -0.049029016142878683 -0.025617339501446307 0.21301168780082297 -0.0061080231571206773 0.0020049156891711935 0.00795181280059927 -0.0017648374797837544 0.1385973909624412 -0.01209439468350417 0.35293242977726141 0.1773011008294258 -0.057602528573896562 -0.021688510231532922 -0.041729359127588725 0.14458638873305771 0.014953956366327631
leaf_weight=61.689421944014612 73.282444270203996 1532.322737622053 1714.6964378367556 44.603925252558838 700.31070939975689 76.368059544456628 326.5270553813898 61.034303046239074 172.73432705411687 3279.7641034876724 860.0641031894047 1710.0975530991309 7639.9090176969366 1490.3268023967867 547.69475206824427 95.755304248130415 31.178992470988305 10451.546748321543 657.74552620798204 20212.072505887088 12988.077381604533 51.074186472353176 51.966076546988916 7.6950210509312447 29.947012883625575 186.7715287416795 3422.7716733008638 11.349263427211552 11.925821280514354 2527.8842878320283
leaf_count=60223 50827 994328 3953 7875 176633 18170 4349 752 18061 15461 14561 364897 1841159 58688 171998 26848 1067 1142229 361335 272058 79542 3388 2545 1011 1450 43445 653179 2684 67 756566
internal_value=0.000227696 0.000297443 0.0108946 0.0336429 0.0431993 0.00292427 -0.00307871 0.041856 0.0654314 -0.00019874 -0.0033758 0.00128928 0.00220854 -0.00477814 -0.00118531 -0.0327866 0.03101 -0.00949366 -0.0256001 0.00489821 0.000353652 0.0232056 0.017495 0.105569 0.0633641 0.00957968 -0.0141965 0.147792 -0.042216 0.00319488
internal_weight=71029.2 70967.5 3169.56 818.197 744.915 2351.36 2041.22 310.137 249.102 67797.9 29225.2 16583.6 38572.7 10720.7 14873.5 685.978 138.284 12641.6 2190.07 27852 14187.5 1199.44 1148.37 89.6081 81.9131 1058.76 4913.1 42.5283 198.697 5807.65
internal_count=7149349 7089126 280620 235335 184508 45285 8302 36983 36231 6808506 3211395 713503 3597111 1483894 348606 202597 30599 2497892 1355663 2113217 146009 66467 63079 5006 3995 58073 711867 3751 43512 772027
is_linear=0
shrinkage=0.055


Tree=145
num_leaves=31
num_cat=0
split_feature=9 8 16 55 45 0 35 15 45 40 22 47 33 33 50 47 48 29 15 45 40 53 2 50 56 16 3 40 33 49
split_gain=130.961 177.891 204.898 290.837 323.845 214.29 225.263 223.71 210.122 259.044 196.138 195.724 206.859 245.492 169.152 209.42 251.857 181.597 175.586 178.712 165.537 162.011 147.606 146.442 373.713 139.971 145.913 317.395 177.043 141.443
threshold=4.3973479270935067 2.5249279737472539 2301568.0000000005 0.86010742187500011 0.8171907663345338 0.91666665673255932 2.3502402305603032 7.3333497047424325 0.82074075937271129 2.2499048709869389 4.8903210163116464 -5.3518984317779532 9.2104907035827654 9.3102660179138201 -9.8043918609619123 -103.3545799255371 539.50000000000011 0.30952382087707525 7.6209502220153817 0.84170231223106395 2.8029010295867924 -100.89894485473631 0.12916667014360431 -17.549674987792965 -100.90551757812499 2096671.5000000002 0.20416666567325595 2.8029010295867924 6.2215714454650888 7.9710149765014657
decision_type=2 2 2 2 2 2 2 2 2 2 2 2 2 2 2 2 2 2 2 2 2 2 2 2 2 2 2 2 2 2
left_child=1 2 5 4 -4 6 7 25 9 22 -7 12 -9 -14 15 -10 17 -17 20 -20 -16 -2 -6 24 -8 26 27 -1 29 -28
right_child=21 -3 3 -5 8 10 23 11 14 -11 -12 -13 13 -15 18 16 -18 -19 19 -21 -22 -23 -24 -25 -26 -27 28 -29 -30 -31
leaf_value=-0.06470294511976496 -0.057170169014313717 -0.035073936170591076 -0.041624714300662662 -0.036082713388359132 -0.033320930662559881 0.026645553754810324 0.10581188870387566 -0.033489268746733997 -0.047491928200545652 0.026747706467906477 -0.081189474524027194 0.050298534491850622 0.38665581759291973 -0.036780897395772977 -0.064897394725710475 -0.054896696974576893 0.19563181166381979 0.10541667277694707 -0.07131652450054915 0.084499689055311036 0.029459128063574667 0.0012444289333240755 0.30445487824460671 -0.04192589083788846 -0.054832143152722126 -0.051075736668911603 -0.033621774222445382 0.052475100629236195 -0.061781138977616473 0.026600201669386651
leaf_weight=90.334744145948207 138.94055731628032 633.70957842396456 132.84670920131248 222.83685062272707 3.4862908718278076 624.27120233560709 70.353748106659623 183.36084381390901 26.786639716308855 28.777403714702814 50.689228992239805 345.15318444083459 3.074820238784012 6.9116791192172968 94.946911279330379 30.576353725504305 58.386143740226544 51.014361736284627 22.257897902556579 143.87233666109387 124.04173476844153 65697.114945831476 22.532523686852073 1056.9203622972309 99.807515335280186 270.65161451006134 221.08903239506617 259.75978065357049 219.30959217865529 241.74914447535411
leaf_count=30171 557921 102883 119055 16035 670 12782 40341 63221 23717 3023 4908 1763 52 3800 2312 3686 3780 1545 960 493 1189 5612223 219 142142 140412 76784 85768 31591 64062 1519
internal_value=0.000444736 -0.00783533 -0.00413389 0.0184396 0.0350005 -0.00995393 -0.0161243 -0.00393313 0.0519825 0.150563 0.0180097 0.0257372 -0.018271 0.179098 0.0409305 0.0864128 0.112792 0.045638 0.0203807 0.0621499 -0.0119865 0.00111682 0.26112 -0.0343285 0.0127112 -0.0162477 -0.0069137 0.0217544 -0.0216781 -0.00221858
internal_weight=71175.6 5339.51 4705.8 962.362 739.525 3743.44 3068.48 1841.39 606.679 54.7962 674.96 538.501 193.347 9.9865 551.882 166.763 139.977 81.5907 385.119 166.13 218.989 65836.1 26.0188 1227.08 170.161 1302.89 1032.24 350.095 682.148 462.838
internal_count=7149027 978883 876000 176684 160649 699316 681626 358731 41594 3912 17690 68836 67073 3852 37682 32728 9011 5231 4954 1453 3501 6170144 889 322895 180753 289895 213111 61762 151349 87287
is_linear=0
shrinkage=0.055


Tree=146
num_leaves=31
num_cat=0
split_feature=47 1 14 38 14 8 48 52 48 6 53 22 55 54 57 41 56 51 53 47 48 35 16 56 46 28 35 46 8 35
split_gain=137.331 136.179 248.525 225.972 255.954 204.851 199.635 192.693 228.719 263.829 209.204 192.167 189.694 175.346 170.938 170.655 241.584 423.267 237 313.466 221.821 276.389 348.11 257.361 320.276 362.627 274.592 233.381 223.127 250.422
threshold=-121.75424957275389 0.61250001192092907 8.158515930175783 1.0000000180025095e-35 6.5272264480590829 1.4978661537170412 25.500000000000004 0.82655280828475963 41.500000000000007 -0.016058000735938546 -0.039435565471649163 6.3868098258972177 0.90014648437500011 74.500000000000014 194.50000000000003 1.0000000180025095e-35 -100.87377929687499 289.50000000000006 -100.86062622070311 -14.402879714965819 58.500000000000007 2.3502402305603032 44730.500000000007 -100.90551757812499 9.1909418106079119 24145.000000000004 1.7005987167358401 2.2283253669738774 6.3910789489746103 3.0201274156570439
decision_type=2 2 2 2 2 2 2 2 2 2 2 2 2 2 2 2 2 2 2 2 2 2 2 2 2 2 2 2 2 2
left_child=-1 11 3 7 -5 -6 -7 8 9 10 -3 15 -8 -9 -14 16 17 20 19 -18 27 23 -23 -22 -25 26 -26 -2 29 -24
right_child=1 2 -4 4 5 6 12 13 -10 -11 -12 -13 14 -15 -16 -17 18 -19 -20 -21 21 22 28 24 25 -27 -28 -29 -30 -31
leaf_value=-0.033832394182447087 -0.065731302456609741 -0.080010974470296967 0.036447374590524141 -0.047053813378592185 -0.064721885787330388 0.0045237255484598202 -0.042803095088156051 -0.0016324214205382457 0.042721780761235645 0.062309199150974159 0.0068208912587163634 -0.060338446656491386 -0.038416184888872745 -0.031147826493547276 0.090271807358587489 0.0038649779925039591 -0.051142398115618742 -0.04083964332511586 0.0011641860132829563 0.11168514306565976 -0.036129037896264711 0.050705411856231307 -0.05951971319904923 0.024549954288110819 0.037313414935033519 -0.055432773481871749 0.25850565040315104 -0.0085854982550953671 0.068879398971100722 0.078571026285128631
leaf_weight=352.13400858032401 221.97818911151626 153.34298229962951 404.06165854624851 754.03787084589203 190.44115825821791 1632.6067967808413 595.91188193393828 4673.5387551518943 589.00056443185531 110.59609124663257 177.08088683476672 147.38928360397404 53.112994059825724 695.19166661889903 63.947414375841618 36512.139451154093 46.613623804594681 1137.4972984318883 15499.418318580672 120.41476107141352 183.04930012136538 170.51280343139661 482.29942976909297 1143.0225572579329 28.236312239678227 23.055693555943435 46.339626780565595 4627.8908666520874 49.596325906946731 38.978032660608733
leaf_count=337240 35489 2327 6543 35570 14873 3182 47879 21233 102709 210 487 40328 4685 43326 1594 1452332 143205 3126054 958365 25223 149154 36940 212313 250150 782 1447 484 84103 4865 5736
internal_value=0.000187648 0.000359784 -0.00555281 -0.00732228 -0.0190243 -0.0106141 -0.00609266 -0.00129527 0.0204365 -0.0094716 -0.034068 0.00134688 -0.0302649 -0.00547977 0.0327013 0.00150256 -0.00211885 -0.0097943 0.00187713 0.0660782 -0.00473469 0.00988802 -0.0172679 0.0240403 0.0330272 0.126243 0.182363 -0.0112661 -0.0378346 -0.0485457
internal_weight=70923.4 70571.3 10092.9 9688.81 3290.06 2536.02 2345.58 6398.75 1030.02 441.02 330.424 60478.4 712.972 5368.73 117.06 60331 23818.9 8152.46 15666.4 167.028 7014.96 2165.09 741.387 1423.7 1240.65 97.6316 74.5759 4849.87 570.874 521.277
internal_count=7148828 6811588 284618 278075 107783 72213 57340 170292 105733 3024 2814 6526970 54158 64559 6279 6486642 5034310 3907517 1126793 168428 781463 661871 259854 402017 252863 2713 1266 119592 222914 218049
is_linear=0
shrinkage=0.055


Tree=147
num_leaves=31
num_cat=0
split_feature=18 53 25 57 56 15 25 35 46 57 16 46 55 45 33 3 27 50 4 13 16 7 8 57 50 42 7 51 41 26
split_gain=120.406 117.319 154.464 135.145 202.072 183.728 263.345 211.439 196.183 332.765 175.08 167.982 165.961 162.956 157.137 142.848 140.216 138.107 136.911 167.924 159.845 145.859 148.806 136.41 185.493 172.483 364.817 165.677 246.742 325.142
threshold=1.0000000180025095e-35 -1.0000000180025095e-35 -8.4344043731689435 3.5000000000000004 -0.020263671874999997 5.6542406082153329 -8.0831961631774885 2.3502402305603032 1.6481430530548098 38.500000000000007 2303427.5000000005 4.3515541553497323 0.88940429687500011 0.88269880414009105 7.0929870605468759 0.97368422150611889 2257.152221679688 -8.9837465286254865 1.0000000180025095e-35 3.1984648704528813 1287646.0000000002 1.8626059889793398 6.3090083599090585 67.500000000000014 -114.7102813720703 1.0000000180025095e-35 1.8352926373481753 68.500000000000014 -1.0000000180025095e-35 194.50000000000003
decision_type=2 2 2 2 2 2 2 2 2 2 2 2 2 2 2 2 2 2 2 2 2 2 2 2 2 2 2 2 2 2
left_child=-1 3 -3 12 16 6 -6 8 9 -7 18 -10 -2 17 -14 -12 23 -8 19 20 -9 -21 -23 -5 25 -25 -27 -26 29 -29
right_child=1 2 -4 4 5 7 13 10 11 -11 15 -13 14 -15 -16 -17 -18 -19 -20 21 -22 22 -24 24 27 26 -28 28 -30 -31
leaf_value=-0.074113743225721895 0.040264366271210418 -0.0054807063490507606 0.01851027064204936 0.0085952995429094663 -0.064487008759608597 0.046650894727054616 0.016327036105364796 0.027921491303546677 -0.075316163772648256 -0.044998360820776864 -0.052644576634393259 -0.0027709962442309796 -0.046156289281605631 0.020896648935436545 0.031319325579980579 0.076694710557314152 -0.046949863546255022 -0.15272888778230811 0.0018784118457280334 -0.016590310865060312 -0.060010970940396556 -0.070396953486759395 0.013455186445750989 -0.054614757519714639 -0.0018259535544830757 0.14008831290179616 -0.052203089655292759 0.056802173020552987 0.0068166019239473564 -0.048076207669089988
leaf_weight=61.0907125579688 525.04034283525834 1261.2492271726951 2263.7325022919104 5668.1502920937783 414.51787953490202 552.3292152509166 24.152608674019575 203.65124818790355 95.060489671537653 148.37207177209348 31.885931616627204 2772.2575918272778 165.64248970874178 255.89423611015081 143.06866470852401 86.87899472846766 184.14736903755693 28.902416689303209 388.47100457385386 340.51193156791851 84.30257477057603 579.05651872194721 70.26294180926925 340.7592953656349 40525.524252634437 43.321159205326694 73.487641537001764 104.71894385050837 12877.877514817537 489.79234857544725
leaf_count=60430 4544 2235 2723 122853 86284 37584 53 7818 2898 57460 903 8579 6728 332 1820 903 300974 144 10492 706 6427 45284 1295 833682 281170 2220 117202 46186 2752217 2347014
internal_value=8.78892e-05 0.0001572 0.00993062 -0.000356029 -0.000633178 -0.0101885 -0.0361081 -0.00665508 0.00108213 0.027063 -0.0220806 -0.00530301 0.0215832 0.00238864 -0.0103242 0.0412458 0.000330369 -0.0809905 -0.0267041 -0.0353672 0.00159315 -0.0460734 -0.0612898 0.000479072 -0.00036644 -0.035047 0.0219355 -6.93457e-05 0.00521332 -0.029283
internal_weight=70804.1 70743 3524.98 67218 66384.3 6076.51 723.467 5353.04 3568.02 700.701 1785.02 2867.32 833.751 308.949 308.711 118.765 60307.8 53.055 1666.26 1277.79 287.954 989.831 649.319 60123.6 54455.5 457.568 116.809 53997.9 13472.4 594.511
internal_count=7149160 7088730 4958 7083772 7070680 267162 86813 180349 106521 95044 73828 11477 13092 529 8548 1806 6803518 197 72022 61530 14245 47285 46579 6502544 6379691 953104 119422 5426587 5145417 2393200
is_linear=0
shrinkage=0.055


Tree=148
num_leaves=31
num_cat=0
split_feature=12 13 6 56 48 48 33 56 14 14 24 50 9 13 9 28 13 55 32 33 50 13 13 9 50 29 54 22 13 46
split_gain=148.796 239.429 144.204 173.764 143.795 246.84 394.64 228.146 285.946 472.571 601.693 302.175 284.314 273.418 270.876 418.801 334.647 268.195 256.099 251.698 245.735 230.798 227.792 226.885 283.75 223.239 220.052 218.174 199.839 319.204
threshold=1.0000000180025095e-35 3.113268375396729 -0.061356576159596436 -0.019287109374999997 159.50000000000003 184.50000000000003 6.5560615062713632 -100.88940429687499 7.1518771648406991 7.13688087463379 -0.022407703101634976 -8.3105449676513654 4.9355530738830575 3.1567740440368657 4.9521117210388192 24145.000000000004 3.7726949453353886 0.85034179687500011 3.7494349479675297 8.5158920288085955 -17.325586318969723 3.5972183942794804 3.9219243526458745 4.9756748676300058 -110.40093612670897 0.46428571641445165 126.50000000000001 2.1383330821990971 2.1383330821990971 1.8511951565742495
decision_type=2 2 2 2 2 2 2 2 2 2 2 2 2 2 2 2 2 2 2 2 2 2 2 2 2 2 2 2 2 2
left_child=4 -2 3 -3 -1 6 -6 18 9 12 22 21 -9 17 15 -15 -17 -14 -7 -19 23 28 -11 24 26 -25 -16 -21 29 -10
right_child=1 2 -4 -5 5 7 -8 8 11 10 -12 -13 13 14 20 16 -18 19 -20 27 -22 -23 -24 25 -26 -27 -28 -29 -30 -31
leaf_value=-0.0011030288308017965 0.024069282214206691 -0.071407600328783696 -0.010963025703525399 0.011205387362665038 0.051399731279561801 -0.010109287416980263 -0.024450338960283421 -0.0048476822537806301 -0.05087277224475803 -0.055613864248826632 0.31575143350363011 0.016020944635570952 -0.045508769340640881 0.040512331187169168 0.19284618759060249 0.26746264252358909 -0.046556658781608404 0.0019462934902174606 0.054746908708080515 0.010888440559299231 0.030731024391494392 -0.0058216781073291025 0.14057522175553555 -0.032825883867936972 -0.053100477592816817 0.0349070925997658 -0.041342945058394961 0.20465733462565813 -0.057868816008611032 0.25792695017484313
leaf_weight=54655.370395642531 290.8969413981722 366.58831767449738 464.64687901383149 95.590636509947217 757.29746011871248 4185.2715538298726 281.65712157953021 2052.2893205609107 23.001396212170221 37.346336826245533 30.265851687123359 961.34012849139981 340.08001602086733 196.31570390108755 47.088539867640065 45.36075911541775 11.214762574662016 480.04414647548765 187.71060488034345 34.377374588304519 2552.0740977518071 904.72915067462236 26.339603460015496 530.536324205048 31.709830303876515 198.40852388575877 13.799186061689396 32.288327239628416 560.65939006386543 11.453142086604201
leaf_count=744133 34060 104931 44017 4451 75786 3128597 41290 833494 17625 20931 1624 28847 180469 39854 2380 2794 2187 152011 29166 5583 307163 367660 1264 458058 20457 97115 29380 2900 368515 421
internal_value=-0.000146118 -0.0191653 -0.0327913 -0.054384 0.000189984 0.00505154 0.0308184 0.00305692 0.00800757 0.0139251 0.133254 -0.00799994 0.0121174 0.0198286 0.0265156 0.0809275 0.20649 -0.00751303 -0.00726598 0.0163204 0.022323 -0.0233984 0.0298537 -0.00382376 0.0749871 -0.0142777 0.140661 0.112468 -0.0498486 0.0714544
internal_weight=70405.8 1217.72 926.826 462.179 69188 14532.7 1038.95 13493.7 9120.72 6659.54 93.9518 2461.18 6565.59 4513.3 3626.51 252.891 56.5755 886.79 4372.98 546.71 3373.62 1499.84 63.6859 821.542 92.5976 728.945 60.8877 66.6657 595.114 34.4545
internal_count=7147163 187459 153399 109382 6959704 6215571 117076 6098495 2940732 2157664 23819 783068 2133845 1300351 959388 44835 4981 340963 3157763 160494 914553 754221 22195 607390 52217 555173 31760 8483 386561 18046
is_linear=0
shrinkage=0.055


Tree=149
num_leaves=31
num_cat=0
split_feature=29 53 31 45 7 32 49 57 35 8 54 7 53 46 13 56 56 23 13 53 56 26 56 40 45 50 31 13 50 32
split_gain=152.949 258.842 258.534 240.86 262.134 197.945 190.956 282.53 208.661 338.333 259.87 278.487 323.118 208.637 217.874 203.127 245.926 201.883 450.936 283.622 233.663 244.638 242.076 195.702 244.71 189.389 184.764 277.226 230.99 227.435
threshold=0.26785714924335485 -100.88999176025389 2.8617925643920903 0.80526497960090648 2.1317028999328618 3.2769666910171513 8.9676342010498065 48.500000000000007 0.54930613934993755 2.4414010047912602 40.500000000000007 1.3069813251495364 -0.051757156848907464 4.3515541553497323 3.1567740440368657 -0.036865234374999993 -0.029052734374999997 4.5000000000000009 3.9019217491149907 -0.037591725587844842 -100.90014648437499 24.500000000000004 -100.90063476562499 3.3140207529067998 0.85460379719734203 -7.5096962451934806 1.7005987167358401 3.0677825212478642 -6.0744788646697989 1.8688348531723025
decision_type=2 2 2 2 2 2 2 2 2 2 2 2 2 2 2 2 2 2 2 2 2 2 2 2 2 2 2 2 2 2
left_child=1 -1 5 4 -4 6 7 -2 10 15 13 12 -12 14 -9 -10 -17 20 -19 -20 22 -22 25 -8 -25 -13 29 28 -28 -3
right_child=2 26 3 -5 -6 -7 23 8 9 -11 11 17 -14 -15 -16 16 -18 18 19 -21 21 -23 -24 24 -26 -27 27 -29 -30 -31
leaf_value=-0.057520520455727461 0.012462732024205697 0.0038848128447036422 0.094233711389388464 0.0077586672477283286 -0.066525859337974141 -0.06540757914253105 -0.0015931775932871001 -0.077966249635858201 -0.046685311103396687 -0.0098824873790378798 -0.038150088082174634 -0.055909058656460141 0.075772863787882574 -0.041761827125804091 0.031455182002028424 0.027192306725452847 -0.040735369701473456 0.01091658282689247 0.05588814459795495 0.35175662600207214 0.069602959440499934 -0.054491513169973256 0.21148420232332801 0.053163919239967238 -0.00025237478275992251 0.03618645470508771 -0.064149962883267353 -0.0010184325963203207 -0.0043842808915622138 0.026391901853841705
leaf_weight=208.91233243803435 1597.6577991405356 27383.84316108693 176.09744747624791 3663.2377047734699 33.207721403312462 152.81262986587535 18356.907817407169 62.438471322853729 1473.3697173011933 5978.4871788799719 92.04783580964795 90.99347252316511 352.85281197652512 568.04982656036736 296.19976560690702 294.32283969778655 344.9118498706157 262.20993290382103 23.0653205373128 15.636709210521074 50.228731955416151 397.74616704456275 13.992171462330587 450.34681752890174 602.88540159407421 223.48035628801881 411.11135507862491 5266.2151332252542 370.65700325460784 1424.2713866031845
leaf_count=1010691 101702 3270054 9127 133160 11907 11659 77988 1501 262648 636098 19148 58256 3196 3213 3032 45366 80152 34575 2687 147 6096 160275 1387 1383 2027 5057 196441 872281 4392 123135
internal_value=0.000219957 0.0027975 -0.0023208 0.0110855 0.067771 -0.00396 -0.00365204 -0.00906166 -0.0123287 -0.0165839 0.00173513 0.0156969 0.0520407 -0.0211608 0.011595 -0.03548 -0.00949112 0.000517397 0.0383922 0.201996 -0.0143128 -0.0399628 0.0207443 -0.00026779 0.0227309 0.00908052 0.00316722 -0.00556897 -0.0360214 0.00500195
internal_weight=70638.2 35065 35573.2 3872.54 209.305 31700.6 31547.8 12137.7 10540 8091.09 2448.94 1522.25 444.901 926.688 358.638 2112.6 639.235 1077.35 300.912 38.702 776.441 447.975 328.466 19410.1 1053.23 314.474 34856.1 6047.98 781.768 28808.1
internal_count=7148781 5476994 1671787 154194 21034 1517593 1505934 1424536 1322834 1024264 298570 290824 22344 7746 4533 388166 125518 268480 37409 2834 231071 166371 64700 81398 3410 63313 4466303 1073114 200833 3393189
is_linear=0
shrinkage=0.055


Tree=150
num_leaves=31
num_cat=0
split_feature=26 45 29 33 22 53 7 14 50 16 30 7 56 50 47 32 15 35 54 40 50 49 2 47 47 51 35 14 16 8
split_gain=111.283 113.715 111.175 303.73 254.672 208.529 171.904 162.781 187.287 246.635 234.288 559.709 221.266 208.256 225.069 289.485 247.549 306.198 262.759 366.365 223.14 246.55 230.381 198.308 220.217 254.83 197.858 197.791 191.699 188.371
threshold=81.500000000000014 0.89767450094223034 0.18333333730697635 9.2104907035827654 4.1190040111541757 -100.88999176025389 2.7396341562271123 7.0566060543060312 -7.0825421810150138 4140.5000000000009 0.6904762089252473 1.8918497562408449 -0.011962890624999998 -9.4043130874633771 -11.7604923248291 3.65057384967804 6.5617375373840341 1.2424533367156985 282.50000000000006 3.3140207529067998 -8.7720727920532209 7.9710149765014657 0.2264957278966904 -6.6719400882720938 -7.4499812126159659 51.500000000000007 3.0201274156570439 7.1518771648406991 86468.500000000015 4.8713660240173349
decision_type=2 2 2 2 2 2 2 2 2 2 2 2 2 2 2 2 2 2 2 2 2 2 2 2 2 2 2 2 2 2
left_child=1 -1 3 5 7 -2 -6 -4 9 -9 13 -12 -10 14 15 27 17 -16 -19 -20 -15 -22 23 24 -23 -26 -13 29 -18 -11
right_child=2 -3 4 -5 6 -7 -8 8 12 10 11 26 -14 20 16 -17 28 18 19 -21 21 22 -24 -25 25 -27 -28 -29 -30 -31
leaf_value=0.015400606236121796 -0.057281440224466448 -0.040998559668006057 -0.0045739525475976426 -0.045401299104592514 -0.0091115315201495198 0.003122751608146089 -0.036679373601959026 0.063832474816066659 0.0080466760002544987 -0.014787061720876543 0.078346172868773559 -0.048820489477598518 -0.032562412055280071 -0.073061130038639316 -0.064892870883915127 0.046860834467281891 -0.04900424891448435 0.063921336171074108 -0.033000080627920418 0.43405343917006689 -0.048577129499835468 0.014543859028312378 -0.048355401909390951 -0.078047186951333739 0.02861806545221357 0.22724707171358338 0.14856067778587045 -0.033186994351434067 0.016274581641239176 0.08237904509564084
leaf_weight=2011.425480225138 168.91668967286751 109.5400596675463 17881.80454437455 396.34144040647516 2573.8687905660627 29453.59929080182 929.64749690276221 142.55315388935196 11610.753131393525 167.6783632137267 279.77083464073075 221.47779187592096 415.71388375107199 278.80758382425483 47.716756760011776 192.74426734033477 180.71918971858031 241.23863731841993 6.9454655904264646 8.9735977755990444 493.6073081396753 401.69730751500174 197.65480541692523 50.813900526438374 48.620859487447888 29.69937388143444 11.668542022271138 1225.6703115146338 504.17528885164575 88.259587782202289
leaf_count=273069 914381 17831 913787 134989 40182 3973114 154138 10140 48820 60592 414 43955 1019 15622 3427 28703 14949 3484 6356 1030 28815 2433 2106 367 128 151 352 423510 23835 7257
internal_value=6.29606e-06 0.0123982 -0.000379674 0.00212525 -0.00234649 0.0027687 -0.0164684 -0.000919671 0.00295929 -0.00619605 -0.00839594 0.0265105 0.00663001 -0.0127213 -0.0034734 -0.0157481 0.017266 0.0580559 0.0816722 0.271097 -0.0290703 -0.0187774 0.00160771 0.0204891 0.031617 0.113056 -0.0360302 -0.0240232 -0.00118049 0.0196569
internal_weight=70372.1 2120.97 68251.1 30018.9 38232.3 29622.5 3503.52 34728.8 16847 4820.49 4677.94 512.917 12026.5 4165.02 2664.12 1674.35 989.769 304.874 257.158 15.9191 1500.9 1222.09 728.486 530.831 480.018 78.3202 233.146 1481.61 684.894 255.938
internal_count=7148956 290900 6858056 5022484 1835572 4887495 194320 1641252 727465 677626 667486 44721 49839 622765 573143 520062 53081 14297 10870 7386 49622 34000 5185 3079 2712 279 44307 491359 38784 67849
is_linear=0
shrinkage=0.055


Tree=151
num_leaves=31
num_cat=0
split_feature=43 51 23 16 16 14 56 10 0 10 35 49 51 16 55 33 56 50 51 56 50 50 10 47 47 56 52 6 51 44
split_gain=133.555 169.114 132.765 119.228 208.264 194.26 241.346 302.794 265.762 246.097 222.287 178.99 168.852 156.119 174.342 154.685 370.62 372.055 211.178 225.422 331.11 207.061 296.895 155.789 217.846 187.348 211.299 152.432 151.851 155.982
threshold=1.0000000180025095e-35 26.500000000000004 5.5000000000000009 2169981.0000000005 2097573.5000000005 6.1537954807281503 -100.87084960937499 8.9247875213623065 0.46428571641445165 6.2176032066345224 2.2769384384155278 1.1979631781578066 111.50000000000001 2061703.5000000002 0.91381835937500011 6.2215714454650888 -100.90307617187499 -8.039669990539549 129.50000000000003 -100.90747070312499 -11.435665607452391 -29.791623115539547 7.0950558185577401 -11.567255973815916 -8.2889904975891096 -100.88842773437499 0.84051477909088146 -0.027148779481649395 18.500000000000004 1.5000000000000002
decision_type=2 2 2 2 2 2 2 2 2 2 2 2 2 2 2 2 2 2 2 2 2 2 2 2 2 2 2 2 2 2
left_child=3 -2 -3 4 13 10 7 9 -9 27 -6 -11 -10 14 -1 16 17 18 19 -15 -21 22 -17 -23 25 -25 -27 -7 -18 -30
right_child=1 2 -4 -5 5 6 -8 8 12 11 -12 -13 -14 15 -16 21 28 -19 -20 20 -22 23 -24 24 -26 26 -28 -29 29 -31
leaf_value=-0.0009929538904170285 0.03094042225855868 -0.030680621846368085 0.048639103198869334 0.00332800663004063 -0.018929491876892409 0.02995724831717329 -0.017860146026242033 -0.053726593356804082 0.079906383481572169 0.050451449451165344 -0.083605732415997835 -0.03081842071097627 0.36069251558141807 0.089074080784313003 -0.053697253152880341 0.18363189123777648 0.0047405844425601621 -0.011886598246695761 -0.0028655003820919562 0.35568833032025066 -0.041436660361795649 -0.022217245144446861 -0.046529036911332693 -0.012259628423427735 0.013607690679784751 0.12287421024748012 0.017064832526806753 -0.0056739268277974098 -0.040596456438015252 0.0082497594132351429
leaf_weight=36418.995947286458 889.32178215392196 286.035270438937 76.999083296315803 22092.032561801607 1952.200914369254 1022.6078107217254 2055.606583421235 12.007602338495415 17.019203971503888 88.997722433723538 170.97106735198395 656.6229090473098 11.348259961778238 154.90802110099685 185.85911763765034 47.450440276857989 1088.5268242227066 180.19943440035786 54.327248865967704 19.380774106775792 7.2879078585465313 247.95721056524053 22.524266269210784 74.037697667674365 1218.3350300920356 162.06224441480299 89.491217555012554 559.57379533648782 635.69251203763997 283.91062369949213
leaf_count=3761294 1838 41873 4331 2248946 216608 109165 118841 4887 95 71339 39856 40718 293 3771 8920 11095 2512 6104 74502 604 570 77021 31763 14529 13164 5692 477 54773 140261 42920
internal_value=0.00031229 0.0180775 -0.0134248 -8.96989e-06 -0.0015632 -0.0106668 -0.00409305 0.00786941 0.148593 0.00511535 -0.0243218 -0.0208466 0.22945 -0.000104523 -0.00126785 0.00982067 0.000655601 0.0475775 0.0923042 0.120092 0.257756 0.0217203 0.111383 0.0179187 0.0244156 0.0640403 0.0862983 0.0173773 -0.00916108 -0.025553
internal_weight=70782.3 1252.36 363.034 69529.9 47437.9 6546.96 4423.78 2368.18 40.3751 2327.8 2123.17 745.621 28.3675 40890.9 36604.9 4286.09 2424.23 416.103 235.904 181.577 26.6687 1861.86 69.9747 1791.88 1543.93 325.591 251.553 1582.18 2008.13 919.603
internal_count=7148762 48042 46204 7100720 4851774 656575 400111 281270 5275 275995 256464 112057 388 4195199 3770214 424985 271244 85551 79447 4945 1174 153741 42858 110883 33862 20698 6169 163938 185693 183181
is_linear=0
shrinkage=0.055


Tree=152
num_leaves=31
num_cat=0
split_feature=4 13 22 45 15 15 26 43 51 54 0 14 50 44 48 22 28 2 7 22 3 22 6 52 51 30 45 47 8 10
split_gain=127.152 148.058 125.396 195.908 154.862 158.195 139.382 128.895 142.723 171.518 127.682 198.835 206.618 243.486 200.955 168.268 150.829 144.741 152.253 147.791 134.445 123.663 122.189 123.628 121.475 247.854 274.169 394.686 360.727 277.928
threshold=1.0000000180025095e-35 3.3497501611709599 3.9219243526458745 0.89352938532829296 6.0270721912384042 3.9981586933135991 1642.0000000000002 1.0000000180025095e-35 51.500000000000007 1490.5000000000002 0.64583334326744091 6.6113684177398691 -13.999949932098387 1.5000000000000002 25.500000000000004 4.5053346157073983 56.500000000000007 0.19090909510850909 12.240981578826906 4.0859410762786874 0.65108695626258861 3.7494349479675297 -0.060977729037404053 0.84743803739547741 51.500000000000007 0.84523808956146251 0.79524925351142894 -5.3518984317779532 2.3502402305603032 6.8029501438140878
decision_type=2 2 2 2 2 2 2 2 2 2 2 2 2 2 2 2 2 2 2 2 2 2 2 2 2 2 2 2 2 2
left_child=2 21 7 4 5 -4 -5 24 -9 -10 11 14 13 -13 15 -6 -14 18 -12 -19 -15 -2 23 -23 -1 26 27 -26 29 -29
right_child=1 -3 3 6 10 -7 -8 8 9 -11 17 12 16 20 -16 -17 -18 19 -20 -21 -22 22 -24 -25 25 -27 -28 28 -30 -31
leaf_value=-0.0013819180390974249 0.0068957442637127856 0.013853776748854659 0.023640809740716553 -0.016482948809334041 -0.039524192476688112 -0.033161013686747239 -0.087349341547619683 0.031312091440061203 -0.057890863346455733 0.062543951251590513 -0.02526955614332009 -0.0082006160473861393 -0.061176402973935416 -0.043592330245703248 -0.048303340103637259 0.018586464687950645 0.0013308915051012025 -0.046376313080305209 0.16052012469439431 0.019015231641353002 0.11634907328930065 -0.0054662022953966506 0.0027179646429287703 -0.076836377957132468 -0.034783339705276979 0.041860027275526887 0.0049599742994359394 -0.049471748132902164 -0.027572960883584369 0.16146904533104331
leaf_weight=41375.250469193947 753.65354082714475 4014.0606098066637 173.35390688400912 193.33634357370829 234.69544278916874 907.97468733975074 147.50854330005677 744.22235204797471 121.71247319287795 45.228976335129119 18.17072587993971 120.10320788212266 119.03832099965075 15.527693552612616 550.58081033835879 401.23981748422375 1991.1121113371937 114.26152530143736 35.126525153958937 852.14030436783287 123.29989878468041 119.17500185336394 232.62982321124582 189.68956964483368 1072.6452451274363 505.3686209732914 15593.35826790005 21.587654978653518 96.579031737899641 82.165366266737692
leaf_count=202510 11210 67173 31457 20286 1704 193218 8147 1941 24618 6519 744 122877 32910 51150 282333 2098 106552 4660 118 21200 20564 17000 422 3492 2512467 49314 3306185 7386 29374 10715
internal_value=0.000457877 0.00864071 -0.000204431 -0.00778187 -0.00531998 -0.0239879 -0.0479715 0.000557922 0.0210287 -0.0243919 -0.000886626 -0.00580926 0.0034014 0.0492811 -0.024137 -0.00300063 -0.00233156 0.0162227 0.100444 0.0110848 0.0975663 -0.00750734 -0.0274333 -0.0498241 0.000238658 0.00409777 0.00295422 -0.0215385 0.0484987 0.117322
internal_weight=70964.8 5309.21 65655.6 5997.47 5656.62 1081.33 340.845 59658.1 911.164 166.941 4575.3 3555.6 2369.08 258.931 1186.52 635.935 2110.15 1019.7 53.2973 966.402 138.828 1295.15 541.494 308.865 58747 17371.7 16866.3 1272.98 200.332 103.753
internal_count=7150344 99297 7051047 900018 871585 224675 28433 6151029 33078 31137 646910 620188 334053 194591 286135 3802 139462 26722 862 25860 71714 32124 20914 20492 6117951 5915441 5866127 2559942 47475 18101
is_linear=0
shrinkage=0.055


Tree=153
num_leaves=31
num_cat=0
split_feature=47 48 45 56 48 14 27 32 0 31 23 8 13 50 9 14 27 15 13 3 47 26 8 8 9 45 48 33 7 2
split_gain=132.731 159.332 226.582 221.687 375.064 255.292 295.208 228.269 224.23 191.363 217.512 202.853 204.417 190.359 186.677 283.496 288.37 259.714 197.087 181.038 176.347 172.936 233.633 231.88 357.199 185.048 170.338 235.918 307.906 206.937
threshold=-119.22742843627928 159.50000000000003 0.76124975085258495 -100.88940429687499 193.50000000000003 7.1865227222442636 602.99609375000011 3.7726949453353886 0.23611111193895343 2.5249279737472539 6.5000000000000009 1.4978661537170412 3.4811217784881596 -8.9837465286254865 4.9355530738830575 7.120039939880372 399.01622009277349 6.6140549182891855 2.9700856208801274 0.71130952239036571 -103.3545799255371 1599.5000000000002 7.0206365585327157 2.6735538244247441 1.0000000180025095e-35 0.83082807064056408 441.50000000000006 8.7873439788818377 1.0000000180025095e-35 0.240384615957737
decision_type=2 2 2 2 2 2 2 2 2 2 2 2 2 2 2 2 2 2 2 2 2 2 2 2 2 2 2 2 2 2
left_child=-1 -2 -3 4 8 6 14 26 -4 10 11 12 -7 -9 15 16 21 19 -16 -17 -18 23 -23 24 -5 -26 27 -6 -29 -30
right_child=1 2 3 5 7 9 -8 13 -10 -11 -12 -13 -14 -15 18 17 20 -19 -20 -21 -22 22 -24 -25 25 -27 -28 28 29 -31
leaf_value=-0.02457520656935033 -0.0010549437965265622 -0.055232568122378908 -0.0058132052730258755 -0.026976316608354093 -0.033995543331177568 -0.063248344884726984 -0.011402427799044591 0.079886690679867298 0.063965236698149464 0.011885835491316466 0.039744551691245696 -0.041488618746244842 0.051062278789396974 -0.055640083237074457 -0.0042388656618598001 0.21010610383235614 -0.017246376420234862 -0.025371641903114368 0.032014697467232484 0.04732798150166892 0.12800781789446661 -0.028799260774391804 0.093637897155803895 -0.018287006204503655 0.14289885150035711 0.044440840023006932 -0.0040234279704575871 0.39092939528427778 -0.056930193226108705 0.12537638766340511
leaf_weight=651.83018493704731 55724.424870767754 178.47406990874515 223.93612690307964 142.73759784115828 1246.0697851133718 62.244612379516184 989.43826565886047 138.51158266651328 360.27589809740311 1088.5059355394915 156.08144671609989 821.7184775849164 156.09122984446731 36.249206124579359 517.21089675310213 43.318257701492257 34.941774813280063 42.763141077495675 3621.6209274892681 42.665664810883754 77.250331488950906 828.3453307642194 45.151632655688445 357.26925803775157 88.710799025026063 169.81806173458972 2517.4051293049051 2.9605281114600066 37.340549411634129 29.24345574202016
leaf_count=557066 762937 725331 75000 25587 689504 38609 778627 21619 25515 237150 14199 262156 32668 2483 86285 3907 28087 8818 481401 1648 4253 228507 845 48908 10108 6587 1955942 2204 31868 963
internal_value=3.34971e-05 0.000265114 0.00549681 0.00629742 -0.00358517 0.0111838 0.0163904 -0.00959811 0.0373959 -0.00477258 -0.0199184 -0.0290194 0.0177874 0.0510098 0.0209702 0.00654016 0.000620955 0.0837106 0.0274846 0.136374 0.0839633 -0.00534726 -0.0219735 0.0138173 0.0422747 0.0802957 -0.0124243 -0.0284231 0.0670052 0.0263029
internal_weight=70432.6 69780.8 14056.3 13877.9 4591.99 9285.88 7001.24 4007.78 584.212 2284.64 1196.14 1040.05 218.336 174.761 6011.8 1872.97 1744.22 128.747 4138.83 85.9839 112.192 1632.03 873.497 758.536 401.266 258.529 3833.02 1315.61 69.5445 66.584
internal_count=7148782 6591716 5828779 5103448 2805098 2298350 1713568 2704583 100515 584782 347632 333433 71277 24102 934941 367255 352882 14373 567686 5555 32340 320542 229352 91190 42282 16695 2680481 724539 35035 32831
is_linear=0
shrinkage=0.055


Tree=154
num_leaves=31
num_cat=0
split_feature=48 50 45 27 35 56 22 52 0 53 45 8 7 50 3 48 15 22 25 46 56 15 50 8 15 35 45 13 45 53
split_gain=161.747 217.645 415.152 307.294 284.647 275.419 225.948 246.885 248.592 217.283 215.082 210.319 205.165 359.842 224.598 202.201 201.752 191.194 224.397 181.383 224.594 269.06 225.904 356.805 192.528 189.99 180.919 175.136 199.896 172.638
threshold=159.50000000000003 -11.958175659179686 0.82191285490989696 1193.4531250000002 1.7005987167358401 -100.92407226562499 3.6762205362319951 0.8142240345478059 0.18333333730697635 -0.042478352785110467 0.76457601785659801 2.2499048709869389 2.6245504617691044 -16.14410305023193 0.71130952239036571 25.500000000000004 4.3630783557891855 3.7012257575988774 -21.91280364990234 6.3353834152221689 -0.020263671874999997 7.0374670028686532 -22.144906997680661 2.0126758813858037 6.7434699535369882 1.2424533367156985 0.87866932153701793 2.8029010295867924 0.86065176129341137 -0.069146245718002305
decision_type=2 2 2 2 2 2 2 2 2 2 2 2 2 2 2 2 2 2 2 2 2 2 2 2 2 2 2 2 2 2
left_child=15 2 -2 4 11 -3 7 10 9 -9 -7 -4 13 14 -6 -1 -8 18 -14 -17 22 24 23 -21 25 26 -22 -19 -29 -16
right_child=1 5 3 -5 12 6 16 8 -10 -11 -12 -13 17 -15 29 19 -18 27 -20 20 21 -23 -24 -25 -26 -27 -28 28 -30 -31
leaf_value=0.00076189794663276066 -0.030413655953254688 -0.06933488660727842 -0.002808996962458996 -0.039099742604692213 -0.027430742305405868 -0.055503742011796871 0.062491805880448878 -0.033065425827340018 0.020845803502527929 0.0048607687874989147 0.033512201522607525 0.038246810892408153 0.076897441863219437 -0.025642833334178935 0.14423561516170313 0.00011330456463959034 -0.020166254445006644 0.10264178991366713 -0.032277278728174423 0.1645155586442755 0.060842098175011773 -0.071869279253104268 -0.0094522547500712241 -0.053581691957903653 0.040759888962367638 -0.078759770331016762 -0.050884410054896377 0.045779740415696386 -0.057164706551500168 0.044082534243157355
leaf_weight=37499.832908972065 1314.8072658104393 124.23447299374311 541.16526528652321 437.73880826893947 116.83069470157716 80.966871377706411 93.726753848523003 565.18898069586066 2582.6539875530871 2296.6204933273111 2159.5106659025878 1237.6824054801473 55.425257906601473 395.70900367948707 55.377446283342579 7644.258805702415 945.56780582964529 60.486009620999539 1083.4784121722623 50.916791130664933 84.686170627130195 383.62391206139 9484.3514385834242 34.923613811246469 149.79318812699057 145.92450193944387 80.833033039350994 123.98402564647404 97.324793473970203 472.75388813568134
leaf_count=120055 3013776 69229 175834 844018 50860 143039 7235 76839 94206 32809 591233 272894 28108 42021 11378 508740 202504 14893 564441 984 228 2503 125189 3489 522 1241 628 53262 59433 38627
internal_value=-0.000178185 0.00492161 -0.00317022 0.00451125 0.00905417 0.0104006 0.0115751 0.01483 0.00849181 -0.00267402 0.0301789 0.0257839 -0.00306423 0.0154465 0.0406597 -0.00154079 -0.0124484 -0.0166301 -0.0266513 -0.00632116 -0.0110416 -0.0381456 -0.00863019 0.0777188 -0.00962664 -0.0341219 0.00638715 0.0236304 0.000245189 0.0558384
internal_weight=70400.4 14841.2 5992.76 4677.96 4240.22 8848.47 8724.24 7684.94 5444.46 2861.81 2240.48 1778.85 2461.37 1040.67 644.962 55559.1 1039.29 1420.7 1138.9 18059.3 10415.1 844.861 9570.19 85.8404 461.237 311.444 165.519 281.795 221.309 528.131
internal_count=7150218 6386639 5169545 2155769 1311751 1217094 1147865 938126 203854 109648 734272 448728 863023 142886 100865 763579 209739 720137 592549 643524 134784 5122 129662 4473 2619 2097 856 127588 112695 50005
is_linear=0
shrinkage=0.055


Tree=155
num_leaves=31
num_cat=0
split_feature=18 13 47 45 12 40 40 15 40 50 57 51 45 32 32 30 3 15 50 51 56 50 8 56 51 47 24 48 57 56
split_gain=106.42 104.294 170.415 165.901 140.931 184.004 165.064 241.645 313.547 214.95 173.036 236.727 260.844 193.988 203.163 200.915 192.106 171.869 181.232 171.682 331.38 211.593 168.771 223.949 171.572 167.426 165.921 165.307 166.719 259.468
threshold=1.0000000180025095e-35 2.9700856208801274 -121.75424957275389 0.89022904634475719 1.0000000180025095e-35 2.6735538244247441 2.7403194904327397 4.3630783557891855 2.3502402305603032 -2.7866013050079341 164.50000000000003 164.50000000000003 0.86530137062072765 2.7403194904327397 2.4414010047912602 0.21111111342906955 0.63397127389907848 7.6006524562835702 -7.7985911369323722 1946.5000000000002 -100.91674804687499 -104.76919555664061 5.9148526191711435 -100.90405273437499 111.50000000000001 -12.642107486724852 -0.024000579491257664 101.50000000000001 114.50000000000001 -0.013916015624999998
decision_type=2 2 2 2 2 2 2 2 2 2 2 2 2 2 2 2 2 2 2 2 2 2 2 2 2 2 2 2 2 2
left_child=-1 3 -3 4 6 -6 7 8 25 17 16 12 13 14 -12 -15 -8 19 -19 -9 -21 -22 23 24 26 -2 -14 -18 29 -29
right_child=1 2 -4 -5 5 -7 10 9 -10 -11 11 -13 22 15 -16 -17 27 18 -20 20 21 -23 -24 -25 -26 -27 -28 28 -30 -31
leaf_value=-0.072303363505780816 -0.049555210168667846 -0.042010445583376625 0.0015290318160994436 -0.030114955826969637 0.090304674491266862 -0.023062531856176075 -0.015099500732860226 -0.047629397454505409 -0.035037102826198846 0.0029362509258229821 0.0071196235375715223 -0.03782354173835082 -0.068071273635396778 -0.044080903985608169 -0.089842331523042579 0.061838812828308248 0.014775941591061862 -0.061667967789034349 0.038109251281591476 0.344384187851206 -0.053418060053626024 0.10319418737774687 0.081069452148459883 -0.068810492516252084 0.11450933443928067 0.11663046829198166 0.03084399395956804 -0.041997807553471225 0.10241897138012925 0.088759903688494415
leaf_weight=55.629512085899478 18.817474457977369 268.12920148183912 62525.034968846128 738.64238098523856 103.65402374467158 69.209120108062052 354.11571321891461 1135.466397473454 99.566727034114592 765.14313811265311 1521.5981613509575 533.41628171335105 93.126065191376256 60.498515424926154 63.29769780413335 341.54092562795267 601.67472652520519 73.653632451543672 179.02448525684304 3.9397621344687641 76.866259722664836 33.312652875734784 33.753040450217668 303.71364965033717 30.510900629000389 112.91180513048312 103.09938327176496 86.517400654101948 161.29184606572016 87.800944492424605
leaf_count=60410 15776 278558 5762929 58284 6426 15233 25506 200272 31267 3025 33843 436050 855 2340 2401 2060 1304 31863 2118 5372 113451 3213 65 2381 354 2689 182 28416 18684 4427
internal_value=0.000532655 0.000595181 0.00133979 -0.00540686 -0.00279771 0.0455435 -0.00404547 -0.0153087 0.037699 -0.020787 0.00239605 -0.00468341 0.00230627 0.0116847 0.00297679 0.0455544 0.0192584 -0.0328396 0.00839274 -0.0411774 0.0223241 -0.00364211 -0.030534 -0.0383262 0.00311121 0.0919469 -0.0166249 0.0322504 0.0629016 0.024501
internal_weight=70635 70579.3 62793.2 7786.16 7047.52 172.863 6874.66 2498.7 231.296 2267.41 4375.96 3084.55 2551.14 1986.94 1584.9 402.039 1291.4 1502.26 252.678 1249.59 114.119 110.179 564.203 530.45 226.736 131.729 196.225 937.285 335.61 174.318
internal_count=7149754 7089344 6041487 1047857 989573 21659 967914 409046 49732 359314 558868 480531 44481 40644 36244 4400 78337 356289 33981 322308 122036 116664 3837 3772 1391 18465 1037 52831 51527 32843
is_linear=0
shrinkage=0.055


Tree=156
num_leaves=31
num_cat=0
split_feature=42 16 51 25 54 43 54 13 57 14 14 8 35 49 57 33 14 13 47 8 8 13 48 54 53 48 40 8 31 14
split_gain=161.206 193.706 173.269 302.611 241.914 187.216 182.214 341.156 182.634 172.573 220.336 176.338 184.773 171.57 463.214 241.753 218.609 296.259 207.36 179.801 169.348 224.305 317.166 218.184 249.303 242.211 253.32 231.133 209.818 209.211
threshold=1.0000000180025095e-35 2169981.0000000005 51.500000000000007 -14.866768836975096 1263.5000000000002 1.0000000180025095e-35 27.500000000000004 2.9700856208801274 218.50000000000003 7.9074676036834726 6.5272264480590829 5.0657496452331552 1.2424533367156985 3.1263104677200322 191.50000000000003 8.2941746711730975 5.5194568634033212 3.2769666910171513 -27.825246810913082 3.0201274156570439 3.7494349479675297 3.5408543348312382 245.50000000000003 47.500000000000007 -0.054686427116394036 33.500000000000007 2.9700856208801274 3.3140207529067998 2.7403194904327397 7.13688087463379
decision_type=2 2 2 2 2 2 2 2 2 2 2 2 2 2 2 2 2 2 2 2 2 2 2 2 2 2 2 2 2 2
left_child=1 13 5 -4 20 6 -2 8 -8 10 11 12 -9 14 15 -1 17 19 -15 -16 23 29 -23 -5 -25 -26 -27 -28 -24 -22
right_child=2 -3 3 4 -6 -7 7 9 -10 -11 -12 -13 -14 18 16 -17 -18 -19 -20 -21 21 22 28 24 25 26 27 -29 -30 -31
leaf_value=0.006300041596452411 0.0046680491682319011 0.002644957664858485 -0.039103075293167269 -0.010709150938254952 0.073673485960834312 0.02474408276288894 0.051394807041205338 -0.019928190906652137 -0.090049517569684864 -0.044722596514538963 0.0035577960252202419 0.017379973571370878 -0.087187646878547423 0.024791120598678967 0.10497444212131289 0.074962350723143056 -0.024720652552064116 -0.037117666049802912 -0.0031194031576616023 -0.027939350304018909 0.063712354443868358 -0.019154707748077739 0.017185904762039864 -0.044419625166526859 0.15486938505629644 -0.0030355491899264147 0.063986375671260101 -0.05666099775294315 0.093974585867011323 0.0072149903483086269
leaf_weight=1170.0512509222244 7375.0560813295342 21487.473762400343 308.38913648539528 1337.9169832941116 210.67648269265919 945.35803736833623 28.367135331558529 320.42894908215385 211.14274113968713 312.65778036537813 3192.9878627328435 171.81452801846899 200.36838957475265 827.37721621654782 122.01994268132148 174.04258810238025 4076.1530394190559 127.88833950970184 24702.861816910532 38.254141371147853 625.37617873389536 572.38375150001957 367.61326911859942 147.27496888352471 40.859688700642437 492.38799860255676 466.44020753788209 49.624633835381246 149.04143359649606 291.27916090990038
leaf_count=357155 14081 2231531 424909 15041 15480 2902 292 1607 1683 1734 12637 518 1763 64946 34934 24517 3115615 110127 568219 27607 11678 7057 16698 36468 183 21635 16425 3119 1756 7873
internal_value=0.000154237 -0.0013742 0.00467637 0.0132839 0.016722 0.00125918 -0.000629951 -0.00942996 -0.0725887 -0.0057447 -0.00255487 -0.0305582 -0.0463882 -0.00413876 -0.0127545 0.0154358 -0.0214441 0.0245354 -0.00221021 0.0733651 0.0140012 0.0259216 0.00897597 0.00453537 0.0215541 0.0309805 0.0252215 0.0519526 0.0400259 0.0458961
internal_weight=70543.6 52726.1 17817.4 5059.26 4750.87 12758.2 11812.8 4437.77 239.51 4198.26 3885.6 692.612 520.797 31238.6 5708.41 1344.09 4364.32 288.162 25530.2 160.274 4540.2 2005.69 1089.04 2534.5 1196.59 1049.31 1008.45 516.065 516.655 916.655
internal_count=7150190 6534651 615539 578322 153413 37217 34315 20234 1975 18259 16525 3888 3370 4303120 3669955 381672 3288283 172668 633165 62541 137933 45062 25511 92871 77830 41362 41179 19544 18454 19551
is_linear=0
shrinkage=0.055


Tree=157
num_leaves=31
num_cat=0
split_feature=25 47 51 35 45 53 9 55 53 8 51 53 16 35 49 48 32 37 41 15 3 53 14 8 33 2 48 53 22 24
split_gain=121.454 178.303 198.044 399.541 205.973 210.283 194.209 165.234 163.1 244.245 224.062 379.023 386.681 253.82 195.101 159.221 327.66 209.343 261.766 239.023 213.676 165.59 164.011 154.759 143.638 134.421 153.354 131.831 129.898 129.346
threshold=-6.9461865425109854 -1.0000000180025095e-35 241.50000000000003 2.0126758813858037 0.84027111530303966 -0.075682044029235826 4.7728502750396737 0.88159179687500011 -0.062499046325683587 4.4829866886138925 51.500000000000007 -0.06640529632568358 2301565.5000000005 1.0000000180025095e-35 4.8630323410034189 8.5000000000000018 3.1984648704528813 1.0000000180025095e-35 -1.0000000180025095e-35 5.6542406082153329 0.44722221791744238 -0.041014552116394036 5.9012653827667245 4.3107767105102548 7.1666460037231454 0.27922078967094427 25.500000000000004 -0.017575830221176144 4.2121002674102792 -0.02863331604748964
decision_type=2 2 2 2 2 2 2 2 2 2 2 2 2 2 2 2 2 2 2 2 2 2 2 2 2 2 2 2 2 2
left_child=-1 2 6 4 5 -4 7 25 9 10 14 13 -13 -12 -8 -10 17 18 20 -19 -17 -20 -23 -7 -21 -2 -27 -6 -5 -16
right_child=1 -3 3 28 27 23 8 -9 15 -11 11 12 -14 -15 29 16 -18 19 21 24 -22 22 -24 -25 -26 26 -28 -29 -30 -31
leaf_value=-0.0011090330747756652 -0.040663090141351242 0.024932309501379139 -0.048454629312495265 -0.042299651957855476 -0.071777803832989193 0.092145184733358212 -0.057804122230548455 0.022539684577272148 0.011087696386723252 -0.053067907320605998 0.10838696988905805 0.060956283326182852 0.39925382211100424 -0.050313142554103234 0.0050139660750391918 0.20672171630978339 0.047879379455703579 -0.070096353481384627 -0.052753381837694437 0.032766832267947417 0.014281899609109831 -0.08044702017721618 -0.011718700307047497 -0.052074894766073486 -0.057094160923999472 -0.013106218697784689 0.11499563384815065 0.034155136788109178 0.041233282386999887 0.074061584986496232
leaf_weight=60666.791829514623 766.59527740291014 1245.2993183931321 36.580367420447146 239.67053156197471 49.335678362607723 378.13791173727805 73.201766389996919 209.41434727236629 2417.5121669890941 88.670268313362612 68.345262047592769 22.998276845632063 17.158068242635636 48.228738077239541 167.93648224348726 20.528479840962973 287.39897362262127 87.676976969756652 505.23109303624369 572.71835522520996 57.829537347264704 108.35675152996555 1481.5522928122664 20.815396522855735 54.784932891743665 129.43677332959487 30.89313996132114 97.739385527791455 68.797559821807226 156.9825311016466
leaf_count=6574376 45082 8549 164913 153148 1312 25876 9527 252 3403 19429 18959 2619 564 55831 1309 1780 1319 1160 8569 3416 6338 682 4787 4083 950 305 161 144 30074 602
internal_value=-0.000203006 0.00557443 0.00264427 0.0270598 0.0536993 0.0725148 -0.000322667 -0.021183 0.00349181 0.0296019 0.0431692 0.0978476 0.233707 0.043361 0.020697 0.000464188 -0.00762675 -0.0132223 -0.0217037 0.0125251 0.0740735 -0.0254536 -0.0166402 0.0840691 0.0245321 -0.0311289 0.0143083 -0.00257122 -0.0233088 0.0389907
internal_weight=70176.6 9509.83 8264.53 891.077 582.609 435.534 7373.45 1136.34 6237.11 643.521 554.851 156.73 40.1563 116.574 398.121 5593.59 3176.08 2888.68 2173.5 715.18 78.358 2095.14 1589.91 398.953 627.503 926.925 160.33 147.075 308.468 324.919
internal_count=7149519 575143 566594 379550 196328 194872 187044 45800 141244 108840 89411 77973 3183 74790 11438 32404 29001 27682 22156 5526 8118 14038 5469 29959 4366 45548 466 1456 183222 1911
is_linear=0
shrinkage=0.055


Tree=158
num_leaves=31
num_cat=0
split_feature=52 52 28 28 7 33 16 6 47 31 23 2 16 47 56 33 53 16 28 53 33 53 40 50 48 46 33 56 48 56
split_gain=125.926 244.408 186.703 216.927 205.793 179.975 160.09 242.93 164.888 172.725 158.227 174.644 166.027 164.289 157.445 200.612 218.843 247.715 234.626 180.913 190.738 204.579 309.453 202.792 208.514 172.186 164.23 161.789 160.263 157.356
threshold=0.83158162236213695 0.8322904407978059 6.5000000000000009 1449.5000000000002 2.7396341562271123 9.2104907035827654 86456.500000000015 -0.027874349616467949 -17.841323852539059 3.0677825212478642 4.5000000000000009 0.37980769574642187 86455.500000000015 -112.452335357666 -100.87084960937499 8.5158920288085955 -0.06640529632568358 44728.500000000007 5283.0000000000009 -0.06445217132568358 7.0071430206298837 -0.061523199081420891 2.6020033359527592 -8.9837465286254865 67.500000000000014 1.4640176296234133 6.2215714454650888 -100.89379882812499 8.5000000000000018 -100.89038085937499
decision_type=2 2 2 2 2 2 2 2 2 2 2 2 2 2 2 2 2 2 2 2 2 2 2 2 2 2 2 2 2 2
left_child=5 -2 4 -4 -3 6 7 14 9 -9 11 -6 -13 -12 19 16 18 26 -16 -1 21 22 -21 -23 27 -26 -18 -25 -19 -27
right_child=1 2 3 -5 10 -7 -8 8 -10 -11 13 12 -14 -15 15 -17 17 28 -20 20 -22 23 -24 24 25 29 -28 -29 -30 -31
leaf_value=-0.040921783092083844 -0.050861496052719724 0.044313618584941122 0.0075913587914986334 -0.0020269567917766281 -0.060103886135165978 -0.030762206483474008 0.0066481816035714935 -0.024597896286584677 -0.047255745491983976 0.094530693390075554 0.060305452475339374 0.040809880169414586 -0.032880649345345056 -0.019576265339431412 0.0014187721810636222 0.075847035688857894 0.030625072272896115 0.022737424867347509 0.097344729550204234 0.21176152721416128 -0.064901055644387445 -0.057995540920788624 -0.05463978760590131 0.040800373310877824 0.014557285509199052 0.21660502168937951 -0.046103963276823569 -0.051127888494928532 -0.069495177788491277 0.054856736383236994
leaf_weight=431.80065583379474 292.55362641060492 131.74435199555592 8681.8339334523625 38659.164233415569 511.62603270846739 438.71592259682438 17735.535124267532 104.8148825622502 592.08765513279468 50.582084962617955 106.30513375121518 121.13295558750542 344.04897199448169 254.53377736503899 164.70636367566112 140.05801115814029 414.14657113368958 72.763998876092955 140.31304558207921 31.53179593888126 94.820913436167757 109.09716942983505 17.969737653693301 102.6966053047945 80.37907984929916 30.960131146624917 100.96255837377248 120.4964052860596 227.50866470733672 46.523035061465634
leaf_count=483314 29884 452 143828 377151 140905 169985 4949455 119925 259283 6228 12019 13047 43696 12523 209374 12231 24805 127 23342 2342 15588 40125 6574 664 3771 1111 9783 1025 35947 1291
internal_value=0.000364954 -0.00116578 -0.000862744 -0.000262445 -0.0201368 0.00390177 0.00463977 -0.00693895 -0.0341041 0.0159167 -0.0266258 -0.0380734 -0.0134618 0.0044599 0.00184253 0.0149744 0.00706171 -0.00784876 0.0464043 -0.0136783 0.00503768 0.0178094 0.118913 0.006501 0.0254785 0.0728126 0.0152874 -0.00886225 -0.0471384 0.128699
internal_weight=70351.4 49102.9 48810.4 47341 1469.39 21248.5 20809.8 3074.22 747.485 155.397 1337.65 976.808 465.182 360.839 2326.73 1260.46 1120.4 815.382 305.019 1066.28 634.475 539.654 49.5015 490.152 381.055 157.862 515.109 223.193 300.273 77.4832
internal_count=7149795 773505 743621 520979 222642 6376290 6206305 1256850 385436 126153 222190 197648 56743 24542 871414 315609 303378 70662 232716 555805 72491 56903 8916 47987 7862 6173 34588 1689 36074 2402
is_linear=0
shrinkage=0.055


Tree=159
num_leaves=31
num_cat=0
split_feature=25 45 33 16 10 40 47 50 7 46 53 45 14 10 1 45 19 13 52 52 33 7 50 7 13 7 12 16 47 52
split_gain=121.439 205.611 134.266 126.762 217.343 238.636 179.612 171.085 198.73 190.696 186.607 232.184 321.369 169.883 159.589 141.111 138.741 313.754 147.203 165.466 143.544 136.606 194.554 128.605 158.04 148.388 127.453 246.501 198.261 208.181
threshold=-5.1150395870208731 0.81146711111068737 5.3155903816223153 4140.5000000000009 7.3821172714233407 2.6735538244247441 -116.45870208740233 -4.3781540393829337 2.2322411537170415 9.1909418106079119 -0.07177639007568358 0.80430060625076305 6.7884085178375253 8.1171631813049334 0.46428571641445165 0.83479943871498119 2.5000000000000004 3.5114340782165532 0.84149748086929332 0.8523308038711549 4.610145330429078 2.5561521053314213 -12.829568862915037 0.84907525777816784 3.1984648704528813 1.7430543303489687 1.0000000180025095e-35 2301568.0000000005 -7.1276447772979727 0.84485661983490001
decision_type=2 2 2 2 2 2 2 2 2 2 2 2 2 2 2 2 2 2 2 2 2 2 2 2 2 2 2 2 2 2
left_child=3 2 -2 4 7 -6 13 8 23 -9 -10 12 -12 14 -5 -13 18 -18 21 -20 -19 -17 -23 24 -1 -25 -8 -28 29 -29
right_child=1 -3 -4 6 5 -7 26 9 10 -11 11 15 -14 -15 -16 16 17 20 19 -21 -22 22 -24 25 -26 -27 27 28 -30 -31
leaf_value=0.095419512117075916 0.0022140829459087789 0.028719690435404985 -0.076084974076223624 -0.046418451910704213 -0.050527416279477065 0.049604884098160294 0.00037404380119180123 -0.055800850170114213 -0.055049450632199758 0.0085566778724521925 -0.045029959712979989 -0.023362348894536009 0.26876880462167152 0.014674087355150047 0.016927449141202217 0.18527137379709113 -0.054291135987467487 -0.028277277302196761 -0.044386189589840037 0.060511799083639344 0.068131187193079132 0.10603952893739851 -0.063464881185394159 -0.046990253328788624 -0.0094757540595172222 0.013515535708566598 -0.036149288958490539 0.087593475665933299 -0.020423790937492914 -0.070560641120231457
leaf_weight=82.797223289071553 206.37963464525455 1021.7015301302017 92.380809740690893 664.94764243630743 302.59527067170711 89.625320510345773 63794.873131203894 159.57652794122805 54.369337212237951 900.96173210826237 12.705471849461899 92.589813960741594 25.554126915896632 275.01315301227623 143.91552187531488 47.203440690071147 111.61918346543462 53.84816393944493 49.955655066834879 292.50711680831591 258.76129097167723 90.838922214352351 22.436100226790586 202.73647461566361 84.392011352954796 295.2529523948815 750.57795284988242 142.39331277274687 179.99593452656336 26.439420284834341
leaf_count=4750 9156 3533 9980 591632 44887 9373 5818679 2484 101862 1387 2930 12520 675 147490 114683 335 8817 2092 2684 2572 4482 8957 1653 39881 13909 31685 129225 24966 1734 870
internal_value=0.000518715 0.0170094 -0.0228509 0.000202875 0.0108322 -0.0273101 -0.000318322 0.0161421 0.0265489 -0.00134344 0.0407183 0.0458754 0.171401 -0.0224711 -0.035113 0.0403526 0.0468065 0.0232392 0.066261 0.0447916 0.0513407 0.109339 0.0712026 0.00272614 0.0437339 -0.0113392 5.33801e-05 -0.0184711 0.0195405 0.0615092
internal_weight=70528.9 1320.46 298.76 69208.5 3230.33 392.221 65978.2 2838.11 1777.57 1060.54 1112.39 1058.02 38.2596 1083.88 808.863 1019.76 927.17 424.229 502.941 342.463 312.609 160.478 113.275 665.179 167.189 497.989 64894.3 1099.41 348.829 168.833
internal_count=7149883 22669 19136 7127214 297935 54260 6829279 243675 239804 3871 149579 47717 3605 853805 706315 44112 31592 15391 16201 5256 6574 10945 10610 90225 18659 71566 5975474 156795 27570 25836
is_linear=0
shrinkage=0.055


Tree=160
num_leaves=31
num_cat=0
split_feature=50 50 25 40 52 27 33 50 45 42 48 46 51 45 7 22 16 45 51 48 33 44 7 28 7 2 13 14 49 50
split_gain=143.546 126.561 186.823 119.379 192.193 255.238 197.763 251.44 302.032 182.671 177.949 293.091 254.199 229.161 238.17 225.939 221.191 201.295 181.402 285.821 196.578 180.805 255.825 248.435 224.132 178.261 176.918 174.959 244.26 224.553
threshold=-118.84025573730467 -1.0000000180025095e-35 -8.696952819824217 2.8029010295867924 0.84051477909088146 88.153923034667983 8.7067136764526385 -109.93559646606444 0.86065176129341137 -1.0000000180025095e-35 67.500000000000014 5.7742896080017099 928.50000000000011 0.84312957525253307 4.2240557670593271 4.7050054073333749 731.50000000000011 0.77056929469108593 34.500000000000007 16.500000000000004 7.5043575763702401 1.5000000000000002 1.184081554412842 9584.0000000000018 12.240981578826906 0.11805555596947671 3.9981586933135991 5.5194568634033212 10.471739292144777 -6.6699194908142081
decision_type=2 2 2 2 2 2 2 2 2 2 2 2 2 2 2 2 2 2 2 2 2 2 2 2 2 2 2 2 2 2
left_child=-1 3 -3 4 10 6 -6 -8 -9 -5 11 13 15 -2 -15 17 -14 -12 27 -20 -21 -19 23 -23 -24 -18 -11 28 -13 -29
right_child=1 2 -4 9 5 -7 7 8 -10 26 12 18 16 14 -16 -17 25 21 19 20 -22 22 24 -25 -26 -27 -28 29 -30 -31
leaf_value=-0.039413984501677407 -0.036753720969878417 -0.0084897798001756161 0.018447685664281222 -0.03118352632650578 -0.007392491099191969 -0.047833882352565298 0.19541567619676284 -0.083911455436354712 0.036560001645293418 0.0022556865582631386 -0.05515666030554725 -0.063816061035622873 0.064660380108550908 0.073736386958971334 -0.038364450751910022 -0.055119582196013657 -0.04169284135297352 0.015798592272657619 0.08561726898852115 -0.051884103846338368 0.027505670138872378 0.053616025501797074 -0.0068060661562889691 0.22111872302099608 0.070226575570886227 0.0077896904899056327 -0.066091660310215475 0.030581950695406108 0.0064395271228297087 0.0018520473343595386
leaf_weight=270.66034945695719 1119.9532662137535 1114.63415819894 2561.5352806777373 501.26837842303939 13113.198166489856 453.22333480680027 20.71062977231486 69.340887899095833 410.93567747181805 40196.457800484903 103.1362435943538 241.02323517005425 92.232819419004954 123.16797717130976 99.464476162764186 124.18354747288322 564.98229358667231 3082.2162799027155 59.347908144685789 480.3553942313556 113.73980346067765 73.342104118793941 236.76956846624125 41.788849402793858 214.37607451088115 356.66870857085996 109.89747234943934 1152.7824485313322 380.27457634572056 2848.1188403590932
leaf_count=624471 61688 2919 11126 761888 92138 50908 424 1559 986 2958304 315124 2064 41362 380 3118 80373 888308 634417 784 17373 2409 57914 168985 12333 40833 285678 17236 6619 1234 7676
internal_value=0.000197241 0.000353073 0.0102797 -0.000197377 -0.00314321 -0.00745444 -0.00609312 0.0276545 0.0184813 0.00164902 0.00212784 -0.00375015 0.0100794 -0.0266427 0.023911 0.0164902 -0.0143881 0.0189308 0.00209542 -0.0249177 -0.0365822 0.0210978 0.0495501 0.121087 0.030167 -0.0226049 0.00206116 0.00593709 -0.021107 0.0101579
internal_weight=70329.8 70059.1 3676.17 66383 25575.3 14067.4 13614.2 500.987 480.277 40807.6 11507.9 6618.23 4889.7 1342.59 222.632 3875.81 1013.88 3751.63 5275.64 653.443 594.095 3648.49 566.277 115.131 451.146 921.651 40306.4 4622.2 621.298 4000.9
internal_count=7150631 6526160 14045 6512115 2774687 146015 95107 2969 2545 3737428 2628672 103345 2525327 65186 3498 1309979 1215348 1229606 38159 20566 19782 914482 280065 70247 209818 1173986 2975540 17593 3298 14295
is_linear=0
shrinkage=0.055


Tree=161
num_leaves=31
num_cat=0
split_feature=57 56 10 45 53 55 2 8 16 57 49 42 6 47 10 25 46 29 33 15 13 47 45 2 50 50 7 6 16 50
split_gain=106.411 154.93 254.692 167.612 137.86 161.186 135.755 121.607 121.361 133.841 113.348 201.277 288.544 295.907 262.779 231.934 228.606 217.738 213.069 279.305 197.314 196.605 193.512 215.209 175.916 219.507 177.943 234.197 371.678 266.354
threshold=6.5000000000000009 -0.011962890624999998 7.1712725162506112 0.89767450094223034 -1.0000000180025095e-35 0.91381835937500011 0.11805555596947671 5.4227426052093515 1178214.5000000002 25.500000000000004 8.9676342010498065 1.0000000180025095e-35 -3.875985741615295 -11.567255973815916 8.0035300254821795 -13.683915138244627 -7.4073560237884513 0.30952382087707525 7.3145525455474862 7.6790201663970956 3.3497501611709599 -113.49019622802733 0.82817950844764721 0.26136364042758947 -114.01645278930663 -113.35727310180663 2.7396341562271123 -0.027524130418896672 86456.500000000015 -2.7866013050079341
decision_type=2 2 2 2 2 2 2 2 2 2 2 2 2 2 2 2 2 2 2 2 2 2 2 2 2 2 2 2 2 2
left_child=6 4 3 8 5 10 -1 -7 -3 -10 11 12 13 16 -15 -13 -2 18 21 -20 -19 -17 23 -12 -14 -26 27 -27 -29 -30
right_child=1 2 -4 -5 -6 7 -8 -9 9 -11 22 15 24 14 -16 17 -18 20 19 -21 -22 -23 -24 -25 25 26 -28 28 29 -31
leaf_value=-0.04712721073226829 0.0093591312414379492 0.03176601548116529 -0.056090573986154274 -0.042728931066948604 0.014856761663122546 -0.11388883864283901 0.013187720827400719 0.035411427102828276 0.00013942777998107367 -0.095874757618333209 0.014638714956315515 -0.039280499581959741 -0.054661068572720649 0.01399481547147886 0.075213872608483945 -0.045882329976365564 -0.030512318064200669 -0.020044231463427223 -0.055334572517351729 0.037246246699265038 0.007363701453988322 0.029126455755066311 0.00038122715690107865 -0.03702190489675327 0.096286120758887067 0.0022274431078639304 -0.01737207505271246 -0.040847975959463254 -0.012144568082613343 0.013175928763467994
leaf_weight=112.89893190396833 1866.4446199768281 366.019236785869 383.43340963840456 244.66153686374309 1897.7643426144423 58.687733213650063 2738.9689268591901 19.599859448135248 347.80326255906402 45.263083164274576 4825.8915336263162 325.10826203053512 229.61406593929496 573.77814763060996 334.29362342459899 106.41472818853799 561.73112744216633 1110.1861806899105 235.45657580733678 162.56794986096065 2758.7237591017038 2306.7282702717712 28220.100067281186 252.20316625617124 57.376966314408492 7982.6076053822326 4050.2410930065071 1088.7392828365701 5550.6006633321031 1619.6522114359395
leaf_count=4221 1530795 9655 15482 12720 2517 5865 24643 253 8089 4559 35171 428055 490299 24317 7930 14077 219982 20815 13271 5496 36076 30522 119139 2630 36127 1285173 1053138 364417 1328959 15087
internal_value=0.000324376 -0.000115139 -0.0182729 -0.00362007 0.000266729 -0.000165028 0.0107217 -0.0766285 0.00918226 -0.0119824 -6.58545e-05 -0.00246353 -0.00486508 0.0101286 0.0368202 0.00573274 9.15739e-05 0.0079512 0.0195856 -0.0175282 -0.000516742 0.0257307 0.00216064 0.0120391 -0.00729773 -0.00675001 -0.007065 -0.00449012 -0.0109803 -0.00641985
internal_weight=70433.6 67581.7 1387.18 1003.75 66194.5 64296.7 2851.87 78.2876 759.086 393.066 64218.5 30920.3 23915.1 3336.25 908.072 7005.19 2428.18 6680.08 2811.17 398.025 3868.91 2413.14 33298.2 5078.09 20578.8 20349.2 20291.8 16241.6 8258.99 7170.25
internal_count=7149480 7120616 50505 35023 7070111 7067594 28864 6118 22303 12648 7061476 6904536 6356224 1783024 32247 548312 1750777 120257 63366 18767 56891 44599 156940 37801 4573200 4082901 4046774 2993636 1708463 1344046
is_linear=0
shrinkage=0.055


Tree=162
num_leaves=31
num_cat=0
split_feature=12 50 47 13 45 54 53 40 13 3 56 35 52 52 48 16 57 47 38 19 15 48 14 7 25 48 50 56 45 56
split_gain=133.915 153.782 202.662 148.125 219.114 187.356 228.951 162.627 238.941 186.195 367.424 239.321 237.412 228.656 275.713 192.85 213.227 191.424 216.794 219.13 224.043 205.325 315.013 310.964 298.553 222.634 202.534 204.877 189.083 242.125
threshold=1.0000000180025095e-35 -9.8043918609619123 -107.87971115112303 3.113268375396729 0.89352938532829296 1290.5000000000002 -0.089531004428863512 2.8617925643920903 3.9415346384048466 0.97368422150611889 -100.90893554687499 1.2424533367156985 0.83451390266418468 0.8543815314769746 33.500000000000007 2301072.0000000005 79.500000000000014 -9.4147858619689924 1.0000000180025095e-35 4.5000000000000009 7.5814647674560556 16.500000000000004 6.0741953849792489 1.8033267855644228 -11.798265457153319 49.500000000000007 -13.163551807403563 -0.042236328124999993 0.80237081646919262 -0.052490234374999993
decision_type=2 2 2 2 2 2 2 2 2 2 2 2 2 2 2 2 2 2 2 2 2 2 2 2 2 2 2 2 2 2
left_child=3 -2 -3 4 5 6 -1 9 -9 10 -5 17 -11 14 -14 16 -13 18 26 20 28 -19 -23 25 -25 -24 -12 -28 -20 -30
right_child=1 2 -4 7 -6 -7 -8 8 -10 12 11 15 13 -15 -16 -17 -18 21 19 -21 -22 22 23 24 -26 -27 27 -29 29 -31
leaf_value=0.064819321736123509 -0.062680811356532057 0.080271897640946832 -0.016490475533822848 -0.058854479750481026 -0.0348309530211715 -0.045551746742071519 -0.0034447757471911793 0.0039601489534090741 -0.093884811714309596 0.013055370875919995 -0.024244301264194662 0.00031879532441319447 -0.0017134591527735972 0.0031989125523007611 -0.03441727995716392 -0.005124479590266985 -0.038880768396029337 0.0040258288557687627 -0.052097448997229664 0.16486752987300229 -0.031910223478117165 -0.057100227078768384 -0.013957854943074489 0.071983511470427558 -0.053905987987686033 0.057626711868382155 0.034596908099194107 -0.027884455424350897 0.10560372216771285 0.010347870399205447
leaf_weight=146.05107757871883 194.43567794621595 65.596112207687838 907.25732036177033 399.8533189117079 733.2948015447073 308.84107013069115 9261.2837032122752 32644.85593467646 70.680871649703477 4185.5266136022401 475.08124484359178 590.81009766378338 2003.0788137436612 6865.4967269793779 1272.4938113633325 2708.4098983072872 1444.2168779894564 2774.3745353040322 40.612331662960059 38.446616565586737 112.8862585623865 490.54214970755856 235.66150866199314 62.014991986896348 394.8547929700253 287.62820240124165 677.33074484928511 202.76233127067098 204.15734472327676 133.37940805040125
leaf_count=69520 163221 1510 23197 549753 53195 719212 553968 2871656 17123 392386 457699 14642 5465 30275 69878 355903 385397 7076 71794 5014 40030 63051 2237 1834 26564 22867 129565 4669 22819 17661
internal_value=-0.000229493 -0.0186622 -0.00958904 8.47383e-05 -0.00594394 -0.003747 -0.00235109 0.00116543 0.00373444 -0.00211778 -0.00740406 -0.00548583 0.00204292 -0.00250644 -0.0144513 -0.0147547 -0.0275274 0.00169295 0.0162562 0.0459222 0.0350412 -0.0047841 -0.0213607 -0.00327511 -0.0362236 0.0255619 0.00453909 0.0201258 0.0551833 0.0686634
internal_weight=69931.9 1167.29 972.853 68764.6 10449.5 9716.18 9407.33 58315.2 32715.5 25599.6 11273 10873.2 14326.6 10141.1 3275.57 4743.44 2035.03 6129.73 1884.66 529.482 491.035 4245.08 1470.7 980.159 456.87 523.29 1355.17 880.093 378.149 337.537
internal_count=7149181 187928 24707 6961253 1395895 1342700 623488 5565358 2888779 2676579 2178575 1628822 498004 105618 75343 755942 400039 872880 749251 157318 152304 123629 116553 53502 28398 25104 591933 134234 112274 40480
is_linear=0
shrinkage=0.055


Tree=163
num_leaves=31
num_cat=0
split_feature=50 18 16 12 16 45 36 40 47 6 8 15 50 10 49 6 54 16 53 13 0 8 8 26 46 53 16 56 33 7
split_gain=111.376 103.94 101.684 188.684 155.53 177.941 210.289 232.117 138.605 194.514 145.949 134.657 230.376 286.11 188.541 171.006 159.791 152.292 183.841 246.792 169.274 167.367 163.543 152.358 187.028 151.384 144.997 169.288 241.523 235.433
threshold=-121.85675048828124 1.0000000180025095e-35 2169981.0000000005 1.0000000180025095e-35 2179362.0000000005 0.81954246759414684 1.0000000180025095e-35 3.1984648704528813 -21.759308815002438 -0.04608530364930629 2.0126758813858037 8.5462665557861346 -8.9837465286254865 6.6739296913146982 8.9676342010498065 -0.027477012947201725 648.50000000000011 2097573.5000000005 -0.061523199081420891 3.3140207529067998 0.46428571641445165 2.0126758813858037 3.5114340782165532 1627.0000000000002 5.7742896080017099 -0.02343538403511047 2061703.5000000002 -100.90405273437499 6.8808944225311288 2.3661475181579594
decision_type=2 2 2 2 2 2 2 2 2 2 2 2 2 2 2 2 2 2 2 2 2 2 2 2 2 2 2 2 2 2
left_child=-1 -2 3 11 5 6 7 8 10 -10 -4 17 13 15 -15 25 -14 26 19 21 23 -19 -23 24 -21 -13 -3 -28 29 -29
right_child=1 2 4 -5 -6 -7 -8 -9 9 -11 -12 12 16 14 -16 -17 -18 18 -20 20 -22 22 -24 -25 -26 -27 27 28 -30 -31
leaf_value=-0.053411462832172255 -0.073535520997076775 -0.0011182461498651045 0.24789896170662676 -0.028313543827860582 0.0023439557310775826 0.011785790033867413 -0.034945424229062903 0.26513925770079899 0.079180614573517757 -0.056724669861195648 -0.03182970432483976 0.089214832806602987 -0.0066436991432900034 -0.060653523216084242 0.048464935023933786 -0.057974889305986627 0.048869901300558273 -0.055869494173393867 -0.013595293473110549 -0.046260555870232443 0.039340063272004171 0.10938534298527892 -0.029781857606093736 -0.050319018147588067 0.056978303015253869 -0.072648211896260889 0.036027964853896026 0.0056039752571355912 0.022360298891496159 -0.034729388966254944
leaf_weight=111.98928591050208 52.63014722749358 35586.290649556511 16.912275548187612 751.15404326612042 20630.570044429664 961.82260915099323 49.273983212733583 15.925051746922689 118.62628000207405 38.882886436567787 6.1981538437612462 329.05845334682635 1112.6032690652883 102.68156398422616 81.482872903390671 25.391228374648563 177.45680525933494 25.678094660983334 4943.1904438377824 87.553332903487899 197.5258383650671 144.34419877352957 28.570786962380225 242.12797428241538 119.91596698011199 14.83368165232241 626.35946414071077 1372.4834373990379 1418.6149799678351 637.09220136467411
leaf_count=339957 57657 3431617 2780 133941 1975982 62945 25820 547 18775 19433 7434 39057 6042 51171 874 12501 9187 42350 103903 104579 49764 31497 28673 204416 855 224 120387 65818 85608 114904
internal_value=0.000207957 0.000297657 0.000358537 -0.00105644 0.00346974 0.0226129 0.0638971 0.0889292 0.0666695 0.0449179 0.180559 -0.000620384 0.0139312 0.0434423 -0.0123696 0.0710696 0.00115178 -0.00121235 -0.00954136 0.0140944 -0.00250248 0.0669094 0.0862 -0.0211161 0.0133475 0.0812919 5.02304e-06 0.00985305 0.00502517 -0.0072373
internal_weight=70027.2 69915.3 69862.6 48024.4 21838.2 1207.64 245.819 196.545 180.62 157.509 23.1104 47273.3 1843.51 553.448 184.164 369.283 1290.06 45429.7 5788.91 845.716 647.123 198.593 172.915 449.597 207.469 343.892 39640.8 4054.55 3428.19 2009.58
internal_count=7148698 6808741 6751084 4637368 2113716 137734 74789 48969 48422 38208 10214 4503427 119056 103827 52045 51782 15229 4384371 566037 462134 359614 102520 60170 309850 105434 39281 3818334 386717 266330 180722
is_linear=0
shrinkage=0.055


Tree=164
num_leaves=31
num_cat=0
split_feature=15 43 8 15 8 23 33 7 22 13 49 45 56 6 15 13 10 24 7 54 44 56 49 40 15 16 50 16 6 46
split_gain=113.587 191.527 117.989 191.165 154.957 200.353 172.709 214.198 142.354 150.756 137.192 231.33 225.131 351.417 218.224 300.116 228.744 207.918 231.136 233.203 200.238 249.479 256.374 187.728 208.513 204.664 199.445 157.326 150.928 279.665
threshold=8.6316819190979022 1.0000000180025095e-35 4.0163424015045175 4.1971738338470468 4.0517470836639413 3.5000000000000004 6.7493412494659433 1.2276799678802492 6.0567731857299814 3.860674381256104 4.8630323410034189 0.78262481093406688 -100.87084960937499 -3.6179106235504146 6.6431381702423105 3.1567740440368657 6.2176032066345224 -0.15883672237396237 2.6649526357650761 86.500000000000014 1.5000000000000002 -100.89721679687499 -0.051374942064285271 3.2384861707687382 8.2370824813842791 2096671.5000000002 -110.40093612670897 2097890.5000000005 -4.6825940608978263 2.6922756433486943
decision_type=2 2 2 2 2 2 2 2 2 2 2 2 2 2 2 2 2 2 2 2 2 2 2 2 2 2 2 2 2 2
left_child=2 -2 8 -4 5 6 -5 -8 -1 -10 12 -12 13 27 15 -14 -16 -17 -19 -20 -15 -22 -23 24 26 -25 -18 -6 29 -13
right_child=1 -3 3 4 10 -7 7 -9 9 -11 11 28 14 20 16 17 23 18 19 -21 21 22 -24 25 -26 -27 -28 -29 -30 -31
leaf_value=-0.0012944488330343855 -0.036250892112731248 0.058348624846980779 0.053226752251772598 0.015626653464163132 0.056101419669651688 -0.031810381271072094 -0.086112183143573814 0.091657586557063464 -0.050062135951549472 0.023527295688282743 0.045073557174512523 0.020931930576634054 -0.063569200463959655 -0.039612098551906678 -0.037605531531873022 0.0060560905055428091 0.044842759401723921 0.059433425020791811 0.069395261585878498 0.37037500250940514 -0.02992680659219718 0.12278989346488936 -0.0013999789634417535 0.036287335900529585 0.053683731239629107 0.21070841697694082 -0.033476584999849984 -0.032127527653445669 0.0038586330896118372 -0.049679736949513165
leaf_weight=43799.131577406573 504.17047302700666 69.603848045480845 223.1416055501104 329.34552912191975 236.75334059517081 133.71071916422261 18.60935755349783 225.3383661862099 340.41589282786299 108.02961667434283 397.07847159606536 275.78937555044104 77.235953690742463 1342.3898284815041 447.1839759878967 198.97429758460385 120.66246886867157 271.72763780793684 21.015994285640772 11.00522832433853 318.69324661272913 77.251469051765525 129.091381849963 132.41621705010402 158.02437740081587 19.819674658938311 452.51467570985915 78.149822076775308 18975.975830744377 426.8490585144682
leaf_count=5234803 53562 805 20713 24949 93866 10225 2595 8416 60702 9025 18383 17800 29000 638256 140636 63286 69284 11026 275 1640 243474 22219 37643 20721 21935 706 69383 71107 129762 22108
internal_value=-0.000105898 -0.0243702 9.66081e-05 0.0031085 0.00264832 0.0279373 0.042027 0.0766394 -0.001612 -0.0322706 0.00190292 0.00377413 -0.00726875 -0.0193189 0.00650986 0.0345115 -0.00577833 0.0500578 0.0783167 0.208889 -0.0283846 0.000424158 0.0468997 0.0104531 -0.00126218 0.0649736 -0.016744 0.0340456 0.00292954 -0.0220122
internal_weight=69920.1 573.774 69346.3 25098.7 24875.6 707.004 573.293 243.948 44247.6 448.446 24168.6 20075.7 4092.91 2182.33 1910.58 579.959 1330.62 502.723 303.749 32.0212 1867.43 525.036 206.343 883.437 731.202 152.236 573.177 314.903 19678.6 702.638
internal_count=7148305 54367 7093938 1789408 1768695 46185 35960 11011 5304530 69727 1722510 188053 1534457 1106565 427892 105227 322665 76227 12941 1915 941592 303336 59862 182029 160602 21427 138667 164973 169670 39908
is_linear=0
shrinkage=0.055


Tree=165
num_leaves=31
num_cat=0
split_feature=47 43 56 38 41 53 52 14 38 23 22 50 13 7 8 53 10 56 54 37 14 6 32 25 8 47 51 56 28 45
split_gain=141.176 128.927 169.437 217.995 124.954 248.424 214.215 232.519 200.601 166.077 161.991 156.428 142.559 187.219 142.656 136.193 154.413 152.157 203.766 148.666 189.921 185.839 152.57 143.442 140.586 196.895 194.896 155.51 142.27 133.184
threshold=-124.72607040405272 -1.0000000180025095e-35 -0.020263671874999997 1.0000000180025095e-35 1.0000000180025095e-35 -100.86611557006835 0.80243071913719188 6.7586748600006112 1.0000000180025095e-35 6.5000000000000009 3.8393944501876835 -107.80527496337889 3.3842465877532963 1.0000000180025095e-35 6.1301383972167978 -0.078391313552856431 5.3082554340362558 -100.90747070312499 282.50000000000006 1.0000000180025095e-35 6.332390785217286 -6.2721831798553458 1.8688348531723025 -21.735817909240719 2.8617925643920903 -23.537494659423825 42.500000000000007 -100.89916992187499 1672.0000000000002 0.88269880414009105
decision_type=2 2 2 2 2 2 2 2 2 2 2 2 2 2 2 2 2 2 2 2 2 2 2 2 2 2 2 2 2 2
left_child=-1 2 3 -2 5 9 7 8 11 -3 -9 -6 13 -8 29 -14 17 18 -17 21 22 -19 -21 -18 25 -23 27 28 -26 -15
right_child=1 4 -4 -5 6 -7 12 10 -10 -11 -12 -13 15 14 -16 16 23 19 -20 20 -22 24 -24 -25 26 -27 -28 -29 -30 -31
leaf_value=-0.05734405293187729 -0.072518412002192389 -0.050040898858765608 0.063462418635706341 0.057500396565045429 -0.050846936220355049 -0.0016193156856612128 -0.049614519997572923 -0.028074467542470071 -0.016470773858348407 0.037997356713107965 0.047012951658636795 0.052334461114484698 -0.033671208342084251 0.0015819136537138659 -0.06197256464751108 0.018443790186670469 0.092593474153153138 0.037950498864694107 -0.076069708193592586 0.04070092905876542 -0.0076916646997726408 0.028950444637986676 0.24771225062573199 0.0057038305616572554 0.0045665362656388655 -0.053781777166607474 -0.048969709579849571 0.00076100583397136 -0.12265495453454733 -0.011881313657719529
leaf_weight=123.3881432255148 224.30564749363657 485.76429936032582 41.405921674730052 43.101355196884469 43.034772876228089 26440.464723548641 253.49615384983917 353.42446841325363 177.53821777347184 70.947080043184542 109.88553447210506 851.18618974491255 286.20504185204118 9079.8808904479702 115.03351771162124 1066.3521971323207 52.634961630490579 172.08351666079398 68.851433259354963 225.26828265930089 516.40893999819673 98.844391970727884 6.6351237297058097 23892.167354197667 46.283125624875538 583.91606864607093 355.66782438972587 1433.2090085559757 56.409231111523695 2937.779589947455
leaf_count=171513 136181 2080639 2205 63925 101546 2951427 4004 196437 64377 90153 26572 66236 122363 352275 4309 12607 9030 36712 8447 3304 11441 3938 1 453132 124 6154 10913 2693 294 155423
internal_value=0.000277367 0.000382891 -0.0347914 -0.0508909 0.000541039 -0.00238855 0.00238978 0.0225299 0.0365533 -0.038583 -0.00995381 0.0471137 0.0016376 -0.00329722 -0.00230945 0.00375567 0.00413637 -0.00505418 0.012403 -0.0107345 0.0109434 -0.0166502 0.051727 0.00591412 -0.0203665 -0.0416811 -0.0125834 -0.00402587 -0.0677667 -0.00171281
internal_weight=70211.6 70088.2 308.813 267.407 69779.4 26997.2 42782.2 1535.07 1071.76 556.711 463.31 894.221 41247.1 12386.2 12132.7 28860.9 28574.7 4629.93 1135.2 3494.73 748.312 2746.41 231.903 23944.8 2574.33 682.76 1891.57 1535.9 102.692 12017.7
internal_count=7148375 6976862 202311 200106 6774551 5122219 1652332 455168 232159 2170792 223009 167782 1197164 516011 512007 681153 558790 96628 21054 75574 14746 60828 3305 462162 24116 10092 14024 3111 418 507698
is_linear=0
shrinkage=0.055


Tree=166
num_leaves=31
num_cat=0
split_feature=25 45 51 45 14 51 53 29 45 55 45 26 56 56 45 38 10 10 51 10 10 1 51 28 3 13 40 23 8 53
split_gain=110.1 185.563 119.461 303.464 206.24 231.669 292.901 228.461 327.973 220.789 238.288 270.997 226.608 223.942 283.124 269.745 360.855 342.31 332.493 513.729 529.497 296.729 294.888 312.966 329.6 315.035 303.25 251.008 273.295 232.272
threshold=-5.1150395870208731 0.81146711111068737 68.500000000000014 0.76964271068573009 6.9290273189544687 899.50000000000011 -0.030727982521057125 0.58571431040763866 0.83745709061622631 0.85473632812500011 0.80330616235733043 194.50000000000003 -100.92065429687499 -100.89721679687499 0.82442557811737072 1.0000000180025095e-35 7.4419023990631112 5.5234570503234872 164.50000000000003 8.7839236259460467 9.0972781181335467 0.35416667163372045 289.50000000000006 2277.0000000000005 0.86190477013587963 3.7494349479675297 2.1383330821990971 6.5000000000000009 4.1666352748870858 -0.060545921325683587
decision_type=2 2 2 2 2 2 2 2 2 2 2 2 2 2 2 2 2 2 2 2 2 2 2 2 2 2 2 2 2 2
left_child=2 -2 -1 -4 5 6 9 -6 -9 10 11 -5 -13 14 -12 16 17 -15 -17 -20 -21 22 23 -19 25 26 -25 28 -16 -18
right_child=1 -3 3 4 7 -7 -8 8 -10 -11 13 12 -14 15 27 18 29 21 19 20 -22 -23 -24 24 -26 -27 -28 -29 -30 -31
leaf_value=-0.0019161844298890712 -0.02288122640874116 0.026808871463200858 -0.054194751375029201 0.10955369534241705 -0.008716386545826682 -0.0051456099519882649 -0.00020593280816660632 0.073924575246910734 0.0034686778847312955 -0.0094850929407289987 -0.042781662740021889 0.12580419697831202 -0.020554991356514944 -0.008653163388923241 0.033855659660191766 0.024981958637757155 0.04975045744257077 0.035873925680251377 0.077732481482447116 0.51309332623844517 0.11636444771985262 -0.0027893390434689967 0.017988122915825796 -0.038846429241281275 0.073325788446549203 0.035799626881934006 0.26236739969926004 0.10571870165588172 -0.029538201042749897 -0.043240510951554872
leaf_weight=51889.88976196717 289.79459381009656 997.97724265476427 266.67450033276691 54.601044069631826 4974.6016889641633 2511.1521752541412 2734.1175780415069 245.08464394685871 997.9559697616678 575.97595581884525 210.1058953393167 28.800349643883237 610.26723311218302 248.91987960174993 800.6266343869429 305.82062469340599 110.21937614456328 130.5021834310246 410.6181782614949 12.811384347918645 33.771665472275345 149.69354150349682 152.27695232893529 9.8010130755064875 132.90928870419157 31.840247902960982 106.85540603266054 103.38803638350146 271.95557777344584 272.347086322221
leaf_count=318062 19221 3551 1233672 11840 1905392 1925486 30235 22884 186130 67536 220925 85908 735267 29343 122993 14208 26722 8335 45536 637 4892 17084 27415 1022 2783 2545 3926 7595 43277 24108
internal_value=-0.000319586 0.0155816 -0.000620147 0.00345659 0.00442043 0.00930565 0.0141456 -0.00344513 0.0176007 0.0223735 0.0267609 -0.00266947 -0.0130337 0.0325985 0.0153481 0.043876 0.0288844 0.0467709 0.0699492 0.099432 0.264632 0.0660223 0.084144 0.108092 0.140372 0.196038 0.236504 0.025871 0.0177195 -0.0161531
internal_weight=69671.4 1287.77 68383.6 16493.7 16227 10009.4 7498.23 6217.64 1243.04 4764.11 4188.13 693.669 639.068 3494.46 1386.08 2108.39 1345.36 962.799 763.022 457.201 46.583 713.879 564.185 411.908 281.406 148.497 116.656 1175.97 1072.58 382.566
internal_count=7148530 22772 7125758 6807696 5574024 3459618 1534132 2114406 209014 1503897 1436361 833015 821175 603346 394790 208556 143283 92453 65273 51065 5529 63110 46026 18611 10276 7493 4948 173865 166270 50830
is_linear=0
shrinkage=0.055


Tree=167
num_leaves=31
num_cat=0
split_feature=26 27 15 52 33 53 28 15 16 27 56 13 33 22 7 13 9 32 28 7 33 31 15 54 42 50 25 31 50 48
split_gain=108.421 149.264 125.144 101.754 260.901 189.424 241.312 311.121 207.241 204.215 259.429 248.861 198.256 201.409 190.862 185.367 232.393 252.826 210.67 232.47 190.289 184.832 177.493 167.644 164.738 160.996 185.726 156.841 163.457 207.346
threshold=81.500000000000014 2927.7690429687505 7.4486248493194589 0.83158162236213695 9.2104907035827654 -0.027461975812911984 26.500000000000004 8.3964934349060076 1178216.0000000002 14.231180667877199 -0.019287109374999997 3.65057384967804 5.3008110523223886 1.0000000180025095e-35 2.9364883899688725 3.7012257575988774 4.7647428512573251 3.3842465877532963 4505.5000000000009 1.5348084568977358 7.6063749790191659 2.5249279737472539 5.8066387176513681 531.50000000000011 -1.0000000180025095e-35 -10.720786094665526 -12.352816581726072 2.2499048709869389 -8.039669990539549 41.500000000000007
decision_type=2 2 2 2 2 2 2 2 2 2 2 2 2 2 2 2 2 2 2 2 2 2 2 2 2 2 2 2 2 2
left_child=2 3 -1 4 24 6 7 14 -9 23 11 22 -13 -14 -5 16 17 18 21 -20 -21 -7 -11 -8 -2 26 -24 -18 -29 -30
right_child=1 -3 -4 5 -6 15 9 8 -10 10 -12 12 13 -15 -16 -17 27 -19 19 20 -22 -23 25 -25 -26 -27 -28 28 29 -31
leaf_value=0.019708374575537896 -0.038134385681590707 -0.057912992524013954 -0.013356487972582713 0.025139924438205931 -0.042290961562153652 -0.00022744082243417681 -0.0048662116107174389 0.10091348817780688 -0.058697253682771691 -0.060843369482133758 -0.06486588688670003 -0.061508258022434405 0.038620023408125086 -0.043387889157424191 -0.051556184692968167 0.0071593874769256315 0.003402890877230533 0.054283535580442438 -0.074409970663152039 -0.01435771212342578 -0.10716874093141367 -0.10710488184915562 -0.046258090071848293 -0.057548411086548401 0.005153838860626426 0.032887898653811878 0.10971684208468348 -0.044245072933163349 -0.017659270821771929 0.022170956437786077
leaf_weight=1674.3131419900856 264.73939684744983 128.2012215314171 432.4075879906195 109.03164726708201 361.46851440516184 1185.5312528047507 16796.913658682904 77.690977270693111 31.18205674436831 42.761110199629911 105.61914398388762 136.56581079886382 291.75297012541705 125.68792518955888 785.20829258462254 11715.578220427647 12115.011148896709 138.43508104194188 350.27402915392304 847.28147986449767 67.832984450971708 46.056430901779095 23.608179253355047 179.78338958130553 19147.566261415297 523.58693307999783 178.43250326078851 395.91731447933125 1287.962022615131 564.70197496912442
leaf_count=230449 1225688 206612 61278 1636 160097 6275 302562 2869 5966 6714 3994 6424 6680 5789 237559 33486 41479 459 2512 4666 911 606 10930 30495 4532489 5330 6044 5269 2700 2097
internal_value=0.000632884 0.000251858 0.0129062 0.000365941 0.00368701 -0.000998948 -0.00519555 -0.0313978 0.0546297 -0.00375931 0.0161812 0.0228744 -0.00521842 0.0137068 -0.0421171 0.00183789 -0.00183067 -0.0168274 -0.0208704 -0.0365858 -0.0217823 -0.00464113 0.043032 -0.0054409 0.00455382 0.0495278 0.0908144 0.000925806 -0.0123983 -0.00549181
internal_weight=70131.1 68024.4 2106.72 67896.2 19773.8 48122.4 19407.8 1003.11 108.873 18404.7 1428.01 1322.4 554.007 417.441 894.24 28714.6 16999 2635.41 2496.98 1265.39 915.114 1231.59 768.389 16976.7 19412.3 725.628 202.041 14363.6 2248.58 1852.66
internal_count=7150065 6858338 291727 6651726 5918274 733452 632992 248030 8835 384962 51905 47911 18893 12469 239195 100460 66974 15429 14970 8089 5577 6881 29018 333057 5758177 22304 16974 51545 10066 4797
is_linear=0
shrinkage=0.055


Tree=168
num_leaves=31
num_cat=0
split_feature=50 16 16 9 53 0 56 10 48 8 16 54 54 9 40 14 25 45 51 8 15 1 56 39 46 48 57 22 54 35
split_gain=114.274 107.016 247.66 203.06 199.943 183.881 326.956 233.463 276.301 184.719 171.376 237.796 170.167 150.759 188.465 173.644 173.085 148.972 150.312 191.368 152.115 149.445 150.534 137.88 137.169 137.087 213.938 133.467 129.142 222.87
threshold=-118.84025573730467 2169981.0000000005 2097573.5000000005 4.9289126396179208 -100.86720657348631 0.35416667163372045 -0.045166015624999993 8.5174932479858416 133.50000000000003 4.2268071174621591 2097891.5000000005 7.5000000000000009 119.50000000000001 4.9613394737243661 2.9174053668975835 6.0026509761810312 -6.2942826747894278 0.80143964290618908 18.500000000000004 4.4601275920867929 7.1408488750457773 0.53571429848670971 -100.92163085937499 1.0000000180025095e-35 6.9597485065460214 41.500000000000007 233.50000000000003 6.0149362087249765 2000.5000000000002 2.2769384384155278
decision_type=2 2 2 2 2 2 2 2 2 2 2 2 2 2 2 2 2 2 2 2 2 2 2 2 2 2 2 2 2 2
left_child=-1 2 4 -4 27 6 13 9 -9 10 11 -7 -12 -5 15 16 -15 -17 20 21 -19 -20 -23 -11 -10 26 -22 -2 -3 -30
right_child=1 28 3 5 -6 7 -8 8 24 23 12 -13 -14 14 -16 17 -18 18 19 -21 25 22 -24 -25 -26 -27 -28 -29 29 -31
leaf_value=-0.037209587775654376 -0.046380855403544238 0.0025670022467953685 -0.027439619136231514 0.028203327038341115 0.00080682675040967631 0.0034601900178763472 -0.06344210724298105 0.021686090622012759 0.0054137663310417847 0.020247258721275575 -0.013610973386829541 -0.082770346926260424 0.050244829443493073 -0.070498914774583046 -0.047770724896322378 -0.045907986063425277 0.027067772198280944 0.028719006130003128 0.058847524326636091 -0.030204469299369138 0.046163223958297264 0.10654893712335176 -0.072234071776886413 -0.097078915470640625 0.24675297402023069 0.006494639791202488 -0.13743452826202013 0.05552690921325925 0.00087528313056465265 0.052508445487701949
leaf_weight=241.25399072607979 391.81400034558828 20796.887932695266 1707.2821982961996 302.94547771058387 41081.297817513216 175.24074065336026 367.03405682227094 92.438308716351457 9.4113163949568825 1084.4436173287359 522.61376606327394 209.901831709014 160.95191841848464 188.42168383997887 374.13641339787318 135.52874175379839 73.73830609450124 121.59516860387521 406.7626780530336 120.23823337505746 22.860552704893053 14.263060318709902 51.521190607534663 26.277604386701569 27.557338369719218 71.849894958781078 71.402993516909191 38.885947026861686 606.17777839152222 429.10440749938607
leaf_count=624282 1235927 964157 231217 28996 2606034 312 30119 500 1614 18082 4423 15973 18817 57125 79089 84347 2406 199 22330 6383 10 144 2793 1284 44 169 413 20780 721230 369196
internal_value=0.00019098 0.000323128 -0.00113278 -0.0112544 0.00041385 -0.00526452 -0.0161761 0.00572193 0.0760727 0.00138018 -0.0149081 -0.0439937 0.00168014 -0.00716433 -0.0137144 -0.00359844 -0.0430631 0.00674549 0.0150636 0.0308107 -0.0173534 0.0464895 -0.0286829 0.0170489 0.193279 -0.0509321 -0.0928264 -0.0366484 0.00351362 0.0224257
internal_weight=69923.8 69682.6 47850.4 6338.42 41512 4631.13 2322.3 2308.84 129.407 2179.43 1068.71 385.143 683.566 1955.26 1652.32 1278.18 262.16 1016.02 880.494 592.785 287.709 472.547 65.7843 1110.72 36.9687 166.113 94.2635 430.7 21832.2 1035.28
internal_count=7148395 6524113 4469530 606789 3862741 375572 314523 61049 2158 58891 39525 16285 23240 284404 255408 176319 59531 116788 32441 31650 791 25267 2937 19366 1658 592 423 1256707 2054583 1090426
is_linear=0
shrinkage=0.055


Tree=169
num_leaves=31
num_cat=0
split_feature=1 10 15 51 10 31 31 53 16 15 54 15 10 52 46 8 14 53 7 28 53 10 52 47 13 2 28 8 13 54
split_gain=106.832 273.364 183.879 255.842 141.291 174.183 198.817 239.452 246.383 186.15 304.211 290.683 214.3 190.153 256.662 236.593 304.245 257.497 225.719 225.361 201.936 184.798 184.333 171.93 169.355 164.758 153.24 291.912 184.233 162.596
threshold=0.61250001192092907 4.610145330429078 5.482717990875245 9.5000000000000018 6.2176032066345224 1.8688348531723025 2.8617925643920903 -0.027461975812911984 2301568.0000000005 8.5462665557861346 53.500000000000007 8.6316819190979022 5.3082554340362558 0.80936089158058178 5.3108456134796151 1.4978661537170412 4.6200466156005868 -0.049803614616394036 0.52100929617881786 7086.0000000000009 -0.057615071535110467 5.708768606185914 0.81182849407196056 -9.4147858619689924 3.7494349479675297 0.12916667014360431 24145.000000000004 4.6200466156005868 3.8393945693969731 14.500000000000002
decision_type=2 2 2 2 2 2 2 2 2 2 2 2 2 2 2 2 2 2 2 2 2 2 2 2 2 2 2 2 2 2
left_child=4 -2 3 -3 5 9 7 -7 -9 12 21 -12 13 14 -1 16 -15 19 -16 -17 23 -11 25 -21 -20 -19 -24 -28 29 -29
right_child=1 2 -4 -5 -6 6 -8 8 -10 10 11 -13 -14 15 18 17 -18 22 24 20 -22 -23 26 -25 -26 -27 27 28 -30 -31
leaf_value=-0.045281607562255091 -0.033120370310061042 0.0057625425969393476 0.00059722240301667527 -0.063603526919851439 -0.00042469732225043535 -0.025070548621003209 0.010713720136581218 -0.0054523102094619002 0.049232871116898551 0.010851925701195426 0.065714712651732982 -0.071396250140832895 0.012493047956629028 0.17241686382371332 0.06021067138576594 -0.063863384591359665 0.019657134744292062 -0.038479977942907702 0.0039336885308729813 -0.059045847176571006 -0.066723490969433155 -0.084760453782983761 0.0058238963340605373 0.047184506725345986 -0.082221781484883655 0.11177438997709804 -0.048767434574548289 -0.03869608282019641 -0.064229635834553392 0.052693560170670388
leaf_weight=602.14342930139355 907.70952893430876 311.504253229592 8487.5216516939345 325.87989875242965 36673.085185847718 1810.0644930023118 2016.7449695625764 1693.6953094936616 287.09711364877876 323.75176370762347 566.24774712352519 46.884124763466389 8469.801291865102 35.838105603928852 161.55751199597398 345.03463709082462 1266.8115684586373 27.150564424613549 287.95109604568461 54.616157471438783 98.54605893498956 70.163100048026536 4077.8199073450669 203.0282466083263 85.603616002163108 78.461634190593031 468.47863166689058 72.12286324147135 68.111251371505205 255.48785696067353
leaf_count=723290 35837 467 217155 46333 4301513 424340 160375 7655 740 1342 46863 16985 900913 353 2796 98233 60554 1433 10088 21239 7299 654 43879 3724 5742 444 6385 206 680 1643
internal_value=0.000831594 -0.00442123 -0.00154978 -0.0299218 0.00170808 0.00503957 -0.0032215 -0.0106394 0.00257779 0.00775556 0.0306624 0.0547376 0.00636201 1.67922e-05 -0.0208019 0.00338676 0.024503 -0.00141516 0.00690843 -0.0325218 -0.00169808 -0.00702724 0.00293413 0.0239701 -0.0166349 0.073154 0.00136109 -0.0196095 0.0150872 0.0322951
internal_weight=70178.9 10032.6 9124.91 637.384 60146.3 23473.2 5807.6 3790.86 1980.79 17665.6 1007.05 613.132 16658.6 8188.76 1137.26 7051.51 1302.65 5748.86 535.112 701.225 356.19 393.915 5047.63 257.644 373.555 105.612 4942.02 864.201 395.722 327.611
internal_count=7149160 299792 263955 46800 6849368 2547855 593110 432735 8395 1954745 65844 63848 1888901 987988 741916 246072 60907 185165 18626 130495 32262 1996 54670 24963 15830 1877 52793 8914 2529 1849
is_linear=0
shrinkage=0.055


Tree=170
num_leaves=31
num_cat=0
split_feature=13 10 10 55 25 8 56 11 57 28 32 54 6 1 50 51 15 10 56 56 7 2 38 55 56 10 50 50 52 9
split_gain=96.3338 91.7482 95.6798 90.6235 175.229 209.924 185.168 172.286 161.972 184.628 164.952 147.185 141.857 174.801 178.955 204.765 188.269 162.346 212.293 190.213 148.47 165.031 155.196 143.818 138.912 130.86 209.833 170.308 163.075 132.42
threshold=4.0163424015045175 12.102104663848879 11.925019741058351 0.89233398437500011 -8.0523972511291486 1.4978661537170412 -0.015380859374999998 1.0000000180025095e-35 67.500000000000014 6.5000000000000009 2.1383330821990971 470.50000000000006 -3.9760339260101314 0.6904762089252473 -9.8043918609619123 86.500000000000014 7.2769021987915048 7.6011524200439462 -0.021240234374999997 -0.035888671874999993 6.6601037979125985 0.14835165441036227 1.0000000180025095e-35 0.89184570312500011 -0.013916015624999998 7.0950558185577401 -6.6699194908142081 -27.803836822509762 0.8147123157978059 4.8890287876129159
decision_type=2 2 2 2 2 2 2 2 2 2 2 2 2 2 2 2 2 2 2 2 2 2 2 2 2 2 2 2 2 2
left_child=1 2 3 8 7 6 -6 -5 11 10 -10 25 13 14 15 -11 23 18 19 -16 21 22 -18 -17 -12 27 -27 28 -1 -29
right_child=-2 -3 -4 4 5 -7 -8 -9 9 12 24 -13 -14 -15 17 16 20 -19 -20 -21 -22 -23 -24 -25 -26 26 -28 29 -30 -31
leaf_value=-0.052835819735590824 -0.029818832320661157 -0.033230152059859824 0.091877718859464788 -0.0097814170988717968 -0.12935457547407825 0.016205711827935371 -0.0052426210491153674 -0.052541342932801972 -0.0094980618143752082 -0.054905754074925935 -0.059615548335003279 0.043037063476092222 -0.00022549175715143337 -0.062855667847173002 0.014897871745596258 -0.035214257006478851 0.021585801743146046 0.059875965865331705 0.083690759573174983 -0.076372295331789408 -0.014859317008714266 -0.016354093614035021 0.13007444939619336 0.12650622069450029 0.088091982909747304 -0.022567690378058045 0.0058072109198939832 -0.0066965475929323523 0.066528670521271469 0.013184009258632419
leaf_weight=36.049675690715958 318.59523475858441 241.5697073777992 29.554558939576964 3083.5497540379765 52.823642063420266 1304.0970799131319 99.184827374298038 309.64401821129286 1844.3080449889931 162.13311912983409 317.95178772874715 329.10054180435691 49680.780833646044 77.218793158004701 363.2502776151814 216.2978449234015 65.381573639137059 427.19098824655885 103.09986626417412 80.025020014087204 98.89732033616383 55.724893647202407 107.49368771750233 13.107146402740907 16.154608854521939 1074.0850193247243 2921.6149964008946 1292.4836360014888 259.357985291972 4646.1950708632648
leaf_count=21293 52752 44314 3101 162558 244 1601 162 16256 1324730 12256 374107 95264 4604670 11524 11366 170494 40443 6723 529 2016 28688 19495 24887 185 2138 49034 4931 10352 24881 26189
internal_value=0.000120337 0.000260102 0.000379635 0.000333814 -0.00691208 0.00902666 -0.051118 -0.013755 0.000881726 -0.000344415 -0.016009 0.00710657 0.000320312 0.0155991 0.0193529 -0.00146939 0.0144379 0.0346603 0.0145809 -0.0022473 0.0409472 0.0648916 0.0908041 -0.0234729 -0.0512801 0.00593019 -0.00183892 0.0109072 0.0513252 0.00885525
internal_weight=69626.9 69308.3 69066.8 69037.2 4849.3 1456.11 152.008 3393.19 64187.9 53629 2178.41 10558.9 51450.6 1769.82 1692.6 719.036 556.902 973.566 546.375 443.275 327.497 228.6 172.875 229.405 334.106 10229.8 3995.7 6234.09 295.408 5938.68
internal_count=7147183 7094431 7050117 7047016 180821 2007 406 178814 6866195 6634251 1700975 231944 4933276 328606 317082 296448 284192 20634 13911 13382 113513 84825 65330 170679 376245 136680 53965 82715 46174 36541
is_linear=0
shrinkage=0.055


Tree=171
num_leaves=31
num_cat=0
split_feature=40 8 9 27 16 29 0 32 8 15 45 40 54 53 51 14 33 1 24 8 54 54 2 33 25 46 50 31 50 16
split_gain=96.9579 207.855 188.011 175.826 129.477 116.605 176.783 236.524 316.105 274.02 269.322 228.127 207.161 197.783 216.055 298.23 297.453 238.574 346.161 235.369 209.948 182.181 196.239 181.154 193.572 240.888 251.545 223.36 251.978 189.109
threshold=3.3497501611709599 1.4978661537170412 4.7146430015563974 0.78585162758827221 1178214.5000000002 0.26785714924335485 0.41428571939468389 1.7005987167358401 1.2424533367156985 8.038673400878908 0.78844135999679577 2.8029010295867924 132.50000000000003 -0.03564068675041198 68.500000000000014 6.8464114665985116 6.690211534500123 0.38750000298023229 -0.01976748742163181 3.4175922870635991 7.5000000000000009 1210.5000000000002 0.12916667014360431 4.1426305770874032 -10.462506294250487 3.9065225124359135 -13.163551807403563 2.8617925643920903 -5.4385697841644278 4140.5000000000009
decision_type=2 2 2 2 2 2 2 2 2 2 2 2 2 2 2 2 2 2 2 2 2 2 2 2 2 2 2 2 2 2
left_child=5 -2 4 -4 -3 -1 7 9 -9 12 -10 -11 13 14 17 -16 -17 18 -7 -18 -15 -14 -23 -12 -25 27 -27 28 29 -26
right_child=1 2 3 -5 -6 6 -8 8 10 11 23 -13 21 20 15 16 19 -19 -20 -21 -22 22 -24 24 25 26 -28 -29 -30 -31
leaf_value=0.0018638599952948316 -0.074366664477477182 -0.042160881997500281 0.015671828639541894 -0.046563137948488181 0.074649252340810435 -0.068035325397816412 0.00056544480047572847 -0.042000214570638697 0.062497888273894742 0.035326437189814756 -0.031223413581532512 -0.014117207693583494 -0.053484485765171619 -0.0043255639122679454 0.0050310748913027737 -0.046299663045224787 -0.038551827587413254 0.010894398052783295 0.036402054804459967 0.22912440104324244 -0.037425893235526891 -0.03674348124652832 0.062899681882242375 -0.034336681762028573 0.091485205167357128 -0.067915014024216291 0.0017740274084706647 0.05196341505267537 0.044448667298343451 -0.032056130528423044
leaf_weight=33920.773185886443 74.276022731575722 29.611622679181892 1259.8845169346005 149.17498016467289 220.78105391819918 340.59282176035049 20293.141395209968 524.1476111664615 211.31645954747364 524.04099583128846 509.40859228083173 600.94765663611724 876.93281298592774 950.36440598661648 179.40084037796623 20.15602724555356 10.450510471688174 723.6918387770711 129.27447673698771 51.998303045045759 1486.868936353625 157.30316395997579 89.65724037461041 394.59576100138474 36.504308273182687 157.37036921967592 4465.8717231632836 564.20603811727415 298.80127162871577 397.02358723844372
leaf_count=5386694 21992 4188 58526 42909 11714 3553 667447 73772 38545 17931 31589 30012 205534 2164 20888 3616 2630 3360 427 1666 14857 135255 55029 184914 4615 14737 30855 17717 1955 60311
internal_value=-8.91333e-05 0.0127356 0.016846 0.00894176 0.0602802 -0.000417437 -0.00269376 -0.00751957 -0.00100369 -0.015532 0.0020784 0.00896898 -0.0210298 -0.0149895 0.00105513 0.0457933 0.128981 -0.0089157 -0.0392208 0.184793 -0.0245542 -0.0417926 -3.83908e-05 0.000162963 0.00271774 0.00521458 -0.000668923 0.0261162 0.00598548 -0.0207291
internal_weight=69648.6 1733.73 1659.45 1409.06 250.393 67914.8 33994.1 13700.9 7559.25 6141.68 7035.1 1124.99 5016.69 3892.8 1455.56 262.006 82.6048 1193.56 469.867 62.4488 2437.23 1123.89 246.96 6823.78 6314.37 5919.78 4623.24 1296.54 732.329 433.528
internal_count=7149402 139329 117337 101435 15902 7010073 1623379 955932 459010 496922 385238 47943 448979 53161 36140 28800 7912 7340 3980 4296 17021 395818 190284 346693 315104 130190 45592 84598 66881 64926
is_linear=0
shrinkage=0.055


Tree=172
num_leaves=31
num_cat=0
split_feature=53 31 18 16 20 54 30 16 49 14 44 7 53 22 54 15 46 53 28 10 50 50 11 7 57 15 26 25 14 48
split_gain=140.134 95.547 94.6426 90.4163 204.064 193.343 245.16 187.133 244.145 220.89 194.718 182.6 172.617 169.427 313.068 228.091 163.306 361.302 596.561 231.684 263.099 220.157 167.256 176.745 188.828 163.5 152.577 147.549 139.06 138.417
threshold=-100.89894485473631 3.9019217491149907 1.0000000180025095e-35 2301874.5000000005 1.0000000180025095e-35 330.50000000000006 0.46428571641445165 2303382.5000000005 6.7309472560882577 6.2353901863098153 1.0000000180025095e-35 0.15193992853164676 -100.89588546752928 1.2424533367156985 165.50000000000003 6.0270721912384042 5.7742896080017099 -0.055660784244537347 5058.0000000000009 7.3135535717010507 -11.108977317810057 -7.0825421810150138 1.0000000180025095e-35 1.8918497562408449 142.50000000000003 8.4626312255859393 864.00000000000011 -12.743447303771971 6.2509396076202401 133.50000000000003
decision_type=2 2 2 2 2 2 2 2 2 2 2 2 2 2 2 2 2 2 2 2 2 2 2 2 2 2 2 2 2 2
left_child=-1 2 -2 -4 5 16 -7 8 11 27 -9 -6 -12 15 -15 -13 17 18 -5 29 -21 -22 25 24 -24 -18 -17 -10 -16 -20
right_child=1 -3 3 4 7 6 -8 10 9 -11 12 13 -14 14 28 26 22 -19 19 20 21 -23 23 -25 -26 -27 -28 -29 -30 -31
leaf_value=-0.057785340963401773 -0.072051056663107918 -0.039435652148461391 -8.1611581536253914e-05 -0.0236018031665138 -0.059811023898852116 -0.045056487357391845 0.065524932213204462 -0.077120309239882973 0.087709278193540269 -0.0081059116682209009 0.11677412511288994 -0.057604362272745971 0.0028098726135108621 -0.05443051470309055 -0.0050621204484243834 -0.022094544023524162 0.0011829556500981843 0.0037686803584778897 0.12391232263317517 -0.033394624807716967 0.38867849367200147 0.095413191691057442 0.021173401544982897 -0.081653358028385872 -0.081847350945942809 -0.09681181237337734 0.089914374107522815 0.020448134443191705 0.083622481953499403 -0.044829222285041902
leaf_weight=119.46799487067619 49.00776897482865 174.63057437732641 58352.141264099206 94.583718964531727 43.650468129799265 525.78417724437531 64.020503813990217 86.412088999706612 102.60407168128586 1001.1347962006766 35.769963062870374 35.447522411588579 2930.7312794609716 110.03810782255459 77.516161300172826 38.198928328311013 2446.5574534279294 1059.5989778626827 61.194670433120336 7.5538288489915422 24.958558154728962 16.045305149804335 180.74436471424997 165.0959098127787 70.848118854744826 47.609272976987995 438.3490513590732 1296.0614564670759 163.68713094891427 16.087744603748433
leaf_count=646833 51421 17167 5344755 34984 25619 331055 6780 14335 1264 8515 11332 29778 288354 6698 74551 14721 10528 37763 984 5733 569 98 257 1570 840 446 117722 7812 44455 11606
internal_value=0.000521393 0.000625446 0.000728875 0.000785381 0.00532464 -0.00325932 -0.0326035 0.0117749 0.02083 0.0115962 0.0019491 0.0450669 0.00437823 0.0506841 0.0208475 0.0707531 0.000904373 0.0172384 0.0804691 0.156603 0.24708 0.296763 -0.00629563 -0.0383317 -0.0088667 -0.000877539 0.0807998 0.0256772 0.0555977 0.0881961
internal_weight=69835.5 69716.1 69541.4 69492.4 11140.3 4780.68 589.805 6359.6 3306.69 2399.8 3052.91 906.887 2966.5 863.237 351.241 511.996 4190.88 1280.02 220.424 125.84 48.5577 41.0039 2910.86 416.688 251.592 2494.17 476.548 1398.67 241.203 77.2824
internal_count=7148545 6501712 6484545 6433124 1088369 443213 337835 645156 331135 17591 314021 313544 299686 287925 125704 162221 105378 91737 53974 18990 6400 667 13641 2667 1097 10974 132443 9076 119006 12590
is_linear=0
shrinkage=0.055


Tree=173
num_leaves=31
num_cat=0
split_feature=43 2 13 47 48 45 30 37 56 50 35 16 7 33 45 7 27 2 35 9 41 52 33 49 9 13 14 14 9 1
split_gain=117.777 100.898 103.009 94.4686 156.552 273.919 256.096 253.795 224.941 213.266 184.394 245.396 229.089 276.206 182.579 184.939 183.535 180.928 167.768 166.006 164.913 204.751 162.553 151.837 216.003 166.852 155.103 351.004 271.695 257.737
threshold=1.0000000180025095e-35 0.19090909510850909 3.860674381256104 -5.3518984317779532 409.50000000000006 0.79962685704231273 0.46428571641445165 1.0000000180025095e-35 -100.92163085937499 -9.4043130874633771 1.2424533367156985 1289817.5000000002 1.5348084568977358 8.1122279167175311 0.80330616235733043 8.4679837226867694 1017.2961425781251 0.58571431040763866 2.2769384384155278 4.9355530738830575 1.0000000180025095e-35 0.82269376516342174 5.3008110523223886 13.260377407073976 4.6925911903381357 3.2384861707687382 7.3418078422546396 7.281041383743287 4.9711883068084726 0.35416667163372045
decision_type=2 2 2 2 2 2 2 2 2 2 2 2 2 2 2 2 2 2 2 2 2 2 2 2 2 2 2 2 2 2
left_child=3 2 -2 4 17 6 7 -6 -9 -10 14 -12 13 18 -7 16 -16 23 -13 -15 -20 -22 -17 26 25 -25 27 -1 -29 -30
right_child=1 -3 -4 -5 5 10 -8 8 9 -11 11 12 -14 19 15 22 -18 -19 20 -21 21 -23 -24 24 -26 -27 -28 28 29 -31
leaf_value=-0.0053657034208045226 0.010573821557868466 0.035419709521478202 -0.056629749756187571 0.0016867166348237287 -0.056063612878955997 0.080003077716757395 0.063090592410906809 0.24522945134067775 -0.052913480644799012 0.050173640319583317 0.012664169154009247 -0.055320841205812724 -0.020448673840631627 -0.053377670127219182 0.011017660426847743 0.0059331407425266408 -0.05350195409311783 -0.032480336608407011 -0.062164549447030509 0.088599034057370726 0.10397369142708901 -0.00083090715395687208 0.060601207145127414 0.021503538753430161 0.0066361463224582622 -0.057929649683582191 -0.015699867175701324 -0.014851588209000979 0.078479641645131187 -0.035426668873468771
leaf_weight=14991.639384875753 628.39960784602226 507.03357754587705 72.443899816586054 33013.518754892699 542.98698027338287 130.57845287509372 84.276979938140357 6.8591779201087766 113.97754241028269 118.95196509283232 2562.339907695663 142.49659198438167 1988.3174701601765 25.491210187072284 2121.6113057117582 270.01503838979625 137.36133702340703 678.5431442768604 59.980446274556016 175.7947755621135 82.545814052129572 158.2211212721013 420.94835528624935 108.47925980774744 5584.9716357258003 277.84159319435275 4064.9558351527594 213.68636791613608 368.24063601702255 68.604743021551258
leaf_count=1439599 30853 12897 4251 187896 1569227 47896 13748 46846 489691 43810 900002 29708 965242 6490 490726 75104 311250 15210 38942 9341 3062 5494 56889 655 23079 3056 291292 16472 17871 3323
internal_value=-0.00013023 0.016859 0.00327527 -0.000430956 -0.00240028 0.00379965 -0.0255234 -0.0354039 0.0115684 -0.000321081 0.00688541 0.000559777 -0.0112221 0.0171792 0.0175352 0.0146394 0.00698492 -0.00455123 -0.00721097 0.0697609 0.0161158 0.0364851 0.0394341 -0.00380704 0.00387383 -0.035635 -0.00613475 -0.00364482 0.0357517 0.0603927
internal_weight=69721.1 1207.88 700.844 68513.2 35499.7 9142.75 867.053 782.776 239.789 232.93 8275.7 5195.19 2632.85 644.53 3080.51 2949.94 2258.97 26357 443.244 201.286 300.747 240.767 690.963 25678.4 5971.29 386.321 19707.1 15642.2 650.532 436.845
internal_count=7149922 48001 35104 7101921 6914025 5103468 2163322 2149574 580347 533501 2940146 1958281 1058279 93037 981865 933969 801976 1810557 77206 15831 47498 8556 131993 1795347 26790 3711 1768557 1477265 37666 21194
is_linear=0
shrinkage=0.055


Tree=174
num_leaves=31
num_cat=0
split_feature=25 9 7 51 48 55 49 46 46 9 6 49 53 28 50 51 48 7 56 53 48 46 19 13 6 50 8 43 19 52
split_gain=117.815 144.372 192.594 234.438 175.143 199.735 155.152 118.19 202.521 117.607 105.272 249.215 176.798 237.188 154.002 149.83 129.766 167.146 166.42 138.948 134.796 125.441 124.618 123.508 122.472 103.755 102.454 100.892 112.638 101.439
threshold=-6.8918664455413809 4.7781505584716806 1.8918497562408449 224.50000000000003 8.5000000000000018 0.89233398437500011 8.9676342010498065 4.6248388290405282 3.4369220733642583 1.0000000180025095e-35 -0.027477012947201725 -0.028765830211341378 -0.06640529632568358 1718.0000000000002 -9.6184768676757795 466.50000000000006 311.50000000000006 2.5180099010467534 -100.88842773437499 -0.027461975812911984 228.50000000000003 -0.036767454817891114 2.5000000000000004 3.7494349479675297 -0.23969822376966474 -24.381695747375485 4.3107767105102548 -1.0000000180025095e-35 3.5000000000000004 0.76941618323326122
decision_type=2 2 2 2 2 2 2 2 2 2 2 2 2 2 2 2 2 2 2 2 2 2 2 2 2 2 2 2 2 2
left_child=27 2 4 6 -2 7 -4 8 -6 -5 16 -12 13 -13 15 -14 17 20 25 23 24 -16 -19 -20 -3 -18 -15 28 -1 -29
right_child=1 10 3 9 5 -7 -8 -9 -10 -11 11 12 14 26 21 -17 18 22 19 -21 -22 -23 -24 -25 -26 -27 -28 29 -30 -31
leaf_value=-0.070607734472972389 0.0015881055755276857 0.051789916398100537 -0.0596992140457418 -0.049532574106924264 -0.055559430413577846 0.045343875057045839 0.033316314897415662 -0.096795334027262842 0.037688638344112076 0.11455034822430486 -0.052594314746709218 -0.071612366254288129 -0.069481217189786365 0.087970352005489555 0.055163408967483257 0.080323262823353184 0.10206802474916164 -0.10405786790279412 0.12069706458165713 0.017848276153361469 -0.071740104767041901 0.00089390042548870806 -0.0085487147977547605 -0.046339624721661914 0.012056383046578712 -0.035575241602949552 -0.058096131016534408 0.010096999867487228 0.018942769393180247 -0.0014159374187417784
leaf_weight=122.95617951025815 597.1265130992133 244.73266508660527 87.530831313300951 12.427311954124887 333.02157787475244 69.411141730844975 126.20292607034207 128.32982422576606 85.2090024304689 91.903245561999938 243.2585031337394 35.247911306276364 144.00983071963128 171.24304080632919 133.89491469638597 19.092191527866817 15.201404956909753 56.122255424708783 128.61357395617233 92.857874615874607 50.826681005191858 1782.3459024552285 130.75258751936963 12.28171883496543 4071.5634335986952 88.11277800667267 12.443806470825619 2406.7421625855495 60.952370290402541 57755.387409954259
leaf_count=146627 1394 2531 5697 7284 107526 59 175 1948 1292 8391 99331 16919 5546 30809 1066 1125 5226 4319 13739 401 26781 6817 5846 5592 92000 76079 7430 3219970 29331 3218782
internal_value=-0.000206584 0.00567523 -0.00968097 0.028119 -0.0196666 -0.0401179 -0.00527043 -0.0512838 -0.0363405 0.0936342 0.00884308 -0.000238396 0.0054053 0.0518387 0.000403679 -0.050078 0.0135575 0.0110894 0.0462539 0.071507 0.0132835 0.00481961 -0.0391962 0.105048 0.0143666 -0.011546 0.0767979 -0.00108066 -0.0412124 -0.00095457
internal_weight=69309.8 8963.76 1531.16 318.064 1213.1 615.972 213.734 546.56 418.231 104.331 7432.6 2541.54 2298.28 218.935 2079.34 163.102 4891.06 4554 337.067 233.753 4367.12 1916.24 186.875 140.895 4316.3 103.314 183.687 60346 183.909 60162.1
internal_count=7150033 535323 133766 21547 112219 110825 5872 110766 108818 15675 401557 169043 69712 55158 14554 6671 232514 131477 101037 19732 121312 7883 10165 19331 94531 81305 38239 6614710 175958 6438752
is_linear=0
shrinkage=0.055


Tree=175
num_leaves=31
num_cat=0
split_feature=51 10 10 35 53 9 52 22 22 26 26 32 8 8 57 43 49 50 53 26 2 8 13 16 53 47 10 7 7 6
split_gain=99.3149 180.049 315.416 228.058 207.269 280.892 281.064 233.201 365.892 200.777 303.599 260.143 195.751 208.13 182.689 171.993 167.258 165.034 164.081 203.545 164.653 163.824 206.508 158.572 181.938 266.962 229.731 234.086 350.808 375.012
threshold=51.500000000000007 5.3082554340362558 3.2769666910171513 2.4414010047912602 -0.043943494558334344 4.8919389247894296 0.8688974678516389 3.7494349479675297 3.7954261302948002 4076.5000000000005 497.00000000000006 1.4978661537170412 3.65057384967804 1.2424533367156985 117.50000000000001 1.0000000180025095e-35 3.2608113288879399 -6.0744788646697989 -0.027461975812911984 440.00000000000006 0.19090909510850909 1.2424533367156985 3.65057384967804 4140.5000000000009 -0.042478352785110467 -7.4499812126159659 7.8266401290893564 2.4816780090332036 2.3342128992080693 -0.061356576159596436
decision_type=2 2 2 2 2 2 2 2 2 2 2 2 2 2 2 2 2 2 2 2 2 2 2 2 2 2 2 2 2 2
left_child=15 2 4 23 21 -6 7 9 -9 10 -7 12 13 -11 -14 16 18 -16 19 20 -1 22 -2 -3 25 -25 27 28 -27 -30
right_child=1 3 -4 -5 5 6 -8 8 -10 11 -12 -13 14 -15 17 -17 -18 -19 -20 -21 -22 -23 -24 24 -26 26 -28 -29 29 -31
leaf_value=-0.03024376155528748 -0.051800885408463344 0.030413280747558669 -0.029581706279820767 -0.036342824315198176 -0.027624847893919727 0.052197734717545463 -0.04757173595235116 0.34803834830372399 0.071834362865761378 0.11410889448143557 -0.046610081626490538 -0.058530781754479053 -0.060287978628033152 -0.057025101105914404 0.14151751030476004 0.022362808870660514 -0.00079175616778065874 0.011113527793548345 0.0014000132593452134 -0.064549721329358489 0.04319425281599322 -0.034612856058593065 0.080690014631770071 0.0075910466853283598 0.00077965207361249472 0.054745803179605243 -0.0078304525316678954 0.0082327802455514475 0.032862992853918291 0.30773621350915936
leaf_weight=334.02888911278569 52.769397697879867 825.42740655775197 1261.1478535387114 370.84383157063712 302.86042876011743 175.41876052263251 112.95730422105407 11.799480192654299 150.95347048113763 28.690374183774111 191.54509323573438 45.702659855815 15.85372190189082 54.432940063765272 164.28018590637657 937.12938299588859 47421.060110789025 36.602718430629466 644.77525372088348 385.86390359251163 122.11529978716135 497.23664797790661 89.552684979931655 5057.2355756581155 9098.2212064269443 533.93601913196744 262.24782369085369 271.39511620868325 27.662273985833963 31.698644686775879
leaf_count=12064 99675 214371 562005 183180 14574 1737 1143 141 2463 698 8510 3026 377 3843 2516 2956 194411 251 2720 31462 993 521648 45621 4753530 278739 97382 60398 43604 1669 3608
internal_value=0.000391952 0.00370071 -0.00824662 0.00601662 0.00573035 0.0183928 0.0325637 0.0431169 0.101636 0.0291351 0.000689496 0.0589018 0.0774665 0.00516551 0.104454 -0.000914033 -0.00136228 0.118604 -0.0194957 -0.0354105 -0.0103283 -0.0197762 0.0314749 0.00700282 0.00572885 0.0130036 0.0371523 0.0507615 0.0699843 0.192149
internal_weight=69515.4 19670.5 3191.8 16478.7 1930.66 1291.1 988.237 875.279 162.753 712.526 366.964 345.563 299.86 83.1233 216.737 49845 48907.8 200.883 1486.78 842.008 456.144 639.559 142.322 16107.8 15282.4 6184.18 1126.94 864.692 593.297 59.3609
internal_count=7149315 6904709 1268228 5636481 706223 39279 24705 23562 2604 20958 10247 10711 7685 4541 3144 244606 241650 2767 47239 44519 13057 666944 145296 5453301 5238930 4960191 206661 146263 102659 5277
is_linear=0
shrinkage=0.055


Tree=176
num_leaves=31
num_cat=0
split_feature=40 16 50 2 51 9 13 27 53 53 46 9 37 51 9 41 50 26 23 27 15 51 15 47 19 57 19 51 7 4
split_gain=91.9202 164.371 225.771 332.729 240.484 177.719 147.291 147.253 131.488 134.42 130.543 181.363 159.917 122.976 118.704 114.9 105.996 105.705 207.119 257.935 193.694 189.219 305.168 209.269 200.442 201.77 180.013 170.802 207.088 167.445
threshold=2.1383330821990971 4138.5000000000009 -10.540522575378416 0.12916667014360431 68.500000000000014 4.999742031097413 3.7494349479675297 0.020865084603428844 -0.06445217132568358 -100.86983489990233 -0.068499922752380357 4.9212665557861337 1.0000000180025095e-35 1020.5000000000001 4.9289126396179208 1.0000000180025095e-35 -6.6699194908142081 4076.5000000000005 6.5000000000000009 1193.4531250000002 5.2067463397979745 606.50000000000011 5.4183177947998056 -112.452335357666 1.5000000000000002 13.500000000000002 6.5000000000000009 583.50000000000011 1.1353400349617007 1.0000000180025095e-35
decision_type=2 2 2 2 2 2 2 2 2 2 2 2 2 2 2 2 2 2 2 2 2 2 2 2 2 2 2 2 2 2
left_child=8 2 3 4 5 -2 7 -4 9 16 11 -10 14 -6 -13 -16 -1 18 19 -3 -19 27 23 -23 -24 -26 -27 29 -29 -22
right_child=1 17 6 -5 13 -7 -8 -9 10 -11 -12 12 -14 -15 15 -17 -18 20 -20 -21 21 22 24 -25 25 26 -28 28 -30 -31
leaf_value=-0.052463066164454571 0.013639577023533434 0.0020467215579407301 -0.00089007938956462437 -0.066758072795686338 -0.051344669927925891 0.22555480901366651 0.035414438706997384 -0.095845584217055441 -0.045050164743222106 -0.058471358684860836 -0.0090012881431331647 0.13300405373425236 0.15970817874964074 0.077549617773793156 0.042701440405473974 -0.01939449805018291 0.053397469357615246 -0.032487725967069177 0.024751123746917254 -0.044176221701438145 -0.0020350275677978318 0.1907716271952539 0.017388757086450539 -0.044191029489064601 0.053442626505227797 -0.049389497452487031 0.1218809384853678 0.15637627767589082 -0.046274168556023704 0.013594057437259478
leaf_weight=42.025292655418525 16.013281284773257 34390.355954872372 312.44686152323357 40.69851357898915 24.735716137078271 51.880029006337281 305.89361731811732 53.702271675133488 97.630374138199841 275.98585125153295 3021.1254837429778 24.650107439047133 24.89763082898935 99.337363047956387 221.27906554461515 145.98369503439608 68.517650974229582 617.40026208980998 1199.9744200112546 364.11613602742 24611.703526735746 28.329859605681122 233.31768376004311 15.044991145087804 62.274232470072093 872.29123839715612 14.338721542710116 39.232268867273888 20.425020521781335 2259.3784216136482
leaf_count=213947 345 3439567 6536 11719 23426 412 3691 2424 20806 233587 39730 600 1055 28224 23519 12605 5507 117388 62676 700203 844931 5933 136463 17808 2383 1153791 4237 3070 19951 12200
internal_value=0.000182759 0.000671771 0.0238881 0.0699724 0.0999192 0.179937 0.00753456 -0.0159206 -0.00799088 -0.0382374 -0.00463482 0.0208477 0.0366342 0.0508592 0.0269021 0.0180899 0.0126236 0.000345455 0.00233363 0.00155617 -0.00213886 -0.00146773 -0.0225582 0.113129 -0.0279919 -0.0391828 -0.0459517 -0.000503911 0.0887813 -0.000718616
internal_weight=69555 65632.9 904.708 232.665 191.966 67.8933 672.043 366.149 3922.1 386.529 3535.57 514.441 416.81 124.073 391.913 367.263 110.543 64728.2 35954.4 34754.5 28773.7 28156.3 1225.6 43.3749 1182.22 948.904 886.63 26930.7 59.6573 26871.1
internal_count=7148734 6597378 76777 64126 52407 757 12651 8960 551356 453041 98315 58585 37779 51650 36724 36124 219454 6520601 4202446 4139770 2318155 2200767 1320615 23741 1296874 1160411 1158028 880152 23021 857131
is_linear=0
shrinkage=0.055


Tree=177
num_leaves=31
num_cat=0
split_feature=42 40 57 25 47 47 52 46 47 55 50 56 10 48 6 44 15 51 4 48 56 14 6 56 53 7 54 50 33 56
split_gain=149.991 187.199 139.783 139.642 159.346 424.194 159.097 148.077 228.027 167.825 142.586 269.759 165.989 145.165 147.392 139.85 136.43 135.457 176.956 176.614 275.08 279.228 262.756 291.476 248.796 272.268 262.149 220.89 227.874 219.657
threshold=1.0000000180025095e-35 3.4175922870635991 3.5000000000000004 -12.566610813140867 -12.642107486724852 -13.006265640258787 0.82328322529792797 2.8656533956527714 -15.54800510406494 0.88842773437500011 -12.676065921783445 -100.89233398437499 7.8266401290893564 125.50000000000001 -0.036652201786637299 6.5000000000000009 6.8664121627807626 9.5000000000000018 1.0000000180025095e-35 93.500000000000014 -100.89135742187499 6.5417509078979501 -0.022654825821518895 -100.93188476562499 -0.043943494558334344 1.8626059889793398 294.50000000000006 -6.6699194908142081 5.5353152751922616 -0.029052734374999997
decision_type=2 2 2 2 2 2 2 2 2 2 2 2 2 2 2 2 2 2 2 2 2 2 2 2 2 2 2 2 2 2
left_child=-1 2 -2 4 5 6 16 -5 9 -9 11 12 13 14 -10 -13 -4 -12 19 20 21 -19 23 -23 25 26 -21 -26 -29 -22
right_child=1 -3 3 7 -6 -7 -8 8 10 -11 17 15 -14 -15 -16 -17 -18 18 -20 24 29 22 -24 -25 27 -27 -28 28 -30 -31
leaf_value=-0.0011763060854443458 0.035887405770256224 0.040911669211919868 -0.052512906744017207 0.015330568834077983 -0.063891939830206593 0.15692378406990889 -0.051582721489438217 -0.070266199214959676 0.12339396448949905 0.02888897387639712 0.0084488483121683087 -0.029373492121802246 -0.053655190976681505 -0.045434148217651092 0.0015223278640997169 0.13319860004887837 0.037829603534248191 -0.068368880748692865 0.027517692972709125 0.16642560311666213 0.013209183699070608 0.057987999080695886 0.015489036365241597 -0.03418155889945685 -0.037007033458923061 0.018904981850397639 -0.049717011751450976 0.063163411788694404 -0.015231395829273377 -0.015614493124867899
leaf_weight=52048.954597223201 396.32741624125629 416.49915121619051 66.413298035437037 2898.4070728417464 185.68312456934655 39.806286487480975 235.56038510035432 213.92095608785166 159.87600602280872 64.492988317389973 5132.3743902975693 176.86306110484293 25.294449161199736 19.886702952644555 36.854767365555745 12.603927626274524 169.18833014088523 350.16728036702261 521.99778953939676 84.118269240309019 1896.4820885881782 107.40720021852758 590.13727446878329 1428.8244958857831 316.44137890927959 211.74259983396769 18.539814048956032 212.31669181399047 228.5924312947318 1375.4052307852544
leaf_count=6534370 3821 6997 166458 61738 10130 1189 216690 8965 895 264 6633 1753 2106 3549 522 14 82478 2923 897 808 4866 339 1750 7648 6443 7440 1744 889 1483 3545
internal_value=0.000307693 0.00469739 0.00380757 0.00303938 -0.020981 -0.00491936 -0.0200969 0.00408606 0.00160923 -0.047193 0.00267988 0.0335835 0.0714921 0.0869864 0.101167 -0.015412 0.0118011 0.00159819 -0.0031931 -0.00556205 -0.00938462 -0.0231938 -0.0156116 -0.0275702 0.0148889 0.0556002 0.126895 -0.00226545 0.022804 0.00108722
internal_weight=69641.2 17592.2 17175.7 16779.4 696.651 510.968 471.162 16082.7 13184.3 278.414 12905.9 431.379 241.912 216.617 196.731 189.467 235.602 12474.5 7342.17 6820.17 5748.42 2476.54 2126.37 1536.23 1071.75 314.401 102.658 757.351 440.909 3271.89
internal_count=7149347 614977 607980 604159 476945 466815 465626 127214 65476 9229 56247 8839 7072 4966 1417 1767 248936 47408 40775 39878 21071 12660 9737 7987 18807 9992 2552 8815 2372 8411
is_linear=0
shrinkage=0.055


Tree=178
num_leaves=31
num_cat=0
split_feature=50 18 16 16 45 52 35 53 15 50 47 28 53 19 14 13 15 50 53 16 56 47 51 33 7 35 46 47 46 8
split_gain=92.5043 82.5413 77.9972 234.866 197.389 165.948 189.734 152.606 202.159 170.254 215.345 242.126 151.156 319.041 232.812 166.835 158.84 148.751 146.715 142.66 150.296 189.035 205.708 166.075 201.514 211.791 162.677 161.318 161.151 158.556
threshold=-121.85675048828124 1.0000000180025095e-35 2169981.0000000005 2096704.5000000002 0.77056929469108593 1.0000000180025095e-35 2.3502402305603032 -0.069857984781265245 7.5057671070098886 -13.332847118377684 -111.34578323364256 31.500000000000004 -0.08447170257568358 1.5000000000000002 6.7422907352447519 2.9174053668975835 7.217076539993287 -1.0000000180025095e-35 -100.86062622070311 2061703.5000000002 -100.90405273437499 -8.2889904975891096 129.50000000000003 6.2215714454650888 2.3342128992080693 1.8317808508872988 -0.045118328183889382 -4.3086390495300284 4.9492456912994394 2.6020033359527592
decision_type=2 2 2 2 2 2 2 2 2 2 2 2 2 2 2 2 2 2 2 2 2 2 2 2 2 2 2 2 2 2
left_child=-1 -2 3 12 -4 6 -6 8 18 -9 -11 -12 13 14 -3 16 -15 -16 -5 -14 21 22 -21 24 25 26 29 -23 -28 -22
right_child=1 2 4 7 5 -7 -8 9 -10 10 11 -13 19 15 17 -17 -18 -19 -20 20 23 27 -24 -25 -26 -27 28 -29 -30 -31
leaf_value=-0.052950277747422732 -0.070519549598502568 -0.058676956160573231 -0.050166812720463243 -0.055173046378677294 0.0048224245089631326 0.0022767149126326157 0.056686087845371429 -0.054845592764915581 -0.019438772883342663 0.054156221900959055 -0.064138806235359128 -0.010542413186425424 -6.5966270025329419e-05 -0.041026914194711342 0.053306111136444387 -0.039406152236494386 0.071411196223776618 0.26656895820251841 0.052296032598525125 0.090360729795217393 -0.059735077831687536 -0.058453003116201135 -0.050159303012847378 0.020179728451936232 -0.036624188126671904 -0.04026062381685129 -0.061743943460386301 0.032066655709628668 0.01841519156038008 0.10373326041470536
leaf_weight=95.066506646369817 45.216357001438155 53.97300974611062 206.12956065135222 39.16247231329362 507.29423060665977 20570.831240868356 364.57904397839047 281.36692078814667 301.18199033921337 143.05073634048313 262.80832796059076 5447.8239968861308 35853.884988143254 62.593380944736055 183.88744768238757 927.62226742571875 82.919814696489993 5.972609001750242 338.40657754823405 224.78116459558078 18.178107417912543 77.659110889944714 33.247091112727503 1420.3856427947649 449.64892079728816 223.69521607482602 80.54199057873484 208.44418765101727 671.23978255330439 101.27728034873144
leaf_count=339948 57736 100914 419497 164220 491310 968516 233647 100550 200945 5686 16611 55256 1597799 202028 132681 1749115 36905 1563 140415 2940 2923 3046 21365 36987 47703 5356 6954 954 2069 3277
internal_value=-0.000107519 -3.10904e-05 2.0102e-05 -0.00122707 0.00275582 0.00327615 0.0267091 -0.0106735 0.0139969 -0.0134121 -0.0113754 -0.0130629 0.000356309 -0.0179371 0.0383127 -0.0308363 0.0232891 0.0666828 0.0405737 0.000970553 0.0115461 0.0379827 0.0716453 0.00663868 -0.0058385 0.00691308 0.0191858 0.00691427 0.00947616 0.077457
internal_weight=69282.9 69187.8 69142.6 47493.8 21648.8 21442.7 871.873 6813.8 678.751 6135.05 5853.68 5710.63 40680 1316.97 243.833 1073.14 145.513 189.86 377.569 39363 3509.1 544.132 258.028 2964.97 1544.58 1094.93 871.237 286.103 751.782 119.455
internal_count=7148916 6808968 6751232 4638262 2112970 1693473 724957 683683 505580 178103 77553 71867 3954579 2223206 235158 1988048 238933 134244 304635 1731373 133574 28305 24305 105269 68282 20579 15223 4000 9023 6200
is_linear=0
shrinkage=0.055


Tree=179
num_leaves=31
num_cat=0
split_feature=55 25 57 50 28 24 15 1 27 27 6 2 10 47 32 47 45 53 26 2 33 48 48 54 47 46 48 16 35 15
split_gain=96.0685 174.318 139.81 139.573 127.378 160.979 173.627 134.025 131.166 173.65 205.048 205.078 161.393 157.859 152.928 161.294 134.685 127.175 148.465 144.326 126.508 121.064 130.075 120.35 312.367 132.975 215.668 405.19 233.98 196.948
threshold=0.89233398437500011 -13.469283103942869 51.500000000000007 -29.791623115539547 6.5000000000000009 -3.9246675968170162 5.8957784175872812 0.6904762089252473 1455.1170043945315 1420.339782714844 -7.3544647693634024 0.37980769574642187 11.925019741058351 -10.437690734863279 1.8688348531723025 -113.49019622802733 0.86999589204788219 -0.017575830221176144 102.50000000000001 0.19090909510850909 9.2103905677795428 101.50000000000001 109.50000000000001 113.50000000000001 -15.34270143508911 4.3515541553497323 25.500000000000004 1178216.0000000002 2.1383330821990971 6.7690675258636483
decision_type=2 2 2 2 2 2 2 2 2 2 2 2 2 2 2 2 2 2 2 2 2 2 2 2 2 2 2 2 2 2
left_child=2 -2 3 -1 8 6 -6 -8 9 10 14 12 17 -11 15 -4 -13 18 19 -12 -16 -17 -23 24 -5 -26 -27 28 -28 -29
right_child=1 -3 4 23 5 -7 7 -9 -10 13 11 16 -14 -15 20 21 -18 -19 -20 -21 -22 22 -24 -25 25 26 27 29 -30 -31
leaf_value=0.033469900025891557 -0.044913428822292836 -0.0042493310584192949 -0.036501727215789329 -0.035699976880587979 -0.046985237533399477 -0.00017627700506850794 0.023300882989985235 -0.044806271501250834 -0.055686766420890023 -0.029495885502950715 -0.049955758360830597 0.052989550939180112 0.12274693884549982 0.31165970687490085 -0.057755687022060541 -0.060678334199986812 -0.041618827133835169 0.0072929234194632417 -0.064629038139067632 0.042751877011298817 0.088127855451553244 0.20484826933331998 0.031160595753511634 0.043852232993245366 0.028213464573708161 0.0084033532232081088 0.043269058016181597 -0.0098456216305598254 -0.054682098748746327 -0.086694577640707107
leaf_weight=572.45844445302646 338.39856781281378 4494.0895228791651 131.3487961868268 544.20378039347997 120.29512971159511 51459.352632588299 1768.9666215809257 87.407135956353159 193.18461611923158 5.752558921813943 108.25901416160741 138.61961337178582 13.887847180623792 4.6911414818896429 140.03707066316565 38.115881164434541 62.278314635019342 138.17604567470062 542.3171575174938 87.243806449703698 16.0153122879492 8.5331010928202868 619.28757716922428 235.27151042510013 812.59021838755507 5847.6275837130379 292.09483363258187 162.37641501531471 93.473274001502432 267.62435981078306
leaf_count=117680 168747 13550 269420 21913 60274 4671557 272842 10257 584362 18460 11906 5430 3141 96 209635 2923 4210 900 437197 825 2260 279 229474 13359 4434 9298 828 855 584 1912
internal_value=0.000335233 -0.00714034 0.000895731 0.00732429 -0.000123975 0.000416077 0.0157986 0.0199823 -0.0129351 -0.00878987 -0.0101539 -0.0263867 -0.0376857 0.175035 0.00846002 0.0182382 0.0233625 -0.0409114 -0.0499272 -0.00855022 -0.0405128 0.0292266 0.0351212 0.00549207 0.00434013 0.00727678 0.00470427 -0.0217077 0.0191267 -0.0581217
internal_weight=69344 4832.49 64511.5 8827.72 55683.8 53436 1976.67 1856.37 2247.75 2054.56 2044.12 1090.78 889.884 10.4437 953.338 797.285 200.898 875.996 737.82 195.503 156.052 665.937 627.821 8255.26 8019.99 7475.79 6663.2 815.569 385.568 430.001
internal_count=7148608 182297 6966311 170863 6795448 5014930 343373 283099 1780518 1196156 1177600 463609 453969 18556 713991 502096 9640 450828 449928 12731 211895 232676 229753 53183 39824 17911 13477 4179 1412 2767
is_linear=0
shrinkage=0.055


Tree=180
num_leaves=31
num_cat=0
split_feature=51 49 35 41 54 16 47 52 9 15 10 14 40 51 48 8 42 56 35 49 2 25 28 23 50 31 6 54 53 6
split_gain=92.3665 230.081 161.234 135.438 242.512 147.582 163.075 169.464 356.757 301.95 292.767 246.938 329.177 235.897 218.898 273.29 246.41 216.336 265.841 251.99 341.183 236.47 227.188 222.559 214.235 235.437 210.266 252.606 207.183 217.318
threshold=68.500000000000014 0.57906392216682445 2.6020033359527592 -1.0000000180025095e-35 14.500000000000002 4140.5000000000009 -109.37746429443358 0.84743803739547741 4.6925911903381357 7.4486248493194589 8.1678943634033221 6.5743777751922616 2.7403194904327397 1794.5000000000002 76.500000000000014 4.7492611408233651 1.0000000180025095e-35 -100.88696289062499 1.0000000180025095e-35 6.7309472560882577 0.12916667014360431 -7.0752642154693595 4307.0000000000009 1.0000000180025095e-35 -11.800734519958494 0.89587974548339855 -3.777130007743835 580.50000000000011 -0.055660784244537347 -0.021782913245260712
decision_type=2 2 2 2 2 2 2 2 2 2 2 2 2 2 2 2 2 2 2 2 2 2 2 2 2 2 2 2 2 2
left_child=1 -1 3 4 -2 -5 -7 11 -9 -10 14 12 26 17 15 -11 -16 19 21 22 -21 -19 -14 28 -25 -26 27 -8 -20 -30
right_child=2 -3 -4 5 -6 6 7 8 9 10 -12 -13 13 -15 16 -17 -18 18 23 20 -22 -23 -24 24 25 -27 -28 -29 29 -31
leaf_value=-0.037589203161726585 0.050213842020921384 -0.00078532835328919668 -0.034734632747553389 0.027410669075406548 -0.038205477735027735 -0.0084074478976155879 -0.0071923458876143962 -0.046432500487451789 -0.0071181563636938186 0.10101597521642211 -0.065204510524549952 0.0018517454566213485 0.024560218006142349 -0.05592488839227587 -0.0080662710610799829 -0.030823566078544862 0.050599660524809111 -0.029824312308392477 0.19405522050932905 -0.051261394724303529 0.13062974364718827 0.079161203091036844 -0.055646923973991957 -0.0040634133834264877 0.081380381307936039 -0.056062686543750899 -0.0045359530599293069 0.067895406668942143 0.1086256563644795 -0.055328379864482857
leaf_weight=513.94277072847763 111.64456827646427 52191.600019644924 320.74073609410516 860.74249347512705 482.48671567812744 2612.0368963313249 238.28194264524427 480.16533055221225 2574.2016749205432 230.15309427748434 94.010682559921406 3888.4327078874194 287.68704229798823 72.466459031222257 459.75612925078894 57.122849522042088 402.49643798547913 171.94850368001062 71.782443396310555 41.027695897711965 100.9416199222469 86.346982140479668 163.2734755394049 146.87520353970467 479.81995688997267 37.438136847820715 1476.7152311842874 306.62975975291374 117.31538034387631 27.248372229601955
leaf_count=37029 2049 289308 175630 153437 2667391 1560127 49289 17498 55881 1064 2620 1177884 87726 92800 9459 423 5809 24335 18728 5506 3777 4604 82519 51964 23552 4681 458526 82134 1794 1427
internal_value=-2.60634e-05 -0.00114774 0.00357803 0.00435284 -0.02131 0.00534405 0.00403634 0.00674461 -0.00200628 0.00363472 0.0258332 0.0116182 0.0215292 0.0385738 0.0335286 0.0747218 0.0194526 0.0426779 0.0566673 0.0155608 0.0781094 0.00742044 -0.00477112 0.0709908 0.0544862 0.070991 0.00626039 0.0352938 0.119281 0.0769059
internal_weight=69105.3 52705.5 16399.8 16079 594.131 15484.9 14624.2 12012.1 4297.91 3817.74 1243.54 7714.23 3825.8 1804.17 1149.53 287.276 862.253 1731.7 1138.77 592.93 141.969 258.295 450.961 880.479 664.133 517.258 2021.63 544.912 216.346 144.564
internal_count=7148971 326337 6822634 6647004 2669440 3977564 3824127 2264000 92754 75256 19375 2171246 993362 403413 16755 1487 15268 310613 131085 179528 9283 28939 170245 102146 80197 28233 589949 131423 21949 3221
is_linear=0
shrinkage=0.055


Tree=181
num_leaves=31
num_cat=0
split_feature=57 56 9 13 55 53 57 8 16 2 8 26 27 35 27 14 47 33 54 51 51 9 8 45 23 7 9 46 23 7
split_gain=107.607 194.823 335.66 187.951 155.456 134.059 133.678 121.38 118.319 115.386 114.602 110.38 109.191 122.477 113.724 102.322 100.979 151.115 145.278 187.537 221.644 213.922 210.344 196.892 192.162 246.416 190.742 177.427 177.647 388.483
threshold=6.5000000000000009 -0.020263671874999997 4.8109610080719003 3.860674381256104 0.86157226562500011 -1.0000000180025095e-35 87.500000000000014 0.89587974548339855 1287632.0000000002 0.11805555596947671 2.0126758813858037 714.00000000000011 309.79063415527349 1.4978661537170412 1361.779968261719 5.4531798362731942 -4.3086390495300284 9.4766125679016131 7.5000000000000009 94.500000000000014 59.500000000000007 4.6676189899444589 4.4601275920867929 0.74141758680343639 1.5000000000000002 2.2996544837951665 4.6925911903381357 4.6248388290405282 6.5000000000000009 2.1317028999328618
decision_type=2 2 2 2 2 2 2 2 2 2 2 2 2 2 2 2 2 2 2 2 2 2 2 2 2 2 2 2 2 2
left_child=9 5 3 4 6 16 -3 -4 -5 15 12 -6 13 -11 -14 -1 17 -2 -18 20 -20 -21 23 -23 25 -22 -25 -28 29 -29
right_child=1 2 7 8 11 -7 -8 -9 -10 10 -12 -13 14 -15 -16 -17 18 -19 19 21 24 22 -24 26 -26 -27 27 28 -30 -31
leaf_value=0.036005542688808949 -0.0013559374125203508 -0.045723056217300675 -0.054735903756853346 -0.08690788340656834 -0.024212436694384505 0.019073840478038551 0.059215695422936365 -0.0030533919180420581 0.027352720298491721 -0.030001297135760965 0.0057060325866088672 -0.078134587183518622 0.074226982037783357 0.031843647506124208 -0.052351417062308107 -0.073632179467098838 0.011656465790169481 -0.032019833719393827 0.00036576446308853061 -0.059399936832701485 -0.02374262743425937 0.27941633763246043 -0.02890309425459105 0.1834038170428833 -0.062263980727888059 0.15299712443936078 0.0064306623461390525 0.085018003120955671 0.19900020144518596 -0.041329010711012297
leaf_weight=32.909124603378586 35595.013007205198 78.984792526753154 136.24268486814981 27.855822901208739 161.56112965027023 1135.4756106707573 60.25081857754958 5182.7067337203262 161.59570891980547 124.27957320318092 1912.6547428238555 449.10300013735468 210.12948692776263 387.13526606484083 20.319296413115808 82.625370149908122 4575.7849933997641 487.90707053174992 16795.532197862391 80.794543346924002 97.889055850730074 5.650846877570074 142.64503043099376 22.131438455797252 308.3386690081752 26.153612698733923 363.94097488999978 252.04064604275118 21.571966690018598 99.630593019368462
leaf_count=325 6577811 4559 14426 2874 29204 1430 3881 171624 4052 470 16461 25669 3635 708 3297 3934 5720 158221 45768 12631 2676 1456 10541 324 5308 325 36058 2232 374 2839
internal_value=-0.000121982 -0.000566266 -0.00979674 -0.0400156 -0.0523118 0.000397086 0.000165224 -0.00442738 0.00874982 0.0104886 0.0128571 -0.0641811 0.031132 0.0166697 0.0621915 -0.0422046 3.52931e-05 -0.00177495 0.00290091 0.000698988 -0.000640699 0.0239354 0.0316387 0.0430424 -0.0392933 0.0180061 0.0394669 0.0339392 0.0603226 0.0491455
internal_weight=69038.9 66268.8 6258.3 939.351 749.9 60010.5 139.236 5318.95 189.452 2770.05 2654.52 610.664 741.864 511.415 230.449 115.534 58875 36082.9 22792.1 18216.3 17227.9 988.406 907.611 764.966 432.381 124.043 759.316 737.184 373.243 351.671
internal_count=7148833 7120003 256289 70239 63313 6863714 8440 186050 6926 28830 24571 54873 8110 1178 6932 4259 6862284 6736032 126252 120532 54077 66455 53824 43283 8309 3001 41827 41503 5445 5071
is_linear=0
shrinkage=0.055


Tree=182
num_leaves=31
num_cat=0
split_feature=47 33 14 5 53 31 33 16 8 22 6 48 14 48 35 47 13 10 52 27 56 48 57 56 26 15 53 6 46 7
split_gain=101.478 207.834 181.453 254.401 146.009 135.945 132.538 104.012 103.439 99.8089 98.0229 96.9591 231.868 163.377 143.536 114.452 113.996 114.266 118.456 130.617 125.837 111.596 122.936 138.891 109.4 113.84 108.014 107.691 207.951 206.809
threshold=-114.88016891479491 7.6011524200439462 6.5095136165618905 1.0000000180025095e-35 -0.027461975812911984 2.6020033359527592 4.2900841236114511 4139.5000000000009 2.2499048709869389 5.9661335945129403 -0.061356576159596436 982.50000000000011 6.2980291843414316 933.50000000000011 2.2769384384155278 -23.537494659423825 3.65057384967804 7.8266401290893564 0.85670635104179393 467.40243530273443 -100.89233398437499 925.50000000000011 60.500000000000007 -0.037841796874999993 81.500000000000014 7.4486248493194589 -1.0000000180025095e-35 -7.3544647693634024 3.3128770589828496 7.4153747558593759
decision_type=2 2 2 2 2 2 2 2 2 2 2 2 2 2 2 2 2 2 2 2 2 2 2 2 2 2 2 2 2 2
left_child=1 4 3 -3 7 9 -6 8 -1 -4 -8 13 14 15 16 21 17 18 19 20 -13 22 23 -2 25 -17 -14 28 29 -26
right_child=11 2 5 -5 6 -7 10 -9 -10 -11 -12 12 26 -15 -16 24 -18 -19 -20 -21 -22 -23 -24 -25 27 -27 -28 -29 -30 -31
leaf_value=0.080454287917162276 0.062626801492620815 -0.051498547566487987 -0.045573765551811071 0.11821027676251776 -0.060992522084909455 0.063182974186141799 0.052757834451249291 -0.043036636427760837 -0.048748463405590269 0.082650059908025639 -0.033252679078445375 -0.053643517412060422 0.015878785248826792 -0.053825794697981752 -0.058211026427103116 0.023703753676448461 -0.034093757119319501 -0.058546249879892313 -0.069155397322440207 -0.051192883594681216 0.048621682102271947 0.097429302516068378 -0.054535387846243705 -0.048628691903136366 0.051325930157369228 -0.019817834837898365 -0.09576176123861159 -0.00091948172992214084 -0.058248776447718469 -0.028279628192198258
leaf_weight=39.074093939101658 66.572514620405855 33.438472810821622 158.0891052246734 93.052402533132408 56.974365007109554 56.257944021341245 149.65895787830232 784.18215019014042 28.221650859411966 16.073472211146509 50.254384271538584 36.465938045079383 3224.3073862454848 169.6060665511468 186.2178180671508 1004.7027274720167 267.52856496631739 60.7422336455802 37.586128198337974 52.088994151550651 346.56310038939955 15.535349226875949 283.58696465543562 59.707941394575755 436.2481947978722 217.72272986553435 21.521661922335625 60482.535044201351 81.160762837571383 123.64663998745709
leaf_count=15130 800 40703 119147 11325 3396 7775 3188 890848 29021 1019 1480 23821 922945 235370 106834 15054 90631 37783 1634 92037 35885 5543 407376 5882 22143 6393 131 3985757 12257 17319
internal_value=-0.000468257 -0.014762 0.021527 0.0730946 -0.0264919 -0.00773255 0.00970699 -0.0374059 0.0266467 -0.0317637 0.0308526 -0.000155389 0.00789704 -0.00069753 -0.01539 -0.000549704 -0.00513525 0.00956945 0.0188435 0.0271442 0.0383198 -0.0288143 -0.0347159 0.0101744 -0.000354552 0.0159031 0.0149924 -0.000680967 0.0216555 0.0336512
internal_weight=68639.3 1465.28 356.911 126.491 1108.37 230.421 256.888 851.478 67.2957 174.163 199.913 67174 4233.02 62941 987.193 62771.4 800.975 533.446 472.704 435.118 383.029 425.403 409.867 126.28 62346 1222.43 3245.83 61123.6 641.056 559.895
internal_count=7148627 1123032 179969 52028 943063 127941 8064 934999 44151 120166 4668 6025595 1311701 4713894 388625 4478524 281791 191160 153377 151743 59706 419601 414058 6682 4058923 21447 923076 4037476 51719 39462
is_linear=0
shrinkage=0.055


Tree=183
num_leaves=31
num_cat=0
split_feature=7 25 22 23 32 51 27 46 50 31 51 16 9 56 31 57 25 24 33 46 53 26 49 0 49 38 14 26 54 54
split_gain=95.3407 178.64 128.387 194.288 173.446 204.255 167.917 160.884 285.985 266.393 174.89 322.721 180.235 210.134 183.779 183.194 190.736 172.153 177.045 160.346 160.271 202.503 157.785 156.954 154.987 171.808 245.231 155.348 154.836 265.167
threshold=2.6649526357650761 -11.963995456695555 2.6020033359527592 2.5000000000000004 3.1984648704528813 138.50000000000003 0.61204087734222423 4.6248388290405282 -11.958175659179686 3.3497501611709599 164.50000000000003 2303823.0000000005 4.7895965576171884 -100.91577148437499 3.1567740440368657 32.500000000000007 -9.9694399833679181 -0.027811473235487934 6.6852364540100107 4.6248388290405282 -0.02343538403511047 37.500000000000007 4.3496184349060067 0.64583334326744091 7.9710149765014657 1.0000000180025095e-35 7.3418078422546396 590.00000000000011 165.50000000000003 119.50000000000001
decision_type=2 2 2 2 2 2 2 2 2 2 2 2 2 2 2 2 2 2 2 2 2 2 2 2 2 2 2 2 2 2
left_child=1 -1 7 20 5 -5 -7 8 17 10 12 -12 14 -14 15 16 -9 -2 -19 -8 21 -4 -21 -24 27 -26 -27 -17 29 -15
right_child=2 -3 3 4 -6 6 19 9 -10 -11 11 -13 13 28 -16 24 -18 18 -20 22 -22 -23 23 -25 25 26 -28 -29 -30 -31
leaf_value=0.058280467841224551 -0.011250025871401845 0.0010457383321793988 0.013692785772574276 -0.014615139112256578 0.049283436870017641 -0.055323051098820727 0.01609711789735277 -0.074574419962512489 0.014894230563565159 -0.088196933897115068 -0.057794006592082808 0.23174408407687133 -0.050460410833402872 -0.0045578564660101574 0.097224952937080583 0.055640326040976011 0.016733995530092367 -0.050987456227096904 0.13294026060004954 0.30402859377764019 -0.0042471114572309931 -0.051992205257265216 -0.048764080695287461 0.1024184934767228 0.035169367440887896 -0.041416001758234122 0.048482583703089173 -0.056424072022156636 -0.023923911543197268 0.03939319789719202
leaf_weight=160.5435685616394 2421.6681745516325 47148.141042617157 169.77080374299476 2179.5789652617932 174.51341464569123 74.63121253400459 488.73946915780562 144.60565734974807 4019.293452076844 110.64582397929553 276.28423418125021 7.2858062383256756 312.12970788410439 6346.8536368398063 69.122833291083225 45.169682334104436 125.94864008575678 20.015569315431094 44.676302723622939 4.8942716229557837 587.73380412947063 808.98451111835675 24.458873075194788 76.892492782506451 960.41224816879549 243.04267839629028 140.81585810543038 147.582327795124 1095.9193404732541 439.29985358928388
leaf_count=3656 2208210 3417111 36837 22329 10115 55315 181060 1348 319316 2709 70188 280 6522 28997 166 110 169 21884 11342 319 4984 694516 3792 790 5935 3233 638 5846 27480 3985
internal_value=-0.000135394 0.0012461 -0.00316624 -0.0113216 -0.00316294 -0.006456 0.0200132 -0.000957733 0.00583155 -0.00517907 -0.00424981 -0.0464684 -0.00303858 -0.0065603 0.0123148 0.00880857 -0.0325361 -0.00881911 0.076458 0.0298452 -0.0270095 -0.0405871 0.0895218 0.0653567 0.0161682 0.0227897 -0.00823797 -0.02942 -0.00479097 -0.00168579
internal_weight=68869.7 47308.7 21561 4590.2 3023.71 2849.2 669.616 16970.8 6505.65 10465.1 10354.5 283.57 10070.9 8194.2 1876.7 1807.58 270.554 2486.36 64.6919 594.985 1566.49 978.755 106.246 101.351 1537.02 1344.27 383.859 192.752 7882.07 6786.15
internal_count=7149182 3420767 3728415 1010057 273720 263605 241276 2718358 2560752 157606 154897 70468 84429 66984 17445 17279 1517 2241436 33226 185961 736337 731353 4901 4582 15762 9806 3871 5956 60462 32982
is_linear=0
shrinkage=0.055


Tree=184
num_leaves=31
num_cat=0
split_feature=16 16 26 10 56 9 57 14 57 57 46 14 16 10 44 2 40 3 39 45 33 50 2 10 13 47 26 8 45 22
split_gain=115.23 195.416 212.278 173.252 166.068 160.973 159.048 157.907 186.748 184.733 171.906 160.536 157.755 194.974 212.797 159.581 154.735 288.073 288.729 276.748 195.445 180.486 225.406 281.535 216.768 245.966 235.94 178.391 177.581 205.283
threshold=86456.500000000015 44726.500000000007 590.00000000000011 6.2156071662902841 -100.91870117187499 4.705195665359498 67.500000000000014 6.9132399559021005 448.50000000000006 370.50000000000006 7.7517473697662362 6.3500125408172616 86466.500000000015 7.1712725162506112 2.5000000000000004 0.240384615957737 2.8029010295867924 0.846052646636963 1.0000000180025095e-35 0.83082807064056408 8.527292728424074 -10.930799961090086 0.12916667014360431 5.3082554340362558 2.4414010047912602 -9.8477540016174299 2347.0000000000005 5.1901712417602548 0.81954246759414684 0.89587974548339855
decision_type=2 2 2 2 2 2 2 2 2 2 2 2 2 2 2 2 2 2 2 2 2 2 2 2 2 2 2 2 2 2
left_child=1 4 3 -3 -1 -5 -6 8 9 -4 11 -11 13 14 -2 -15 17 18 -14 28 -21 22 -18 -24 -25 27 -27 -26 29 -19
right_child=12 2 7 5 6 -7 -8 -9 -10 10 -12 -13 16 15 -16 -17 21 19 -20 20 -22 -23 23 24 25 26 -28 -29 -30 -31
leaf_value=0.032394252642015481 0.026196000530452658 -0.034727134106255199 -0.019406261185968741 -0.065493761029100733 0.015633620411638443 0.033182223245756655 -0.0061970411706542203 -0.0082297109104336689 -0.044039950770700054 0.30268803594578808 -0.040162394493464572 0.061325881541772619 -0.0072623937180583097 -0.036774707810335393 0.27456104194755815 0.017832705033359493 -0.017615597883319147 0.016176783783622604 -0.041196843512868363 -0.0034661152656235519 0.031395150377412112 0.0046745273133932006 -0.046140176869770358 0.10338749169226158 0.0089892952131611862 0.11123722309319788 -0.066491820087146242 -0.067152324326644822 0.032053701797352341 -0.03786115542142135
leaf_weight=533.97240555301323 1329.7789402997805 169.47596916750263 865.71271361230902 49.287367532338976 1424.3274954321132 691.19340994517006 3432.2761468162826 4963.3884814411913 953.69759232636079 4.9393213943258152 42.275795613793889 88.191234811009053 8686.5781799433425 308.40561217109644 5.5831551409355589 330.36463420667133 2634.2003145039525 837.05644829000994 826.5231850401251 9312.3199325712521 508.29068043182269 27214.050886173489 258.46894544859788 74.91987161155339 1426.9007271566661 115.40358671025024 24.280060816156038 94.566946046868907 1375.14829850967 279.52814097254122
leaf_count=65107 131564 31020 36803 20524 25186 67521 525828 475243 240143 319 263 1383 1757894 73038 6998 7055 1879899 44927 208898 367301 15725 538569 99503 13684 409473 349 1258 29852 35733 37208
internal_value=-1.23518e-05 -0.00462735 -0.0101741 0.0147403 0.00342952 0.026219 0.000214872 -0.0134593 -0.0266828 -0.0100112 0.0486078 0.0888974 0.00108433 0.0163337 0.0282547 -0.00861323 0.000521929 -0.00304482 -0.0102308 0.00250931 -0.00164672 0.00296672 -0.00706832 0.00687074 0.0148729 0.0105825 0.0791138 0.00405225 0.0188599 0.00254034
internal_weight=68861.1 13218.7 7828.16 909.957 5390.58 740.481 4856.6 6918.21 1954.82 1001.12 135.406 93.1306 55642.4 1974.13 1335.36 638.77 53668.2 21825.4 9513.1 12312.3 9820.61 31842.8 4628.74 1994.54 1736.07 1661.15 139.684 1521.47 2491.73 1116.58
internal_count=7148268 1489340 873219 119065 616121 88045 551014 754154 278911 38768 1965 1702 5658928 218655 138562 80093 5440273 2467686 1966792 500894 383026 2972587 2434018 554119 454616 440932 1607 439325 117868 82135
is_linear=0
shrinkage=0.055


Tree=185
num_leaves=31
num_cat=0
split_feature=51 49 53 49 33 28 19 48 54 6 29 25 48 13 35 14 10 15 54 53 31 47 50 15 13 51 52 10 47 52
split_gain=96.7259 234.339 146.757 208.933 238.913 222.904 246.191 268.547 209.464 206.656 196.889 246.157 193.926 202.261 284.815 278.54 271.126 242.02 289.288 193.805 230.547 189.951 223.926 210.022 188.445 185.073 198.612 190.422 210.354 203.842
threshold=68.500000000000014 0.57906392216682445 -0.027461975812911984 8.9676342010498065 7.9762461185455331 24145.000000000004 1.5000000000000002 67.500000000000014 27.500000000000004 -4.6825940608978263 0.26785714924335485 -7.5029449462890616 33.500000000000007 3.1984648704528813 1.8317808508872988 6.2035467624664316 6.112574815750123 5.6002705097198495 47.500000000000007 -100.86062622070311 2.5249279737472539 -9.8477540016174299 -10.930799961090086 6.9532065391540536 3.2384861707687382 42.500000000000007 0.86380901932716381 8.6997647285461444 -7.1276447772979727 0.836887687444687
decision_type=2 2 2 2 2 2 2 2 2 2 2 2 2 2 2 2 2 2 2 2 2 2 2 2 2 2 2 2 2 2
left_child=1 -1 3 4 5 6 -3 12 -6 -5 11 -9 13 17 15 16 24 18 -8 -7 -21 -16 -23 -24 -15 27 -27 28 -10 -29
right_child=-2 2 -4 9 8 19 7 10 25 -11 -12 -13 -14 14 21 -17 -18 -19 -20 20 -22 22 23 -25 -26 26 -28 29 -30 -31
leaf_value=-0.038149074055464284 0.0038722128063238613 0.015209007570226991 0.0022926296584047465 -0.033193545380632475 -0.049253955272995968 0.030985530407759955 -0.08874184266051291 0.036886053371970998 0.07179407432861086 0.0013712632867535894 -0.014522369936294363 -0.070174397346830106 -0.041451972970580973 0.14039187985156754 -0.071512638018793762 0.019656011833172213 -0.063308675457958291 -0.065046735472354261 0.059074498110229849 -0.07354305542418843 0.011453417377315407 0.067312708370542373 -0.057541232776142669 -0.010461224337514504 -0.0033582403163316702 -0.060203192507796995 0.085614419311376186 -0.043390258636464535 0.012509511234915607 0.047191965930058324
leaf_weight=503.03701693799667 16298.797291205869 956.34186861151466 26179.936222356493 536.09373089450673 148.23122848174535 87.05174859467661 54.43391451939533 659.2456810248259 371.26900083982036 15858.353658400716 678.07345737786818 67.382828448069631 1046.9674866129972 26.158612192120927 232.80358570302633 1258.1334980656939 289.43993223312282 446.61488849251691 118.07113829325681 451.46157714801666 120.86371269212395 82.089354765415919 393.85409780927148 1029.7211484913569 238.78864411723771 142.61186822034506 30.325755232246593 188.80306284902326 353.85600590309332 117.86094582700753
leaf_count=36864 6823529 4960 54219 17682 1367 3064 534 18864 3751 54224 20794 3981 38722 83 7403 8677 5375 7193 1262 6671 893 505 4150 7643 2538 8957 59 3489 1833 450
internal_value=0.000170261 -0.000975617 -0.000613524 -0.00354137 -0.00998721 -0.0135049 -0.0108186 -0.0145862 0.0114012 0.000231228 0.00674053 0.0265462 -0.0203294 -0.014983 -0.00989189 0.00536075 -0.0269668 -0.0438697 0.0112453 -0.0440649 -0.0556498 -0.025764 -0.0184772 -0.0236424 0.0131719 0.019037 -0.0329459 0.0278667 0.0431474 -0.00837798
internal_weight=68966.7 52667.9 52164.8 25984.9 9590.46 8237.5 7578.12 6621.78 1352.96 16394.4 1404.7 726.629 5217.08 4170.11 3550.99 1812.52 554.387 619.12 172.505 659.377 572.325 1738.47 1505.66 1423.58 264.947 1204.73 172.938 1031.79 725.125 306.664
internal_count=7149736 326207 289343 235124 163218 143312 132684 127724 19906 71906 43639 22845 84085 45363 36374 16673 7996 8989 1796 10628 7564 19701 12298 11793 2621 18539 9016 9523 5584 3939
is_linear=0
shrinkage=0.055


Tree=186
num_leaves=31
num_cat=0
split_feature=10 52 50 10 52 56 52 50 28 16 29 53 14 10 13 23 10 47 6 15 48 40 10 14 25 52 10 49 15 50
split_gain=109.936 226.34 251.928 264.596 225.368 233.162 294.523 370.164 295.706 363.034 225.115 301.335 218.44 201.323 201.11 219.624 200.918 191.27 234.19 277.605 214.598 187.811 186.542 184.5 182.738 223.117 226.405 202.497 192.067 281.065
threshold=6.2176032066345224 0.82718968391418468 -6.0744788646697989 7.8266401290893564 0.82377120852470409 -100.90454101562499 0.82488977909088146 -7.5096962451934806 7168.5000000000009 1088665.5000000002 0.6904762089252473 -0.051757156848907464 7.1865227222442636 6.7469995021820077 3.0677825212478642 5.5000000000000009 6.9092540740966806 -19.156520843505856 -0.027477012947201725 5.9414854049682626 67.500000000000014 3.2769666910171513 6.5532207489013681 6.4575538635253915 -13.926192283630369 0.80936089158058178 9.2104907035827654 -0.039441486820578568 6.6675925254821786 -6.6699194908142081
decision_type=2 2 2 2 2 2 2 2 2 2 2 2 2 2 2 2 2 2 2 2 2 2 2 2 2 2 2 2 2 2
left_child=-1 4 3 10 24 6 7 8 -6 -10 11 -3 17 -8 15 22 -17 20 19 -19 -5 -4 23 -13 28 26 -26 -27 29 -2
right_child=1 2 21 12 5 -7 13 -9 9 -11 -12 14 -14 -15 -16 16 -18 18 -20 -21 -22 -23 -24 -25 25 27 -28 -29 -30 -31
leaf_value=0.0029852350676432059 -0.054035162548975946 -0.045706408843389473 -0.0021658505780565917 0.10843463220722974 0.12147037694795836 0.014820704913293127 0.11508615166612556 0.0088929805082885293 0.49419494206222614 -0.028170371706355831 0.027196874657184192 0.076756208391459912 -0.050660935600066459 -0.019524000004762704 -0.00017073478308909164 -0.068446903802207068 0.060036667439875055 0.031573361644558776 -0.065082066680233142 -0.026793419581476123 0.00017317680001226581 0.015319798933644274 -0.048784274618452313 -0.065396700165950492 0.010574896929972776 -0.056974744442664017 -0.030326607436182366 -0.0072980461522434512 0.036070742988463494 0.094281388368140998
leaf_weight=26452.68233289104 171.16918615979648 582.33198583437479 18331.691176440978 57.813652596792963 47.382437902790116 1360.2942791368005 42.803938959837978 42.09257158980472 13.419172308716954 4.4879882426503164 591.52257454707615 72.424451830909675 724.65689041519909 109.50945316514481 5269.4037277345706 45.060015517236025 137.37348224444577 304.09383291372797 344.67438138449143 1220.4597416555844 468.55422379018273 2062.6882961213778 726.68434432836511 38.34967325287289 4556.4174791773949 262.86624387444499 444.92322838997279 3424.7663886714727 810.364613921407 44.688074666456487
leaf_count=2660133 423048 171608 54338 431 6900 75143 2457 688 1197 2031 30388 714 49484 20301 121564 2551 2683 7666 8371 35065 78436 5385 33183 2346 2265250 108457 286075 196808 496143 385
internal_value=0.000204242 -0.00153449 -0.00396769 -0.0108507 0.00511397 0.0240725 0.0713385 0.138964 0.216224 0.385704 -0.0052205 -0.00802879 -0.0242875 0.0207604 -0.00450664 -0.0267986 0.0273226 -0.0162208 -0.0244542 -0.0150862 0.0129725 -0.00039403 -0.0386806 0.0268444 0.00194192 -0.000655664 0.00690961 -0.0109115 0.0238321 -0.0218905
internal_weight=68765.6 42313 30977.8 10583.4 11335.2 1619.99 259.696 107.382 65.2896 17.9072 7463.15 6871.63 3120.25 152.313 6289.3 1019.89 182.433 2395.6 1869.23 1524.55 526.368 20394.4 837.458 110.774 9715.2 8688.97 5001.34 3687.63 1026.22 215.857
internal_count=7149229 4489096 604213 544490 3884883 108717 33574 10816 10128 3228 365037 334649 179453 22758 163041 41477 5234 129969 51102 42731 78867 59723 36243 3060 3776166 2856590 2551325 305265 919576 423433
is_linear=0
shrinkage=0.055


Tree=187
num_leaves=31
num_cat=0
split_feature=17 51 49 15 54 45 7 56 35 51 46 30 6 15 15 10 2 30 52 19 49 6 25 7 7 8 7 51 51 56
split_gain=81.4495 79.4493 152.331 140.15 183.401 211.451 231.632 238.193 206.603 206.497 192.63 185.995 175.473 151.632 149.646 187.401 192 148.24 146.675 133.836 131.38 129.761 129.392 220.252 243.69 279.691 231.434 249.595 228.227 274.75
threshold=113.00000000000001 86.500000000000014 0.57906392216682445 8.0772919654846209 53.500000000000007 0.80330616235733043 1.4565852880477907 -100.89624023437499 2.2769384384155278 547.50000000000011 2.0456670522689824 0.84523808956146251 -0.090226802974939332 8.1117782592773455 7.9453780651092538 3.2769666910171513 0.240384615957737 0.26785714924335485 0.84894314408302318 1.5000000000000002 -0.042243642732501023 -7.4707930088043204 -6.9461865425109854 0.63632613420486461 1.7430543303489687 3.3497501611709599 1.9490807652473452 1843.5000000000002 120.50000000000001 -100.87377929687499
decision_type=2 2 2 2 2 2 2 2 2 2 2 2 2 2 2 2 2 2 2 2 2 2 2 2 2 2 2 2 2 2
left_child=-1 2 19 14 18 11 7 -7 9 -9 -10 -6 17 -12 22 16 -16 21 -5 -2 -21 -8 23 -3 25 28 27 -26 -25 -30
right_child=1 3 -4 4 5 6 12 8 10 -11 13 -13 -14 -15 15 -17 -18 -19 -20 20 -22 -23 -24 24 26 -27 -28 -29 29 -31
leaf_value=-0.070695573557502417 -0.055543074843276474 -0.028892243715093011 -0.00031300143818614783 -0.047260817505093963 -0.05401536652856237 -0.014059951296692243 -0.022428713138060122 -0.053523630504290647 0.029383904005512974 0.11007093844070145 0.40815347707266175 0.085132019307227774 -0.055923081985327944 0.155448186580815 -0.034007956167962879 -0.050387981593796559 0.15640482785098467 -0.030080100653241678 0.014162849999299381 0.012447950466915852 -0.060737758497645462 0.048524869447308237 0.017069332148439597 0.083680474275164507 -0.056292179810669488 -0.0051540058047114109 0.00063213068997836064 0.05755844875114504 -0.004931062286440681 0.051447544141350714
leaf_weight=43.888364801561693 276.92716064279375 706.38627433860347 53806.662518648285 192.79952945103196 142.3303569536356 59.63000722336983 86.05595070034542 36.89022040175405 30.576843777940667 49.242670040963276 6.2386833873242713 31.485786421733792 72.428712219294539 83.445619012411044 31.627769220276605 298.74490239071019 24.734674511109915 101.5783083600727 285.98077151789767 295.58233412646587 93.571853381163237 623.47119237519655 1681.734426596764 236.99077296978157 388.58327046992963 852.36545551525433 7202.1526317610824 64.197325786226429 505.91401358301664 534.41834440165985
leaf_count=59922 25457 406837 354719 7685 338655 23535 84419 2611 4886 2984 185 120 26195 1738 18275 184628 1337 41814 3203 15221 14348 108092 452532 13149 196248 337051 3845739 48422 468612 60374
internal_value=0.000270446 0.000320849 -0.000637832 0.00396404 0.018283 0.0288076 0.0373469 0.081915 0.10932 0.040912 0.154726 -0.027134 0.0235425 0.193652 0.00189776 -0.0330459 0.0554901 0.0309376 -0.0108046 -0.0266801 -0.00569675 0.0398224 0.0029303 0.000656724 0.00280364 0.0192363 -0.00177768 -0.0396976 0.0354687 0.0241382
internal_weight=68846.6 68802.7 54472.7 14330 1802.15 1323.37 1149.56 266.024 206.394 86.1329 120.261 173.816 883.534 89.6843 12527.8 355.107 56.3624 811.105 478.78 666.081 389.154 709.527 12172.7 10491 9784.62 2129.69 7654.93 452.781 1277.32 1040.33
internal_count=7148993 7089071 409745 6679326 646122 635234 296459 35939 12404 5595 6809 338775 260520 1923 6033204 204240 19612 234325 10888 55026 29569 192511 5828964 5376432 4969595 879186 4090409 244670 542135 528986
is_linear=0
shrinkage=0.055


Tree=188
num_leaves=31
num_cat=0
split_feature=52 52 31 33 14 10 23 6 10 8 28 35 3 29 22 2 8 53 6 53 13 13 15 14 51 10 7 22 16 16
split_gain=102.289 162.021 152.774 230.429 221.11 183.838 181.708 226.91 170.139 169.656 169.294 169.035 155.203 152.631 152.117 151.951 139.481 198.969 135.386 135.289 131.462 128.503 272.362 355.692 328.752 304.836 223.875 211.008 216.444 218.022
threshold=0.83158162236213695 0.8322904407978059 2.6020033359527592 7.1747169494628915 7.610110044479371 7.9019322395324716 1.5000000000000002 -0.017689828760921952 1.0000000180025095e-35 4.8713660240173349 7234.0000000000009 2.3502402305603032 0.75961539149284374 0.13392857462167743 5.0688843727111825 0.11805555596947671 2.3502402305603032 -0.017575830221176144 -0.014062796253710983 -0.07470607757568358 3.3140207529067998 3.7012257575988774 7.6790201663970956 7.2424402236938485 51.500000000000007 8.5156917572021502 1.0954784750938418 4.5900437831878671 2301564.5000000005 2303426.5000000005
decision_type=2 2 2 2 2 2 2 2 2 2 2 2 2 2 2 2 2 2 2 2 2 2 2 2 2 2 2 2 2 2
left_child=2 -2 4 6 8 -6 7 10 11 -5 12 16 20 -11 18 -7 19 -18 21 -1 -4 27 23 25 26 -23 -25 28 -10 -30
right_child=1 -3 3 9 5 15 -8 -9 14 13 -12 -13 -14 -15 -16 -17 17 -19 -20 -21 -22 22 -24 24 -26 -27 -28 -29 29 -31
leaf_value=0.075167091155592294 -0.041261498127525116 -0.00036752365751343695 -0.018789563895286014 0.032289345329736763 -0.063422374928485084 -0.067084280217198908 -0.010024581442458151 -0.059306543852786414 0.0028954099357165535 0.16006483776721389 -0.035217912883068692 -0.042110373338610216 0.0014859757452486751 0.023620045677560066 -0.029218510129460997 0.048642442840617445 -0.02970053645634857 0.076223295887424172 -0.044436106583360356 0.0011384162239963197 0.072337918364833345 -0.0095614326925351385 0.012174949288805907 -0.063657444062967403 -0.032692852418058978 -0.057421692123265693 0.070932384501215681 0.060688471851851736 0.027360817278935259 -0.010103148455441066
leaf_weight=110.52417375233381 289.87051751646504 48121.220111361574 51.83692662357862 269.86070680343619 270.32598232448981 45.439998280282452 760.61911529970894 78.031516437842583 6098.7852705887599 69.299977921653408 83.590974975248173 464.70678325705376 172.33171263855729 40.185607546505707 382.62289753177538 102.92648192542947 482.17422617783723 55.466250667872373 156.83068675011964 211.64570042609466 425.20332593873718 2769.4832201726585 3254.4684130155292 37.761929922657146 171.16308391326857 466.71234198866659 361.05246085688123 240.04643142283021 2598.0748950255957 570.6488393302634
leaf_count=80846 29876 744137 36375 46653 145591 32622 203449 27665 2231079 3723 20729 209998 49540 3351 215826 8409 152840 135 54440 26952 86159 896271 586301 627 157510 201594 2395 87536 602686 205269
internal_value=0.000769433 -0.00061662 0.0039945 0.0186259 0.0024757 -0.0368091 0.00925799 0.0272934 0.00337781 0.0568112 0.0368522 -0.0155768 0.0463278 0.113203 0.00484944 0.0121674 -0.00107555 -0.0181711 0.00563733 0.0272955 0.0623435 0.00612457 0.000502841 -0.00948028 0.0304074 -0.0165416 0.0575583 0.010297 0.00895975 0.0206087
internal_weight=69212.9 48411.1 20801.8 1950.96 18850.9 418.692 1571.61 810.994 18432.2 379.346 732.963 1324.52 649.372 109.486 17107.7 148.366 859.81 537.64 16725 322.17 477.04 16568.2 7060.64 3806.17 569.977 3236.2 398.814 9507.56 9267.51 3168.72
internal_count=7150584 774013 6376571 477644 5898927 186622 423917 220468 5712305 53727 192803 470771 172074 7074 5241534 41031 260773 152975 5025708 107798 122534 4971268 1844698 1258397 160532 1097865 3022 3126570 3039034 807955
is_linear=0
shrinkage=0.055


Tree=189
num_leaves=31
num_cat=0
split_feature=50 31 25 42 50 13 26 27 40 43 56 26 45 9 33 10 8 25 54 53 53 54 29 1 10 11 22 8 23 13
split_gain=133.024 100.216 155.889 84.013 137.488 114.808 115.661 133.175 127.026 112.747 158.329 161.673 109.074 182.43 183.831 166.708 186.885 171.371 233.217 270.401 164.96 205.63 186.436 148.119 144.87 147.349 143.664 141.33 121.94 197.32
threshold=-118.84025573730467 3.9019217491149907 -5.8414266109466544 1.0000000180025095e-35 -118.43061065673827 4.1510088443756112 47.500000000000007 88.153923034667983 2.6735538244247441 -1.0000000180025095e-35 -0.019287109374999997 128.00000000000003 0.86843472719192516 4.3973479270935067 7.0904934406280526 7.8266401290893564 2.8029010295867924 -10.116950035095213 614.50000000000011 -0.054686427116394036 -0.030727982521057125 402.50000000000006 0.63333335518836986 0.15476191043853763 7.7432672977447519 1.0000000180025095e-35 0.89587974548339855 2.6735538244247441 3.5000000000000004 3.0201274156570439
decision_type=2 2 2 2 2 2 2 2 2 2 2 2 2 2 2 2 2 2 2 2 2 2 2 2 2 2 2 2 2 2
left_child=-1 3 -3 5 -5 6 7 -2 -9 10 11 -6 15 14 -14 17 -17 18 -11 -20 21 -18 -23 -16 25 -19 28 -26 -27 -30
right_child=1 2 -4 4 9 -7 -8 8 -10 12 -12 -13 13 -15 23 16 20 24 19 -21 -22 22 -24 -25 27 26 -28 -29 29 -31
leaf_value=-0.044537372252823705 0.029087375015665846 -0.067152280623366881 0.05829174476185927 0.10987882070870068 0.038441179991613637 -0.051728671704331187 -0.00060349230739355848 0.021854792215914645 -0.052962386087073141 -0.034990410960644869 0.071517455485788778 -0.077845006617808743 -0.053470036940613294 0.0022810620917088457 0.04435821824988008 0.016663298390253406 -0.063266328724604082 0.017421052268015807 -0.025674248995887571 0.094248178196305404 0.010748871216341188 -0.033375667625059786 0.078786437737407081 -0.057048234179336951 -0.036941386961619263 -0.011968758825872691 -0.045856118895010789 0.06043512642835578 0.13792173182321968 0.0081791225185283319
leaf_weight=192.66680301587621 787.29782332629657 135.20995441649757 33.957149278137877 32.088561105843837 43.286891393887345 126.26155538270541 50369.692739905382 133.24010116327918 132.21152168696972 463.29117774592669 32.401084816976436 156.13123104070655 355.91267616738332 8557.108442049328 133.86790541150913 560.34244658860189 388.89399003643484 4521.9136692721695 112.94599465463398 106.26008073447156 275.58102107443847 120.74681549329762 64.709057500709605 58.658968954878219 48.356910992995836 353.51649936559261 218.60777791353757 344.72188098987317 43.838655010040384 132.01557611099997
leaf_count=624530 11019 16146 96 10240 5830 28144 5839670 35171 71842 44844 1482 30178 36179 255771 5711 18226 10294 30958 44105 1063 1031 9482 1593 5057 947 3293 2463 1621 457 1708
internal_value=0.000517211 0.000646528 -0.0410212 0.000752148 0.00408912 -0.000356729 -0.000225574 0.0177736 -0.0156991 0.00385845 -0.0338327 -0.0522804 0.00438652 0.000303054 -0.0303009 0.0091774 -0.0079056 0.0129773 -0.012986 0.0332635 -0.0241061 -0.0407784 0.00680076 0.0127998 0.0161151 0.0136828 -0.00888233 0.0481422 0.00667249 0.0434415
internal_weight=69035.7 68843.1 169.167 68673.9 17125.2 51548.7 51422.4 1052.75 265.452 17093.1 231.819 199.418 16861.3 9105.55 548.44 7755.74 1410.27 6345.47 682.497 219.206 849.931 574.35 185.456 192.527 5662.97 5269.89 747.979 393.079 529.371 175.854
internal_count=7149151 6524621 16242 6508379 522533 5985846 5957702 118032 107013 512293 37490 36008 474803 302718 46947 172085 40626 131459 90012 45168 22400 21369 11075 10768 41447 38879 7921 2568 5458 2165
is_linear=0
shrinkage=0.055


Tree=190
num_leaves=31
num_cat=0
split_feature=49 6 42 57 50 0 51 45 6 50 14 40 13 48 51 40 19 57 11 51 26 7 19 57 57 15 50 6 10 48
split_gain=97.0016 229.804 166.579 208.738 233.029 232.724 233.386 255.209 215.536 275.818 210.041 253.081 194.034 193.759 191.969 208.201 190.663 185.856 218.843 208.241 194.122 181.551 202.673 187.187 184.344 169.723 331.1 226.695 261.94 312.667
threshold=8.9676342010498065 -4.6825940608978263 1.0000000180025095e-35 138.50000000000003 -110.75454330444335 0.26785714924335485 164.50000000000003 0.81836947798728954 -3.875985741615295 -17.114152908325192 5.5853724479675302 2.6020033359527592 2.6735538244247441 101.50000000000001 215.50000000000003 2.9174053668975835 6.5000000000000009 114.50000000000001 1.0000000180025095e-35 59.500000000000007 3167.5000000000005 1.1353400349617007 2.5000000000000004 448.50000000000006 323.50000000000006 7.2374186515808114 -11.108977317810057 -0.022992487065494057 9.0972781181335467 286.50000000000006
decision_type=2 2 2 2 2 2 2 2 2 2 2 2 2 2 2 2 2 2 2 2 2 2 2 2 2 2 2 2 2 2
left_child=2 -2 3 12 16 8 10 -8 9 -6 -7 -12 -1 -13 15 -9 -5 18 -14 -19 -21 22 -16 24 -23 27 -27 -10 -29 -30
right_child=1 -3 -4 4 5 6 7 14 25 -11 11 13 17 -15 21 -17 -18 19 -20 20 -22 23 -24 -25 -26 26 -28 28 29 -31
leaf_value=-0.048238280273950385 -0.024192126014032964 0.0028995100330455165 0.0053287073151986287 -0.054780302827973845 -0.0389448845458834 -0.061133269299597344 -0.054498096437070549 0.085447014945214311 0.0090785766583413412 0.044481895736811855 0.0093539754521381174 -0.01687487719632361 -0.0020467827313802971 -0.052202084633628736 0.10764212378734651 -0.014803391041670623 0.1266397317393991 -0.0061877660325659074 0.03061207508118071 0.017351392212298693 0.096320666110199668 -0.0085033212023313542 -0.050085260263122836 -0.037757147566046319 0.072212153087805805 -0.040336178514668398 -0.0037101631977017207 -0.021546405354126601 -0.069308906389995095 0.10438665966004088
leaf_weight=186.15012657750594 967.76655106542603 35990.898853728504 7315.3606533959464 398.54917878898959 146.09147578384363 318.14473994128639 166.29743986733956 203.64859620985044 4734.0306234485197 588.35280435479217 1016.755101105261 4207.8865185099803 3308.7504670207818 525.77147237383542 85.588182804360258 87.682587097579017 13.686530145334471 216.96008515251742 758.82037563487938 173.82740506366645 207.51529804341953 246.70654519714481 30.454906296068657 318.40983636538022 125.34571726585455 916.75281787900349 3936.6227790274534 1488.6545905201911 40.092341566096366 103.29978574585766
leaf_count=40155 38897 126985 577913 1252027 305400 12577 253314 13388 1449630 169052 22795 64455 304995 53305 3871 10655 3625 1392 40572 61021 13985 98606 8525 167585 23503 1065653 387888 534334 10505 32646
internal_value=0.000269789 0.00218694 -0.00195373 -0.0041243 -0.00664103 -0.00575969 -0.0134701 0.00800349 -0.00102638 0.027736 -0.0179461 -0.0155057 0.00608972 -0.0208496 0.0176752 0.0555338 -0.0473116 0.00830652 0.00407595 0.0367959 0.0610145 0.00374182 0.0658884 -0.00710151 0.019287 -0.00292072 -0.0106628 0.00298545 -0.0146625 0.0551225
internal_weight=68824.9 36958.7 31866.2 24550.8 19698.8 19286.6 7332.69 1264.13 11953.9 734.444 6068.56 5750.41 4852.02 4733.66 1097.84 291.331 412.236 4665.87 4067.57 598.303 381.343 806.505 116.043 690.462 372.052 11219.5 4853.38 6366.08 1632.05 143.392
internal_count=7149254 165882 6983372 6405459 5943339 4687687 732579 579447 3955108 474452 153132 140555 462120 117760 326133 24043 1255652 421965 345567 76398 75006 302090 12396 289694 122109 3480656 1453541 2027115 577485 43151
is_linear=0
shrinkage=0.055


Tree=191
num_leaves=31
num_cat=0
split_feature=18 16 53 45 52 57 28 52 57 13 40 15 52 7 53 15 16 16 54 54 37 38 51 54 26 14 6 7 15 26
split_gain=79.6605 71.6039 129.069 178.641 156.954 138.613 188.709 188.003 164.085 145.673 195.773 142.556 135.07 132.437 129.796 126.651 122.686 154.548 214.731 212.229 172.553 151.743 144.641 213.554 195.443 162.452 162.219 142.875 140.258 137.119
threshold=1.0000000180025095e-35 4140.5000000000009 -0.079239577054977403 0.80430060625076305 0.79128524661064159 260.50000000000006 7086.0000000000009 0.82655280828475963 206.50000000000003 3.113268375396729 2.2499048709869389 7.6403636932373056 0.85670635104179393 1.9787334799766543 -0.045409917831420891 4.7492611408233651 86456.500000000015 86466.500000000015 342.50000000000006 879.50000000000011 1.0000000180025095e-35 1.0000000180025095e-35 59.500000000000007 99.500000000000014 1077.0000000000002 7.0250937938690194 -0.023896501399576661 5.9001486301422128 7.9151654243469247 590.00000000000011
decision_type=2 2 2 2 2 2 2 2 2 2 2 2 2 2 2 2 2 2 2 2 2 2 2 2 2 2 2 2 2 2
left_child=-1 2 -2 4 -4 8 7 -7 -5 12 -11 -8 -9 -6 -12 -10 29 18 22 20 -20 -22 25 24 -24 28 27 -26 -18 -3
right_child=1 16 3 5 13 6 11 9 15 10 14 -13 -14 -15 -16 -17 17 -19 19 -21 21 -23 23 -25 26 -27 -28 -29 -30 -31
leaf_value=-0.07089721119257765 -0.060428816205590451 0.012257227458433773 -0.02312771844673028 0.0091759408956725904 0.014720849455354854 -0.056422000522913393 -0.057106769773278089 0.075348648595562756 0.13942731419880031 -0.046606262755120337 0.084920208359701516 0.014551274658645783 -0.072398075534134465 0.12695526536325955 -0.0066956810079027134 0.037591823705318633 -0.029133180514127908 0.00065088955820601958 -0.0016118129720281303 0.0080962282017557584 0.14122433577050283 -0.048333217907971598 -0.063178316838817875 -0.053229556700102217 0.10067598904834398 0.026416748413415816 -0.058728755195850753 -0.0068736581980235866 0.024921186531777138 -0.0076356868092467972
leaf_weight=42.220210505605792 74.735690251367487 1180.2039387124078 47.589664512073796 1557.5668081185577 49.350099048799166 101.71100271313117 301.01048959862237 176.01550581531774 41.039996665709623 141.56061423868596 86.846803444270336 113.34203640282067 16.912080034297105 92.483219558958808 93.955472555593587 226.44084370301061 596.56003461400542 53494.63742027578 42.582731409704138 154.39043383423268 127.77155838908948 11.718451696429836 33.619113530243339 61.797989701717597 217.03128255504998 408.44421688391594 23.50229916045646 44.186604364018422 187.18436840866343 9086.4230536204286
leaf_count=60443 177321 160863 7815 25305 4112 22921 21408 3447 372 4114 2539 3130 416 3027 991 3735 3099 5403314 9146 165183 6727 3536 1082 22353 2764 1063 866 2409 494 1024953
internal_value=0.000515048 0.000564027 0.0086974 0.0104898 0.0615144 0.00700453 -0.00908452 0.0101904 0.0160966 0.0237546 0.000936065 -0.0375656 0.0608954 0.089735 0.0384122 0.0554884 0.000176907 0.00120036 0.0165577 0.0561006 0.095502 0.124178 0.00794488 0.0372483 0.0553639 -0.00151525 0.0702099 0.0826959 -0.016147 -0.00534404
internal_weight=68832.8 68790.6 3120.56 3045.82 189.423 2856.4 1031.35 617.001 1825.05 515.29 322.363 414.353 192.928 141.833 180.802 267.481 65670.1 55403.4 1908.79 336.463 182.073 139.49 1572.33 380.137 318.339 1192.19 284.72 261.218 783.744 10266.6
internal_count=7148948 7088505 280653 103332 14954 88378 58966 34428 29412 11507 7644 24538 3863 7139 3530 4107 6807852 5622036 218722 184592 19409 10263 34130 29474 7121 4656 6039 5173 3593 1185816
is_linear=0
shrinkage=0.055


Tree=192
num_leaves=31
num_cat=0
split_feature=22 7 28 23 50 56 15 37 13 13 14 54 53 50 56 0 50 13 52 8 32 26 10 25 9 26 0 2 57 56
split_gain=96.0614 204.431 199.525 155.46 188.703 161.714 181.425 172.516 277.877 220.043 164.456 157.744 146.998 187.629 189.518 149.551 146.642 175.133 172.113 142.913 156.844 342.396 154.432 138.209 133.634 131.807 126.711 238.341 163.312 153.128
threshold=2.8029010295867924 2.5561521053314213 150.00000000000003 2.5000000000000004 -2.7866013050079341 -100.91137695312499 8.1117782592773455 1.0000000180025095e-35 3.1984648704528813 2.8029010295867924 7.6422843933105478 402.50000000000006 -0.027461975812911984 -12.999598503112791 -0.024169921874999997 0.64583334326744091 -109.93559646606444 2.5249279737472539 0.87751251459121715 4.6200466156005868 1.7005987167358401 1099.5000000000002 6.9092540740966806 -10.585450649261473 4.6925911903381357 37.500000000000007 0.64583334326744091 0.14835165441036227 188.50000000000003 -0.042236328124999993
decision_type=2 2 2 2 2 2 2 2 2 2 2 2 2 2 2 2 2 2 2 2 2 2 2 2 2 2 2 2 2 2
left_child=-1 2 -2 12 5 11 7 8 -7 10 -9 -5 25 15 23 -14 17 -4 -19 20 21 -6 24 -15 -22 -3 27 28 -10 -28
right_child=1 3 16 4 19 6 -8 9 26 -11 -12 -13 13 14 -16 -17 -18 18 -20 -21 22 -23 -24 -25 -26 -27 29 -29 -30 -31
leaf_value=0.0013587393041857255 0.037350674423371158 0.0049838047966140357 0.27977780507925692 0.051473339487024872 0.021466841156184868 -0.057868228636312934 -0.074266252457122803 -0.0025907414469137288 -0.067785617558258293 -0.054239177275227084 0.18734032136273082 -0.058197709710632033 -0.050095349643672245 -0.048038394649166989 -0.056140178651285823 0.12691350201494489 -0.001586703287767503 -0.049968323543089117 0.10330675702335843 0.0072863391940471639 0.067271802167806913 -0.089668978428663615 -0.058183651015999829 0.025364043225350748 -0.014349290945896565 -0.05358165567225296 0.081890675388851517 -0.078998627868106519 0.033268817599362226 0.019146568610538862
leaf_weight=54644.432768189181 427.15188555753411 139.34119420161051 5.6249500617204822 307.58932303189067 112.97319568943931 147.19622027651349 96.831299644114551 40.626229359433637 51.340683393678773 268.36358546410156 15.77414931442763 41.21322535712352 17.086368238393334 101.12924565732828 239.29873515771396 45.330219784635119 9099.2551773250671 34.97117342004185 46.243861322058365 315.98045314920455 86.803185688040685 302.70545650318309 133.42288301041117 284.03625113680027 175.14285568043852 672.70286425373206 173.7783175655677 85.990301463431933 346.68641097962427 357.22998733493478
leaf_count=5420202 15867 35605 2692 12538 202 39653 17532 6594 7347 45690 699 49546 2014 1841 2776 500 642462 74145 45 660 80 1959 632 772 492 671246 2539 12678 66483 12196
internal_value=0.000312219 -0.00372206 0.00082807 -0.0133079 -0.00617936 0.00425569 -0.00324431 0.00161397 0.0115329 -0.0335191 0.0614594 0.0378757 -0.02779 -0.00896248 -0.0182411 0.0783362 -0.00088962 0.0682619 0.0382363 -0.0240131 -0.0361771 -0.0595683 -0.0111475 0.00572283 0.0134516 -0.0435632 0.0218315 0.00141712 0.0195548 0.0402526
internal_weight=68816.3 14171.8 9613.25 4558.57 3059.65 1932.62 1583.82 1486.99 1162.22 324.764 56.4004 348.803 1498.92 686.881 624.464 62.4166 9186.1 86.84 81.215 1127.03 811.048 415.679 395.369 385.165 261.946 812.044 1015.03 484.017 398.027 531.008
internal_count=7147687 1727485 735211 992274 277520 273495 211411 193879 140896 52983 7293 62084 714754 7903 5389 2514 719344 76882 74190 4025 3365 2161 1204 2613 572 706851 101243 86508 73830 14735
is_linear=0
shrinkage=0.055


Tree=193
num_leaves=31
num_cat=0
split_feature=13 8 53 48 19 28 3 46 56 56 6 39 16 14 50 14 32 26 47 14 30 51 35 53 14 40 8 49 9 46
split_gain=95.1876 260.994 145.515 201.812 170.06 140.016 158.958 132.662 198.857 153.368 142.375 139.643 129.49 157.138 182.795 124.991 122.712 147.195 134.496 136.02 119.295 111.021 158.743 139.323 108.016 97.2683 94.7149 93.2063 146.597 146.869
threshold=2.7403194904327397 3.3497501611709599 -0.017575830221176144 514.50000000000011 3.5000000000000004 787.50000000000011 0.75961539149284374 -0.12225456535816191 -100.91674804687499 -0.0070800781249999991 -0.027874349616467949 1.0000000180025095e-35 2303710.5000000005 6.8716096878051767 -2.7866013050079341 6.9132399559021005 0.89587974548339855 1167.0000000000002 -6.6719400882720938 6.105907917022706 0.46428571641445165 9.5000000000000018 2.5249279737472539 -0.042478352785110467 6.8982098102569589 2.6020033359527592 3.9019217491149907 8.9676342010498065 4.9957804679870614 6.3353834152221689
decision_type=2 2 2 2 2 2 2 2 2 2 2 2 2 2 2 2 2 2 2 2 2 2 2 2 2 2 2 2 2 2
left_child=1 2 3 16 5 -4 20 8 11 -10 -9 -5 13 21 15 -15 17 18 -1 -20 -7 25 23 -23 -8 -3 -16 28 -17 -30
right_child=-2 12 4 7 -6 6 24 10 9 -11 -12 -13 -14 14 26 27 -18 -19 19 -21 -22 22 -24 -25 -26 -27 -28 -29 29 -31
leaf_value=-0.053090842493246922 0.00058442019616216734 0.039490225801218803 0.020421827891175911 -0.030087490810183568 0.04689292977480039 -0.034762277400107934 -0.036957887362786074 0.094980395236569509 -0.057142760089102511 0.061893862292375458 -0.050699065067252101 0.28886063034960263 0.11472253775565833 0.10245533565930284 0.0073914638897162365 -0.033386127051618683 -0.069470882140879445 -0.06029708578940924 -0.088458345315052131 0.053965074909366272 0.048518448882869943 0.0038801139458957985 0.13158647527432474 -0.059459443654911175 -0.11710676810002617 -0.027617644706916595 -0.077770043578712783 0.049083427993465212 0.069242737750093125 -0.074155652126070393
leaf_weight=78.528602282402971 65184.511895585063 172.84388524864335 208.05246634377181 5.5212280634359541 154.78720558050554 112.12472569866804 164.57046014128719 69.556546656936007 162.92315605815566 36.30480363289098 24.260189440879913 5.316860171406006 28.791746774320927 70.83896787050071 87.958578272398881 146.61994176132248 415.15653546621252 207.06666097761808 19.212895410248166 130.93720300660971 88.630797086283565 168.70774363914279 13.082628634814681 270.88822314858407 74.153926392667927 98.89239619782893 65.578435847965011 275.87803947040811 115.00712204809588 22.040874848127714
leaf_count=16083 6629492 188 732 9603 330 620 662 18359 210696 2374 39161 1090 624 3299 221 34268 49987 25907 835 854 161 78098 1364 5882 563 242 323 799 15948 362
internal_value=0.000110068 -0.0087271 -0.0220249 -0.0344838 -0.00399014 -0.0164194 -0.0338938 0.00395763 -0.0203449 -0.0344668 0.0566498 0.168175 0.00822042 0.00581514 0.0228123 0.0358821 -0.0481553 -0.0272892 0.00324987 0.0334774 0.00229058 -0.0126086 -0.0291705 -0.0353808 -0.0637459 0.0150101 -0.0302881 0.0266211 0.00430386 0.0443821
internal_weight=68678.7 3494.23 1957.1 1154.78 802.32 647.532 439.48 303.883 210.066 199.228 93.8167 10.8381 1537.13 1508.34 783.922 630.385 850.902 435.745 228.679 150.15 200.756 724.415 452.679 439.596 238.724 271.736 153.537 559.546 283.668 137.048
internal_count=7149127 519635 378017 374949 3068 2738 2006 281283 223763 213070 57520 10693 141618 140994 55220 54676 93666 43679 17772 1689 781 85774 85344 83980 1225 430 544 51377 50578 16310
is_linear=0
shrinkage=0.055


Tree=194
num_leaves=31
num_cat=0
split_feature=42 55 51 15 33 23 14 15 49 7 14 14 25 9 40 25 13 22 51 49 25 16 48 43 31 14 53 54 13 50
split_gain=79.7422 159.474 138.652 238.897 225.468 206.7 200.902 231.353 166.3 194.654 187.028 189.648 188.149 172.171 166.78 159.363 158.864 154.668 204.968 238.627 210.905 147.266 165.456 132.913 131.459 131.164 272.867 167.463 128.783 128.273
threshold=1.0000000180025095e-35 0.89233398437500011 77.500000000000014 7.4682278633117685 5.7153477668762216 5.5000000000000009 6.8464114665985116 7.4885733127594003 6.7309472560882577 4.3979408740997323 7.6790201663970956 6.8982098102569589 -9.9694399833679181 4.8001670837402353 3.0201274156570439 -6.2942826747894278 3.7012257575988774 3.5972183942794804 26.500000000000004 7.9710149765014657 -8.0523972511291486 1289817.5000000002 25.500000000000004 1.0000000180025095e-35 1.2424533367156985 7.9716033935546884 -0.039435565471649163 113.50000000000001 3.5114340782165532 -6.0744788646697989
decision_type=2 2 2 2 2 2 2 2 2 2 2 2 2 2 2 2 2 2 2 2 2 2 2 2 2 2 2 2 2 2
left_child=1 -1 17 4 8 15 7 24 9 14 11 13 -13 -10 -4 25 -9 23 -19 20 28 -8 -23 -2 -5 29 27 -27 -20 -6
right_child=2 -3 3 6 5 -7 21 16 10 -11 -12 12 -14 -15 -16 -17 -18 18 19 -21 -22 22 -24 -25 -26 26 -28 -29 -30 -31
leaf_value=-0.00036478991085954737 0.0019365152715095947 -0.015906867013561879 -0.0045648838986957554 -0.030062436803034789 -0.046554351764273298 0.031206120034132288 0.028249250965892522 0.075462110231373503 0.072871309730657446 -0.034584224114126247 -0.056894217664163707 0.12471908913963724 0.00046073133989126854 -0.058271053288107576 0.054410482980943024 0.036509371423178373 0.011750096343759901 -0.0037790324541200613 -0.065484535753079637 -0.084450053481955181 -0.085410074676610784 0.12391805709326839 -0.053185466071323011 0.026037042650425671 0.28756533726728867 0.16583250260057453 -0.062612429160613103 -0.042104672232252623 0.044535070650377345 0.0056497083670641419
leaf_weight=49299.345081617153 10280.733240838323 2076.4138556837133 292.49701952928444 3.8280729002290181 706.54633701565399 270.51227205028044 429.62666266629094 299.63574767887621 55.688074237041292 232.38041321278979 38.338779159836122 159.0887098913372 47.589734544104431 55.510790458880365 281.36913464739337 120.73302597137081 197.12104217238084 1987.4875211415347 35.608607350775856 224.25017104885774 70.44492697485839 13.201418168377129 137.3083472615217 737.28233233268838 14.648215544220875 38.042450299686607 47.412958169799822 13.719762024096779 155.15293176358682 176.73705086495829
leaf_count=6466863 37159 66874 9528 1031 228770 25356 40009 19537 769 154971 1290 2232 991 2318 3489 425 18804 4964 1257 2194 648 7 29917 2450 138 1970 1924 19528 1758 1939
internal_value=8.89608e-05 -0.000994429 0.00333899 0.0128704 0.00357747 -0.0114911 0.0342728 0.0591046 0.0213572 0.00741307 0.0523783 0.0662345 0.0967941 0.00771429 0.0245712 -0.0220543 0.0505492 0.000769481 -0.0116469 -0.0434916 -0.00740241 0.0119026 -0.0341667 0.00356031 0.22937 -0.0293996 0.0294499 0.111864 0.0228502 -0.0361358
internal_weight=68498.3 51375.8 17122.5 3631.54 2536.17 1373.7 1095.37 515.233 1162.46 806.247 356.216 317.877 206.678 111.199 573.866 1103.19 496.757 13491 2472.94 485.457 261.206 580.136 150.51 11018 18.4763 982.459 99.1752 51.7622 190.762 883.283
internal_count=7149110 6533737 615373 564943 455500 279912 109443 39510 175588 167988 7600 6310 3223 3087 13017 254556 38341 50430 10821 5857 3663 69933 29924 39609 1169 254131 23422 21498 3015 230709
is_linear=0
shrinkage=0.055


Tree=195
num_leaves=31
num_cat=0
split_feature=18 15 14 56 28 53 26 33 56 56 2 10 15 16 48 1 15 26 16 54 4 15 41 56 45 54 19 47 15 45
split_gain=73.5616 66.7583 220.752 142.755 125.02 111.715 84.227 71.8886 69.5274 102.591 148.242 165.996 142.518 171.603 170.109 147.485 137.87 129.7 119.829 105.275 103.35 97.5911 89.2096 74.7507 175.93 100.909 142.075 109.214 84.1403 78.6008
threshold=1.0000000180025095e-35 8.6316819190979022 6.8716096878051767 -0.026123046874999997 6508.0000000000009 -0.033201396465301507 1883.0000000000002 6.9092540740966806 -100.93188476562499 -100.92407226562499 0.43650794029235845 9.5815930366516131 5.4183177947998056 4143.0000000000009 8.5000000000000018 0.38750000298023229 7.9151654243469247 2347.0000000000005 2058731.5000000002 138.50000000000003 1.0000000180025095e-35 7.4486248493194589 1.0000000180025095e-35 -100.92163085937499 0.77933353185653698 159.50000000000003 3.5000000000000004 -7.4499812126159659 5.8507635593414316 0.77850645780563366
decision_type=2 2 2 2 2 2 2 2 2 2 2 2 2 2 2 2 2 2 2 2 2 2 2 2 2 2 2 2 2 2
left_child=-1 8 6 4 7 -6 -3 -4 22 10 11 12 15 16 17 -10 -14 -15 -12 -18 -16 -13 -2 24 29 26 27 28 -26 -11
right_child=1 2 3 -5 5 -7 -8 -9 9 23 18 21 13 14 20 -17 19 -19 -20 -21 -22 -23 -24 -25 25 -27 -28 -29 -30 -31
leaf_value=-0.069218970412158451 -0.062132319717963687 -0.014356924248125019 0.052771402197841343 -0.096916837350016771 -0.078709662536727523 0.019204576850253795 -0.089658233138171978 -0.067170680265955365 -0.075740209824878404 -0.018591514662098681 0.060162957832475647 0.076222053602686829 -0.047479183016580516 0.012542309022434155 -0.078421249875930701 0.063016015817832949 -0.071575317455710233 -0.093348317415680018 -0.077001154622532361 0.10104292396693787 0.04357746035179523 -0.070542056642337078 0.026185516892863268 0.00065401820425608549 -0.053152712643337818 -0.033382238101483823 -0.047082408815727388 0.0097386648773137609 0.072286576788595791 0.28982983230493725
leaf_weight=40.721077432113816 32.416576580761102 70.925190097615996 194.47364901126821 31.271829193177837 56.248524913498841 79.49488663682132 128.90385112367221 12.13868402698972 27.110069891552484 2.5475028302425917 108.84203142763727 66.08461804025319 46.109678537790387 160.45971771609038 388.10243955017086 80.503286704322818 9.2931742879081849 39.446411457971408 18.726116675599769 53.97690237779625 19.132538629515693 12.814321498461139 505.1537088278219 65868.37449868214 13.980694316931475 103.08634988329868 67.474213148081617 237.49906783406186 207.4632492157325 5.2830624791204173
leaf_count=60504 98901 9662 9730 1128 10595 281 18758 3814 25442 30003 875 8890 10511 447 200295 4624 135 288 1044 1757 417 5841 25669 6522123 1491 84884 1648 841 3915 1066
internal_value=0.000521854 0.000568262 -0.0180374 0.00703006 0.0177833 -0.0227234 -0.0639345 0.0443041 0.00072631 0.000568726 -0.0166091 -0.0244733 -0.0318213 -0.0406644 -0.05203 0.0262496 0.0219402 -0.0101205 0.0378834 0.0723034 -0.0722305 0.049602 0.0203363 0.000836151 0.0195079 0.0152727 0.025025 0.0360195 0.0633683 0.221348
internal_weight=68688.1 68647.3 573.457 373.628 342.356 135.743 199.829 206.612 68073.9 67536.3 1030.6 903.033 824.134 716.521 607.141 107.613 109.38 199.906 127.568 63.2701 407.235 78.8989 537.57 66505.7 637.334 629.504 526.417 458.943 221.444 7.83057
internal_count=7145579 7085075 53968 25548 24420 10876 28420 13544 7031107 6906537 260566 258647 243916 213850 201447 30066 12403 735 1919 1892 200712 14731 124570 6645971 123848 92779 7895 6247 5406 31069
is_linear=0
shrinkage=0.055


Tree=196
num_leaves=31
num_cat=0
split_feature=41 49 55 10 51 26 22 22 46 45 8 10 6 46 15 56 49 49 31 50 45 53 50 29 45 50 8 49 44 0
split_gain=72.8412 145.787 236.335 233.173 207.381 233.271 273.244 264.825 196.972 233.402 235.429 187.988 177.282 253.116 243.247 252.918 196.302 308.763 263.982 192.943 198.971 187.058 177.087 187.232 187.85 170.602 168.293 161.802 295.565 224.913
threshold=1.0000000180025095e-35 3.9328949451446538 0.82348632812500011 6.2156071662902841 9.5000000000000018 2650.5000000000005 3.113268375396729 3.0201274156570439 2.4594056606292729 0.84599551558494579 2.9700856208801274 6.9092540740966806 -0.026661378331482407 3.3128770589828496 5.482717990875245 -100.92163085937499 2.3386013507843022 1.1979631781578066 0.89587974548339855 -8.039669990539549 0.79962685704231273 -0.046463102102279656 -8.5442018508911115 0.46428571641445165 0.80143964290618908 -17.798268318176266 6.0414438247680673 10.471739292144777 2.5000000000000004 0.30952382087707525
decision_type=2 2 2 2 2 2 2 2 2 2 2 2 2 2 2 2 2 2 2 2 2 2 2 2 2 2 2 2 2 2
left_child=1 2 4 -3 -1 6 7 12 9 10 -5 -4 13 16 19 -16 17 18 21 -14 -21 25 23 -19 -25 -6 -20 28 -10 -30
right_child=-2 3 11 8 5 -7 -8 -9 27 -11 -12 -13 14 -15 15 -17 -18 22 26 20 -22 -23 -24 24 -26 -27 -28 -29 29 -31
leaf_value=-0.083482763626735318 0.0020760129946678237 0.0091249346960915051 0.020773484270424771 0.07315608424181777 -0.050460404921649181 -0.037521586143332286 -0.042772082327143204 0.12739516957462416 -0.012536961325925172 -0.033557848881264216 0.0061979319491122179 -0.017200568820223621 -0.022487241380670514 0.077838013987740429 0.18376258962524969 -0.048544375841289303 -0.057139699120105469 0.063538918868914024 -0.059470365055848996 0.14291231917453451 -0.051156455507512917 -0.020972824146821018 0.013258964394746163 0.27257441770013652 -0.032656504898322225 0.063905038796580202 0.10449093382933825 0.00027896917923897935 0.25444500358466815 -0.047357536290960019
leaf_weight=134.43307471627622 42323.294421743441 6493.260862215604 1093.7317267684075 300.85234716272407 42.941102135477649 990.68744511161412 487.30841723271851 45.417716395083517 6022.6341789974149 169.68603625869764 332.60127856283088 610.55632778770359 83.823295881082231 148.4002832122178 9.7683863695956443 489.91788984255072 140.51711238530697 98.22506233592685 261.86224746504013 57.634411730095053 18.558103932675294 212.64001142068446 113.54437527114533 25.345728883836276 6.3930725077843809 246.46458510164121 15.880433957090643 7895.5605573805478 16.931389304323606 9.256001358368847
leaf_count=2078 1785878 135688 354084 12244 160416 2207172 569435 11043 294885 13411 18016 221496 102482 6022 39285 561683 20344 21433 317706 5014 3572 13011 7014 954 1650 212732 5113 32365 9155 3199
internal_value=0.000659031 -0.00159763 -0.00972219 0.000444442 -0.0176473 -0.0149996 -0.00603425 0.00292397 -0.00337933 0.0230224 0.0383229 0.00715887 -0.000257839 0.011428 -0.0234134 -0.0422274 0.00266322 0.0111132 -0.00586448 0.0348372 0.0954039 0.0179199 0.0645049 0.107127 0.215015 0.0463671 -0.0484136 -0.00490767 -0.0116725 0.157282
internal_weight=68898.1 26574.8 5334.05 21240.8 3629.76 3495.33 2504.64 2017.33 14747.5 803.14 633.454 1704.29 1971.92 1312.21 659.702 499.686 1163.81 1023.3 779.788 160.016 76.1925 502.046 243.508 129.964 31.7388 289.406 277.743 13944.4 6048.82 26.1874
internal_count=7148580 5362702 4843739 518963 4268159 4266081 2058909 1489474 383275 43671 30260 575580 1478431 766395 712036 600968 760373 740029 708978 111068 8586 386159 31051 24037 2604 373148 322819 339604 307239 12354
is_linear=0
shrinkage=0.055


Tree=197
num_leaves=31
num_cat=0
split_feature=57 56 9 2 33 26 48 48 40 53 14 40 7 4 1 47 48 48 9 54 46 46 26 13 48 53 8 7 8 8
split_gain=83.209 255.066 274.783 109.156 104.335 122.171 151.462 197.585 105.746 99.5344 92.8422 85.9785 99.469 85.006 109.302 173.081 147.728 147.366 125.882 160.208 288.249 203.11 196.288 142.873 165.642 177.111 154.759 172.348 154.055 159.096
threshold=6.5000000000000009 -0.011962890624999998 4.8671946525573739 0.11805555596947671 7.3830463886260995 814.50000000000011 109.50000000000001 25.500000000000004 3.113268375396729 -1.0000000180025095e-35 5.4531798362731942 2.9174053668975835 2.4816780090332036 1.0000000180025095e-35 0.6904762089252473 -8.020692825317381 236.50000000000003 294.50000000000006 4.8247368335723886 80.500000000000014 3.7198908329010014 3.5646390914916997 714.00000000000011 3.4175922870635991 25.500000000000004 -0.030727982521057125 3.9219243526458745 0.6899506449699403 1.7005987167358401 2.6020033359527592
decision_type=2 2 2 2 2 2 2 2 2 2 2 2 2 2 2 2 2 2 2 2 2 2 2 2 2 2 2 2 2 2
left_child=3 13 9 10 5 -4 7 11 -8 -3 -1 12 -7 14 -2 -16 18 -18 -17 23 21 -21 -22 26 -25 -26 28 -28 -20 -30
right_child=1 2 4 -5 -6 6 8 -9 -10 -11 -12 -13 -14 -15 15 16 17 -19 19 20 22 -23 -24 24 25 -27 27 -29 29 -31
leaf_value=0.031023197260589854 -0.00015278381366291754 -0.10855343587551425 -0.058229100772714315 0.011340827804125144 -0.055833723853033826 -0.007010338880127598 0.057941200391570011 -0.098683899891264151 -0.060942395338550566 -0.028757012439035123 -0.074115681833691202 0.017008540805464156 -0.09477921660319967 0.0074358696834257894 -0.046847599638807615 0.009997522083444935 0.10298690367816311 -0.052607631353429524 -0.088609927909631001 -0.055339718198869979 0.026453676226659707 0.18407751148475662 -0.080372975393229615 0.006776696864489183 0.0087445481449326262 -0.082345013756863664 0.019934076741290486 -0.12263696569031585 0.031343709403004481 -0.035841438729566293
leaf_weight=33.133048468051129 55922.44828810676 137.33094853667717 114.51756460624165 2618.6725848316419 145.47759314365976 171.70716847293079 170.66330992083022 65.594726449169684 21.834747772885748 77.745643996102444 78.811421816935763 324.2285097844433 45.923186313826591 4054.5364691568102 338.33626511618968 906.55114777701601 64.391861217363839 21.537648023686415 71.091347173904069 14.791685479312944 60.650960331662645 21.782892645078391 289.32962720529031 1504.6843370334245 117.28916015074356 136.31459969701245 33.407821960747242 89.998712735716254 201.06089277542196 215.99331936333328
leaf_count=328 6863730 16012 14769 24566 4473 260 9221 835 4116 186 3895 447 264 84646 104954 3343 563 2617 403 875 129 51 3578 2300 465 756 43 484 376 659
internal_value=-0.000359081 -0.00075248 -0.0250624 0.0090385 -0.0133814 -0.00636099 0.00137979 -0.012135 0.043255 -0.0810174 -0.043001 -0.000851299 -0.0272435 -0.000266739 -0.00078774 -0.0094646 -0.00603287 0.0632399 -0.00774194 -0.0135838 -0.0461865 0.0922405 -0.0617483 -0.00817979 -0.000190846 -0.0408625 -0.0309612 -0.0847677 -0.016637 -0.00346402
internal_weight=68069.8 65339.2 1275.02 2730.62 1059.95 914.469 799.952 607.454 192.498 215.077 111.944 541.859 217.63 64064.2 60009.7 4087.21 3748.88 85.9295 3662.95 2756.4 386.555 36.5746 349.981 2369.84 1758.29 253.604 611.552 123.407 488.146 417.054
internal_count=7149344 7120555 50583 28789 34385 29912 15143 1806 13337 16198 4223 971 524 7069972 6985326 121596 16642 3180 13462 10119 4633 926 3707 5486 3521 1221 1965 527 1438 1035
is_linear=0
shrinkage=0.055


Tree=198
num_leaves=31
num_cat=0
split_feature=7 14 35 51 32 2 50 50 47 19 15 33 13 51 23 46 48 46 47 33 13 38 13 51 46 27 33 47 54 50
split_gain=100.348 142.547 131.023 204.102 181.074 167.902 224.752 268.738 260.889 216.665 213.49 198.902 179.653 264.81 175.043 164.681 225.722 159.482 154.833 151.665 150.181 144.22 140.523 140.225 231.461 144.886 244.763 154.545 145.18 166.132
threshold=2.6649526357650761 5.2907860279083261 1.2424533367156985 164.50000000000003 2.2499048709869389 0.095454547554254546 -8.7720727920532209 -6.6699194908142081 -2.6202986240386958 2.5000000000000004 8.4626312255859393 5.3008110523223886 2.4414010047912602 51.500000000000007 5.5000000000000009 -0.20816864073276517 253.50000000000003 2.2283253669738774 -4.3086390495300284 9.1187891960144061 3.8815107345581059 1.0000000180025095e-35 2.9700856208801274 232.50000000000003 2.4594056606292729 0.78585162758827221 7.8242459297180185 -112.452335357666 53.500000000000007 -16.713972091674801
decision_type=2 2 2 2 2 2 2 2 2 2 2 2 2 2 2 2 2 2 2 2 2 2 2 2 2 2 2 2 2 2
left_child=-1 -2 3 15 23 6 8 9 10 -8 -4 -9 13 -7 18 -3 19 -12 -13 -17 -11 -20 -14 -5 25 26 -25 -28 -27 -30
right_child=1 2 5 4 -6 12 7 11 -10 20 17 14 22 -15 -16 16 -18 -19 21 -21 -22 -23 -24 24 -26 28 27 -29 29 -31
leaf_value=0.0013041965052297216 -0.0251022380073836 -0.041673184912362042 -0.043239310266050442 0.060791050793131414 -0.029103236764740196 -0.058450498341304127 0.044357470431437666 -0.052469561336944623 0.21099470878485435 -0.055616016199830691 -0.053163733323063227 -0.056634525933933956 -0.029686722899360554 0.096239389904886646 0.016128303675288027 -0.0007292951275069009 0.054504733785520641 0.070598610781487825 -0.04295872937868303 -0.096126057179285421 0.042701330467034983 0.035360151608613499 -0.0012184869281678925 0.029602347048787937 -0.055822870337871422 -0.034458256876568338 0.20179084780927764 -0.037773618144678965 -0.0014058628672605374 0.050280961817021366
leaf_weight=47012.545075266622 861.26699146897954 287.06289045398353 1188.4798520318436 293.52249906655697 192.81365356110746 42.142671658744803 468.17015620928032 371.17452801838135 8.1706396662120806 136.11965670968493 43.081539509335016 274.38294038474123 550.09095439171506 118.12742783095564 540.2459437116031 4436.3461626675908 221.12225300852242 88.679936802873272 121.05735950083545 45.99364937534483 66.080405575645273 158.21989984381071 9530.2485502580257 149.19065315292846 110.18794507188341 138.19279180816011 44.200769328857859 8.0610040646397447 353.87534718331744 395.94924633763912
leaf_count=3421872 201968 32317 1287233 31885 156209 539 35003 10894 677 10902 49192 9570 93459 18318 7584 55849 5427 6851 1514 1089 1954 830 867743 86199 70308 12891 1560 10333 526710 133146
internal_value=-0.000113367 -0.00325023 -0.00232087 0.00399516 0.0205093 -0.00539824 -0.0158564 -0.00478169 -0.0335746 0.0239503 -0.0358786 -0.0179652 -0.00185477 0.0550263 -0.00607205 -0.0015989 0.000888584 0.0296683 -0.027685 -0.00181419 -0.0232301 0.00125306 -0.00278597 0.0269915 0.0185037 0.0262417 0.0678089 0.164768 0.016485 0.0260399
internal_weight=68254.8 21242.3 20381 6676.52 1685.99 13704.5 3463.86 2135.45 1328.41 670.37 1320.24 1465.08 10240.6 160.27 1093.91 4990.52 4703.46 131.761 553.66 4482.34 202.2 279.277 10080.3 1493.18 1199.66 1089.47 201.452 52.2618 888.017 749.825
internal_count=7150026 3728154 3526186 1123923 1029241 2402263 1422204 78251 1343953 47859 1343276 30392 980059 18857 19498 94682 62365 56043 11914 56938 12856 2344 961202 873032 841147 770839 98092 11893 672747 659856
is_linear=0
shrinkage=0.055


Tree=199
num_leaves=31
num_cat=0
split_feature=16 10 35 7 50 9 56 53 50 56 47 9 56 56 56 14 54 16 47 52 19 7 40 15 7 33 1 47 29 50
split_gain=105.499 120.063 261.375 127.499 188.698 172.543 138.299 137.145 133.854 130.663 150.979 127.639 112.543 118.212 106.381 101.283 113.645 99.3518 140.484 181.613 212.749 214.804 268.84 242.63 221.46 202.823 201.238 227.975 200.177 269.863
threshold=4140.5000000000009 7.3821172714233407 1.7005987167358401 2.2322411537170415 -4.3781540393829337 4.846344232559205 -100.86059570312499 -0.07177639007568358 -2.7866013050079341 -100.92260742187499 -124.72607040405272 4.6217863559722909 -100.89672851562499 -100.89721679687499 -0.040771484374999993 5.6472105979919442 27.500000000000004 86456.500000000015 -5.3518984317779532 0.83955803513526928 5.5000000000000009 1.9233316183090212 2.8029010295867924 6.8890819549560556 2.1317028999328618 7.4419023990631112 0.18333333730697635 -10.649256706237791 0.63333335518836986 -8.5442018508911115
decision_type=2 2 2 2 2 2 2 2 2 2 2 2 2 2 2 2 2 2 2 2 2 2 2 2 2 2 2 2 2 2
left_child=1 3 -3 6 7 -6 9 -5 -7 -1 -11 -9 13 -4 15 -8 -17 -2 19 -19 21 -21 23 25 28 -23 27 -25 -24 -30
right_child=17 2 12 4 5 8 14 11 -10 10 -12 -13 -14 -15 -16 16 -18 18 -20 20 -22 22 24 26 -26 -27 -28 -29 29 -31
leaf_value=0.024480156517438682 -0.0054089912225034932 -0.047139170092542031 -0.033800103313619906 -0.054656392581725347 0.039600170888411432 -0.089228040504323869 0.055566275678882233 -0.060177803516897423 -0.0077669241810303536 0.093019637769699209 -0.066726418418882771 0.043552721864861907 0.030064965019142048 0.30005016495324216 -0.0063979577014407953 0.024578209195241334 -0.082905480265756296 0.0019903452410936079 0.0032791426293129131 1.5154963279453529e-05 0.042376907843142034 -0.021260235829294014 -0.071637893236183872 0.0040905999958524243 -0.0031710324662313945 0.040773254394418597 -0.070386048910030599 -0.060835018927597448 0.062509820898500212 -0.10999414354619988
leaf_weight=86.925419732236151 10225.347443831386 276.03317501993979 3.3809091986504427 44.0159300060036 177.62086920163529 74.295501147997129 226.6053592324206 32.94753553915325 269.73502028064286 15.233831095007188 204.59747420303029 1048.8185640208012 101.86761952817142 4.9466617072084755 461.10870575992794 112.92523970632465 34.805341437880998 14438.476525242117 27458.84241293326 5750.5657837227991 254.63472291535072 994.85100497702297 273.58998203208102 359.7265211689446 4418.9549496472391 184.92329947988037 564.69435888481894 294.16922400107433 88.483941927275737 33.87544888240518
leaf_count=7366 1190566 44209 4090 101989 417 687 2249 6210 858 739 78567 41695 5803 71 1038 227 2310 5206854 151800 55537 4434 47108 6253 12264 142589 8281 21960 2544 206 263
internal_value=4.48975e-05 0.00982613 -0.0187447 0.0138083 0.0235753 -0.00375469 -0.000320417 0.0361998 -0.0263852 -0.0316054 -0.0538339 0.0401311 0.0513406 0.202679 0.0112864 0.0328673 -0.00263005 -0.000431228 0.000492677 -0.00227392 -0.00693075 -0.00791521 -0.0142331 -0.0292589 -0.00672597 -0.0114058 -0.0464261 -0.0253576 -0.0458662 0.0123084
internal_weight=68517 3175.86 386.228 2789.63 1647.43 521.651 1142.2 1125.78 344.031 306.757 219.831 1081.77 110.195 8.32757 835.445 374.336 147.731 65341.1 55115.8 27656.9 13218.5 12963.8 7213.27 2398.36 4814.9 1179.77 1218.59 653.896 395.949 122.359
internal_count=7149184 298525 54173 244352 151856 1962 92496 149894 1545 86672 79306 47905 9964 4161 5824 4786 2537 6850659 5660093 5508293 301439 297005 241468 92157 149311 55389 36768 14808 6722 469
is_linear=0
shrinkage=0.055


end of trees

feature_importances:
c1_score_gap=355
c2_score_gap=305
c1_rank=268
geo2_logp_item=258
geo2_nloc=244
c2_rank=233
log_reviews=211
log_desc_len=197
log_title_len=181
c0_score_gap=181
e5_cosine=176
c3_score_gap=173
c1_score=170
c3_rank=168
microcat=166
vid_filter_match=162
log_params_len=157
log_km=155
c0_rank=146
log_price=142
geo2_km=123
log_geo=121
rating=115
c0_score=109
geo2_ntrans=104
tip_filter_match=98
c2_score=93
n_keys=86
list_price=80
query_loc_type=75
query_hist_rows=72
geo2_logp=72
n_services=71
experience=69
filter_cov=68
n_prices=58
c3_score=56
query_words=54
title_jacc=53
title_cov=50
params_cov=47
service_cov=45
core_cov=44
tip_auto_filter_match=34
n_filters=34
where_visit=19
exact_phrase_title=18
where_home=17
category_match=15
message_forbidden=14
where_online=13
phone_hidden=10
no_visit=10
same_loc=2
item_category=2
query_has_filter=1

parameters:
[boosting: gbdt]
[objective: binary]
[metric: binary_logloss]
[tree_learner: serial]
[device_type: cpu]
[data_sample_strategy: bagging]
[data: ]
[valid: ]
[num_iterations: 200]
[learning_rate: 0.055]
[num_leaves: 31]
[num_threads: 3]
[seed: 17]
[deterministic: 0]
[force_col_wise: 0]
[force_row_wise: 0]
[histogram_pool_size: -1]
[max_depth: -1]
[min_data_in_leaf: 90]
[min_sum_hessian_in_leaf: 0.001]
[bagging_fraction: 0.9]
[pos_bagging_fraction: 1]
[neg_bagging_fraction: 1]
[bagging_freq: 1]
[bagging_seed: 26602]
[bagging_by_query: 0]
[feature_fraction: 0.9]
[feature_fraction_bynode: 1]
[feature_fraction_seed: 18297]
[extra_trees: 0]
[extra_seed: 13015]
[early_stopping_round: 0]
[early_stopping_min_delta: 0]
[first_metric_only: 0]
[max_delta_step: 0]
[lambda_l1: 0]
[lambda_l2: 5]
[linear_lambda: 0]
[min_gain_to_split: 0]
[drop_rate: 0.1]
[max_drop: 50]
[skip_drop: 0.5]
[xgboost_dart_mode: 0]
[uniform_drop: 0]
[drop_seed: 30017]
[top_rate: 0.2]
[other_rate: 0.1]
[min_data_per_group: 100]
[max_cat_threshold: 32]
[cat_l2: 10]
[cat_smooth: 10]
[max_cat_to_onehot: 4]
[top_k: 20]
[monotone_constraints: ]
[monotone_constraints_method: basic]
[monotone_penalty: 0]
[feature_contri: ]
[forcedsplits_filename: ]
[refit_decay_rate: 0.9]
[cegb_tradeoff: 1]
[cegb_penalty_split: 0]
[cegb_penalty_feature_lazy: ]
[cegb_penalty_feature_coupled: ]
[path_smooth: 0]
[interaction_constraints: ]
[verbosity: -1]
[saved_feature_importance_type: 0]
[use_quantized_grad: 0]
[num_grad_quant_bins: 4]
[quant_train_renew_leaf: 0]
[stochastic_rounding: 1]
[linear_tree: 0]
[max_bin: 127]
[max_bin_by_feature: ]
[min_data_in_bin: 3]
[bin_construct_sample_cnt: 200000]
[data_random_seed: 94]
[is_enable_sparse: 1]
[enable_bundle: 1]
[use_missing: 1]
[zero_as_missing: 0]
[feature_pre_filter: 1]
[pre_partition: 0]
[two_round: 0]
[header: 0]
[label_column: ]
[weight_column: ]
[group_column: ]
[ignore_column: ]
[categorical_feature: ]
[forcedbins_filename: ]
[precise_float_parser: 0]
[parser_config_file: ]
[objective_seed: 20363]
[num_class: 1]
[is_unbalance: 0]
[scale_pos_weight: 1]
[sigmoid: 1]
[boost_from_average: 1]
[reg_sqrt: 0]
[alpha: 0.9]
[fair_c: 1]
[poisson_max_delta_step: 0.7]
[tweedie_variance_power: 1.5]
[lambdarank_truncation_level: 30]
[lambdarank_norm: 1]
[label_gain: ]
[lambdarank_position_bias_regularization: 0]
[eval_at: ]
[multi_error_top_k: 1]
[auc_mu_weights: ]
[num_machines: 1]
[local_listen_port: 12400]
[time_out: 120]
[machine_list_filename: ]
[machines: ]
[gpu_platform_id: -1]
[gpu_device_id: -1]
[gpu_device_id_list: ]
[gpu_use_dp: 0]
[num_gpu: 1]

end of parameters

pandas_categorical:null
