tree
version=v4
num_class=1
num_tree_per_iteration=1
label_index=0
max_feature_idx=57
objective=binary sigmoid:1
feature_names=title_cov params_cov title_jacc filter_cov exact_phrase_title same_loc log_geo log_km log_reviews rating log_price phone_hidden message_forbidden log_title_len log_params_len log_desc_len microcat item_category category_match query_words query_has_filter query_seen query_hist_rows query_loc_type geo2_logp geo2_logp_item geo2_nloc geo2_km geo2_ntrans core_cov service_cov n_services n_prices list_price has_price experience where_online where_home where_visit no_visit n_keys vid_filter_match tip_filter_match tip_auto_filter_match n_filters e5_cosine c0_score c0_score_gap c0_rank c1_score c1_score_gap c1_rank c2_score c2_score_gap c2_rank c3_score c3_score_gap c3_rank
feature_infos=[0:1] [0:1] [0:1] [0:1] [0:1] [0:1] [-13.815510749816895:0] [0:15] [0:9.8142194747924805] [0:5] [0:26.820091247558594] [0:1] [0:1] [0.69314718246459961:4.6151204109191895] [2.397895336151123:9.8130159378051758] [0:9.0472326278686523] [0:2304181] [9:116] [0:1] [1:10] [0:1] [0:1] [0:8.408717155456543] [0:8] [-16.118095397949219:-0.01321124006062746] [-23.44291877746582:-1.7917577028274536] [1:19543] [0:16002.3984375] [0:28009] [0:1] [0:1] [0:4.2484951019287109] [0:4.2626800537109375] [0:17.034385681152344] [0:1] [0:22.951681137084961] [0:1] [0:1] [0:1] [0:1] [0.69314718246459961:3.7135720252990723] [-1:1] [-1:1] [-1:1] [0:13] [0.66265124082565308:0.93650609254837036] [-100:36.069877624511719] [-162.36236572265625:0] [1:2001] [-100:38.978965759277344] [-157.96627807617188:0] [1:2001] [-100:0.92375648021697998] [-100.93865966796875:0] [1:2001] [-100:0.9365234375] [-100.947265625:0] [1:2001]
tree_sizes=3460 3475 3502 3496 3504 3503 3517 3495 3501 3512 3509 3520 3524 3559 3535 3533 3526 3549 3558 3554 3543 3522 3563 3530 3516 3536 3547 3550 3517 3533 3547 3545 3566 3550 3566 3508 3551 3558 3534 3540 3544 3563 3547 3540 3527 3570 3554 3551 3564 3540 3543 3584 3552 3548 3563 3562 3563 3565 3547 3568 3569 3588 3574 3540 3570 3560 3561 3565 3583 3565 3571 3542 3576 3606 3577 3554 3559 3562 3575 3580 3612 3565 3611 3556 3574 3562 3567 3602 3569 3587 3589 3599 3574 3581 3567 3559 3588 3578 3585 3566 3588 3558 3595 3574 3571 3561 3596 3581 3611 3565 3569 3574 3590 3563 3574 3568 3585 3558 3561 3610 3609 3528 3578 3591 3586 3562 3595 3617 3592 3579 3567 3581 3541 3584 3605 3590 3591 3589 3592 3574 3589 3598 3593 3617 3575 3558 3543 3579 3574 3561 3575 3563 3571 3581 3579 3578 3633 3560 3575 3579 3565 3576 3591 3607 3543 3501 3582 3563 3581 3557 3550 3573 3541 3567 3557 3527 3563 3593 3552 3542 3523 3533 3603 3601 3566 3512 3568 3566 3525 3555 3584 3579 3558 3582 3537 3585 3600 3582 3568 3569

Tree=0
num_leaves=31
num_cat=0
split_feature=51 53 53 41 25 25 51 51 51 51 53 50 47 48 53 53 53 51 50 49 41 47 50 49 25 42 46 41 25 55
split_gain=4.15202e+06 244431 165051 77509.2 70291.5 59122 58326.5 55374.9 42156.8 31458.7 25774.1 11626.5 11314.3 10962 10309.9 10026.6 9559.98 10568.9 8413.97 8232.58 5960.76 5688.11 5472.42 5123.34 5092.94 5083.2 5050.24 4760.76 4672.26 5141.48
threshold=17.500000000000004 -0.031346410512924187 -0.024376481771469113 -1.0000000180025095e-35 -12.236631870269774 -11.855336189270018 34.500000000000007 103.50000000000001 8.5000000000000018 8.5000000000000018 -0.047699332237243645 -5.5100338459014884 -1.0000000180025095e-35 26.500000000000004 -0.06542873382568358 -1.0000000180025095e-35 -0.043944358825683587 121.50000000000001 -6.1563501358032218 3.5483832359313969 -1.0000000180025095e-35 -5.4528582096099845 -9.7968654632568342 4.7771940231323251 -12.798509597778319 -1.0000000180025095e-35 5.777264118194581 -1.0000000180025095e-35 -12.61204957962036 0.86157226562500011
decision_type=2 2 2 2 2 2 2 2 2 2 2 2 2 2 2 2 2 2 2 2 2 2 2 2 2 2 2 2 2 2
left_child=1 3 6 -1 -5 21 10 13 12 19 26 -12 -7 -4 -11 18 -8 28 -9 -6 -10 -3 -21 -16 -15 -24 -2 -13 -18 -30
right_child=2 5 7 4 9 8 16 15 20 14 11 27 -14 24 23 -17 17 -19 -20 22 -22 -23 25 -25 -26 -27 -28 -29 29 -31
leaf_value=-3.2366894656908625 -3.2309999722697995 -3.137186715705933 -2.4672072689730586 -3.2036042838559347 -3.2687780880097441 -2.0000142938980545 -3.2771001991296158 -3.1623629978820054 -3.156461388110213 -2.9355028720786924 -2.9850833107544488 -3.2722118239334681 -1.8346985654096437 -3.108419545379459 -2.9565284462535382 -2.3964899418339245 -3.2726360754589741 -3.2515261943312344 -2.7834817043638411 -2.9523465443908758 -2.2679044634883017 -2.5601901246646359 -3.1212786733446132 -2.4646447327370593 -2.7236274193183316 -2.150164959139067 -3.0491196080412521 -2.5915971006133227 -3.120063218214753 -2.8532859448379058
leaf_weight=460.52501001954079 1183.3753258734941 135.80623101070523 605.83952198550105 345.06207342073321 20.859247408807278 3384.210216075182 241916.33800183237 1584.6025818251073 24.065527502447367 225.84005004167557 688.24460406973958 32.505046315491199 2889.5585919171572 121.80178929492831 77.540382713079453 55.096422281116247 493.03005626052618 12011.388544782996 195.03027833998203 31.141455989331007 1204.603116646409 80.230709832161665 17.616113550961018 764.4951057434082 882.50095355510712 1350.6915573254228 751.92795998230577 472.50249446555972 1556.188306927681 250.97433768957853
leaf_count=12142 31079 3331 7573 8891 566 14310 6552394 39664 594 4712 15029 882 3631 2922 1632 551 13319 319845 3522 639 10818 1086 419 9538 15126 9280 17287 6952 37772 4864
internal_value=-3.22276 -2.17674 -3.26661 -2.57499 -2.4676 -2.00732 -3.27163 -2.88868 -1.98147 -2.36577 -3.03577 -2.83528 -1.92283 -2.65377 -2.59673 -3.09582 -3.27452 -3.23083 -3.11973 -2.19492 -2.28497 -2.91277 -2.17881 -2.5081 -2.7695 -2.16225 -3.16007 -2.63546 -3.12296 -3.0821
internal_weight=273814 11012.2 262801 3293.77 2833.25 7718.47 259356 3444.87 7502.44 2488.18 3128.56 1193.25 6273.77 1610.14 1067.88 1834.73 256228 14311.6 1779.63 1420.31 1228.67 216.037 1399.45 842.035 1004.3 1368.31 1935.3 505.008 2300.19 1807.16
internal_count=7150370 81589 7068781 47819 35677 33770 6999423 69358 29353 26786 71229 22863 17941 25621 15882 43737 6928194 375800 43186 10904 11412 4417 10338 11170 18048 9699 48366 7834 55955 42636
is_linear=0
shrinkage=1


Tree=1
num_leaves=31
num_cat=0
split_feature=51 54 41 27 46 54 53 50 50 53 51 27 7 53 50 50 3 46 27 46 54 7 50 28 8 54 0 48 8 51
split_gain=1.48708e+06 77203.9 38682.2 26860.3 17486.5 16183 8980.65 8404.06 8391.61 8290.43 9697.37 7645.31 7580.67 6056.75 5666.06 3850.24 3773.7 3728.97 3332.53 3309.01 3182.47 3099.78 2807.8 2765.33 2523.04 2433.07 2343.26 2307.63 2305.05 2280.03
threshold=26.500000000000004 21.500000000000004 -1.0000000180025095e-35 94.639945983886733 9.0808901786804217 7.5000000000000009 -0.060546636581420891 -6.7160089015960684 -5.5100338459014884 -0.043944358825683587 112.50000000000001 71.828475952148452 12.340274810791017 -0.037664175033569329 -8.7836008071899396 -9.6160993576049787 0.97916665673255932 3.1732517480850224 94.639945983886733 4.629059076309205 27.500000000000004 2.5564534664154057 -7.5409164428710929 6.5000000000000009 4.0163424015045175 101.50000000000001 0.41428571939468389 8.5000000000000018 3.4811217784881596 8.5000000000000018
decision_type=2 2 2 2 2 2 2 2 2 2 2 2 2 2 2 2 2 2 2 2 2 2 2 2 2 2 2 2 2 2
left_child=2 5 13 6 9 11 14 25 18 -3 22 15 -5 -1 -4 -2 -9 -17 24 -16 -8 28 -11 -14 -7 -6 -18 -15 -22 -23
right_child=1 4 3 12 7 8 20 16 -10 10 -12 -13 23 27 19 17 26 -19 -20 -21 21 29 -24 -25 -26 -27 -28 -29 -30 -31
leaf_value=-0.040307368974063014 0.2864288002545809 -0.054439775626276547 0.030549923127777521 0.020752039218669447 0.11385024765335255 0.074603205849737689 0.39482445129360477 0.10857984664570096 0.35463518114588893 0.039485651381212086 -0.030817338552996676 0.0078287661304316265 0.072429875088116311 0.29541431064658519 0.075506162528804988 0.66066503300378165 0.17709320936397241 0.38190862059457442 -0.038740454087783906 0.34426721890528944 0.31866631662115052 0.33452726351465484 0.16365818234319415 0.42099684687013572 0.24246575885970426 -0.025230219147397103 0.43959616001439245 -0.020606578727454968 0.41100797970122199 0.18697235508664128
leaf_weight=791.09145120158792 397.90633164346218 229332.11526289955 309.00056700780988 836.26101854816079 564.73177437484264 970.1954748891294 22473.780615840107 413.09639184176922 390.87309228628874 1273.2766462042928 12157.920939076692 150.67375737428665 97.708663448691368 300.01799787580967 169.50598938390613 289.08833571150899 178.75903932377696 354.94147708639503 544.6504330560565 844.72158554568887 1588.1035069152713 753.40469995513558 971.77715689316392 249.06626957282424 375.09192815795541 1141.5683271475136 276.24356716871262 89.866545215249062 2055.4319123625755 590.38177230209112
leaf_count=20847 5688 6531037 6400 17938 12189 20847 36607 8165 3816 28616 329700 3477 1673 1200 3067 1742 3209 2998 14335 6518 9882 2534 17372 1104 6507 31198 3244 1838 8218 6866
internal_value=-0.00207063 -0.0467583 0.356236 0.368402 -0.0503911 0.210552 0.378961 0.0920791 0.124249 -0.0518977 -0.0114171 0.374397 0.110988 0.047272 0.237384 0.427115 0.230871 0.511161 0.0757905 0.29994 0.385738 0.344439 0.0934783 0.325209 0.122131 0.0209992 0.339511 0.223234 0.371251 0.270634
internal_weight=280931 249783 31148.3 29967.4 246309 3473.42 28784.3 2574.4 2280.81 243735 14403 1192.61 1183.04 1180.98 1323.23 1041.94 868.099 644.03 1889.94 1014.23 27461.1 4987.32 2245.05 346.775 1345.29 1706.3 455.003 389.885 3643.54 1343.79
internal_count=7148832 7024140 124692 100807 6964730 59410 80092 58005 45505 6906725 375688 13905 20715 23885 15985 10428 14618 4740 41689 9585 64107 27500 45988 2777 27354 43387 6453 3038 18100 9400
is_linear=0
shrinkage=0.055


Tree=2
num_leaves=31
num_cat=0
split_feature=51 53 50 41 53 51 53 51 25 25 57 25 53 27 6 8 3 50 42 49 25 42 8 25 57 25 53 50 57 23
split_gain=1.0849e+06 43284.4 33701.1 12923.3 10619.3 8717.09 6867.51 7098.77 6651.51 5215.22 4959.39 4724.18 3837.57 3367.59 4054.47 2955.1 2928.56 2713.38 2555.9 2330 2849.55 2309.17 2164.41 2010.51 1910.91 2004.14 1870.92 1855.35 1732.84 2468.21
threshold=34.500000000000007 -0.028314471244812008 -7.1302528381347647 -1.0000000180025095e-35 -0.046523362398147576 137.50000000000003 -0.048811435699462884 129.50000000000003 -12.798509597778319 -8.7352323532104474 410.50000000000006 -13.313959598541258 -0.028314471244812008 52.681776046752937 -3.9025335311889644 3.1567740440368657 0.8221343755722047 -6.1563501358032218 1.0000000180025095e-35 7.1610362529754648 -11.855336189270018 -1.0000000180025095e-35 4.6001451015472421 -8.7352323532104474 14.500000000000002 -13.52804660797119 -1.0000000180025095e-35 -10.92155885696411 64.500000000000014 2.5000000000000004
decision_type=2 2 2 2 2 2 2 2 2 2 2 2 2 2 2 2 2 2 2 2 2 2 2 2 2 2 2 2 2 2
left_child=2 6 4 12 19 26 -2 13 -6 24 27 -5 -4 14 -8 -10 -16 -18 -12 -1 -21 -13 -22 28 25 -7 -3 -11 -23 -30
right_child=1 5 3 11 8 9 7 -9 15 10 18 21 -14 -15 16 -17 17 -19 -20 20 22 23 -24 -25 -26 -27 -28 -29 29 -31
leaf_value=-0.020712516261458272 -0.054453855959556631 0.17162072208796675 -0.022833988037486812 0.061091441785901875 -0.023065209817411832 -0.005004896470971347 0.40298383073479416 -0.035282082977740853 0.14765380200921557 0.12693642482178391 0.024116035473577293 0.1181052933549649 0.21099124102152331 -0.048173832504708587 0.013431291893289366 0.27101305750055937 0.073021498423386663 0.25709468045906247 0.31478351874728611 -0.056468387702137385 0.082632464770566794 0.28048750542558143 0.27801667764517202 0.28624764189677471 -0.025524356465252893 0.31955658103776019 0.36833948876411537 0.41923268413635828 0.10587686052794977 0.24612321847938551
leaf_weight=1204.8629562966526 212188.82635007426 2176.0584804341197 573.4955280944705 315.11740588024259 382.97987822443247 126.7222718000412 110.18207796663046 16009.689107261598 993.69238042086363 103.16654446721077 643.44207110255957 288.01658128201962 331.35585895180702 755.86696117371321 1324.8607811182737 1521.2901987917721 729.89501907303929 362.3500508479774 101.89227376878262 295.29327521845698 578.31539471819997 5499.1673280820251 243.22562986984849 25108.581319931895 1814.205517988652 100.20587671175599 156.87320833280683 208.70230029150844 418.68019526824355 5578.008799880743
leaf_count=29107 6356794 26673 14796 5839 8328 3257 1456 458930 8065 1577 14608 2332 1358 20528 30851 8119 15794 5459 1364 7450 9022 7473 2386 33364 45628 1068 448 894 3660 21844
internal_value=-0.00171349 -0.0479955 0.251304 0.269259 0.120075 0.105416 -0.0515972 -0.0201733 0.190204 0.0448333 0.14367 0.274254 0.0634816 0.0534437 0.0838709 0.222662 0.0685225 0.134981 0.0656851 0.0323185 0.0893667 0.276066 0.14181 0.277292 -0.00658514 0.142113 0.185608 0.326069 0.257617 0.236428
internal_weight=280245 236913 43332.1 38112.4 5219.66 5431.27 231482 19292.8 2897.96 3098.34 1057.2 37207.6 904.851 3283.15 2527.29 2514.98 2417.11 1092.25 745.334 2321.7 1116.83 36892.5 821.541 36604.4 2041.13 226.928 2332.93 311.869 11495.9 5996.69
internal_count=7148472 6985329 163143 90666 72477 95517 6889812 533018 24512 68396 18443 74512 16154 74088 53560 16184 52104 21253 15972 47965 18858 68673 11408 66341 49953 4325 27121 2471 32977 25504
is_linear=0
shrinkage=0.055


Tree=3
num_leaves=31
num_cat=0
split_feature=48 54 41 49 50 50 50 54 25 53 27 53 50 57 8 26 41 54 25 26 26 8 25 30 26 27 6 30 46 48
split_gain=799226 55008.6 26309.4 16435.4 11818.1 11483.7 8881.28 6390.33 4560.39 4421.09 4120.06 3776.01 5322.76 3059.84 2531.27 2512.57 2342.07 2279.63 2229.29 2162.32 2125.24 1901.33 1823.45 2485.32 1808.69 3354.13 3300.38 1762.83 1733.58 1624.9
threshold=35.500000000000007 34.500000000000007 -1.0000000180025095e-35 8.8405928611755389 -7.1302528381347647 -8.335136413574217 -7.5409164428710929 212.50000000000003 -13.313959598541258 -0.037664175033569329 192.54944610595706 -0.053709864616394036 -7.5409164428710929 422.50000000000006 1.8688348531723025 124.50000000000001 1.0000000180025095e-35 7.5000000000000009 -10.405081272125242 1230.5000000000002 1804.5000000000002 2.3502402305603032 -8.2175054550170881 0.6904762089252473 47.500000000000007 80.634872436523452 -12.073047161102293 0.63333335518836986 11.676811695098879 8.5000000000000018
decision_type=2 2 2 2 2 2 2 2 2 2 2 2 2 2 2 2 2 2 2 2 2 2 2 2 2 2 2 2 2 2
left_child=2 5 9 11 7 10 22 8 -4 -1 15 -3 24 -10 -8 -2 27 -17 -6 -7 -18 -21 -5 -24 25 26 -13 -14 -15 -11
right_child=1 3 4 6 18 19 14 -9 13 29 -12 12 16 28 -16 17 20 -19 -20 21 -22 -23 23 -25 -26 -27 -28 -29 -30 -31
leaf_value=-0.052138054703856004 0.35547952552220075 -0.055006990283309777 -0.056613785650686456 -0.021099392454139589 0.14455954999726581 0.26796970901156869 -0.021848645541890678 -0.0081534158550693337 0.21553568636044498 0.19071214212552559 -0.042034755789603057 1.0617695525356752 -0.014974598051379292 0.082080487860658399 0.17605819189960034 0.16242975492726269 0.24688136215204959 0.045462835120251233 0.21904495984208355 0.064972554975054192 0.061296700621039792 0.19149526801674807 0.08124018035668433 0.73434891523582346 -0.042904282046379395 -0.02290232660965124 0.19170370326104141 0.26242011104250096 0.22408996123560898 -0.01716709534112907
leaf_weight=1381.4309057109058 93.894945379346609 191880.4536216706 282.06009513139725 2379.0979803688824 1292.6905524283648 832.04996638000011 222.67490841448307 882.53518281877041 2091.8005884177983 392.91238985210657 1104.663843344897 12.953884374350308 1545.8830687850714 1220.9476988017559 1538.0842033065856 654.4832319393754 233.02218328788877 2168.6793986558914 40946.094765570015 480.45045684278011 892.35629314556718 1505.4977264925838 115.2391620837152 16.189915738999844 22396.439603488892 197.38324909284711 62.32830848544836 67.543021470308304 330.13698343187571 158.18418206274509
leaf_count=39543 1086 6047976 6845 66706 8750 4258 4089 20788 9910 1228 30786 47 39346 15997 17086 6482 3527 46979 60246 5377 18584 10578 2496 74 668010 5957 1399 887 2186 2650
internal_value=-0.00229023 -0.0455244 0.199305 -0.0502676 0.207474 0.108047 0.0565267 0.125543 0.155577 0.000412647 0.0482904 -0.0523681 -0.0324324 0.172062 0.151039 0.0825091 0.0399377 0.0728181 0.216783 0.193092 0.100646 0.161126 -0.00992793 0.185657 -0.0411828 0.0984455 0.39822 -0.00258714 0.112929 0.131426
internal_weight=277378 228399 48978.8 221560 47046.3 6839.72 4271.29 4807.48 3924.95 1932.53 4021.72 217288 25407.9 3642.89 1760.76 2917.06 2738.8 2823.16 42238.8 2818 1125.38 1985.95 2510.53 131.429 22669.1 272.665 75.2822 1613.43 1551.08 551.097
internal_count=7149873 6981730 168143 6876184 124722 105546 90451 55726 34938 43421 85333 6785733 737757 28093 21175 54547 62344 53461 68996 20213 22111 15955 69276 2570 675413 7403 1446 40233 18183 3878
is_linear=0
shrinkage=0.055


Tree=4
num_leaves=31
num_cat=0
split_feature=51 54 50 53 54 50 54 41 27 26 41 51 28 49 7 49 50 3 56 50 26 48 8 55 8 31 42 29 49 48
split_gain=688751 31122.7 19478.6 9063.28 6100.7 4849.88 4613.73 4131.78 3558.61 3378.58 3151.58 2642.79 2435.26 2552.55 2417.19 1932.84 1876.59 4691.09 1935.2 1840.88 2428.63 1782.68 2210.14 1739.48 1626.02 1551.2 1386.41 1347.53 1289.8 1222.85
threshold=43.500000000000007 27.500000000000004 -5.5100338459014884 -0.047699332237243645 87.500000000000014 -9.7968654632568342 7.5000000000000009 -1.0000000180025095e-35 48.115919113159187 243.00000000000003 -1.0000000180025095e-35 8.5000000000000018 31.500000000000004 4.7771940231323251 12.340274810791017 2.551335453987122 -7.1302528381347647 0.86190477013587963 -0.027099609374999997 -14.16388416290283 124.50000000000001 8.5000000000000018 2.5249279737472539 0.84057617187500011 4.0689902305603036 3.0677825212478642 -1.0000000180025095e-35 0.21111111342906955 5.7586615085601816 169.50000000000003
decision_type=2 2 2 2 2 2 2 2 2 2 2 2 2 2 2 2 2 2 2 2 2 2 2 2 2 2 2 2 2 2
left_child=2 6 3 10 5 29 -2 11 23 15 -1 -4 -12 -14 -10 -7 -6 -18 25 -8 -21 -9 -23 -5 -15 -19 -24 -22 -11 -3
right_child=1 4 7 8 16 9 19 21 14 28 12 -13 13 24 -16 -17 17 18 -20 20 27 22 26 -25 -26 -27 -28 -29 -30 -31
leaf_value=-0.053335012818790314 0.1676253278570855 0.02032791286396296 0.14381574437137268 0.11701267932476268 -0.054344902524707403 0.14183072135909214 -0.0027762061161224483 0.18818131568409602 -0.022571727835573163 0.010963354833313345 -0.026388942485220279 -0.048125307112335237 -0.021725007480674956 0.073614225645728032 0.17325721244048023 0.68354567954165868 -0.044664447261678508 0.0495235797009492 0.52213845202041609 0.39717208337352117 0.12144481478827267 0.12165739576426415 -0.057970935996924093 0.17785257759931561 0.1791180873293573 0.34069758084379603 0.17872543854132439 0.028011516674954912 0.099363344211077481 -0.040127215392295044
leaf_weight=971.49472781457007 1598.5825943313539 1231.3659487850964 495.37459290027618 2520.1594743542373 193742.38343378529 45.994240997359157 1146.6607247367501 34805.028549104929 644.8696990031749 1083.2935697529465 745.87187578529119 379.71637433022261 505.62966030277312 1077.8761288337409 265.16089149937034 35.411257455125451 6233.3135478068143 1045.2628314942122 23.921725062653422 67.854873575270176 892.79512964375317 2970.4084730129689 73.317170076072216 3416.0827894173563 759.37918054498732 53.703357031568885 9039.3753373827785 981.20276391506195 923.3564632460475 5611.1106077134609
leaf_count=29034 11269 32350 3383 18580 6400128 885 28459 23923 13286 26902 19714 10291 12359 14898 1911 163 197743 25398 181 451 13908 13303 916 11089 6879 908 26998 16213 13953 173521
internal_value=-0.00257159 -0.0482053 0.164426 0.0980342 -0.051334 -0.00684847 0.0918987 0.179574 0.136626 0.0664251 0.0328737 0.0607291 0.0600309 0.0875408 0.035123 0.403394 -0.0533093 -0.0260171 0.0772364 0.0524957 0.085057 0.181786 0.163293 0.152144 0.117589 0.065231 0.17679 0.072729 0.0517863 -0.0292409
internal_weight=273386 214716 58669.7 10906.5 210029 8930.53 4687.1 47763.2 6846.27 2088.06 4060.25 875.091 3088.76 2342.88 910.031 81.4055 201099 7356.2 1122.89 3088.51 1941.85 46888.1 12083.1 5936.24 1837.26 1098.97 9112.69 1874 2006.65 6842.48
internal_count=7148996 6942432 206564 127750 6872132 247774 70300 78814 44866 41903 82884 13674 53850 34136 15197 1048 6624358 224230 26487 59031 30572 65140 41217 29669 21777 26306 27914 30121 40855 205871
is_linear=0
shrinkage=0.055


Tree=5
num_leaves=31
num_cat=0
split_feature=51 53 50 54 41 25 51 41 56 53 50 26 27 51 3 25 35 13 25 25 15 10 57 25 46 48 9 8 27 56
split_gain=588590 27343.1 15392.5 7030.58 6664.71 7304.03 3605.64 3048.2 2865.39 2830.32 2592.77 2243.76 2609.51 2118.98 2080.45 2079.23 2052.72 1955.34 1791.59 1567.95 1666.69 1521.88 1264.26 1538.58 1232.05 1150.57 1192.38 1233.77 1145.8 1137.28
threshold=43.500000000000007 -0.034009397029876702 -5.5100338459014884 14.500000000000002 -1.0000000180025095e-35 -12.236631870269774 129.50000000000003 -1.0000000180025095e-35 -100.84155273437499 -0.048811435699462884 -4.4401073455810538 157.00000000000003 60.430860519409187 8.5000000000000018 0.97916665673255932 -9.6448721885681135 1.8317808508872988 3.4811217784881596 -8.7352323532104474 -6.6328892707824698 4.5053346157073983 6.2176032066345224 18.500000000000004 -12.61204957962036 11.676811695098879 153.50000000000003 4.9394338130950937 3.7494349479675297 1.2195634841918948 -100.88305664062499
decision_type=2 2 2 2 2 2 2 2 2 2 2 2 2 2 2 2 2 2 2 2 2 2 2 2 2 2 2 2 2 2
left_child=2 9 4 15 -1 -6 25 13 14 -2 11 12 17 -4 24 -3 29 -11 22 -8 -21 -16 -9 -24 -7 26 -5 -28 -29 -12
right_child=1 3 7 6 5 8 19 18 -10 10 16 -13 -14 -15 21 -17 -18 -19 -20 20 -22 -23 23 -25 -26 -27 27 28 -30 -31
leaf_value=-0.036202237395711774 -0.054067966557910657 0.056617792518895947 0.12333440183780826 -0.0080828692819535902 -0.022128281473298313 0.034148525920243665 -0.019252742098100357 0.16592201614933999 0.14656691411166037 -0.0089349590396667136 0.27828344213546624 -0.037238388645620651 -0.030454973540033094 -0.047564016401905669 0.18015543318837673 0.1583243003804688 -0.027951801847322124 0.3518631069048419 0.16429776760912512 0.48949389242574576 0.047757370005212331 0.082086538039515572 0.009549965476935816 0.13525542030895488 0.14992522935888122 0.16198290104343011 0.044974886948678738 0.21123995187112457 -0.05445817581392242 0.041879508653895905
leaf_weight=1215.6011314801872 181696.54747280665 965.66788086667657 543.72827356308699 575.17393008433282 1299.9553079213947 2061.2781382240355 4223.6714395899326 4821.228456042707 4777.3519025407732 67.568951286375523 172.3244455344975 13575.076728440821 255.24155240505934 362.20078141242266 880.88148649409413 1674.4320570901036 226.16680264472961 132.22202159278095 35370.193608418107 31.694417215883732 91.69947468303144 1076.5031033847481 303.29282706603408 11206.155027210712 317.51164739951491 376.56037706509233 657.94986816309392 312.27289368212223 55.957043502479792 97.382678700610995
leaf_count=33138 6329966 12387 3391 8378 31831 28550 118914 3771 16605 1574 2597 421364 7992 10268 5686 10907 5477 1731 29834 362 2165 10199 3719 27679 1706 5218 8757 2968 991 2345
internal_value=-0.00242319 -0.0479082 0.142861 0.0460032 0.085538 0.0997597 0.0145025 0.155523 0.117148 -0.0521999 -0.0288224 -0.0332018 0.0863185 0.0551212 0.0846053 0.121301 0.0941807 0.232603 0.157277 -0.0135186 0.175864 0.126567 0.142026 0.131948 0.049884 0.075966 0.0552977 0.0906895 0.170675 0.195241
internal_weight=269423 205188 64235.9 8965.08 11629.1 10413.5 6324.98 52606.8 9113.53 196223 14526 14030.1 455.033 905.929 4336.17 2640.1 495.874 199.791 51700.9 4347.07 123.394 1957.38 16330.7 11509.4 2378.79 1977.91 1601.35 1026.18 368.23 269.707
internal_count=7150470 6944093 206377 171047 127715 94577 147753 78662 62746 6773046 443080 432661 11297 13659 46141 23294 10419 3305 65003 121441 2527 15885 35169 31398 30256 26312 21094 12716 3959 4942
is_linear=0
shrinkage=0.055


Tree=6
num_leaves=31
num_cat=0
split_feature=48 53 54 50 49 50 48 50 25 54 54 42 8 26 49 50 7 54 47 53 26 26 3 44 52 54 45 3 9 42
split_gain=476577 39026.7 12012.2 11468.1 7982.17 5633.93 4768.7 3911.52 3087.82 3022.87 2810.93 2593.11 2306.01 2207.86 1773.57 1452.06 1399.8 1198.53 1228.3 1126.2 1121.51 1112.57 1061.42 1075.44 1030.29 975.211 1432.27 1150.88 952.54 937.091
threshold=35.500000000000007 -0.037664175033569329 243.50000000000003 -10.534414768218992 6.6213276386260995 -9.4077792167663556 8.5000000000000018 -7.5409164428710929 -12.236631870269774 14.500000000000002 34.500000000000007 -1.0000000180025095e-35 2.5249279737472539 2136.5000000000005 4.7771940231323251 -4.4401073455810538 1.7687447071075442 66.500000000000014 -10.845873355865477 -0.041010797023773186 672.50000000000011 202.50000000000003 0.88194444775581371 1.0000000180025095e-35 0.8171604871749879 87.500000000000014 0.83414188027381908 0.97916665673255932 4.5791289806365976 -1.0000000180025095e-35
decision_type=2 2 2 2 2 2 2 2 2 2 2 2 2 2 2 2 2 2 2 2 2 2 2 2 2 2 2 2 2 2
left_child=2 4 6 10 17 25 -1 -4 -8 28 16 -10 24 -7 -9 21 -3 18 -2 -20 -21 -11 23 -15 -13 26 27 -6 -5 -16
right_child=1 3 7 9 5 13 8 14 11 15 -12 12 -14 22 29 -17 -18 -19 19 20 -22 -23 -24 -25 -26 -27 -28 -29 -30 -31
leaf_value=0.14454535919477579 -0.03343023036927778 0.10002992983241549 -0.037632704310673705 0.040984992099554168 0.094176448497540186 0.19138091735233231 -0.01758821396466655 -0.028007866506628728 -0.040551346782253278 0.20179325389177799 -0.03998267555186337 -0.01750134063396697 0.12997378471212892 0.054731846874701562 -0.035927745602955002 0.1028364453814838 0.0079494521919720954 -0.053877620082992989 0.0029851368570579756 0.39878520470124784 0.074453694353571145 0.035425230672744716 0.087186115783302071 -0.040861996075336429 0.089635457928949613 -0.044228708949064638 -0.0085143937578941557 0.49885116867526408 0.14496850373813136 0.10378516510672174
leaf_weight=42822.791615232825 2816.6745454575866 706.41121011972427 1383.1705501843244 304.31513158231974 83.752171693369746 358.61878356896341 555.32063557952642 420.13571408204734 318.91706822440028 121.50765557773411 4005.1472330279648 290.11535332165658 11606.379129929468 863.17892769724131 153.25648547895253 1769.0777388736606 1679.1921925712377 175693.23755141534 292.52656299993396 46.056963227689266 95.925347285345197 3345.6385178212076 1093.4739528074861 598.82903909124434 3917.7170982118696 3842.8461786638945 560.46612396091223 25.12800382822752 2451.7449874430895 2166.1785566266626
leaf_count=30737 90730 9317 38803 2180 2000 3913 10420 9136 5136 1094 125242 3710 37840 16821 3532 13090 33357 6414816 7315 443 1832 64558 16913 17448 17274 133752 14949 282 10767 11538
internal_value=-0.00263537 -0.0442096 0.128517 0.043071 -0.0509464 0.00492413 0.134807 0.0376726 0.109782 0.0869662 -0.0118494 0.11417 0.117302 0.0644735 0.0756924 0.0623262 0.035368 -0.0532652 -0.0201359 0.0654439 0.189649 0.0415379 0.0463253 0.0155714 0.0822367 -0.0335634 0.0275425 0.205372 0.133582 0.0944962
internal_weight=264388 200754 63634 14383 186371 7426.29 59511.2 4122.74 16688.4 7992.28 6390.75 16133.1 15814.2 2914.1 2739.57 5236.22 2385.6 178944 3251.18 434.509 141.982 3467.15 2555.48 1462.01 4207.83 4512.19 669.346 108.88 2756.06 2319.44
internal_count=7148945 6980819 168126 259605 6721214 206078 105117 63009 74380 91689 167916 63960 58824 55095 24206 78742 42674 6515136 100320 9590 2275 65652 51182 34269 20984 150983 17231 2282 12947 15070
is_linear=0
shrinkage=0.055


Tree=7
num_leaves=31
num_cat=0
split_feature=51 54 50 25 54 54 50 54 47 8 27 49 57 26 26 50 3 47 3 46 15 45 45 28 40 25 42 8 26 50
split_gain=436466 21344.3 14640.1 4886.75 4934.61 3797.96 3601.97 3368.12 2810.23 2195.92 2160.88 2079.63 1987.15 1797.43 1680.55 1548.51 3849 1716.07 1540.26 1508.53 1497.27 1481.67 1401.33 1327.71 1229.73 1213.8 1206.04 1155.23 1105.19 1104.4
threshold=52.500000000000007 40.500000000000007 -6.7160089015960684 -11.855336189270018 173.50000000000003 27.500000000000004 -9.2080621719360334 94.500000000000014 -14.219672679901121 3.1567740440368657 80.634872436523452 3.5483832359313969 35.500000000000007 173.00000000000003 693.50000000000011 -7.1302528381347647 0.86190477013587963 -8.7750301361083967 0.97916665673255932 7.6769652366638192 8.2431507110595721 0.88044276833534252 0.85855859518051159 6.5000000000000009 1.4978661537170412 -6.4338481426239005 -1.0000000180025095e-35 3.979637980461121 996.50000000000011 -1.0000000180025095e-35
decision_type=2 2 2 2 2 2 2 2 2 2 2 2 2 2 2 2 2 2 2 2 2 2 2 2 2 2 2 2 2 2
left_child=2 6 3 -1 9 -4 10 8 -3 28 12 -7 23 18 -8 -9 -17 20 -10 -15 21 -18 -6 -2 -14 -26 -13 29 -5 -28
right_child=1 7 5 4 22 11 14 15 13 -11 -12 26 24 19 -16 16 17 -19 -20 -21 -22 -23 -24 -25 25 -27 27 -29 -30 -31
leaf_value=-0.036895952752774824 0.37357090701845369 -0.038877065376445308 0.12865813565699388 0.10297918016012315 -0.0084576534242693964 -0.0023095500449745914 0.18758153235089969 -0.053894170527725639 -0.049450121511469089 0.11481258907474601 -0.043840316121036824 0.013995690148895479 0.36694881874974966 -0.00027777269025564477 0.076367647233330144 -0.045381189734999709 0.027611303776654373 0.036214051378879883 0.43293865544276955 0.10322592191555711 0.48091499803650628 0.44617906047387146 0.29512412953049599 0.10613181593320643 0.011100220954706733 0.14400030770399169 0.082023460242351479 0.12252796929347383 0.026680433028034366 0.14668631853594219
leaf_weight=1596.7038670815527 71.265505185350776 4815.2230365816504 47800.489953974262 839.13957434520125 2272.1208955310285 616.94537211209536 514.01871286146343 165212.40929991007 28.475153230130672 4275.2334736268967 1258.8336797021329 469.0394887868315 26.737312965095043 1788.791580542922 2064.6659473404288 5285.1558247376233 114.61546895653009 874.54202060960233 55.680498847737908 554.08269169181585 44.494500255212188 28.21703664585948 41.943953804671764 240.59129078499973 2449.9224726539105 222.28680706955492 6790.4485862217844 5790.038848336786 1813.4190945308656 912.84278703480959
leaf_count=43229 223 166587 38410 5997 57631 11159 2418 6347767 683 20679 37419 7729 385 48591 18587 190818 2856 20712 234 7978 594 167 207 2008 48800 2738 31836 16907 15164 634
internal_value=-0.00281884 -0.0476687 0.110896 0.051862 0.0672082 0.121149 0.0475956 -0.0513187 -0.0145665 0.090421 0.0165568 0.0964923 0.04184 0.0336464 0.0988564 -0.0528696 -0.0261799 0.0691537 0.276097 0.0243682 0.217994 0.122595 -0.0023306 0.172178 0.0264893 0.0224038 0.100857 0.10387 0.050966 0.0897762
internal_weight=258868 185650 73218.4 10838.6 9241.86 62379.8 6848.32 178802 7242.25 6927.79 4269.64 14579.3 3010.8 2427.03 2578.68 171559 6347.02 1061.87 84.1557 2342.87 187.327 142.833 2314.06 311.857 2698.95 2672.21 13962.4 13493.3 2652.56 7703.29
internal_count=7149147 6899565 249582 142907 99678 106675 112578 6786987 224073 41840 91573 68265 54154 57486 21005 6562914 215147 24329 917 56569 3617 3023 57838 2231 51923 51538 57106 49377 21161 32470
is_linear=0
shrinkage=0.055


Tree=8
num_leaves=31
num_cat=0
split_feature=51 54 50 25 57 53 3 25 48 50 54 51 42 56 54 8 25 47 49 3 54 3 7 13 10 8 28 54 52 13
split_gain=392981 18596.6 11625.7 5131.08 4558.31 3387.78 3306.57 3304.22 2813.97 2544.18 2165.47 2023 1818.65 1286.63 1934.61 1233.87 1213.99 1131.73 1126.26 1094.64 1054.39 1022.85 1168.54 980.396 972.873 976.172 942.421 936.497 1078.37 934.496
threshold=52.500000000000007 40.500000000000007 -5.5100338459014884 -12.798509597778319 422.50000000000006 -0.048811435699462884 0.97916665673255932 -12.432571411132811 8.5000000000000018 -9.7968654632568342 7.5000000000000009 26.500000000000004 -1.0000000180025095e-35 -0.022216796874999997 568.50000000000011 1.2424533367156985 -6.475062131881713 -11.036941051483153 4.7771940231323251 0.97916665673255932 990.50000000000011 0.73508772253990184 2.4397828578948979 2.8029010295867924 7.8268392086029062 1.7005987167358401 1.0000000180025095e-35 53.500000000000007 0.8308255970478059 3.4811217784881596
decision_type=2 2 2 2 2 2 2 2 2 2 2 2 2 2 2 2 2 2 2 2 2 2 2 2 2 2 2 2 2 2
left_child=2 7 3 -1 -5 -3 11 -2 -4 -7 -9 18 -10 21 -15 -14 26 -18 -6 -19 -17 -11 24 -24 25 -23 -12 -27 29 -29
right_child=1 5 8 4 6 9 -8 10 12 13 16 -13 15 14 -16 20 17 19 -20 -21 -22 22 23 -25 -26 27 -28 28 -30 -31
leaf_value=-0.039341638728242256 -0.036704528091000527 -0.053741694888086944 0.11933061917820756 0.10422380091670408 -0.021634442096446389 -0.04030771010334213 0.085657379922717269 0.10890243201754873 -0.038482198088994418 -0.021134916929903314 0.25965939417242884 -0.030297542890434882 0.044232559205093495 0.10948556564373318 0.88098245342770021 0.10241572699100483 -0.023582047350511646 0.086468431456028005 0.064485954669209061 0.32545561230460646 0.020752320834792552 -0.030333103814950434 0.14283546915072245 -0.02757052149532192 -0.037577873213763088 0.27819808845578509 0.022392208792208435 0.0087478685434986807 0.038726070802571344 0.29358210210539309
leaf_weight=1477.4846357274801 1355.9874391444027 154853.70175794326 44538.182179363444 5987.5419924203306 604.40074467286468 11208.56105764024 2880.7887591216713 1780.7312763333321 310.13655767031014 2193.7495804652572 46.451262060552835 2037.1408133748919 1324.6507544163615 133.58381595462561 5.859510861337184 14909.021658098325 96.125947538763285 131.01823676750064 1881.961643891409 106.74889361299574 497.08608105964959 124.446588518098 110.92284074425697 854.07612857036293 168.51843645051122 112.65682388097048 3465.3769103214145 49.149957118555903 302.2214874047786 117.38742478564382
leaf_count=42040 38916 6279657 27285 18829 11971 401179 22156 7925 6361 64032 108 54847 6593 2476 16 38588 1794 1359 15032 597 6143 2998 1911 19455 3947 974 61680 1296 5972 2013
internal_value=-0.00272535 -0.0476876 0.101499 0.0578217 0.0685521 -0.0512961 0.039655 0.0402624 0.11204 -0.0266645 0.0588277 0.0102963 0.0929571 0.00998885 0.171278 0.0954043 0.0355297 0.134986 0.0435499 0.198258 0.0997884 0.00420719 0.034407 -0.00734772 0.0802688 0.10847 0.0258953 0.138185 0.101955 0.212225
internal_weight=253666 177217 76448.4 14869.3 13391.8 170235 7404.29 6982.44 61579.1 15381.1 5626.45 4523.5 17040.9 4172.57 139.443 16730.8 3845.72 333.893 2486.36 237.767 15406.1 4033.13 1839.38 964.999 874.381 705.862 3511.83 581.416 468.759 166.537
internal_count=7148150 6898305 249845 164875 122835 6785926 104006 112379 84970 506269 73463 81850 57685 105090 2492 51324 65538 3750 27003 1956 44731 102598 38566 21366 17200 13253 61788 10255 9281 3309
is_linear=0
shrinkage=0.055


Tree=9
num_leaves=31
num_cat=0
split_feature=51 53 51 41 25 54 9 50 45 51 26 3 42 47 25 26 8 50 41 26 50 31 53 42 8 48 14 7 25 25
split_gain=350496 19005.5 10756.9 8668.12 5281.53 3869.41 2279.06 2266.67 2025.67 1950.96 2408.52 1779.98 1722.7 1681.78 1659.21 1457.02 1405.72 1401.35 1321.75 1533.62 1264.59 1156.38 1037.25 985.407 1192.29 1288.98 1524.92 934.739 912.212 905.66
threshold=52.500000000000007 -0.036130279302597039 8.5000000000000018 -1.0000000180025095e-35 -13.083751678466795 7.5000000000000009 4.5560796260833749 -14.16388416290283 0.81778305768966686 129.50000000000003 4.5000000000000009 0.88194444775581371 -1.0000000180025095e-35 -5.4528582096099845 -12.432571411132811 243.00000000000003 3.0677825212478642 -1.0000000180025095e-35 -1.0000000180025095e-35 1053.5000000000002 -9.4077792167663556 3.113268375396729 -100.84946060180663 1.0000000180025095e-35 3.8393945693969731 136.50000000000003 6.440148353576661 2.9343258142471318 -9.6540617942810041 -5.0478961467742911
decision_type=2 2 2 2 2 2 2 2 2 2 2 2 2 2 2 2 2 2 2 2 2 2 2 2 2 2 2 2 2 2
left_child=2 9 17 -4 -5 -3 13 29 20 10 -2 -12 -10 -6 -13 -14 -17 -1 -9 -20 -8 23 -18 -16 -25 -26 -27 -21 -23 -7
right_child=1 5 3 4 6 7 8 18 12 -11 11 14 15 -15 21 16 22 -19 19 27 -22 28 -24 24 25 26 -28 -29 -30 -31
leaf_value=0.10036889320956616 0.716621661339642 0.093317454830748409 -0.050034807179496016 -0.031398241886871181 -0.025329440988367216 -0.031966122042243215 -0.01835688694173071 -0.046740715175209252 -0.040126334964225893 -0.053210781201031426 -0.042172754746660622 -0.048198806752825729 0.16238326054993404 0.068688394979862372 0.011983782730613452 0.067537779249871338 0.39384701805401662 0.11894890611218376 0.10683661196741083 0.04570528624489608 0.06369129258527409 -0.046629929413815004 0.09946564029934539 0.028186129490335141 0.11104830536527856 0.88420255921928825 0.20670630090395076 -0.010808111525391835 0.38182534778373911 0.26751746030288404
leaf_weight=29865.50334286131 8.1713513117283565 2021.5692311711609 1826.3222525641322 1366.1639670114964 1016.2695722617209 3039.2583983708173 767.92146822996438 591.65615295991302 294.40196824073792 150077.27276465483 6674.95520837605 822.3100010547787 885.35026217438281 1315.9723711479455 1061.6405395213515 5825.6851563155651 31.895846856757998 21339.065875984728 850.31703277677298 2448.274756969884 2159.8317238204181 19.564368488267064 12526.094070810825 187.85321145504713 94.014731090515852 12.829542849212883 33.387882707640529 1382.7199094872922 48.138673646375537 25.902674401178956
leaf_count=33434 159 9527 55110 36127 11931 96963 16890 14507 3824 6359394 264929 32409 1940 4674 30398 24456 164 4948 11440 40369 18767 492 37480 4587 2033 106 610 30850 727 73
internal_value=-0.00236218 -0.0470199 0.0931279 0.0657073 0.0737865 0.0251515 0.0795806 0.00857878 0.0849474 -0.0517217 -0.0267723 -0.0278502 0.0913359 0.0277538 0.0140858 0.0933544 0.0899867 0.108123 0.0304322 0.0402253 0.0421762 0.0492727 0.10037 0.0379383 0.120483 0.238896 0.462732 0.0253204 0.263321 -0.0290037
internal_weight=248620 169400 79220.5 28015.9 26189.6 10359.7 24823.4 8338.13 22491.2 159040 8962.87 8954.69 19563.4 2332.24 2279.74 19269 18383.7 51204.6 5272.97 4681.31 2927.75 1457.43 12558 1389.73 328.085 140.232 46.2174 3830.99 67.703 3065.16
internal_count=7149318 6899573 249745 211363 156253 203729 120126 194202 103521 6695844 336450 336291 67864 16605 71362 64040 62100 38382 97166 82659 35657 38953 37644 37734 7336 2749 716 71219 1219 97036
is_linear=0
shrinkage=0.055


Tree=10
num_leaves=31
num_cat=0
split_feature=51 54 51 41 25 25 54 8 51 16 50 3 54 56 42 45 55 6 26 50 26 8 48 53 15 24 29 46 50 25
split_gain=313488 18888.2 9899.8 7184.68 4716.82 4224.65 2651.14 2206.93 1972.31 1960.87 1406.2 3202.98 1392.14 1348.65 1309.3 1202.66 1050.89 1020.38 988.061 1130.08 954.807 959.911 1294.88 1259.64 995.139 889.574 1186.5 849.072 762.22 736.877
threshold=52.500000000000007 87.500000000000014 8.5000000000000018 -1.0000000180025095e-35 -12.432571411132811 -13.313959598541258 14.500000000000002 3.113268375396729 264.50000000000006 4140.5000000000009 -7.1302528381347647 0.86190477013587963 7.5000000000000009 -0.034912109374999993 -1.0000000180025095e-35 0.79856020212173473 0.84838867187500011 -12.073047161102293 243.00000000000003 -7.5409164428710929 312.50000000000006 3.7494349479675297 230.50000000000003 -0.0395309031009674 7.3948004245758066 -3.6561976671218868 0.30952382087707525 1.1282189488410952 -1.0000000180025095e-35 -9.6448721885681135
decision_type=2 2 2 2 2 2 2 2 2 2 2 2 2 2 2 2 2 2 2 2 2 2 2 2 2 2 2 2 2 2
left_child=2 4 12 -4 -2 -5 29 18 20 13 -3 16 -1 -10 -9 -16 -12 -11 -7 -20 27 -22 -23 -24 -25 26 -13 -8 -14 -6
right_child=1 10 3 5 6 7 8 14 9 17 11 25 28 -15 15 -17 -18 -19 19 -21 21 22 23 24 -26 -27 -28 -29 -30 -31
leaf_value=0.10719244335776047 -0.039789573384726135 -0.053197484373490804 -0.04774398353796714 -0.031309000135815841 0.032067554934595156 0.11526819395437485 0.064753656387266059 -0.06046157174928872 0.09428974589804523 0.31092737942874171 -0.047848952679057262 0.36379539563072327 0.082268117914263944 0.5135368172321102 0.020183054424631225 0.089802344909929832 0.27654670433747935 -0.026198086192464883 0.012018880346538568 0.057417306803489977 0.011852765490925368 0.049341579376103645 -0.050869515657162488 0.40591373841689088 0.10068058698553509 0.037722149860999331 0.048696141911639262 0.24299168612839819 0.10878262069313291 0.093679456385132906
leaf_weight=33225.016352929175 3375.6406835205853 142878.42385757901 1749.0139118395746 1254.0253795478493 799.69272320345044 680.16358378529549 228.59640939161181 182.73582579754293 127.58586005121469 22.418183151632547 4624.8082576580346 58.05586145631969 14535.748565115035 24.398009808734059 793.70617910847068 14978.07428368181 25.5080387275666 3153.9715095628053 2178.0017431024462 6992.5513268839568 1973.0615551285446 993.09698041900992 42.246272511780262 80.609869303181767 58.720003927126527 993.6094448491931 89.035083996132016 124.90582344308496 4322.990851610899 2280.6391304433346
leaf_count=11987 119503 6376943 55011 34956 7198 3564 3146 2789 3888 148 191118 656 24184 359 11501 48559 545 101343 26638 28073 38803 16176 1462 599 955 22417 1706 767 2181 12193
internal_value=-0.00234238 -0.0465055 0.0860745 0.0601847 0.0163213 0.0671683 0.0354449 0.0719591 0.0163158 -0.0139905 -0.0521202 -0.0255186 0.100387 0.175804 0.0846069 0.0863063 -0.0457745 -0.0233338 0.0514418 0.0466476 0.0451047 0.035352 0.0746053 0.207755 0.285219 0.0568982 0.180935 0.130243 0.0883733 0.0777621
internal_weight=242847 161955 80892 28808.3 13285.6 27059.3 9909.94 25805.2 6829.61 3328.37 148669 5791.02 52083.8 151.984 15954.5 15771.8 4650.32 3176.39 9850.72 9170.55 3501.24 3147.73 1174.67 181.576 139.33 1140.7 147.091 353.502 18858.7 3080.33
internal_count=7149368 6899925 249443 211091 306540 156080 187037 121124 167646 105738 6593385 216442 38352 4247 62849 60060 191663 101491 58275 54711 61908 57995 19192 3016 1554 24779 2362 3913 26365 19391
is_linear=0
shrinkage=0.055


Tree=11
num_leaves=31
num_cat=0
split_feature=48 53 54 41 50 50 3 50 48 54 54 54 46 27 6 41 26 50 26 26 15 57 16 8 54 25 0 15 25 26
split_gain=259232 25130.9 10727.7 5439.84 5071.26 4654.12 4706.8 2896.27 1823.42 1788.09 1773.82 1723 1666.44 1362.45 1788.18 1336.62 1142.2 1105.09 1037.61 1013.82 982.473 898.397 1647.63 885.999 831.713 904.815 829.693 813.69 807.841 790.218
threshold=52.500000000000007 -0.037664175033569329 27.500000000000004 -1.0000000180025095e-35 -10.338613986968992 -7.1302528381347647 0.86190477013587963 -4.4401073455810538 8.5000000000000018 153.50000000000003 34.500000000000007 94.500000000000014 5.3157377243042001 94.639945983886733 -7.1286959648132315 -1.0000000180025095e-35 285.00000000000006 -12.115076065063475 2136.5000000000005 4076.5000000000005 8.5570869445800799 144.50000000000003 4139.5000000000009 3.0677825212478642 59.500000000000007 -5.9487266540527335 0.46428571641445165 7.5264482498168954 -8.0344142913818342 81.500000000000014
decision_type=2 2 2 2 2 2 2 2 2 2 2 2 2 2 2 2 2 2 2 2 2 2 2 2 2 2 2 2 2 2
left_child=2 5 8 -4 10 11 9 12 -1 -7 -3 13 24 14 -2 29 -14 21 26 -17 -19 22 -16 -10 25 -5 -8 -21 -24 -6
right_child=1 4 3 7 15 6 18 -9 23 -11 -12 -13 16 -15 17 19 -18 20 -20 27 -22 -23 28 -25 -26 -27 -28 -29 -30 -31
leaf_value=0.097356955492148387 0.28179321799890755 0.025676038527222157 -0.038167353582837828 0.0051093508793939703 0.23391112814006976 0.064605428980275312 0.10275932081737858 0.073200167396805085 0.057304110279309282 -0.042080564706869016 -0.035090444564596868 -0.053234481864055251 0.16733878800121849 -0.052192050795804475 0.53637262322020163 0.085549997208459821 0.040143834167025667 0.031028842407456361 0.054137842817817604 0.018070682450446778 0.25802051087716726 -0.036747599038974073 -0.026234554025543932 0.085264808873268122 -0.03075471750579049 0.16949432244260015 0.28521642895020727 0.071765660327902964 0.40482836576835918 -0.040653508676279454
leaf_weight=42339.085400121287 63.314487837255001 2515.5291572883725 2098.7265895325691 377.1100148409605 28.804019778966904 528.83038781024516 255.53906045295298 11154.504308750853 5525.1806921456009 4357.8958324603736 3427.0740608721972 132752.66918109544 217.42826284654438 2385.28250114806 17.716885445639491 3568.0520178694278 5774.7995759956539 876.12484793178737 1169.1345322132111 1805.3625827971846 56.956271620467305 1816.2717069685459 109.62339541129768 9266.3636762369424 1631.9732634034008 133.64995394833386 108.79543806053698 1622.4059987552464 9.8751750085502845 516.8349124584347
leaf_count=20914 742 41541 69687 4702 35 8282 4347 24695 18402 181015 126062 6244633 706 98753 262 27134 49716 22286 19468 26162 628 68133 3154 19964 40326 484 626 13304 101 11744
internal_value=-0.00258119 -0.0431739 0.0790951 0.0458527 0.0286275 -0.0498744 -0.0040949 0.0550018 0.0915351 -0.030481 -0.00936777 -0.0520026 0.0300188 -0.0213298 0.00367154 0.0585538 0.0448948 -0.00290554 0.0798159 0.0650182 0.0461861 -0.0264121 0.106877 0.0748434 -0.0115899 0.0493499 0.160367 0.0435527 0.0242155 -0.024167
internal_weight=236511 157992 78518.8 21388.2 13484.1 144508 6420.2 19289.5 57130.6 4886.73 5942.6 138088 8134.96 5335.17 2949.88 7541.46 5992.23 2886.57 1533.47 6995.82 933.081 1953.49 137.215 14791.5 2142.73 510.76 364.334 3427.77 119.499 545.639
internal_count=7148008 6898412 249596 190316 245982 6652430 213738 120629 59280 189297 167603 6438692 95934 194059 95306 78379 50422 94564 24441 66600 22914 71650 3517 38366 45512 5186 4973 39466 3255 11779
is_linear=0
shrinkage=0.055


Tree=12
num_leaves=31
num_cat=0
split_feature=51 54 48 41 25 25 41 45 26 42 9 53 50 26 50 57 52 15 49 49 54 3 32 40 25 9 16 52 54 25
split_gain=251261 15697.7 10213 5885.77 4211.21 3746.81 2392.36 1838.27 1788.13 1640.7 1532.34 1515.34 1505.85 1515.88 1327.08 1256.96 1145.84 1025.2 1005.83 932.012 834.832 789.92 877.2 788.12 870.626 834.012 775.81 863.918 774.046 807.213
threshold=60.500000000000007 87.500000000000014 8.5000000000000018 -1.0000000180025095e-35 -12.798509597778319 -12.236631870269774 -1.0000000180025095e-35 0.79947251081466686 900.50000000000011 -1.0000000180025095e-35 4.6007614135742196 -0.051757574081420891 -7.1302528381347647 37.500000000000007 -1.0000000180025095e-35 230.50000000000003 0.80237370729446422 7.2967522144317636 4.2575199604034433 10.34040689468384 14.500000000000002 0.15587044507265094 2.5249279737472539 1.4978661537170412 -8.2851638793945295 4.8674848079681405 4140.5000000000009 0.80494609475135814 7.5000000000000009 -12.798509597778319
decision_type=2 2 2 2 2 2 2 2 2 2 2 2 2 2 2 2 2 2 2 2 2 2 2 2 2 2 2 2 2 2
left_child=2 5 14 -4 -5 -2 -7 17 26 -9 -11 -3 13 16 28 23 -13 -6 -19 20 -17 -21 -23 -10 25 -25 -8 -28 -1 -30
right_child=1 11 3 4 7 6 8 9 15 10 -12 12 -14 -15 -16 19 -18 18 -20 21 -22 22 -24 24 -26 -27 27 -29 29 -31
leaf_value=0.089763124413811235 -0.039083072556254844 -0.053206289821144649 -0.043542899397933314 -0.028322825647978538 -0.03807496441648503 -0.044531525622623525 0.28916076926138096 -0.04602476066381174 0.3211479670805219 0.024624399817030612 0.069526253255121517 0.31685105686795684 0.018259156669622148 -0.042470107414811817 0.099507512642980717 0.057536937195624714 -0.0081023402174867764 -0.046154988201518025 0.074834067605796112 0.21846123343878654 -0.0084409388910715172 -0.015861829975207131 0.19218575758516371 -0.041127339746172067 0.11667946033369038 0.057916391347544539 -0.038167088023584463 0.094216440493002165 -0.060180496242001585 0.073088253259933442
leaf_weight=15659.940263576806 3159.6462860610336 122013.69674772769 1921.0391733944416 1711.990052729845 825.73587340302765 1140.7283869702369 52.357918336987495 402.11150460317731 30.31043622083962 2537.6887105163187 25200.047943402082 57.268007485195994 1527.2860693186522 10375.489320825785 21166.930568017066 693.82196783833206 68.907881230115891 277.57279102876782 790.26279400661588 102.38661231659353 3411.058135220781 214.46332658827305 80.476832373067737 328.90927656926215 549.44174943119287 1126.4720616005361 161.8500195723027 1587.4203692153096 135.3671463765204 13605.961826685816
leaf_count=9118 119013 6062759 66295 46556 16512 31390 403 6320 191 13924 86317 1155 37553 459647 4574 5486 2729 7342 6723 883 95741 2554 592 5162 1770 13491 3872 16672 1834 22374
internal_value=-0.00236822 -0.0458443 0.073337 0.0498533 0.055511 0.0127451 0.0300313 0.0602937 0.0402517 0.063823 0.0654234 -0.0513691 -0.03272 -0.0401392 0.0889652 0.026842 0.145841 0.0078166 0.0433157 0.0106007 0.00276732 0.090489 0.0431631 0.0626576 0.0579603 0.0354688 0.088701 0.0818939 0.0813598 0.071754
internal_weight=230917 146682 84234.6 33666.4 31745.4 12639.3 9479.7 30033.4 8338.97 28139.8 27737.7 134043 12029 10501.7 50568.2 6537.34 126.176 1893.57 1067.84 4502.21 4104.88 397.327 294.94 2035.13 2004.82 1455.38 1801.63 1749.27 29401.3 13741.3
internal_count=7148952 6861063 287889 249989 183694 297220 178207 137138 146817 106561 100241 6563843 501084 463531 37900 125870 3884 30577 14065 105256 101227 4029 3146 20614 20423 18653 20947 20544 33326 24208
is_linear=0
shrinkage=0.055


Tree=13
num_leaves=31
num_cat=0
split_feature=51 53 48 41 25 50 53 48 9 50 26 42 41 13 44 49 46 53 53 46 26 7 8 53 13 25 10 13 50 56
split_gain=229664 15417.9 8476.72 4230.65 3082.56 2508.7 1927.36 1564.42 1379.74 1337.77 1228.72 1135.97 968.807 939.603 931.554 1040.86 938.464 876.51 864.157 859.449 830.9 1014.1 868.081 817.448 765.42 697.371 684.172 626.857 612.525 731.593
threshold=52.500000000000007 -0.037664175033569329 8.5000000000000018 -1.0000000180025095e-35 -13.083751678466795 -13.846276283264158 -0.051757574081420891 118.50000000000001 4.1879529953002939 -1.0000000180025095e-35 24.500000000000004 -1.0000000180025095e-35 -1.0000000180025095e-35 3.5114340782165532 1.0000000180025095e-35 7.1610362529754648 6.3100476264953622 -0.055663824081420891 -0.047699332237243645 2.2060312032699589 1033.5000000000002 2.4397828578948979 3.9219243526458745 -1.0000000180025095e-35 3.8176519870758061 -7.7668864727020255 7.8268392086029062 2.9174053668975835 -7.5409164428710929 -0.027099609374999997
decision_type=2 2 2 2 2 2 2 2 2 2 2 2 2 2 2 2 2 2 2 2 2 2 2 2 2 2 2 2 2 2
left_child=2 6 9 -4 -5 23 -2 -8 -6 18 13 -10 -7 -9 15 17 -17 -13 -1 -16 -14 22 24 -3 -22 26 -24 -21 -12 -30
right_child=1 5 3 4 8 12 7 10 11 -11 28 14 20 -15 19 16 -18 -19 -20 27 21 -23 25 -25 -26 -27 -28 -29 29 -31
leaf_value=0.045630285442895935 -0.053103423822145404 -0.02581079863643956 -0.040397474093040571 -0.027431574164412137 0.0066956233844480666 -0.028116450972372073 0.02466402902630721 -0.051098262908698955 -0.042224923647759684 0.094433086532996632 -0.043226136532940801 -0.026758380419095978 0.072430172702859813 0.26188612921027288 0.1081132261494315 0.10544889555687034 0.049566865009274104 0.039745532993808716 0.079102406207792936 0.02659871464998375 0.010980775660121674 0.0036490602959793777 0.13032894298008363 0.11970180700835537 0.094197008456245013 -0.033744500323900153 -0.016310544294137155 0.067416926965695165 -0.003984451342321416 0.26899206920843644
leaf_weight=2578.7460495065898 118295.66115619615 3826.8145927079022 1566.4095399007201 1401.6598162986338 1624.648596201092 726.92308790236712 1409.613244432956 45.845164161175489 328.92907857894897 20939.857462648302 9222.1605597175658 897.21416143327951 1661.9183934368193 67.941951429471374 1482.1816568020731 1056.4031080044806 6593.8352881167084 1784.8150768689811 27129.330193171278 1246.103451160714 1509.7783811334521 2669.1828350778669 723.38802257366478 115.57032833248377 425.09221727959812 112.07479123584926 109.70252227596939 14296.636593004689 803.86262184940279 25.833864340558648
leaf_count=10421 6164913 123956 53962 38337 11459 18043 38092 1807 4999 4587 426425 19081 13963 1345 5196 3204 21824 9656 22977 4483 21179 49205 6734 194 4987 1622 1675 39396 24917 169
internal_value=-0.00298956 -0.0455208 0.0697098 0.0476703 0.0521678 0.0144462 -0.0510068 -0.0295666 0.0559783 0.0837498 -0.0370949 0.0588686 0.0322508 0.138941 0.0600916 0.0470146 0.0573473 0.0174897 0.0762051 0.0680117 0.0383514 0.0280892 0.0506945 -0.0213989 0.0294591 0.0937822 0.111037 0.064154 -0.0391557 0.00607549
internal_weight=224678 141751 82926.8 32278.8 30712.4 11880.4 129871 11575.3 29310.8 50647.9 10165.6 27686.1 7938.06 113.787 27357.2 10332.3 7650.24 2682.03 29708.1 17024.9 7211.14 5549.22 2880.04 3942.38 1934.87 945.165 833.091 15542.7 10051.9 829.696
internal_count=7148808 6899226 249582 211597 157635 241558 6657668 492755 119298 37985 454663 107839 117408 3152 102840 53765 25028 28737 33398 49075 99365 85402 36197 124150 26166 10031 8409 43879 451511 25086
is_linear=0
shrinkage=0.055


Tree=14
num_leaves=31
num_cat=0
split_feature=51 53 51 52 54 54 42 25 53 26 49 52 27 50 8 26 48 25 6 23 41 50 26 50 50 57 41 26 52 28
split_gain=207460 11853.8 11146.3 5282.45 2822.81 2373.7 1959.94 1840.27 1614.66 1967.09 2002.18 1767.48 1396.66 1392.95 1282 1568.08 1188.87 1091.92 1083.58 1750.16 828.017 913.644 814.526 757.667 750.495 711.679 696.822 1010.03 1198.85 939.462
threshold=78.500000000000014 -0.037664175033569329 17.500000000000004 0.81768107414245617 7.5000000000000009 14.500000000000002 -1.0000000180025095e-35 -13.52804660797119 -0.057616949081420891 24.500000000000004 -2.0793879032135005 0.78590485453605663 80.634872436523452 -13.682094097137449 3.7726949453353886 779.50000000000011 263.50000000000006 -9.0304989814758283 -12.073047161102293 2.5000000000000004 -1.0000000180025095e-35 -9.4077792167663556 1033.5000000000002 -8.5586323738098127 -8.335136413574217 103.50000000000001 -1.0000000180025095e-35 693.50000000000011 0.84337171912193309 1626.0000000000002
decision_type=2 2 2 2 2 2 2 2 2 2 2 2 2 2 2 2 2 2 2 2 2 2 2 2 2 2 2 2 2 2
left_child=2 8 4 20 -1 23 -5 -8 -2 10 12 -12 25 -7 15 -9 26 18 24 -20 -4 -22 -15 -3 -6 -10 -11 28 29 -28
right_child=1 5 3 6 17 13 7 14 9 16 11 -13 -14 22 -16 -17 -18 -19 19 -21 21 -23 -24 -25 -26 -27 27 -29 -30 -31
leaf_value=0.084433721396079214 -0.053644653493960179 0.027834753941787645 -0.05609789777275502 -0.052813186772459761 -0.045446414690343342 -0.034655726729958841 -0.029402967722602872 0.092282864533264022 0.377388523505927 -0.055910780944072931 1.0614444663063567 0.18543095768931675 -0.054059681697120818 0.060573747258913575 0.069660098192104863 0.027475610996762243 -0.044201615398811026 0.069877623500625374 -0.021641769954873429 0.053469840611335875 -0.037570231837573458 0.017118634845061303 0.0016449702559779113 0.084403638067968675 0.32770422070087873 -0.043223601619051942 -0.011956174141398285 -0.0063555595442961682 0.24845721405200416 0.34063294759217816
leaf_weight=36169.757358334959 104867.07473701239 1639.6966167204082 1387.5508438274264 608.61675270274282 19.961885841563344 2999.0400165952742 889.00607142969966 1335.9535725228488 40.697938248515129 635.74417649209499 7.0582232754677561 23.291065147146583 117.98153068684042 902.15014118328691 6812.7923835385591 7221.8611829709262 13086.177896779031 18338.883498523384 1029.1675225179642 10358.208079140633 1617.9908181913197 2141.1852961424738 3258.5406241081655 1277.3787065111101 63.173842014744878 15.288477936759589 212.31013813987374 1928.6305527705699 102.43586597777903 20.579362427815795
leaf_count=17018 5773215 16060 65366 17824 678 115092 28644 6241 131 29666 23 553 5424 13980 33197 50841 655076 30899 11909 20898 56082 34758 76032 3822 277 483 7511 74459 1242 510
internal_value=-0.00253937 -0.0463766 0.0627885 0.0288915 0.0740957 0.0109333 0.0437702 0.0474005 -0.0511474 -0.0349604 0.132649 0.510482 0.0543147 -0.00611178 0.0518508 0.0376406 -0.0371435 0.0615398 0.0481847 0.0466749 -0.0198682 -0.00643869 0.0144797 0.0527081 0.240611 0.268403 -0.00526926 0.00904332 0.0964024 0.0257051
internal_weight=219128 131134 87994.1 22015 65979.2 10076.8 16868.2 16259.6 121057 16190.2 204.317 30.3493 173.968 7159.73 15370.6 8557.81 15985.9 29809.4 11470.5 11387.4 5146.73 3759.18 4160.69 2917.08 83.1357 55.9864 2899.7 2263.96 335.325 232.89
internal_count=7147911 6773279 374632 292953 81679 224986 136747 118923 6548293 775078 6614 576 6038 205104 90279 57082 768464 64661 33762 32807 156206 90840 90012 19882 955 614 113388 83722 9263 8021
is_linear=0
shrinkage=0.055


Tree=15
num_leaves=31
num_cat=0
split_feature=51 53 51 41 25 54 53 45 50 51 8 50 26 26 27 26 50 25 8 25 45 13 6 42 28 6 13 50 15 42
split_gain=191240 13643.1 8844.04 4285.99 2611.47 2462.93 1809.13 1521.45 1441.23 1415.25 1314.26 1313.23 1062.23 914.794 1590.35 911.134 900.112 882.001 838.718 806.466 798.116 1006.64 788.133 739.502 690.313 1065.4 809.16 898.686 704.972 1025.45
threshold=60.500000000000007 -0.037664175033569329 8.5000000000000018 -1.0000000180025095e-35 -13.52804660797119 27.500000000000004 -0.057616949081420891 0.79766666889190685 -1.0000000180025095e-35 180.50000000000003 3.860674381256104 -13.682094097137449 218.00000000000003 47.500000000000007 80.634872436523452 243.00000000000003 -108.87351608276366 -13.313959598541258 3.4498615264892583 -9.6448721885681135 0.84979200363159191 3.5114340782165532 -6.2207932472228995 -1.0000000180025095e-35 71.500000000000014 -2.3124864101409908 3.5408543348312382 -11.26065683364868 7.7512602806091317 1.0000000180025095e-35
decision_type=2 2 2 2 2 2 2 2 2 2 2 2 2 2 2 2 2 2 2 2 2 2 2 2 2 2 2 2 2 2
left_child=2 6 8 -4 -5 19 -2 -6 17 12 15 -7 18 14 16 -9 -11 -1 -8 -3 -17 -22 -18 -21 -14 26 27 -26 -27 -30
right_child=1 5 3 4 7 11 9 10 -10 13 -12 -13 24 -15 -16 20 22 -19 -20 23 21 -23 -24 -25 25 28 -28 -29 29 -31
leaf_value=-0.019672301150206632 -0.053183512190356975 0.012084258621031114 -0.043976567098970507 -0.034530956062060733 -0.0040037868063261548 -0.041582628270840902 0.018526309543274652 0.091776058846708405 0.086573600343397228 -0.048217601093211153 0.06346968527763247 0.0098019616870116035 -0.056069384119486233 -0.042950608669222665 -0.038075803510812446 0.020278850353417976 0.40191210776797698 0.068842932055731665 0.23400322300079901 -0.046000562698457585 0.024790892219216907 0.060761647690646438 -0.042130694029474516 0.064476924751167591 0.53459038983915774 -0.019982738973898625 0.0052215717029246086 0.10339784788666471 0.022555884807651333 0.25426171322329122
leaf_weight=342.32808923348784 100728.54988897778 1829.3750219140202 1771.6323460973799 1233.2418074607849 1672.2009623926133 2458.9838245753199 120.32455480657518 956.13419673591852 20941.557158783078 25.192503178492188 12414.520520826802 3860.0706946831197 661.67596574872732 13145.696725232527 190.54532486386597 5773.4841728825122 59.564818166196346 30930.19769974798 96.561903085559607 191.61867302842438 3985.948281172663 5779.7820404227823 13.781620701774953 3028.225198186934 23.302473189309239 1412.5750382766128 50.549662113189697 36.67942357622087 350.78729246929288 64.471444249153137
leaf_count=4523 5832090 26553 67385 40043 29724 104024 2683 2828 4965 808 39240 84848 30009 683377 9099 41173 290 29006 1386 2331 14001 15157 444 18038 311 48761 1435 606 12489 1221
internal_value=-0.00235007 -0.044845 0.0612164 0.0391904 0.0438277 0.012672 -0.0504349 0.0469927 0.0753796 -0.0333877 0.0499427 -0.0102108 0.0020551 -0.0408172 0.0552792 0.039746 0.228921 0.067871 0.117572 0.0412914 0.036516 0.0461001 0.321114 0.0578411 -0.00778808 0.00879497 0.170775 0.299157 -0.0014393 0.0611267
internal_weight=214150 128349 85801 33586.9 31815.3 11368.3 116980 30582.1 52214.1 16251.7 28909.9 6319.05 2816.93 13434.8 289.084 16495.3 98.5389 31272.5 216.886 5049.22 15539.2 9765.73 73.3464 3219.84 2600.04 1938.37 110.532 59.9819 1827.83 415.259
internal_count=7148848 6860803 288045 249551 182166 235794 6625009 142123 38494 792919 112399 188872 98901 694018 10641 73159 1542 33529 4069 46922 70331 29158 734 20369 94832 64823 2352 917 62471 13710
is_linear=0
shrinkage=0.055


Tree=16
num_leaves=31
num_cat=0
split_feature=51 53 51 41 25 50 45 50 8 54 53 26 27 26 26 27 6 16 53 51 0 9 57 48 15 13 8 51 48 41
split_gain=172806 11065 10390.6 5100.4 2547.91 2493.58 1700.67 1513.11 1407.18 1147.89 1120.64 1133.26 1056.77 1013.88 940.604 933.447 1316.05 1027.99 770.961 752.339 730.747 723.832 712.532 707.705 840.761 1434.53 1023.89 828.163 692.469 859.191
threshold=78.500000000000014 -0.041010797023773186 8.5000000000000018 -1.0000000180025095e-35 -12.61204957962036 -8.9931249618530256 0.79766666889190685 -1.0000000180025095e-35 2.9700856208801274 134.50000000000003 -0.058593511581420891 30.500000000000004 80.634872436523452 2259.5000000000005 243.00000000000003 94.639945983886733 -7.8218431472778311 759.50000000000011 -0.046523362398147576 26.500000000000004 0.53571429848670971 4.9474411010742196 18.500000000000004 195.50000000000003 8.014170169830324 3.9219243526458745 5.9801499843597421 239.50000000000003 995.50000000000011 1.0000000180025095e-35
decision_type=2 2 2 2 2 2 2 2 2 2 2 2 2 2 2 2 2 2 2 2 2 2 2 2 2 2 2 2 2 2
left_child=2 10 7 -4 22 9 19 18 14 15 -2 12 -12 28 -8 16 -3 21 -1 -6 -10 -18 -5 24 -13 -26 27 -27 29 -7
right_child=1 5 3 4 6 13 8 -9 20 -11 11 23 -14 -15 -16 -17 17 -19 -20 -21 -22 -23 -24 -25 25 26 -28 -29 -30 -31
leaf_value=0.038375884639782032 -0.053482811137210387 0.23912530827819742 -0.046599244027355761 0.052375942797681117 0.027532409420636519 0.0045277968330208161 0.086816824768551723 0.083216202861361374 0.047427628094515249 -0.051003503909527292 0.20556521643298159 -0.020940126309619691 -0.015054416037409995 0.015289567883080333 0.024727883595084765 -0.040380626623809181 -0.051249628706435069 0.0022684295907780339 0.066877342457395891 -0.040920789061986339 0.070943049038169462 0.25010312772232307 -0.036943343972166941 -0.043907613865679436 0.030804754578107708 -0.0445316233451774 0.86528355261157197 0.54032465092012383 0.14837658857043354 0.088948443731288934
leaf_weight=3228.5205765496939 93706.879797659814 70.042425908148289 2262.9772934596986 318.72575996629894 938.13089455291629 614.14841669052839 793.54428838938475 20540.517968010157 14181.733911229298 1907.7456849813461 105.49910577945411 1655.0478565953672 160.37710651010275 2423.2209712490439 9941.3210173174739 1427.7423460707068 31.426593597978354 4180.5380806811154 27746.44304320775 996.6070473883301 5612.2427454832941 81.002049209550023 1639.560633443296 12073.127111934125 185.46365476027131 18.224182277917869 6.0460654348134986 6.5317495670169583 282.43525483645499 894.83087576553226
leaf_count=10300 5720465 248 97038 6600 7663 9998 2481 4954 64343 90013 971 69538 7527 38557 56939 56014 741 98673 23264 35544 10926 1097 54711 666377 7000 756 71 154 2362 4226
internal_value=-0.00274017 -0.0457455 0.0556868 0.0333095 0.0385689 0.00455499 0.0422441 0.0716172 0.0454128 -0.0140625 -0.0512982 -0.0368783 0.0746655 0.0385382 0.0293559 -0.00185884 0.0107787 0.00677928 0.0639133 -0.00774325 0.0541113 0.167272 -0.0223096 -0.0390311 -0.00753593 0.0931995 0.412118 0.174643 0.0698561 0.054718
internal_weight=208031 119830 88200.3 36684.8 34421.9 11913.1 32463.6 51515.5 30528.8 7698.5 107917 14210.3 265.876 4214.64 10734.9 5790.75 4363.01 4292.97 30975 1934.74 19794 112.429 1958.29 13944.4 1871.31 216.266 30.802 24.7559 1791.41 1508.98
internal_count=7149551 6774788 374763 336245 239207 301929 177896 38518 134689 246786 6472859 752394 8498 55143 59420 156773 100759 100511 33564 43207 75269 1838 61311 743896 77519 7981 981 910 16586 14224
is_linear=0
shrinkage=0.055


Tree=17
num_leaves=31
num_cat=0
split_feature=51 53 51 41 50 25 45 50 42 54 8 25 26 16 26 9 54 41 45 53 26 50 49 1 15 42 47 31 13 16
split_gain=159938 10983.9 9072.2 4713.51 2626.24 2364.05 1742.34 1549.33 1451.92 1449.42 1067.97 1033.39 1025.74 933.575 851.23 819.894 811.249 752.14 723.452 698.663 1053.77 754.086 667.877 660.441 940.928 761.628 647.419 731.008 1170.48 1073.64
threshold=78.500000000000014 -0.043944358825683587 8.5000000000000018 -1.0000000180025095e-35 -8.0594902038574201 -12.798509597778319 0.79766666889190685 -1.0000000180025095e-35 -1.0000000180025095e-35 134.50000000000003 2.9700856208801274 -12.236631870269774 4.5000000000000009 4140.5000000000009 779.50000000000011 4.9474411010742196 7.5000000000000009 -1.0000000180025095e-35 0.82142454385757457 -0.057616949081420891 13.500000000000002 -15.375314712524412 4.2575199604034433 0.35416667163372045 8.4737639427185076 1.0000000180025095e-35 -113.37771987915038 1.4978661537170412 3.8815107345581059 2301874.5000000005
decision_type=2 2 2 2 2 2 2 2 2 2 2 2 2 2 2 2 2 2 2 2 2 2 2 2 2 2 2 2 2 2
left_child=2 19 7 -4 9 12 22 16 -8 11 14 -3 -5 15 18 -13 -1 -6 -10 -2 21 -21 -7 25 -25 -19 -15 -28 -29 -30
right_child=1 4 3 5 17 6 8 -9 10 -11 -12 13 -14 26 -16 -17 -18 23 -20 20 -22 -23 -24 24 -26 -27 27 28 29 -31
leaf_value=0.069449274889001933 -0.053200727331973376 -0.036686446378291437 -0.046056397933458566 0.45514839832840459 -0.033401103928311089 -0.049545918524724508 -0.049209977975182471 0.080195999906355397 -0.035365354225306934 -0.046951376856042823 0.052810789950451298 -0.055258225935228958 -0.027494051420155829 -0.037190240496057458 0.024096837110679954 0.15641319406468951 0.051492003332598638 0.046467805551492165 0.075473635517147128 0.01734642536530278 -0.040293302987561848 0.29500057427227949 0.016647351821855425 0.0036073348802887102 0.19538447284942562 0.12051803169898415 0.031750512013157074 -0.035393315787503592 0.034563883361612736 0.32402044898186549
leaf_weight=15404.925701841712 89839.354845549911 1807.4401185289025 2164.5129524739459 8.4325650874525291 374.47524076700211 772.94724694080651 495.10111932083964 20179.079205807298 195.34664116799831 2861.9034878313541 20252.14589795284 70.187626773491502 1785.6316571179777 874.7442651707679 8850.558947911486 223.67609288915992 15253.976456901059 1528.0189358461648 1749.4019781760871 83.183844711631536 10825.246803499758 41.51722670905292 1127.8529768865556 1158.5704533327371 77.946623271331191 581.59802881628275 2717.4558708369732 1313.4543184563518 173.19161033257842 45.510592561215162
leaf_count=9227 5773369 74647 96924 103 9864 26427 8963 4923 2354 142965 71500 1821 59571 29583 48097 3418 24131 18725 4985 3194 607610 217 16900 15131 629 3210 54597 30475 3857 345
internal_value=-0.00244216 -0.0452971 0.0532131 0.0326458 0.000706519 0.0374861 0.0407858 0.0683399 0.0438672 -0.0138618 0.0453591 -0.000732479 -0.0239669 0.011284 0.0313618 0.105778 0.0605247 0.0401708 0.0642779 -0.0515993 -0.0384424 0.117596 -0.0103291 0.048442 0.0164346 0.0671193 0.00576728 0.014643 -0.0157037 0.100694
internal_weight=202837 114597 88239.9 37401.9 13808.2 35237.4 33443.4 50838 31542.6 10087.6 31047.5 7225.66 1794.06 5418.22 10795.3 293.864 30658.9 3720.61 1944.75 100789 10949.9 124.701 1900.8 3346.13 1236.52 2109.62 5124.36 4249.61 1532.16 218.702
internal_count=7147762 6773657 374105 335824 389267 238900 179226 38281 135899 341708 126936 198743 59674 124096 55436 5239 33358 47559 7339 6384390 611021 3411 43327 37695 15760 21935 118857 89274 34677 4202
is_linear=0
shrinkage=0.055


Tree=18
num_leaves=31
num_cat=0
split_feature=51 53 48 41 54 25 50 49 8 53 57 41 26 53 26 25 25 51 32 50 54 42 23 26 14 7 6 52 41 49
split_gain=144046 10664.3 8998.34 4414.54 2318.61 2002.39 1466.29 1446.93 1431.1 1358.98 1305.13 1012.58 1045.34 947.252 1112.91 913.272 911.879 871.502 844.552 779.836 720.67 656.222 648.921 853.624 614.246 771.752 962.347 1156.66 1030.34 1643.87
threshold=78.500000000000014 -0.043944358825683587 8.5000000000000018 -1.0000000180025095e-35 14.500000000000002 -11.234835624694822 -1.0000000180025095e-35 -0.13518758863210675 3.860674381256104 -0.06542873382568358 35.500000000000007 -1.0000000180025095e-35 693.50000000000011 -0.058593511581420891 30.500000000000004 -15.881362915039061 -13.313959598541258 188.50000000000003 3.9219243526458745 -11.099377632141112 14.500000000000002 -1.0000000180025095e-35 4.5000000000000009 2347.0000000000005 5.7021131515502939 2.3326743841171269 -0.027874349616467949 0.8127591907978059 1.0000000180025095e-35 4.0306344032287607
decision_type=2 2 2 2 2 2 2 2 2 2 2 2 2 2 2 2 2 2 2 2 2 2 2 2 2 2 2 2 2 2
left_child=2 13 6 -4 -3 10 16 -6 9 -7 -5 -9 -13 -2 15 -15 -1 18 -16 -11 -18 -21 -12 -24 -14 26 27 28 29 -26
right_child=1 4 3 5 7 8 -8 11 -10 19 22 12 24 14 17 -17 20 -19 -20 21 -22 -23 23 -25 25 -27 -28 -29 -30 -31
leaf_value=-0.056090683146867888 -0.053004555934309409 0.041609461770540389 -0.047423230152840473 0.049704994948388648 -0.036359321015930382 -0.016122844984518866 0.077670482745752306 -0.049259077025356902 0.052222607071935566 -0.0078584025022232391 -0.040434611501421525 0.078340499087424367 0.07195067878288032 -0.05351676080016609 -0.0067452117430837014 0.15477395138449443 0.065104738775910748 -0.044909254417988237 0.26101118962880987 -0.061806057029108671 0.046710177335984891 0.038612545436422653 0.11169372987938492 -0.013008951449685268 -0.052196434285353532 -0.023673096855939785 -0.016039820622988983 0.038087137101892328 0.56896260042736935 0.38482241542408302
leaf_weight=206.33499088138342 84508.104577884078 3214.621828455478 2082.2548118019477 1048.5824235584587 4277.401365429163 1810.201275607571 19313.124410238117 885.68123965337873 14399.395987935364 1245.5928292870522 1896.4727607397363 664.90243934467435 375.52969861961901 100.15587459597737 1521.696570372209 160.61876750551164 19282.257080934942 9583.3614914771169 31.48625888582319 195.11371985450387 9785.9109847033396 15394.711972309276 210.10983908548951 724.55426045227796 58.72222638130188 2214.1344050578773 1023.2755053453147 1010.649075563997 16.51691677980125 40.358641672879457
leaf_count=2320 5720167 21231 96030 12959 194447 39542 4550 34610 55318 12912 53279 9581 9205 5390 70423 2470 12372 586045 444 2912 18844 53598 1895 8001 2444 66694 28762 21782 200 737
internal_value=-0.00249702 -0.0444943 0.0500921 0.0304119 0.000745246 0.034807 0.065887 -0.0116998 0.039195 0.0291229 -0.00256938 0.00508565 0.0140296 -0.050995 -0.0360782 0.0752738 0.0581012 -0.0387182 -0.000497098 0.0339912 0.0589212 0.0373363 -0.021984 0.015469 0.00493376 -0.000909365 0.0225391 0.0575068 0.218671 0.13575
internal_weight=197282 109687 87594.6 39007 13781.8 36924.7 48587.6 10567.2 33045 18645.6 3879.72 6289.77 5404.09 95905.4 11397.3 260.775 29274.5 11136.5 1553.18 16835.4 29068.2 15589.8 2831.14 934.664 4739.19 4363.66 2149.52 1126.25 115.598 99.0809
internal_count=7149164 6774632 374532 336446 389693 240416 38086 368462 164282 108964 76134 174015 139405 6384939 664772 7860 33536 656912 70867 69422 31216 56510 63175 9896 129824 120619 53925 25163 3381 3181
is_linear=0
shrinkage=0.055


Tree=19
num_leaves=31
num_cat=0
split_feature=51 54 51 41 25 53 27 50 55 3 41 50 31 6 56 55 50 14 25 54 32 25 47 49 7 9 50 40 25 56
split_gain=134061 10911.6 7611.12 3247.82 1873.55 1808.36 1731.81 1511 1433.61 1468.7 1420.13 1228.68 1198.76 1123.32 949.809 1163.6 894.667 890.377 798.643 757.184 692.935 647.302 623.904 588.884 636.629 557.068 545.701 536.863 518.796 512.987
threshold=69.500000000000014 80.500000000000014 8.5000000000000018 -1.0000000180025095e-35 -13.313959598541258 -0.051757574081420891 94.639945983886733 -1.0000000180025095e-35 0.83374023437500011 0.97916665673255932 -1.0000000180025095e-35 -9.7968654632568342 2.2499048709869389 -6.5773739814758292 -0.020263671874999997 0.86059570312500011 -7.5409164428710929 5.0072908401489267 -10.405081272125242 275.50000000000006 3.5972183942794804 -6.5060317516326895 -113.37771987915038 5.3943264484405526 0.75636866688728344 4.7781505584716806 -6.1563501358032218 3.4498615264892583 -22.486082077026364 -1.0000000180025095e-35
decision_type=2 2 2 2 2 2 2 2 2 2 2 2 2 2 2 2 2 2 2 2 2 2 2 2 2 2 2 2 2 2
left_child=2 6 7 -4 -5 -3 10 18 9 12 -2 29 23 -12 22 -16 17 -15 -1 -20 -11 -19 -13 -6 -25 -18 28 -24 -8 -7
right_child=1 5 3 4 8 11 26 -9 -10 20 13 14 -14 16 15 -17 25 21 19 -21 -22 -23 27 24 -26 -27 -28 -29 -30 -31
leaf_value=0.014638045148081338 -0.047361435482259732 -0.052065839327261824 -0.043402452304040363 -0.029547875497801638 -0.028615175896515122 -0.040364712805837581 0.41468826484624938 0.074964825374976771 0.047733128582615608 0.037066549324232104 0.14963118653509497 0.22657964461716229 0.050637381984627222 0.12165920835224493 0.43394245231496659 0.0078936599066936758 -0.0080387653912725315 0.00013168455884354611 0.059098463878409148 0.016137046314841221 0.11598900340096606 0.064665160762416837 -0.0074500892365320691 0.045198634294526176 -0.003139794962104106 0.064769157592949031 0.086060128453304338 0.27305678582581694 -0.041493176437006347 0.20335189006850773
leaf_weight=1404.2072423081845 858.10545177850872 85262.175302202813 1743.3103707814589 1368.7607487039641 1862.9860215783119 7304.413042797707 2.6060137422755352 19173.354316171259 16250.49056416098 8715.3178778663278 214.74945629108697 30.528322429396212 1592.3617860898376 207.07901454716921 28.968713860027492 45.628927428275347 381.38186972588301 4645.6957374969497 27699.988209292293 1303.8949929736555 346.43183989264071 518.12419291585684 2763.727592241019 1063.8465000260621 3598.2403488745913 1873.9851417783648 104.44341343827546 15.796493699774144 2183.1769737768918 21.351315534673631
leaf_count=7237 26972 6047051 81864 49078 35825 416420 103 4914 36827 42174 1197 682 12434 3029 147 755 3144 106635 21652 4580 838 5072 94676 5371 28223 10241 665 367 101660 792
internal_value=-0.00219991 -0.043472 0.0488185 0.0297667 0.033438 -0.0494456 0.00842413 0.0628554 0.036021 0.0249313 0.0196274 -0.0275507 0.0079324 0.0269841 0.00285206 0.190208 0.0234346 0.0112059 0.0552089 0.0571702 0.0401461 0.00666309 -0.00245063 -0.00252 0.00792721 0.0524668 -0.0340801 -0.00536847 -0.0400041 -0.0395162
internal_weight=192585 106462 86123.2 36541.7 34798.4 95472.6 10989.3 49581.4 33429.7 17179.2 8699.12 10210.4 8117.43 7841.02 2884.65 74.5976 7626.27 5370.9 30408.1 29003.9 9061.75 5163.82 2810.05 6525.07 4662.09 2255.37 2290.23 2779.52 2185.78 7325.76
internal_count=7150625 6819608 331017 292634 210770 6560890 258718 38383 161692 124865 156290 513839 81853 129318 96627 902 128121 114736 33469 26232 43012 111707 95725 69419 33594 13385 102428 95043 101763 417212
is_linear=0
shrinkage=0.055


Tree=20
num_leaves=31
num_cat=0
split_feature=51 51 53 41 50 50 50 52 8 27 42 57 6 57 25 7 25 48 0 16 56 25 26 41 14 26 27 6 56 35
split_gain=123079 10094.6 7859.22 3963.35 2292.29 1692 1472.43 1338.75 1086.73 936.956 910.782 907.113 882.785 875.843 1044.41 873.381 863.507 1078.51 822.713 814.2 785.467 774.128 740.772 739.158 754.635 725.408 4160.76 2029.49 2219.75 2480.82
threshold=103.50000000000001 8.5000000000000018 -0.045409947633743279 -1.0000000180025095e-35 -9.7968654632568342 -10.338613986968992 -1.0000000180025095e-35 0.8161771595478059 0.89587974548339855 192.54944610595706 -1.0000000180025095e-35 233.50000000000003 -12.073047161102293 32.500000000000007 -13.52804660797119 2.6614506244659428 -11.234835624694822 161.50000000000003 0.81666666269302379 759.50000000000011 -0.030029296874999997 -10.405081272125242 13.500000000000002 -1.0000000180025095e-35 6.2156071662902841 30.500000000000004 89.24811172485353 -8.5762786865234357 -0.044677734374999993 2.2769384384155278
decision_type=2 2 2 2 2 2 2 2 2 2 2 2 2 2 2 2 2 2 2 2 2 2 2 2 2 2 2 2 2 2
left_child=1 6 25 20 13 7 21 -5 -7 12 -10 -6 -9 14 -4 23 -12 18 -18 -15 22 -1 -3 -13 -25 26 27 28 29 -2
right_child=2 3 4 5 11 8 -8 9 10 -11 16 15 -14 19 -16 -17 17 -19 -20 -21 -22 -23 -24 24 -26 -27 -28 -29 -30 -31
leaf_value=0.013658471192492255 1.2825850126895539 0.29340270027498189 -0.024276124726853563 -0.037353411697253223 0.065297376836970178 -0.0037947066900980175 0.072717036549438091 0.35940647433308726 -0.045873910222302174 -0.042843864299201076 0.0057694272234366101 -0.046947951708751011 0.026117215202497216 0.08497885795237603 0.093238283107381636 -0.029759561608945738 0.033613427730086826 0.086036726586449286 0.063108435621402822 -0.032281945124921607 0.11452765876770415 0.055083757023296383 -0.049819363199054612 -0.02781911316573998 0.058120848884800284 -0.052213790742871823 -0.04466532797103813 -0.010418574816733523 0.22014900295547921 0.15108348390819834
leaf_weight=1436.2400084976107 10.001576409675181 14.262538378126917 515.66594808641821 1823.6437105676159 1255.4972570296377 2211.3051268709823 18908.152946215123 19.222433666698635 399.6917666234076 649.42842088174075 2410.8450864013284 323.94927700795233 3973.4146446939558 179.12833790387958 403.96257363446057 1093.8905426394194 21939.74414750468 1462.5987036675215 3295.2331719612703 7034.4780620727688 89.416496707126498 28916.126173492521 2525.024716315791 377.30606903135777 1641.7630199994892 82453.642577094026 1796.6742268595845 71.582555052824318 97.287784935906529 12.125421639531851
leaf_count=7274 378 140 23960 76595 8987 17870 4918 53 8090 28060 33996 11771 37548 4924 3622 29750 95545 12646 4532 305419 1139 26144 139655 7151 24818 6096073 132122 3701 1855 463
internal_value=-0.00243062 0.0438936 -0.0453294 0.0236613 -0.00521196 0.0281593 0.0606525 0.00251386 0.0333857 0.0181991 0.0361721 0.0253836 0.0281693 -0.0228686 0.0275691 0.0107295 0.0373064 0.0401526 0.0374767 -0.0293133 -0.0416065 0.0531261 -0.0473188 0.0296558 0.0420321 -0.051422 -0.0185297 0.222191 0.356443 0.804666
internal_weight=187341 90074.4 97267 40813.8 12825.6 38185.1 49260.5 6465.71 31719.4 4642.07 29508.1 4692.41 3992.64 8133.23 919.629 3436.91 29108.4 26697.6 25235 7213.61 2628.7 30352.4 2539.29 2343.02 2019.07 84441.3 1987.67 190.997 119.415 22.127
internal_count=7149199 494205 6654994 455869 420402 314935 38336 142256 172679 65661 154809 82477 37601 337925 27582 73490 146719 112723 100077 310343 140934 33418 139795 43740 31969 6234592 138519 6397 2696 841
is_linear=0
shrinkage=0.055


Tree=21
num_leaves=31
num_cat=0
split_feature=51 53 51 41 50 25 54 9 45 54 47 3 51 53 49 57 7 57 41 54 8 26 25 6 27 53 47 57 25 54
split_gain=113148 10001 7802.93 2867.98 1786.89 1638 1619.87 1216.13 1119.33 1079.4 1046.87 1026.82 832.732 884.864 783.938 771.296 857.062 738.439 701.638 682.967 656.917 639.732 3287.98 1841.65 2291.89 1229.3 901.751 677.188 645.538 898.457
threshold=78.500000000000014 -0.045409947633743279 8.5000000000000018 -1.0000000180025095e-35 -9.7968654632568342 -12.798509597778319 7.5000000000000009 4.6214168071746835 0.85119053721427929 27.500000000000004 -5.4528582096099845 0.97916665673255932 188.50000000000003 -0.063475489616394029 7.1610362529754648 233.50000000000003 2.3326743841171269 3.5000000000000004 -1.0000000180025095e-35 159.50000000000003 4.6001451015472421 30.500000000000004 -13.313959598541258 -8.5762786865234357 41.395067214965827 -0.063475489616394029 -112.71401214599608 3.5000000000000004 -11.234835624694822 882.50000000000011
decision_type=2 2 2 2 2 2 2 2 2 2 2 2 2 2 2 2 2 2 2 2 2 2 2 2 2 2 2 2 2 2
left_child=2 12 6 -4 9 17 -1 10 11 -3 -7 14 13 -2 -9 19 18 -5 -17 -6 -16 22 27 24 25 26 -24 -14 -26 -30
right_child=1 4 3 5 15 7 -8 8 -10 -11 -12 -13 21 -15 20 16 -18 -19 -20 -21 -22 -23 23 -25 28 -27 -28 -29 29 -31
leaf_value=0.066205842478036389 -0.043786587346318982 0.014063185802458451 -0.042145840221162932 0.12927655686633768 0.044785243908376723 -0.032019874208744963 0.045635401047159609 -0.011607836462364544 0.04335744159727558 -0.02935543330503218 0.028480503316774423 0.040001864527949793 0.26097229184724563 0.0022081300634699966 0.0092750727767240363 -0.046591615953765285 -0.020274213740874417 -0.033733370112877512 0.041056475438906885 0.19013682101189022 0.052958034064145648 -0.05309132411385209 0.20946328351987617 -0.017152302807198646 -0.049325113396029983 0.13658307800515981 1.046798355807081 -0.050140895785178601 0.1139436692081475 0.6225781524552374
leaf_weight=29279.450236819685 4846.1737571395934 2415.5033710636199 1837.4536036131904 83.919733649119735 1558.2586781792343 1638.9706755531952 19258.967453300953 3184.3580566765741 17586.796294006519 6093.885181886144 1821.295114996843 5759.4961071191356 16.545794033445418 1711.1017982568592 3157.9258989747614 311.35449894983321 1700.4934526765719 1575.2269574161619 2213.5937035772949 100.09952116757631 1550.8364860890433 73378.429758482613 8.4570709541439992 85.120104116387665 32.478400997817516 12.928221551701425 16.182621702551845 1685.9768578233197 46.385428972542286 9.980686894617973
leaf_count=11987 370621 37558 96939 1390 9892 21194 26423 52367 42415 309453 6258 31322 561 93071 19658 11239 40434 58304 29682 942 6231 5734696 281 4801 1971 110 118 128629 245 294
internal_value=-0.00214201 -0.043199 0.0434157 0.0248145 -0.000918906 0.0282038 0.0580495 0.0307569 0.0341832 -0.0170295 -0.00018063 0.0223538 -0.0506334 -0.0317919 0.00945907 0.0223755 0.00987382 -0.0251247 0.0301778 0.0541039 0.023703 -0.0522721 -0.02081 0.181168 0.310279 0.64465 0.843217 -0.046362 0.142076 0.247395
internal_weight=182978 96242.9 86734.7 38196.3 14393.2 36358.8 48538.4 34699.7 31239.4 8509.39 3460.27 13652.6 81849.8 6557.28 7893.12 5883.8 4225.44 1659.15 2524.95 1658.36 4708.76 75292.5 1914.06 211.533 126.412 37.5679 24.6397 1702.52 88.8445 56.3661
internal_count=7149086 6774598 374488 336078 439200 239139 38410 179445 151993 347011 27452 109578 6335398 463692 78256 92189 81355 59694 40921 10834 25889 5871706 137010 7820 3019 509 399 129190 2510 539
is_linear=0
shrinkage=0.055


Tree=22
num_leaves=31
num_cat=0
split_feature=51 48 54 41 50 50 53 27 53 41 16 26 42 50 57 9 25 54 25 47 44 54 14 56 10 9 53 57 46 23
split_gain=103464 8831.54 7765.67 3513.31 1635.75 1546.34 1444.57 1357.26 1187.3 1110.17 982.057 892.284 880.601 873.376 969.623 774.324 777.589 764.656 703.244 852.889 671.552 800.098 670.951 661.574 694.209 634.617 743.568 629.946 966.115 783.496
threshold=103.50000000000001 8.5000000000000018 80.500000000000014 -1.0000000180025095e-35 -10.338613986968992 -1.0000000180025095e-35 -0.051757574081420891 94.639945983886733 -0.043944358825683587 -1.0000000180025095e-35 4140.5000000000009 1627.0000000000002 -1.0000000180025095e-35 -11.935257434844969 48.500000000000007 4.6007614135742196 -17.791363716125485 14.500000000000002 -12.61204957962036 -11.560973167419432 1.0000000180025095e-35 27.500000000000004 4.9089648723602304 -0.030029296874999997 1.0000000180025095e-35 4.9211070537567148 -0.031346410512924187 18.500000000000004 2.6699898242950444 1.0000000180025095e-35
decision_type=2 2 2 2 2 2 2 2 2 2 2 2 2 2 2 2 2 2 2 2 2 2 2 2 2 2 2 2 2 2
left_child=1 5 7 23 8 17 -4 9 -5 -2 25 -12 -6 -8 -15 -14 -17 -1 27 -20 21 -21 -13 -3 -25 -11 -27 28 29 -18
right_child=2 3 6 4 12 -7 13 -9 -10 10 11 22 15 14 -16 16 18 -19 19 20 -22 -23 -24 24 -26 26 -28 -29 -30 -31
leaf_value=0.0550924718875411 -0.049183312934852771 -0.048158938343639608 -0.052069424025278116 -0.02395020779429986 -0.047534294973190054 0.069282843742546646 -0.041678747760852237 -0.036041014662420441 0.024170167723232716 -0.055832255397054734 0.047978586110573096 0.14590786105747436 0.005702640730747199 0.25483040960665648 -0.0090920143691334606 0.27698698110765579 0.38217148320438044 0.036151428093846236 0.06618132016729221 0.036685172861349466 0.039031059405925078 0.005547666146892595 -0.0012019031783873494 0.34573227910892068 0.013623012475830667 0.25164267900941728 0.07391415525731479 -0.032916604470308919 -0.059123136483215107 0.076567047856553064
leaf_weight=18582.69767886214 689.95118498895317 2347.8677863879129 71646.79304879345 3163.0446156207472 429.78400817047805 17539.918223448098 5484.9416466997936 1878.9494920792058 3033.8525975588709 55.718961359933019 2017.8373933322728 91.26910534966737 3233.8852949859574 37.673415595665574 3192.2531337579712 34.886662600561976 32.968427391722798 9943.4596939580515 2470.1950413882732 4971.2304554879665 17105.565563745797 5013.3922725263983 3631.8743263343349 20.024931964464486 81.474111646413803 112.48975452780724 197.30347798205912 817.60891877766699 93.276151226833463 87.326393246650696
leaf_count=13394 24943 138859 5924731 115785 9044 4512 357510 94511 26066 1338 24407 1374 23866 714 137337 400 246 20251 11807 9012 49498 46329 84248 85 1109 1887 1124 22202 1493 687
internal_value=-0.00224191 0.0396926 -0.04416 0.0217432 0.0256141 0.0564184 -0.0494966 0.00527362 -0.00039113 0.0167136 0.0241932 0.0185744 0.0303131 -0.0283271 -0.00562454 0.0313081 0.0340104 0.0484976 0.0336881 0.0352456 0.0324131 0.0210613 0.00259519 -0.0421623 0.092301 0.111004 0.141421 -0.0109134 0.0721469 0.172231
internal_weight=178040 89002.5 89037.1 42936.4 40487 46066.1 80361.7 8675.39 6196.9 6796.44 6106.49 5740.98 34290.1 8714.87 3229.93 33860.3 30626.4 28526.2 30591.6 29560.4 27090.2 9984.62 3723.14 2449.37 101.499 365.512 309.793 1031.18 213.571 120.295
internal_count=7148769 494645 6654124 456488 316435 38157 6420292 233832 141851 139321 114378 110029 174584 495561 138051 165540 141674 33645 141274 116646 104839 55341 85622 140053 1194 4349 3011 24628 2426 933
is_linear=0
shrinkage=0.055


Tree=23
num_leaves=31
num_cat=0
split_feature=49 54 48 50 41 27 53 50 54 26 24 57 41 25 26 25 25 15 50 50 8 56 26 8 0 9 0 23 53 49
split_gain=88144.2 12598.8 9129.8 3262.19 1781.96 1659.13 1617.43 1424.14 1233.07 1133.04 1089.23 997.61 1240.11 1117.36 900.71 3289.49 1071.63 1029.1 956.454 858.111 852.678 796.966 772.701 766.536 731.033 718.867 716.816 728.789 1023.48 1597.23
threshold=4.7771940231323251 66.500000000000014 8.5000000000000018 -11.600292682647703 -1.0000000180025095e-35 94.639945983886733 -0.045409947633743279 -1.0000000180025095e-35 80.500000000000014 2347.0000000000005 -0.52734768390655506 221.50000000000003 1.0000000180025095e-35 -8.7352323532104474 13.500000000000002 -12.61204957962036 -8.0344142913818342 5.9414854049682626 -16.647411346435543 -10.338613986968992 4.6001451015472421 -0.027099609374999997 558.00000000000011 3.979637980461121 0.35416667163372045 3.6754386425018315 0.23611111193895343 2.5000000000000004 -0.07128810882568358 7.8624610900878915
decision_type=2 2 2 2 2 2 2 2 2 2 2 2 2 2 2 2 2 2 2 2 2 2 2 2 2 2 2 2 2 2
left_child=1 5 7 8 -5 11 14 -2 23 -6 -11 -1 -13 -14 15 18 17 -17 -3 -8 -12 -21 24 -4 26 -15 -10 -28 29 -29
right_child=2 6 3 4 9 -7 19 -9 22 10 20 12 13 25 -16 16 -18 -19 -20 21 -22 -23 -24 -25 -26 -27 27 28 -30 -31
leaf_value=0.053154555384928116 0.047082089910747395 -0.051129355561852177 -0.015292109610247202 -0.042309204067439141 0.044136500401180938 -0.032006732970770418 -0.037594083327165045 0.067441506500865583 0.028351410913636622 -0.014923399519924245 0.018553955091817634 -0.016708024481413262 -0.03385977746324581 -0.050416919230224094 -0.051659515907697719 0.030805732267111221 -0.048892077467743607 0.42783330461249924 0.25532419902267006 -0.004258909138080579 0.042673818899477779 0.11487345403290573 -0.04379942611097954 0.045888037248584326 -0.053470368293820632 0.05428280407808473 -0.042139433681217205 0.93596390800860885 0.086041645770250752 -0.033538991749805798
leaf_weight=2647.6230803942308 27304.392603340559 780.25783509574831 1374.7423988757655 1133.0545403305441 9207.0322367334738 1872.2909598154947 3655.5633610179648 16868.439083855599 70.187929080799222 2252.1549969417974 16150.8389068041 2536.137280699797 618.88327429443598 209.45539899356663 70561.441328454763 27.126102057285607 26.954837434925139 76.670434689149261 27.154410536400974 2111.6726142410189 6115.9198935441673 179.69881405588239 3538.5883132601157 1119.946837047115 91.164216246455908 2831.0988867096603 13.725080041214822 11.908502248115836 19.690808708779517 6.9033013191074124
leaf_count=16107 29614 66169 24033 67040 30424 77774 220004 4401 2925 40275 122944 52799 17427 3231 5986118 611 1391 1038 538 57335 31097 2035 250597 11619 6174 22958 794 464 680 345
internal_value=-0.00236046 -0.0409217 0.0375046 0.018846 0.0254047 0.0149686 -0.0486551 0.0548636 -0.017744 0.0276856 0.0215004 0.0249267 0.0128306 0.033297 -0.0509478 0.00257509 0.253174 0.330259 -0.0393149 -0.021071 0.025187 0.00531372 -0.0376495 0.0122105 0.0629136 0.0469994 0.148283 0.292898 0.403446 0.647852
internal_weight=173441 88162 85278.7 41105.9 34859 10715.5 77446.5 44172.8 6246.86 33725.9 24518.9 8843.2 6195.57 3659.44 71499.6 938.164 130.751 103.797 807.412 5946.93 22266.8 2291.37 3752.17 2494.69 213.58 3040.55 122.416 52.2277 38.5026 18.8118
internal_count=7148961 6525535 623426 589411 291780 190296 6335239 34015 297631 224740 194316 112522 96415 43616 6055865 69747 3040 1649 66707 279374 154041 59370 261979 35652 11382 26189 5208 2283 1489 809
is_linear=0
shrinkage=0.055


Tree=24
num_leaves=31
num_cat=0
split_feature=50 54 41 54 25 49 50 42 53 26 26 49 25 26 25 0 23 57 14 33 8 50 6 28 54 47 56 8 14 16
split_gain=81509 15093.3 6002.3 4107.32 2720.67 1942.78 1223.99 1118.02 1000.82 957.426 954.273 954.773 940.989 921.941 2588.14 1668.76 1163.66 1555.14 939.651 868.606 786.087 764.465 739.206 1010.12 724.447 718.213 645.511 661.579 627.582 1161.3
threshold=-7.5409164428710929 108.50000000000001 -1.0000000180025095e-35 7.5000000000000009 -12.798509597778319 6.172173500061036 -4.4401073455810538 -1.0000000180025095e-35 -0.037664175033569329 581.50000000000011 243.00000000000003 -0.25132885575294489 -8.7352323532104474 24.500000000000004 -13.313959598541258 0.46428571641445165 6.5000000000000009 67.500000000000014 6.7062506675720224 6.6247234344482431 2.1383330821990971 -9.7968654632568342 -3.9025335311889644 10.500000000000002 94.500000000000014 -1.0000000180025095e-35 -100.89721679687499 3.7494349479675297 6.7244331836700448 2058726.5000000002
decision_type=2 2 2 2 2 2 2 2 2 2 2 2 2 2 2 2 2 2 2 2 2 2 2 2 2 2 2 2 2 2
left_child=1 4 8 25 -1 13 20 -6 -2 -7 -9 -12 -8 14 16 -16 -3 18 -18 -20 -5 -11 23 -22 -25 -4 -13 -28 29 -17
right_child=2 5 3 6 7 9 12 10 -10 21 11 26 -14 -15 15 28 17 -19 19 -21 22 -23 -24 24 -26 -27 27 -29 -30 -31
leaf_value=-0.040477926543997303 -0.052053374691110377 -0.050064943125280321 0.051113302668958284 -0.007971416457117339 -0.04712709341740403 0.084730876551513928 0.027217881496229182 0.063289826309082725 0.014342439264977615 -0.036145673289802699 -0.025324354566996402 -0.0046957768778713429 0.047315513593668382 -0.05131937343961953 0.040700167564185923 0.85206660256954003 0.19880677916951014 -0.049223213896388569 -0.017236660006440446 1.1647615902452169 0.0055028314026496867 0.016397093140020171 0.020366281773981747 0.052463667644440021 0.18592702219854634 0.067991715912296441 0.013349438963860415 0.042026623572612533 0.19074858017519183 0.195812883508591
leaf_weight=3124.9302430767566 2332.0534584512934 1197.4726513065398 18439.266759192571 2793.35088447202 813.01317828707397 287.5391641035676 12897.804471110925 1331.4647573251277 969.94895974826068 2498.8291545081884 1598.0895797777921 2580.716976666823 15611.863033417612 67665.648997251876 130.4338741209358 13.463307260535656 21.309634123928848 38.425459587946534 2.2425522347912183 3.3397397436201572 383.6492755683139 1255.1544511457905 9378.3614607201889 236.82730240002275 263.78958589956164 13171.130593061447 5442.3765953388065 4407.078178380616 47.94628537632525 21.918190327472985
leaf_count=170314 166074 105261 15967 40635 30227 9698 41884 9168 8594 157858 63665 48047 30967 6001687 5540 158 395 3486 197 83 6066 35784 92006 1242 2186 2739 65244 33057 576 468
internal_value=-0.00206774 -0.0368057 0.0399389 0.0432123 0.00646263 -0.0482147 0.0318423 0.0155423 -0.0325577 -0.0111337 0.0188737 0.014637 0.0382297 -0.0503812 -0.0073607 0.167372 -0.0374824 0.180353 0.464679 0.906134 0.0178852 -0.0185794 0.0249235 0.0728703 0.123933 0.0581557 0.0197828 0.0261957 0.352124 0.520112
internal_weight=168959 92481.4 76478 73176 19297.7 73183.7 41565.6 16172.7 3302 4041.52 15359.7 14028.3 28509.7 69142.2 1476.55 213.762 1262.79 65.3174 26.8919 5.58229 13056 3753.98 10262.6 884.266 500.617 31610.4 12430.2 9849.45 83.3278 35.3815
internal_count=7149273 6740913 408360 233692 419722 6321191 214986 249408 174668 203340 219181 210013 72851 6117851 116164 6742 109422 4161 675 280 142135 193642 101500 9494 3428 18706 146348 98301 1202 626
is_linear=0
shrinkage=0.055


Tree=25
num_leaves=31
num_cat=0
split_feature=51 53 51 41 50 54 45 42 25 50 8 28 54 47 53 51 16 13 35 54 26 52 56 26 13 51 54 26 51 8
split_gain=81511.5 7892.6 7008.82 2230.59 1700.92 1300.37 1116.52 1100.29 1173.9 856.665 841.759 993.838 805.887 761.384 748.026 877.839 745.332 733.457 879.297 756.384 620.569 607.273 949.562 598.517 593.098 591.412 532.529 530.686 518.029 509.818
threshold=95.500000000000014 -0.043944358825683587 8.5000000000000018 -1.0000000180025095e-35 -1.0000000180025095e-35 27.500000000000004 0.79856020212173473 -1.0000000180025095e-35 -11.234835624694822 -10.92155885696411 3.113268375396729 1464.5000000000002 7.5000000000000009 -111.22921752929686 -0.063475489616394029 180.50000000000003 759.50000000000011 3.9219243526458745 2.3502402305603032 134.50000000000003 4.5000000000000009 0.83927860856056224 -100.87231445312499 218.00000000000003 3.3842465877532963 26.500000000000004 80.500000000000014 157.00000000000003 26.500000000000004 7.0308513641357431
decision_type=2 2 2 2 2 2 2 2 2 2 2 2 2 2 2 2 2 2 2 2 2 2 2 2 2 2 2 2 2 2
left_child=2 14 4 -4 12 -3 25 -8 20 16 11 -10 -1 -12 -2 27 26 23 19 21 -9 22 -19 -11 -13 -5 -7 -16 -26 -25
right_child=1 5 3 6 -6 9 7 8 10 17 13 24 -14 -15 15 -17 -18 18 -20 -21 -22 -23 -24 29 28 -27 -28 -29 -30 -31
leaf_value=0.051335691952302469 -0.052404900265108932 0.022408252003088651 -0.038345265673113714 0.01377471066432759 0.063984711533000241 0.18428269721175039 -0.055217010065525499 0.22520349597386716 0.04734352437740047 0.096946095679727867 0.11824050211385904 -0.010589025586251176 0.03276774236118421 0.033686358169086036 0.14117603678085364 -0.042364320491103356 -0.035471310061621623 0.51969518835520256 -0.054418614854131839 -0.04981817741837756 -0.0067675331104084394 0.07234613446446693 0.10766250843950995 -0.0090431577173402458 0.030046135068414845 -0.043326567467128041 -0.050266875223283512 -0.0033766197084233508 -0.0021284073544789589 0.25805219261934059
leaf_weight=13724.374571330845 55930.803067218512 4392.6712071206421 1989.1222977470607 1023.7668064627796 16472.172875136137 76.465317147783935 523.45964957866818 30.221946727484465 2544.4010417545214 172.09291447326541 323.40189259685576 3208.5265954816714 14682.407633952796 19673.283807295375 76.995643376372755 10124.860140431672 4139.7906066086143 35.455389552749693 71.7851871997118 33.301652048714459 3671.2747293468565 45.687620962969959 34.736877339892089 2970.7956640655175 4134.0691858623177 1172.7530081011355 42.936716798692942 1215.6360858613625 2385.5908433469012 16.779407799243927
leaf_count=9240 5380264 45401 126868 8381 4929 1392 12832 121 9863 1334 1605 19536 24196 68417 1935 859600 241565 376 2177 1230 82802 514 326 80045 9693 53658 2445 73289 23982 302
internal_value=-0.00231309 -0.0424524 0.0349281 0.0183905 0.0499147 -0.00142163 0.0213119 0.0236043 0.0247588 -0.0151288 0.0281235 0.016774 0.0417461 0.035083 -0.0497823 -0.0369176 -0.0315225 0.00554139 0.101267 0.175518 -0.0045723 0.239657 0.336506 -0.00130247 0.00875836 -0.0167416 0.101309 0.00574446 0.0182806 -0.0071144
internal_weight=164940 79380.8 85558.8 40679.9 44879 12032.5 38690.7 36494.2 35970.8 7639.83 32269.3 12272.6 28406.8 19996.7 67348.3 11417.5 4259.19 3380.63 220.967 149.182 3701.5 115.88 70.1923 3159.67 9728.19 2196.52 119.402 1292.63 6519.66 2987.58
internal_count=7148318 6692195 456123 417758 38365 377107 290890 228851 216019 331706 133096 63074 33436 70022 6315088 934824 245402 86304 4623 2446 82923 1216 702 81681 53211 62039 3837 75224 33675 80347
is_linear=0
shrinkage=0.055


Tree=26
num_leaves=31
num_cat=0
split_feature=54 50 50 25 54 41 57 53 50 8 41 23 42 10 9 53 56 6 53 28 41 25 13 44 46 13 50 50 52 25
split_gain=68750.1 9457.03 8625.74 2934.56 2267.54 2201.96 1929.98 1275.05 1242.13 1124.35 1080.56 884.654 867.747 865.907 1569.22 1717.82 1366.49 846.354 893.81 838.739 837.172 813.777 727.45 698.386 921.971 928.15 758.218 1604.06 843.816 727.493
threshold=134.50000000000003 -7.1302528381347647 -5.5100338459014884 -13.52804660797119 7.5000000000000009 -1.0000000180025095e-35 239.50000000000003 -0.057616949081420891 -13.318503856658934 4.5798392295837411 -1.0000000180025095e-35 3.5000000000000004 -1.0000000180025095e-35 8.7839236259460467 4.9621331691741952 -0.049800932407379143 -100.88208007812499 -12.073047161102293 -0.055663824081420891 20.500000000000004 1.0000000180025095e-35 -7.7946922779083243 3.8393945693969731 1.0000000180025095e-35 1.4241235852241518 3.9219243526458745 -106.68571472167967 -33.341609954833977 0.85210400819778453 -8.7352323532104474
decision_type=2 2 2 2 2 2 2 2 2 2 2 2 2 2 2 2 2 2 2 2 2 2 2 2 2 2 2 2 2 2
left_child=2 7 3 -1 -4 -3 -5 -2 -9 17 -8 13 -12 -11 -15 16 -16 18 -10 -14 -7 -6 -13 -21 25 26 -25 28 -28 -27
right_child=1 5 4 6 21 20 10 8 9 11 12 22 19 14 15 -17 -18 -19 -20 23 -22 -23 -24 24 -26 29 27 -29 -30 -31
leaf_value=-0.040535227287236561 -0.050632498408478131 -0.047169653115499338 0.055360675737191861 0.033225026003381203 0.026320796796118526 0.0012289101171126273 -0.04703205278032721 -0.045280504460898353 0.70080756298217317 -0.011029018955044396 -0.059550552907706007 0.058262863345068513 -0.043511777443296137 0.0056882600791481903 -0.022214650967643586 -0.037001718508798 1.2950270260106869 -0.022879055713342086 0.085343162730117397 -0.004758894143111792 0.035352167179241882 0.046342273670561158 0.25302088539976381 -0.023877425458276248 0.010581875833325845 -0.048410902259016494 -0.030846212602196277 0.052893363123137548 0.69819888291927157 0.28223538282901839
leaf_weight=3394.9884783998132 57135.44754951261 1783.9093319317326 28844.238461909816 9630.6255170926452 17867.957035293803 3999.2564718294889 1252.2032613549381 5118.6277174912393 4.0881853038445106 443.52665474452078 577.63349958602339 139.00085159018636 856.84075306169689 38.284916402772069 2.9113275865092874 7.4394447561353427 4.9779542358592153 2762.708326453343 42.511421939358115 4528.1036998275667 4763.672877760604 9382.4233602359891 99.820380279794335 406.3679082216695 5867.1132155507803 24.511153162457049 6.0136422002688077 1765.6253115013242 12.82953161280602 81.524380418471992
leaf_count=207785 5636175 135670 15953 53798 40499 75756 63601 424693 98 21782 21057 6679 26867 1244 185 334 112 159315 1250 97697 40693 13824 2537 21680 49512 1154 332 27997 142 1033
internal_value=-0.00207254 -0.0399004 0.0321059 0.00740942 0.0446095 0.00844607 0.0139246 -0.0476498 -0.0279623 -0.00292991 0.00183132 0.0573535 0.00617776 0.0151055 0.213805 0.604351 0.988882 -0.0187963 0.202014 0.0090009 0.0197885 0.0332215 0.143185 0.0125618 0.0221656 0.0516677 0.0436921 0.0591031 0.507853 0.207065
internal_weight=160845 76346.2 84499 28404.4 56094.6 10546.8 25009.4 65799.3 8663.9 3545.27 15378.8 735.962 14126.6 497.14 53.6136 15.3287 7.88928 2809.31 46.5996 13548.9 8762.93 27250.4 238.821 12692.1 8163.99 2296.87 2190.84 1784.47 18.8432 106.036
internal_count=7149454 6506523 642931 572655 70276 252119 364870 6254404 618229 193536 311072 32873 247471 23657 1875 631 297 160663 1348 226414 116449 54323 9216 199547 101850 52338 50151 28471 474 2187
is_linear=0
shrinkage=0.055


Tree=27
num_leaves=31
num_cat=0
split_feature=51 48 53 41 50 50 7 23 9 6 50 41 26 1 26 26 27 2 23 57 30 42 50 26 48 28 26 25 45 56
split_gain=69999.9 7174.03 6025.59 2831.43 1530.03 1141.52 1052.93 1110.49 936.173 904.781 1007.47 762.194 808.323 751.588 720.633 712.899 2279.74 960.463 750.911 999.014 710.971 649.158 643.646 638.521 909.679 632.382 617.073 615.214 612.023 590.619
threshold=129.50000000000003 8.5000000000000018 -0.048811435699462884 -1.0000000180025095e-35 -1.0000000180025095e-35 -14.16388416290283 2.7383713722229008 4.5000000000000009 4.7895965576171884 -12.073047161102293 -14.804933547973631 -1.0000000180025095e-35 2003.5000000000002 0.64583334326744091 814.50000000000011 30.500000000000004 206.30230712890628 0.10555555671453477 6.5000000000000009 67.500000000000014 0.22500000149011615 -1.0000000180025095e-35 -115.06210708618163 190.50000000000003 566.50000000000011 49.500000000000007 173.00000000000003 -10.575509071350096 0.76337647438049328 -0.024169921874999997
decision_type=2 2 2 2 2 2 2 2 2 2 2 2 2 2 2 2 2 2 2 2 2 2 2 2 2 2 2 2 2 2
left_child=1 4 15 23 27 -4 8 9 -5 10 -8 -7 -13 -12 -9 16 17 -2 -18 20 -20 -10 -19 24 26 -11 -3 -1 -23 -15
right_child=2 3 5 6 -6 11 7 14 21 25 13 12 -14 29 -16 -17 18 22 19 -21 -22 28 -24 -25 -26 -27 -28 -29 -30 -31
leaf_value=-0.00098716630942289121 -0.018296707027528388 -0.035429583631740397 -0.027041464275354591 0.0023959196288435678 0.06141826995413608 -0.04229368859745334 -0.053647257434558712 0.063153614785024445 -0.049825171088353194 -0.032896334029587526 0.09736416202428827 0.037925566832898439 -0.0028751760139549723 0.66970610674667508 0.013652428169138482 -0.051487728950315344 -0.055317591933891463 -0.047145275199822839 0.094007196603719548 -0.049496370147490525 0.64480105826766132 -0.047779227013855598 0.24149430119530785 -0.048313728544719936 0.2992025890269131 0.0029656413182106585 0.28817645000908582 0.04118094382611738 0.030864082279995257 0.16733892839231299
leaf_weight=1090.3582259537652 88.410475094802678 161.32456636521965 5556.3996332427487 4779.5067430306226 14976.757477326319 851.91361258924007 109.98932491149753 1064.5200894568115 308.35384137835354 3057.1597396461293 172.95127490907907 2405.5073974151164 3758.3359959134832 9.0073295868933183 5319.049839402549 55805.552876686677 1167.9245658181608 25.601498922333121 17.92992860451341 40.51305619161576 9.5132346274331194 298.75126856379211 156.44109185598791 2368.3342149062082 31.99285829346627 2890.923764064908 14.964586689136921 25941.09062422812 24733.564141597599 24.534644344821572
leaf_count=4465 6320 11373 327204 47173 4551 43744 7668 6935 9099 92752 2468 40521 116793 173 45480 5866710 121253 1777 604 4108 193 16155 2764 176231 347 27561 938 29117 136648 163
internal_value=-0.00188957 0.0309331 -0.0429163 0.0157597 0.0473079 -0.00843043 0.0191343 0.00581397 0.0247258 -0.0106332 0.0792587 0.00631806 0.0130656 0.149646 0.0219502 -0.0504798 -0.0130925 0.130096 -0.0448249 0.126939 0.354889 0.0289362 0.200726 -0.0401825 0.0512414 -0.0154786 -0.000769414 0.0394802 0.0299161 0.371623
internal_weight=157237 87353.1 69884 45344.9 42008.2 12572.2 42768.3 12648.1 30120.2 6264.57 316.483 7015.76 6163.84 206.493 6383.57 57311.9 1506.33 270.453 1235.88 67.9562 27.4432 25340.7 182.043 2576.62 208.282 5948.08 176.289 27031.4 25032.3 33.542
internal_count=7151288 619297 6531991 581164 38133 528262 392275 183200 209075 130785 10472 201058 157314 2804 52415 6003729 137019 10861 126158 4905 797 161902 4541 188889 12658 120313 12311 33582 152803 336
is_linear=0
shrinkage=0.055


Tree=28
num_leaves=31
num_cat=0
split_feature=51 51 53 53 47 54 49 26 28 8 53 26 27 42 54 57 25 8 31 14 50 51 56 26 14 52 7 27 22 50
split_gain=63585.3 7156.05 6026.69 2218.09 1672.89 1038.99 1005.98 876.099 967.052 1004.11 866.749 830.491 2343.44 709.28 707.784 675.559 637.405 557.375 576.992 638.544 554.111 1183.99 899.089 821.101 703.959 560.83 546.886 1283.95 546.409 544.688
threshold=129.50000000000003 8.5000000000000018 -0.045409947633743279 -0.06640386581420897 -1.0000000180025095e-35 40.500000000000007 7.1610362529754648 243.00000000000003 28.500000000000004 2.5249279737472539 -0.028314471244812008 30.500000000000004 231.7850036621094 -1.0000000180025095e-35 7.5000000000000009 35.500000000000007 -12.432571411132811 3.9219243526458745 3.1984648704528813 8.1372499465942401 -2.7780261039733882 155.50000000000003 -100.89038085937499 417.50000000000006 5.3636341094970712 0.78877171874046337 6.4342291355133066 465.79299926757818 6.0330603122711191 -115.06210708618163
decision_type=2 2 2 2 2 2 2 2 2 2 2 2 2 2 2 2 2 2 2 2 2 2 2 2 2 2 2 2 2 2
left_child=1 4 11 6 14 16 -3 -5 10 -10 -9 12 29 -11 -1 26 -4 -8 -19 -20 -13 22 -22 24 -23 -24 27 -12 -25 -2
right_child=2 3 5 7 -6 -7 17 8 9 13 15 20 -14 -15 -16 -17 -18 18 19 -21 21 23 25 28 -26 -27 -28 -29 -30 -31
leaf_value=0.046568953118339897 -0.051156111646563425 -0.036052145291169332 -0.040323716442060412 0.052241594272793852 0.060111624706524931 -0.019497098418817138 -0.015652630838807528 -0.041887411108528991 0.0028424196043671532 -0.05061544683365829 0.069103132926445307 -0.050969289794490891 -0.047117264342089876 0.025704653111756549 0.028917362198600836 -0.015571351290734498 0.022271412688466923 0.028928580371845748 0.4661729727902621 0.073250430450925649 -0.033357859494887676 0.684955434054214 0.86662223576245634 -0.054157335721962935 -0.032218468383491849 -0.01847601152740342 0.00053811237217170338 0.39858385691371845 0.42972940523574038 0.13944173022763526
leaf_weight=12991.5830021929 50.372001122683287 3585.7035405253991 554.24362417776138 2179.4700751826167 14859.761415805668 6231.6237263167277 1172.4695922015235 1554.5126179205254 8738.5208033323288 369.5725039113313 217.06026069074869 54376.23023033794 1179.1672857971862 24228.015080958605 14676.266647484154 577.02069935295731 4113.7269556634128 1042.0832080347463 14.347555056214331 42.380947076715529 7.4150328598916522 4.2813244117423874 6.0340894628316146 179.97039507050067 6.7045946819707751 2.4392022173851728 177.99864871799946 38.666520709171891 2.3693728800863019 309.00389119703323
leaf_count=9190 3754 251396 22152 11778 4841 337052 32787 58956 69353 13667 1250 5970397 125729 114165 24302 4890 45179 19506 105 566 629 53 242 16766 530 140 2309 246 69 8387
internal_value=-0.00202804 0.0291383 -0.0422341 0.0135693 0.04522 -0.00480687 -0.0179295 0.0184157 0.0163552 0.0188594 -0.0161612 -0.0495016 -0.0096156 0.0245479 0.0372127 0.0234167 0.0148041 0.0106973 0.0387572 0.202337 -0.0506248 0.0380009 0.43138 -0.00438913 0.374091 0.699528 0.0748721 0.12561 -0.0365681 0.112391
internal_weight=153489 86465.4 67023.6 43937.8 42527.6 10899.6 5856.98 38080.8 35901.4 33336.1 2565.26 56124 1538.54 24597.6 27667.8 1010.75 4667.97 2271.28 1098.81 56.7285 54585.4 209.214 15.8883 193.326 10.9859 8.47329 433.725 255.727 182.34 359.376
internal_count=7150386 619307 6531079 580974 38333 404383 304360 276614 264836 197185 67651 6126696 137870 127832 33492 8695 67331 52964 20177 671 5988826 18429 1011 17418 583 382 3805 1496 16835 12141
is_linear=0
shrinkage=0.055


Tree=29
num_leaves=31
num_cat=0
split_feature=51 54 53 41 51 23 54 47 25 41 7 6 13 32 26 25 6 49 53 16 13 42 46 40 26 10 8 9 15 14
split_gain=59757.6 6336.03 5656.14 2983.01 1599.32 1231.18 1124.42 1084.13 937.889 970.259 765.137 718.288 698.438 692.335 616.211 2076.39 1009.81 558.807 649.947 863.821 620.943 556.039 544.584 607.453 856.428 616.725 540.636 533.899 525.879 525.3
threshold=129.50000000000003 7.5000000000000009 -0.048811435699462884 -1.0000000180025095e-35 26.500000000000004 2.5000000000000004 134.50000000000003 -1.0000000180025095e-35 -13.977248668670653 -1.0000000180025095e-35 2.5564534664154057 -7.291836977005004 3.7726949453353886 3.1984648704528813 30.500000000000004 -13.313959598541258 -8.5762786865234357 -0.25132885575294489 -0.047699332237243645 1178214.5000000002 3.5972183942794804 -1.0000000180025095e-35 5.3157377243042001 2.6020033359527592 15844.000000000002 5.9952068328857431 1.0000000180025095e-35 4.7781505584716806 5.4094088077545175 5.8678824901580819
decision_type=2 2 2 2 2 2 2 2 2 2 2 2 2 2 2 2 2 2 2 2 2 2 2 2 2 2 2 2 2 2
left_child=1 7 14 -3 10 13 8 -1 -4 -10 27 -11 -7 -6 15 -2 -17 18 19 20 -13 -19 23 24 25 -14 -23 -5 -12 -27
right_child=2 3 6 4 5 12 -8 -9 9 11 28 17 22 -15 -16 16 -18 21 -20 -21 -22 26 -24 -25 -26 29 -28 -29 -30 -31
leaf_value=0.040189978075340832 -0.047005711403820052 -0.036921492648499095 -0.042977989409728391 0.012277392240411578 -0.015841750369141174 0.0075763070361050174 -0.032384219180851249 0.061585219997632314 -0.049265396764369147 0.1189515239401254 -0.063281600443030731 -0.028084535107782475 -0.047292680533690137 0.054564783514018111 -0.050978748906101934 0.17922844166059698 -0.053032698624333678 -0.059277172435086872 -0.0189403121357157 -0.0441377272346542 0.65500566703868868 -0.049708111452915531 0.026661944170835443 0.053817486647886846 -0.053270354353495183 0.10446305369311071 0.033045645926981462 0.034985597876903314 0.015689510536395081 0.38260078424678706
leaf_weight=19958.608804183081 1164.7926047164947 2949.4212753474712 1145.4313227022067 3674.7099196072668 6684.9528498016298 6095.5798622146249 3999.5531594874337 11230.415333550423 731.53277147933841 199.05932600051165 257.17089529428631 5.0511532006785265 17.386036550626159 446.11830137949437 50469.901878307573 207.72521124128252 74.5428123222664 226.56622330471873 1592.5236229710281 18.717362985946238 9.2953300494700652 249.19907475169748 2680.3948619225994 623.1165899625048 36.356273618526757 35.848139798268676 4105.2459108801559 21482.726819466799 9632.010299295187 65.543988317251205
leaf_count=23534 129089 194320 75350 8766 180441 85591 278038 2772 33735 2533 1829 382 648 7855 5864477 3059 4905 6722 58234 1415 266 5381 24830 15299 1418 656 66217 34915 36248 553
internal_value=-0.00188664 0.028122 -0.0420242 0.0168363 0.0199045 0.00588675 -0.00845595 0.0479025 0.00311121 0.0105329 0.0265765 0.017395 0.0187899 -0.011402 -0.0499639 -0.0145165 0.118036 0.0140447 -0.0136289 0.211077 0.4694 0.023869 0.0385135 0.0789009 0.174825 0.243974 0.0282582 0.0316717 0.0136049 0.293793
internal_weight=150069 85870.4 64199.1 54681.3 51731.9 16685.3 12282.2 31189 8282.62 7137.19 35046.6 6405.66 9554.23 7131.07 51917 1447.06 282.268 6206.6 1625.59 33.0638 14.3465 4581.01 3458.65 778.251 155.134 118.778 4354.44 25157.4 9889.18 101.392
internal_count=7149478 619675 6529803 593369 399049 317291 528273 26306 250235 174885 81758 141150 128995 188296 6001530 137053 7964 138617 60297 2063 648 78320 43404 18574 3275 1857 71598 43681 38077 1209
is_linear=0
shrinkage=0.055


Tree=30
num_leaves=31
num_cat=0
split_feature=51 48 53 41 50 54 50 9 41 26 51 53 26 50 35 27 22 25 56 50 15 54 14 56 40 25 54 33 54 31
split_gain=55331.3 6403.3 5721.84 2159.92 1460.79 1067.26 969.534 856.22 714.777 669.506 684.973 666.784 620.813 1409.21 677.772 596.879 637.563 573.242 564.838 557.59 1000.59 780.007 633.789 842.392 556.821 545.596 537.763 521.448 741.7 846.124
threshold=129.50000000000003 8.5000000000000018 -0.048811435699462884 -1.0000000180025095e-35 -1.0000000180025095e-35 40.500000000000007 -4.4401073455810538 4.6214168071746835 -1.0000000180025095e-35 243.00000000000003 26.500000000000004 -0.06640386581420897 24.500000000000004 -17.062172889709469 1.0000000180025095e-35 206.30230712890628 1.2424533367156985 -10.575509071350096 -0.030029296874999997 -11.935257434844969 8.4737639427185076 101.50000000000001 4.7916412353515634 -0.044677734374999993 2.8617925643920903 -6.475062131881713 7.5000000000000009 6.0001573562622079 820.50000000000011 2.4414010047912602
decision_type=2 2 2 2 2 2 2 2 2 2 2 2 2 2 2 2 2 2 2 2 2 2 2 2 2 2 2 2 2 2
left_child=1 4 12 18 8 25 7 -5 -1 -9 -11 -12 13 15 -15 16 -2 -10 -3 22 -21 24 23 -7 -22 -4 -19 -13 -29 -30
right_child=2 3 5 6 -6 19 -8 9 17 10 11 27 -14 14 -16 -17 -18 26 -20 20 21 -23 -24 -25 -26 -27 -28 28 29 -31
leaf_value=-0.022840542983373884 -0.054945685873974297 -0.044480660149315246 0.0062582935089034392 -0.020692656677664213 0.057604055442264858 -0.049290210069580634 0.025282760736240535 0.046619558315495246 -0.0027095868294009237 0.020832334460014014 -0.028669512391419134 0.018280336106129849 -0.050778000561387496 0.36041181067538908 0.068325502640120703 -0.047908066782891293 0.14459508658803374 0.046712424228603847 0.081788138943832106 -0.01043704784154903 0.045702367559144225 0.014481683583319907 -0.036226871185698742 0.32085563006268203 0.35850070286360347 0.067132564079148263 0.030453895350422009 -0.010428859747607891 0.033201534807638648 0.38367767536189812
leaf_weight=619.52817238587886 81.949669344350696 2241.6304425150156 4260.2407742403448 2692.4810702092946 13587.352673219517 36.888479512184858 18108.519420663826 1575.7753488644958 1064.6783641055226 9084.4205778203905 1942.4165623886511 5292.823234169744 48200.01045003254 34.782004930078983 68.577516510151327 898.7927023973316 106.53093656990677 12214.97734234482 108.04584865551442 2943.6855190359056 28.171016590669751 89.565644752234221 4247.4401273550466 30.316413508728147 47.035660177469254 492.5751091465354 12506.33098182641 4450.6834518918768 70.077675419859588 25.334873418323696
leaf_count=5842 4494 187703 69155 53365 4555 2668 44866 15174 3959 37869 111122 64547 5885823 519 1856 106247 2564 7532 1292 120834 519 3654 327850 843 630 2194 16266 62584 2654 401
internal_value=-0.00172214 0.0268821 -0.0414845 0.0127899 0.0429437 -0.00771079 0.0155817 0.00858861 0.0353905 0.0121055 0.0094885 0.000736303 -0.0498088 -0.0105254 0.178712 -0.0292506 0.0586587 0.0367937 -0.0385131 -0.0207349 -0.00296625 0.126877 -0.033518 0.12834 0.251485 0.0126311 0.0384952 0.00655326 -0.00710514 0.140734
internal_weight=147152 85585.1 61566.6 45592.2 39992.9 12175.9 43242.5 25134 26405.5 22441.5 20865.8 11781.3 49390.6 1190.63 103.36 1087.27 188.481 25786 2349.68 7423.1 3108.46 164.772 4314.65 67.2049 75.2067 4752.82 24721.3 9838.92 4546.1 95.4125
internal_count=7149581 619731 6529850 581577 38154 528347 392582 347716 33599 294351 279177 241308 6001503 115680 2375 113305 7058 27757 188995 456998 125637 4803 331361 3511 1149 71349 23798 130186 65639 3055
is_linear=0
shrinkage=0.055


Tree=31
num_leaves=31
num_cat=0
split_feature=51 53 51 41 47 25 41 25 26 27 8 52 26 25 26 23 57 56 16 4 26 56 26 53 46 49 33 7 15 8
split_gain=50386 6082.18 5764.01 2062.97 1664.78 1178.1 1334.76 1060.82 908.339 1685.65 905.793 829.373 821.019 769.294 714.682 700.38 628.919 617.095 539.302 449.138 438.041 443.941 676.912 544.81 437.571 488.291 543.936 497.521 539.19 430.77
threshold=129.50000000000003 -0.045409947633743279 8.5000000000000018 -1.0000000180025095e-35 -1.0000000180025095e-35 -13.728870391845701 -1.0000000180025095e-35 -12.798509597778319 30.500000000000004 231.7850036621094 3.7494349479675297 0.79469609260559093 4076.5000000000005 -9.0304989814758283 814.50000000000011 6.5000000000000009 67.500000000000014 -0.031005859374999997 759.50000000000011 1.0000000180025095e-35 190.50000000000003 -100.87622070312499 173.00000000000003 -0.06640386581420897 -0.36646053194999689 2.551335453987122 8.1216197013854998 0.21831405907869342 5.4094088077545175 6.0626208782196054
decision_type=2 2 2 2 2 2 2 2 2 2 2 2 2 2 2 2 2 2 2 2 2 2 2 2 2 2 2 2 2 2
left_child=2 8 4 20 13 -3 -7 -5 9 -2 11 24 17 -1 -13 -11 -17 -8 -14 -16 21 22 -4 -24 25 27 -27 28 -9 -20
right_child=1 5 3 7 -6 6 12 10 -10 15 -12 14 18 -15 19 16 -18 -19 29 -21 -22 -23 23 -25 -26 26 -28 -29 -30 -31
leaf_value=0.020310943050232871 0.088507072777009435 -0.048159411598498326 -0.0543545183618208 -0.023686801689972559 0.056526899301690275 -0.051168623996839267 0.014916585649666459 0.43990913270644588 -0.050083365508581605 -0.055190292225535224 0.025907414419212838 0.035075922131558634 0.09812739042282817 0.039771667630098172 0.0050973438878523366 0.26477809468639635 -0.048475312488020984 0.059796474582583331 -0.015691666893667928 0.039977038414389217 -0.046746473334844829 0.16714944587491898 -0.034680680899380562 0.52966767229400835 -0.044859638488535726 0.052446320635194478 0.35311604099941463 -0.055441048936763791 -0.041792086108954477 0.089579614923159454
leaf_weight=9595.2694980856031 406.42802181048319 1491.48598884698 135.33241506014019 2062.0271219490096 13464.395251110196 1137.574149241671 3228.8903166484088 8.782333589158954 47053.276677373797 971.07247693929821 17924.855157934129 3418.196264853701 135.29698291700333 17176.184412116185 15931.534097728319 36.101195328868926 34.212699475232512 1297.8404822191224 3267.7211217647418 1196.1862340653315 2057.6299766004086 52.582598529756069 8.2372925402596575 6.7196788778528562 1202.2294130856171 79.609483884647489 19.56375636998564 167.88396643754095 12.75118478015065 117.03581723477691
leaf_count=17147 12211 106592 11334 99385 4815 69069 80189 80 5988036 121011 103650 15472 1938 16474 107642 776 4075 16311 127306 2367 176960 841 658 139 48470 1907 335 10734 667 3160
internal_value=-0.00157103 -0.0404913 0.0256799 0.0119871 0.0407471 -0.00290665 0.00446433 0.0147417 -0.0487632 -0.00583253 0.0167273 0.00925595 0.0123561 0.0328018 0.0121321 -0.042898 0.119259 0.0278357 -0.00756174 0.00754427 -0.0391414 0.0372617 -0.0121016 0.288043 -0.0302899 0.0301357 0.125861 -0.0219309 0.200543 -0.0119249
internal_weight=143697 59176.9 84520 44284.1 40235.8 10675.8 9184.36 42023.6 48501.1 1447.81 39961.6 22036.7 8046.78 26771.5 20545.9 1041.39 70.3139 4526.73 3520.05 17127.7 2260.5 202.872 150.289 14.957 1490.82 288.591 99.1732 189.417 21.5335 3384.76
internal_count=7149751 6530674 619077 580641 38436 404565 297973 390709 6126109 138073 291324 187674 228904 33621 125481 125862 4851 96500 132404 110009 189932 12972 12131 797 62193 13723 2242 11481 747 130466
is_linear=0
shrinkage=0.055


Tree=32
num_leaves=31
num_cat=0
split_feature=51 53 51 41 50 50 26 24 7 7 42 53 50 3 26 22 10 31 26 24 8 6 27 28 26 57 25 49 44 26
split_gain=46520.7 5578.88 5552.36 2062.28 1681.55 1029.72 799.558 1303 785.227 822.376 726.919 692.638 677.946 2104.16 2040.05 1008.05 886.381 867.646 676.421 648.802 625.329 555.445 661.988 586.697 550.027 537.5 728.516 513.144 606.104 502.066
threshold=129.50000000000003 -0.045409947633743279 8.5000000000000018 -1.0000000180025095e-35 -1.0000000180025095e-35 -10.534414768218992 30.500000000000004 -13.692051410675047 2.7383713722229008 12.340274810791017 -1.0000000180025095e-35 -0.046523362398147576 -6.7160089015960684 0.86190477013587963 2471.5000000000005 3.6242519617080693 5.8493206501007089 1.0000000180025095e-35 312.50000000000006 -0.094459690153598772 1.2424533367156985 -12.073047161102293 670.30813598632824 15.500000000000002 3167.5000000000005 32.500000000000007 -13.52804660797119 8.8405928611755389 1.0000000180025095e-35 2259.5000000000005
decision_type=2 2 2 2 2 2 2 2 2 2 2 2 2 2 2 2 2 2 2 2 2 2 2 2 2 2 2 2 2 2
left_child=2 6 4 -4 11 25 7 -2 10 21 -5 -1 -8 -14 15 16 -15 -18 -11 -12 -21 22 24 -23 -10 26 -3 28 -22 -7
right_child=1 5 3 8 -6 29 12 -9 9 18 19 -13 13 14 -16 -17 17 -19 -20 20 27 23 -24 -25 -26 -27 -28 -29 -30 -31
leaf_value=0.0072057596724066225 -0.047959822592836002 -0.036104460542613306 -0.041498826820427 -0.053480763358015736 0.055056318409429088 0.034464320885291153 -0.051043619194432073 0.060809265927881662 0.082761670508327292 0.072663406721961019 0.052675736998020382 0.034394522294463055 -0.040776258003590686 -0.034971315376338748 0.0068958574863488475 -0.040649822227490626 0.78764466888419471 0.26402317374992473 0.0098806010839702779 -0.008376437794951213 -0.004482871602552712 -0.040517121578835587 -0.015761569982638644 -0.003583554129806198 0.34798095970584142 -0.025805634152413041 0.071300546046100602 0.026766386418456838 0.022103285041629565 -0.0018939415144740329
leaf_weight=3243.248179314658 903.4094840795733 340.63275685999542 2170.7992308987305 416.31220086105168 13316.231086116284 2153.4800193253905 43711.705638690386 521.19245563214645 103.39459577668458 565.94144794531167 1658.7430764818564 22644.843366773799 908.74716663127765 8.2807263620197755 104.16398328822106 13.140379494056104 22.690245033241808 26.489224241115153 5750.8776308465749 2597.6009258879349 4512.6298261755146 2012.6366076683626 156.1437331167981 3666.4428909290582 27.816581400111318 5202.9501871280372 423.28975752647966 14298.350646454841 6091.2408253345639 2455.2647673087195
leaf_count=10265 116499 23018 190026 12366 4971 28827 5872075 21567 2166 2410 10815 23096 107165 520 6033 785 570 775 49242 27826 82939 79258 8022 39455 273 287835 3322 41481 34742 61285
internal_value=-0.00206881 -0.0404437 0.0241177 0.0107113 0.0391706 -0.00440476 -0.0486884 -0.00809301 0.0134236 0.00173361 0.0182776 0.0309904 -0.0499784 -0.00696759 0.165076 0.382565 0.474855 0.556003 0.0155585 0.0193112 0.0172895 -0.0129039 0.0610579 -0.0166967 0.149697 -0.0194807 0.0234853 0.0199679 0.0107924 0.0151137
internal_weight=140029 56795.4 83233.3 44028.9 39204.3 10575.6 46219.8 1424.6 41858.1 12283.3 29574.9 25888.1 44795.2 1083.51 174.765 70.6006 57.4602 49.1795 6316.82 29158.6 27499.8 5966.43 287.355 5679.08 131.211 5966.87 763.923 24902.2 10603.9 4608.74
internal_count=7149629 6530276 619353 581021 38332 404287 6125989 138066 390995 180826 210169 33361 5987923 115848 8683 2650 1865 1345 51652 197803 186988 129174 10461 118713 2439 314175 26340 159162 117681 90112
is_linear=0
shrinkage=0.055


Tree=33
num_leaves=31
num_cat=0
split_feature=51 53 54 50 41 25 47 42 50 8 57 6 15 50 25 25 49 27 57 33 14 42 41 45 9 49 8 16 47 54
split_gain=41965.5 6036.81 5304.86 2272.03 1179.53 1591.83 1178.37 1144.96 839.422 793.778 736.326 717.12 731.835 648.831 648.452 637.715 591.767 574.659 553.221 1242.54 814.155 519.897 760.806 1206.76 1281.26 1273.67 1261.05 1085.29 964.625 882.106
threshold=129.50000000000003 -0.051757574081420891 7.5000000000000009 -4.4401073455810538 -1.0000000180025095e-35 -13.728870391845701 -1.0000000180025095e-35 -1.0000000180025095e-35 -106.68571472167967 1.8688348531723025 32.500000000000007 -5.5466401576995841 8.4043602943420428 -11.099377632141112 -8.7352323532104474 -10.575509071350096 3.5483832359313969 71.828475952148452 6.5000000000000009 8.0065340995788592 7.0224223136901864 -1.0000000180025095e-35 1.0000000180025095e-35 0.82759225368499767 4.6676189899444589 -8.4677567481994611 1.0000000180025095e-35 1097221.0000000002 -19.594601631164547 59.500000000000007
decision_type=2 2 2 2 2 2 2 2 2 2 2 2 2 2 2 2 2 2 2 2 2 2 2 2 2 2 2 2 2 2
left_child=2 18 6 7 -3 -6 15 -4 10 -9 -7 12 17 -11 -5 -1 -16 -10 19 -2 -21 -13 -23 24 26 29 -24 -28 -29 -25
right_child=1 4 3 14 5 8 -8 9 11 13 -12 21 -14 -15 16 -17 -18 -19 -20 20 -22 22 23 25 -26 -27 27 28 -30 -31
leaf_value=-0.0086270359396555443 -0.013313475132849936 -0.050282762765629187 -0.050106237707075042 0.014898623269832559 -0.043063856696758628 0.083897103781628762 0.057606557852392409 -0.01739294117561787 0.11547885101897452 -0.010141845219525263 -0.03481482983594536 -0.049627778905419598 0.32523361641261583 0.01347709918393806 -0.026238594226547885 0.03648175269358167 0.033928615084334639 -0.0037909016286134544 -0.049621504242794739 -0.029973146135473409 0.72663031634684516 -0.0049412629702382752 -0.043976430103971266 0.065367830658584841 0.07819594568288557 0.019504663886938094 -0.036172306697436721 -0.029718163144735649 0.7305565176924339 0.57054173283180265
leaf_weight=999.1750751202926 78.505331948399544 1609.7323597171344 1241.5408340804279 12838.562772186473 2110.9077160931192 169.94324910454452 9816.7361508309841 4371.8645704076625 267.84684940986335 4483.1180498865433 1653.5182423964143 370.43110698182136 29.71264475164935 16291.023060116917 508.87313021020964 17919.428274467587 14163.239829213358 220.76937837339938 41486.959278767928 5.8641743669286353 7.9802372003905475 2762.9838189436123 16.817009346559644 23.289290816523135 263.11049695126712 3384.1645690258592 8.7749837357550842 5.4856264963746026 28.844838578253988 16.463690330274403
leaf_count=5401 9347 126813 94323 38545 188376 1977 2774 101071 2876 156967 114668 17503 439 170117 8504 18156 23267 8326 5868881 738 241 102624 941 389 11424 72069 498 309 572 509
internal_value=-0.00165774 -0.0391094 0.0230539 0.0128767 -0.00630396 -3.785e-05 0.0421376 0.00134581 0.0098286 0.00389562 -0.0235519 0.0180658 0.0801444 0.00837885 0.0239346 0.0340977 0.0318336 0.0620972 -0.0493191 0.082121 0.483231 0.0133344 0.0169524 0.0330817 0.133893 0.0233892 0.353595 0.497151 0.620739 0.314954
internal_weight=137156 54522.1 82633.6 53898.2 12942.8 11333.1 28735.3 26387.5 9222.16 25146 1823.46 7398.69 518.329 20774.1 27510.7 18918.6 14672.1 488.616 41579.3 92.3497 13.8444 6880.37 6509.93 3746.95 323.033 3423.92 59.9225 43.1054 34.3305 39.753
internal_count=7148645 6529520 619125 592794 650313 523500 26331 522478 335124 428155 116645 218479 11641 327084 70316 23557 31771 11202 5879207 10326 979 206838 189335 86711 13744 72967 2320 1379 881 898
is_linear=0
shrinkage=0.055


Tree=34
num_leaves=31
num_cat=0
split_feature=51 53 54 41 50 50 41 25 9 56 26 26 15 26 25 6 25 50 3 46 0 22 8 26 49 49 6 26 48 25
split_gain=40321 5291.9 4945.19 2034.54 1240.29 1083.77 900.482 1070.09 836.922 754.171 922.194 730.679 745.84 617.764 1218.07 734.071 617.053 581.076 2289.28 1726.68 659.81 615.796 552.021 681.981 534.332 795.508 561.057 531.774 630.124 524.361
threshold=129.50000000000003 -0.048811435699462884 7.5000000000000009 -1.0000000180025095e-35 -4.4401073455810538 -1.0000000180025095e-35 -1.0000000180025095e-35 -13.728870391845701 4.7661561965942392 -0.034912109374999993 641.00000000000011 243.00000000000003 6.7411100864410409 30.500000000000004 -13.313959598541258 -9.2814431190490705 -8.7352323532104474 -6.7160089015960684 0.86190477013587963 -0.047001281753182404 0.64583334326744091 3.5694335699081425 4.2121002674102792 4076.5000000000005 3.0254303216934209 -0.59651678800582875 -4.78552222251892 190.50000000000003 566.50000000000011 -9.9711747169494611
decision_type=2 2 2 2 2 2 2 2 2 2 2 2 2 2 2 2 2 2 2 2 2 2 2 2 2 2 2 2 2 2
left_child=2 13 5 27 8 29 -3 -8 -5 10 -9 -10 -13 14 -2 -16 -6 -15 -19 21 -21 -20 23 -11 25 26 -14 28 -4 -1
right_child=1 6 3 4 16 -7 7 9 11 22 -12 12 24 17 15 -17 -18 18 19 20 -22 -23 -24 -25 -26 -27 -28 -29 -30 -31
leaf_value=0.0046754146322305883 -0.041976112257429879 -0.049028235174359856 0.00062189850451357899 -0.016998258826001561 0.014655980609857854 0.056632853221376157 -0.041369943530456692 0.048983513948727755 0.047121080643537733 0.042117078342068091 -0.011638106019648226 -0.0096426789770586198 0.24596690834525187 -0.050700270203945762 0.14122481981149146 -0.030114197759220151 0.031402613033595518 -0.046713993311608415 0.42040252785819371 -0.052703414614332353 0.31120017101089598 -0.036415594650485661 0.081886259171294509 -0.028772987328615902 0.017656387183280324 -0.035481803020557166 -0.050415781422068089 -0.042845100189281435 0.22805340011348446 0.036599841661497039
leaf_weight=1712.7940231841058 955.25217411993071 1325.8330293009058 201.45816521113738 3886.725244675763 12615.70942973718 9340.8927661366761 1659.7145452322438 877.04894758202136 1544.9294100883417 1235.7362846517935 5440.9941500071436 5326.4988088887185 49.26665103295818 38474.692507992499 208.24271270725876 114.86921072145924 14121.163104566745 782.80557312397286 64.618537339381874 79.201247827149928 13.36727211717516 9.3688165321946126 537.5575250685215 609.26968597061932 12910.717149464414 1015.3924431940541 27.721687688026577 2330.5710624014027 40.108611402101815 17209.473917424679
leaf_count=6446 128817 100927 12815 72221 32493 2724 142947 16186 14242 17885 234824 76055 1058 5750844 2302 5642 20816 104061 1919 5126 103 676 6149 8666 138439 42422 1551 180669 335 17110
internal_value=-0.00134722 -0.0390658 0.0226539 0.0129065 0.0152918 0.041296 -0.00643931 -0.000968087 0.00642041 0.00675824 -0.00319074 0.0107839 0.00786816 -0.0484313 -0.0107547 0.0807816 0.023505 -0.0496514 -0.00710295 0.175003 0.0131006 0.363913 0.0330922 0.0186928 0.01453 -0.0223325 0.14268 -0.0347875 0.0422424 0.0337121
internal_weight=134722 52388.6 82333.4 54070.3 51498.1 28263.2 11686.2 10360.3 24761.3 8700.61 6318.04 20874.5 19329.6 40702.4 1278.36 323.112 26736.9 39424.1 949.361 166.556 92.5685 73.9874 2382.56 1845.01 14003.1 1092.38 76.9883 2572.14 241.567 18922.3
internal_count=7146470 6527074 619396 593116 399297 26280 527584 426657 345988 283710 251010 273767 259525 5999490 136761 7944 53309 5862729 111885 7824 5229 2595 32700 26551 183470 45031 2609 193819 13150 23556
is_linear=0
shrinkage=0.055


Tree=35
num_leaves=31
num_cat=0
split_feature=51 54 48 47 42 3 25 6 0 10 25 51 45 41 24 14 27 16 0 27 4 45 45 51 6 7 1 55 13 2
split_gain=35577.8 5335.75 4830.14 1599.32 1335.38 1165.06 1855.83 1653.5 1134.14 1940.91 1017 970.376 1034.54 917.231 887.91 1048.91 951.065 791.561 727.544 1312.23 1380.02 2488.82 1622.16 699.798 1922.3 2284.68 1250.8 794.706 715.311 686.786
threshold=129.50000000000003 122.50000000000001 8.5000000000000018 -1.0000000180025095e-35 -1.0000000180025095e-35 0.846052646636963 -14.731685638427733 -9.2814431190490705 0.84523808956146251 8.2941746711730975 -13.52804660797119 26.500000000000004 0.7967984974384309 -1.0000000180025095e-35 -4.9781529903411856 6.1495356559753427 41.395067214965827 4140.5000000000009 0.84523808956146251 206.30230712890628 1.0000000180025095e-35 0.85702317953109752 0.84114781022071849 305.50000000000006 -3.9025335311889644 3.3607099056243901 0.38750000298023229 0.82299804687500011 3.7494349479675297 0.13809524476528171
decision_type=2 2 2 2 2 2 2 2 2 2 2 2 2 2 2 2 2 2 2 2 2 2 2 2 2 2 2 2 2 2
left_child=2 10 3 -1 -4 18 -7 14 23 -10 -2 -6 -13 -12 16 -16 -8 -15 -3 20 21 22 -20 24 25 26 27 -9 -27 -30
right_child=1 5 4 -5 11 6 7 8 9 -11 13 12 -14 17 15 -17 -18 -19 19 -21 -22 -23 -24 -25 -26 28 -28 -29 29 -31
leaf_value=0.028037273926266013 -0.041488947731286599 -0.051759081785642418 -0.045493987819352127 0.052556514187053975 0.018285520064292481 -0.049654552159120395 0.24132317475159537 1.1361285817692026 0.072194974954131838 0.91691970329712813 -0.052259064682534918 -0.039207923311477558 0.005718473337582344 0.083596790171731203 0.59422000185694634 -0.038576070717053261 -0.020647765098524912 0.0095768171854738737 -0.018901604163658714 -0.022466678792258166 0.079341205891176284 -0.036235789617313413 1.5478998689562391 -0.024602680238834808 -0.0029309043370746124 -0.0050404199792877229 -0.026186300039344652 -0.015522891239235195 0.3998163212356422 -0.04192027843381451
leaf_weight=24105.006881149486 1454.1303690667264 31881.531732427422 1302.3709573070519 12098.405673471279 24242.565909284167 5217.2304292554036 70.766230631154031 9.0745485066436213 43.514318192377687 5.461178606376051 677.47211441025138 1691.1941830692813 18046.914080499671 463.63664285233244 20.638260215520862 10.629230459220706 92.237940770573914 6517.7615910936147 2.4664220493286839 388.3127957014367 54.965010853018612 8.9286187728866917 3.4018861772492528 2751.2477615973912 680.53576580714434 60.683716380503029 4.3951538060791782 1.9273215704597522 31.611491763498634 13.770476983860133
leaf_count=33156 143108 4856350 100166 4992 77666 800057 487 435 1272 219 47228 128109 275035 6837 263 711 8483 185058 230 52180 1944 903 171 349288 65580 5206 432 193 1930 1154
internal_value=-0.0012121 -0.0374998 0.0212626 0.0362372 0.00928781 -0.0458941 -0.0283819 0.000878433 -0.0076427 0.242602 0.000596696 0.010915 0.00186015 0.00860903 0.155106 0.403443 0.0968809 0.0145488 -0.05077 0.017882 0.228955 0.624311 1.18364 -0.0114279 0.0336403 0.230557 0.766629 0.992569 0.121729 0.27492
internal_weight=131953 50466.3 81486.5 36203.4 45283 41353.3 9013.72 3796.49 3602.22 48.9755 9113 43980.7 19738.1 7658.87 194.272 31.2675 163.004 6981.4 32339.6 458.075 69.7619 14.7969 5.86831 3553.25 801.998 121.463 15.397 11.0019 106.066 45.382
internal_count=7148843 6529719 619124 38148 580976 6147488 1235710 435653 425709 1491 382231 480810 403144 239123 9944 974 8970 191895 4911778 55428 3248 1304 401 424218 74930 9350 1060 628 8290 3084
is_linear=0
shrinkage=0.055


Tree=36
num_leaves=31
num_cat=0
split_feature=51 51 53 41 50 41 25 52 8 13 26 50 48 52 23 47 26 27 25 47 40 25 42 8 26 26 13 52 51 54
split_gain=32657.7 4839.31 4712.35 2295.89 1557.38 1029.52 1364.92 1731.21 815.11 805.023 790.099 776.697 922.505 702.474 698.791 670.154 653.704 1065.74 649.005 612.593 582.883 578.569 544.27 534.727 534.433 529.236 588.322 527.782 839.604 999.677
threshold=180.50000000000003 8.5000000000000018 -0.051757574081420891 -1.0000000180025095e-35 -1.0000000180025095e-35 1.0000000180025095e-35 -9.4656548500061017 0.80836579203605663 0.89587974548339855 3.5114340782165532 641.00000000000011 -10.338613986968992 161.50000000000003 0.8171604871749879 2.5000000000000004 -14.93513250350952 30.500000000000004 231.7850036621094 -9.0304989814758283 -123.52161407470702 1.7005987167358401 -15.431981563568113 -1.0000000180025095e-35 4.4005842208862314 13.500000000000002 779.50000000000011 3.3497501611709599 0.83839944005012523 986.50000000000011 34.500000000000007
decision_type=2 2 2 2 2 2 2 2 2 2 2 2 2 2 2 2 2 2 2 2 2 2 2 2 2 2 2 2 2 2
left_child=1 4 16 -3 18 10 20 15 -5 19 -4 13 25 24 -14 -8 17 -2 -1 -9 -7 -15 -11 27 -10 -13 -27 28 29 -24
right_child=2 3 5 8 -6 6 7 9 11 22 -12 12 14 21 -16 -17 -18 -19 -20 -21 -22 -23 23 -25 -26 26 -28 -29 -30 -31
leaf_value=0.014393767131608642 0.071569128995487896 -0.042728459178300017 0.026458139418279548 -0.016930154185368914 0.050728688539881613 0.13034040652311668 -0.039113135285455687 0.31953712077047836 0.11908915519779277 -0.056454703664259823 -0.035265753288949195 0.031596201629579344 0.012366232147360257 -0.055328377245468789 0.066005485345098425 0.42429194247411794 -0.050509276084824514 -0.043005209240499553 0.032872255104800054 -0.001987964728767549 -0.015098924620033309 0.01216501742129493 -0.054451934504376617 -0.031754084385211059 -0.035386304210434025 -0.0043101552757925854 0.014684888593116969 0.06894873734201333 0.02234927866292049 0.30460850134787454
leaf_weight=9060.6688899211586 347.22643794957548 2636.8843216183595 730.67963086627424 3139.8048374690115 11364.00755386427 80.24481204431504 10.74538759794086 13.213595937471835 65.225954428780824 87.587621168699116 4296.8449149415828 3939.9136239564978 1231.1802476788871 412.21586890332401 1827.0393473543227 43.256781476084143 33484.690882478375 806.44241047417745 15788.908679086715 1129.4717898061499 3829.5557035980746 4858.3924772040918 26.849472180940211 102.29237883957103 2084.1619646730833 6544.7130573075265 19993.078456121963 521.72252425830811 80.087606474757195 127.09790926566347
leaf_count=16917 11420 292352 25816 57041 4872 2303 582 278 626 4104 296742 21123 28841 31086 23289 673 5536814 123597 16522 21798 246117 72083 366 2472 154550 40693 104367 4752 3450 2912
internal_value=-0.0018004 0.0187712 -0.0391213 0.00707533 0.0338612 -0.0078954 0.00738392 0.0426168 0.0100581 0.0342293 -0.0262777 0.0121289 0.0156911 -0.00397107 0.0444668 0.336583 -0.0491069 -0.00836107 0.0261389 0.00310593 -0.0119513 0.0068389 0.0716239 0.0849492 -0.030433 0.0127969 0.0100004 0.10085 0.169036 0.242243
internal_weight=128664 82946.2 45718 46732.6 36213.6 11079.7 6052.13 2142.33 44095.7 2088.32 5027.52 40955.9 33535.9 7420 3058.22 54.0022 34638.4 1153.67 24849.6 1142.69 3909.8 5270.61 945.638 858.05 2149.39 30477.7 26537.8 755.758 234.035 153.947
internal_count=7148558 864362 6284196 826051 38311 612365 289807 41387 533699 40132 322558 476658 218313 258345 52130 1255 5671831 135017 33439 22076 248420 103169 18056 13952 155176 166183 145060 11480 6728 3278
is_linear=0
shrinkage=0.055


Tree=37
num_leaves=31
num_cat=0
split_feature=51 53 54 41 25 41 50 50 57 42 45 46 46 51 9 53 48 25 49 26 27 33 26 49 25 57 54 7 7 46
split_gain=31058.1 5207.37 4468.95 1659.65 1381.9 1511.17 1122.21 1076.84 969.217 1038.84 1480.65 641.32 710.018 909.694 609.939 600.623 994.719 591.924 589.3 542.141 916.222 539.457 529.596 524.107 509.627 487.868 848.137 1084.26 476.249 499.109
threshold=129.50000000000003 -0.058593511581420891 7.5000000000000009 -1.0000000180025095e-35 -12.798509597778319 -1.0000000180025095e-35 -1.0000000180025095e-35 -4.4401073455810538 227.50000000000003 1.0000000180025095e-35 0.84833604097366344 2.3547838926315312 -0.021734119392931458 442.50000000000006 4.8005292415618905 -0.055663824081420891 526.50000000000011 -8.7352323532104474 -0.59651678800582875 30.500000000000004 41.395067214965827 9.2104907035827654 243.00000000000003 8.8405928611755389 -10.405081272125242 14.500000000000002 568.50000000000011 5.8960137367248544 2.5173523426055913 6.9254283905029306
decision_type=2 2 2 2 2 2 2 2 2 2 2 2 2 2 2 2 2 2 2 2 2 2 2 2 2 2 2 2 2 2
left_child=2 19 6 -4 25 -6 24 14 15 18 11 12 -11 -14 -5 16 -7 -9 -10 20 -2 -13 -16 -24 -1 26 -3 -28 29 -25
right_child=1 4 3 7 5 8 -8 17 9 10 -12 21 13 -15 22 -17 -18 -19 -20 -21 -22 -23 23 28 -26 -27 27 -29 -30 -31
leaf_value=-0.0075386362734770314 0.10537265834485871 -0.0059320483727042682 -0.034743228450746032 -0.014660041851313792 -0.050140495793752744 0.58995969339641974 0.054052077932457733 0.011148918335924757 -0.041658927507382912 0.12607675193987319 0.004094791548154955 -0.052713254730463038 0.074145388842969506 0.58052605618359199 0.03936332380252848 0.033569523318406576 0.033836468167538096 0.027755071203457063 -0.0024803221313152257 -0.050954840616681513 -0.033236656890923144 0.44692512917548527 -0.0037216071343947415 0.071714644117915866 0.032097106791394867 -0.049319310226847227 0.89028282491380972 0.082833040939913921 -0.0010570155527808735 0.018909387000417874
leaf_weight=1038.5752429319546 167.51186122838408 361.94621263677254 2392.1063927756622 4416.2065819674172 1621.1385486982763 10.736093963962047 8496.2556639481336 12356.358491254039 1575.9000235381536 279.16852446552366 1019.719291403424 75.44764099875465 21.001561613287777 21.23081388277933 1492.790031275712 2374.7495815427974 27.230041483417153 13704.49692232348 4378.765312794596 31010.33978541987 876.91409973008558 2.1187021890655151 9471.5076293386519 602.36506592016667 17274.496885078028 2885.7131025991403 2.2714425493031767 20.42178144864738 3572.3943104241043 5078.365967146121
leaf_count=5482 3491 27716 193991 80012 173351 213 2755 32524 139277 9125 32027 5799 433 405 13868 29061 1080 20805 217740 5413389 127001 148 194272 2097 18119 346994 108 1794 34878 20219
internal_value=-0.0016069 -0.0372201 0.0192248 0.00997926 -0.0100835 -0.00104155 0.0375271 0.0120928 0.00711353 -0.00279361 0.0394184 0.128534 0.162324 0.363216 0.00384656 0.0373333 0.241451 0.0198852 -0.0128752 -0.0496421 -0.0106095 -0.0128276 0.00789169 0.00537283 0.0298478 -0.0415727 0.0164323 0.309802 0.0146789 0.0245668
internal_weight=126628 46732.3 79895.9 53086.6 14677.6 11407.2 26809.3 50694.5 9786.07 7373.35 1418.69 398.967 321.401 42.2324 24633.6 2412.72 37.9661 26060.9 5954.67 32054.8 1044.43 77.5663 20217.4 18724.6 18313.1 3270.35 384.639 22.6932 9253.13 5680.73
internal_count=7148174 6529152 619022 592666 985271 608659 26356 398675 435308 404954 47937 15910 9963 838 345346 30354 1293 53329 357017 5543881 130492 5947 265334 251466 23601 376612 29618 1902 57194 22316
is_linear=0
shrinkage=0.055


Tree=38
num_leaves=31
num_cat=0
split_feature=51 53 54 41 47 50 54 26 15 32 28 53 41 25 16 45 57 50 27 26 0 57 50 51 8 14 25 23 57 8
split_gain=28374.6 4744.19 4453.63 2206.66 1195.34 1100.87 1059.09 797.186 867.162 791.477 779.617 687.021 677.23 1215.55 805.495 671.196 640.534 693.489 734.928 1440.26 975.081 581.812 576.17 684.242 776.55 501.076 496.389 492.744 465.017 463.268
threshold=180.50000000000003 -0.051757574081420891 7.5000000000000009 -1.0000000180025095e-35 -1.0000000180025095e-35 -9.4077792167663556 27.500000000000004 285.00000000000006 6.3162615299224862 3.65057384967804 56.500000000000007 -0.06640386581420897 1.0000000180025095e-35 -7.5034418106079093 759.50000000000011 0.84403023123741161 44.500000000000007 -13.682094097137449 206.30230712890628 876.00000000000011 0.84523808956146251 18.500000000000004 -27.58220291137695 155.50000000000003 4.863673448562623 4.7916412353515634 -8.2851638793945295 6.5000000000000009 18.500000000000004 7.0308513641357431
decision_type=2 2 2 2 2 2 2 2 2 2 2 2 2 2 2 2 2 2 2 2 2 2 2 2 2 2 2 2 2 2
left_child=2 16 4 -4 26 9 -3 -7 -9 11 21 22 29 14 -14 -15 17 18 19 -2 -21 -10 23 -5 -25 -16 28 -23 -1 -8
right_child=1 6 3 5 -6 7 12 8 10 -11 -12 -13 13 15 25 -17 -18 -19 -20 20 -22 27 -24 24 -26 -27 -28 -29 -30 -31
leaf_value=0.030096991324846101 0.040672337362566709 0.01872599323870781 -0.037725119861651966 0.037086013579136608 0.05325075562228903 0.045053506278685436 -0.036979037071825906 -0.0062308462155667267 0.082578224309591372 0.092784853303711154 0.018374280211360214 0.00013686563325558039 0.1135316388134129 0.1338865709859163 0.23598211717220888 -0.05515631976787972 -0.050140111073028952 0.34925638436875001 -0.0264326121861506 -0.025685999021780537 0.93222939305514052 -0.032353815981550509 -0.039839003600285292 -0.027611767601909847 0.82501344728640202 -0.019199920784118238 0.03555585524633758 0.094441871248402295 0.0023342261302574901 0.1872340499872234
leaf_weight=3855.5049558626488 74.405747699551284 3394.6020966577344 2946.7271330235526 62.730242836754769 8316.2062482759356 2485.3341227192432 3612.5314484555274 6044.1119357426651 158.496217940934 234.07161628175527 32741.433306085411 6811.1757496064529 143.3622038429603 274.24819077225402 18.464277601335198 68.336887040641159 30671.668019559234 11.856001970823852 686.70179245527834 4.2931024292483908 5.2992063863202929 1750.1245582555421 2197.3480059928261 4.979855583049356 2.8096828358247876 3331.9711885186844 10760.520407255739 93.111530609428883 3463.0756852524355 23.218434719368815
leaf_count=6772 3545 40136 296540 3117 2800 9012 304169 38293 925 4807 135550 140292 4107 6002 806 1838 5550214 655 117849 577 100 27553 178851 853 183 253773 10439 793 7172 1471
internal_value=-0.00149738 -0.0380644 0.017393 0.00855067 0.035991 0.0111471 -0.00673071 0.0148387 0.0129922 -0.00600388 0.0163368 -0.00860047 -0.0183005 -0.00217267 -0.0119151 0.0959264 -0.0488866 0.000248514 -0.00733705 0.141488 0.641607 -0.0169519 -0.0347842 0.114929 0.482233 -0.0174441 0.0280391 -0.0257105 0.0169705 -0.035292
internal_weight=124249 42321 81927.8 55532.5 26395.3 52585.7 10866.7 43272.6 40787.3 9313.12 34743.2 9079.04 7472.13 3836.38 3493.8 342.585 31454.2 782.556 770.7 83.9981 9.59231 2001.73 2267.87 70.5198 7.78954 3350.44 18079.1 1843.24 7318.58 3635.75
internal_count=7149194 6285242 863952 836769 27183 540229 612302 212126 203114 328103 164821 323296 572166 266526 258686 7840 5672940 122726 122071 4222 677 29271 183004 4153 1036 254579 24383 28346 13944 305640
is_linear=0
shrinkage=0.055


Tree=39
num_leaves=31
num_cat=0
split_feature=53 48 49 25 41 47 42 0 6 49 3 51 19 7 51 15 26 13 26 8 51 28 47 30 1 8 44 57 54 48
split_gain=25526.9 5510.58 3368.19 2510.77 1709.7 1246.5 1059.29 943.18 936.799 782.915 717.974 1212.15 821.894 1627.09 1264.94 1048.3 714.279 705.037 637.327 712.346 845.226 1405.16 1050.8 627.964 601.16 863.997 811.739 667.616 639.076 786.194
threshold=-0.061522066593170159 8.5000000000000018 7.1610362529754648 -12.61204957962036 -1.0000000180025095e-35 -1.0000000180025095e-35 -1.0000000180025095e-35 0.84523808956146251 -7.1286959648132315 -2.3889575004577632 0.846052646636963 498.50000000000006 1.5000000000000002 4.3941109180450448 95.500000000000014 7.1819720268249521 190.50000000000003 3.8176519870758061 581.50000000000011 3.65057384967804 163.50000000000003 6.5000000000000009 -21.62270355224609 0.92857143282890331 0.18333333730697635 3.6762205362319951 1.0000000180025095e-35 343.50000000000006 390.50000000000006 69.500000000000014
decision_type=2 2 2 2 2 2 2 2 2 2 2 2 2 2 2 2 2 2 2 2 2 2 2 2 2 2 2 2 2 2
left_child=2 5 10 7 16 -2 -6 -3 -8 -10 -1 12 13 -12 -15 -16 -5 -17 19 -14 -21 -22 -23 -4 26 -26 27 -11 -28 -30
right_child=1 3 23 4 6 -7 8 -9 9 24 11 -13 18 14 15 17 -18 -19 -20 20 21 22 -24 -25 25 -27 28 -29 29 -31
leaf_value=-0.050624671311477819 0.025360815899082376 -0.042898045819340751 -0.00016585104424151389 0.085775994006252868 -0.047080614769514702 0.048619668807431134 0.084013231505785699 0.015060909709168017 -0.023282935637735622 0.024203561645047476 0.011700931005418221 -0.044798741283246714 -0.012160489958402689 0.12678899170222033 -0.026295157010668511 1.0129970182311372 -0.04598793840537338 -0.016601852449251591 -0.01937067755370683 0.027638207475107691 0.094492262465630153 0.83645604085579661 -0.028009269065642099 0.1053801799311988 -0.0037104766535626956 0.017521143208185271 0.025746387203680596 -0.0092740507835352738 -0.00062819523798192758 0.13832918263370664
leaf_weight=25743.886823767796 21735.094001707155 4343.5669888202101 4381.4561486002058 127.54517105873674 948.1420709756203 10275.994689973071 527.92871424602345 1052.7777098892257 1961.3661745307036 3168.9869739133865 122.18041378771886 4304.0023641535081 137.11096780700609 31.220192708075047 4.4942096271552172 10.690501454286276 2153.2929751821794 2.1249905996955922 1231.6749711818993 65.642322477418929 38.741715754847974 13.784852359909566 5.0901980889029792 172.42495931591839 12288.212871408556 10969.880700289737 11023.015216373373 4164.1707783890888 193.97781828977168 332.18192726653069
leaf_count=4637464 26618 460391 113851 4540 53785 4649 4461 60114 153964 11586 5940 805430 11333 483 650 541 232683 277 138627 2031 3027 473 794 2293 119989 71838 78518 125266 1257 13383
internal_value=-0.00163782 0.0148011 -0.0402861 0.00395981 0.00797083 0.0328337 0.0102977 -0.0315873 0.0115218 0.0106446 -0.0466372 -0.0294048 0.0104568 0.122969 0.375843 0.695952 -0.0384482 0.885529 -0.00278389 0.0745662 0.167752 0.31243 0.646285 0.00394166 0.0122263 0.00630521 0.019516 0.00519976 0.0285999 0.0875765
internal_weight=121531 85266.1 36264.5 53255 47858.7 32011.1 45577.9 5396.34 44629.7 44101.8 31710.6 5966.76 1662.76 170.71 48.5299 17.3097 2280.84 12.8155 1492.05 260.37 123.259 57.6168 18.8751 4553.88 42140.4 23258.1 18882.3 7333.16 11549.2 526.16
internal_count=7146256 1423042 5723214 1391775 871270 31267 634047 520505 580262 575801 5607070 969606 164176 7891 1951 1468 237223 818 156285 17658 6325 4294 1267 116144 421837 191827 230010 136852 93158 14640
is_linear=0
shrinkage=0.055


Tree=40
num_leaves=31
num_cat=0
split_feature=53 48 49 50 41 53 26 25 25 42 57 31 33 30 8 50 15 6 26 28 3 15 16 11 9 23 8 41 46 13
split_gain=23844.3 5471.15 3529.62 2732.87 1452.03 1183.87 933.928 798.891 773.905 762.499 721.712 709.098 1066.99 697.643 683.158 670.061 614.782 599.816 592.978 620.719 612.482 598.45 565.5 560.906 604.039 534.052 527.623 521.502 728.192 525.444
threshold=-0.063475489616394029 8.5000000000000018 4.7771940231323251 -19.134430885314938 -1.0000000180025095e-35 -1.0000000180025095e-35 157.00000000000003 -12.798509597778319 -7.7081959247589102 -1.0000000180025095e-35 24.500000000000004 3.4175922870635991 4.6200466156005868 0.92857143282890331 1.8688348531723025 -9.4077792167663556 6.5868608951568612 -8.8804230690002424 996.50000000000011 2466.5000000000005 0.19523809850215915 3.113268375396729 2301565.5000000005 1.0000000180025095e-35 4.95497751235962 6.5000000000000009 1.2424533367156985 1.0000000180025095e-35 2.2060312032699589 3.113268375396729
decision_type=2 2 2 2 2 2 2 2 2 2 2 2 2 2 2 2 2 2 2 2 2 2 2 2 2 2 2 2 2 2
left_child=2 5 -1 10 -5 8 -6 17 26 -9 11 -3 -13 15 -11 18 -17 22 19 25 -21 -20 -8 -24 -25 -4 -2 -16 -29 -30
right_child=1 3 13 4 6 -7 7 9 -10 14 -12 12 -14 -15 27 16 -18 -19 21 20 -22 -23 23 24 -26 -27 -28 28 29 -31
leaf_value=-0.04906856784406869 -0.019717014843087133 0.014136626439783114 -0.0052996699336049875 -0.03965869194121531 0.048403299070482693 0.051342462573646511 0.0060085288784051802 -0.046194582863826189 0.037846082683718481 -0.0045638776821650476 -0.039687663143449535 0.86340557297086906 -0.036861699839017416 0.096234878708060745 0.0049789179698857709 -0.048276322238878455 0.015889645962994817 -0.031710752013903047 0.48061189090702799 0.64957600606986909 -0.032238894285041099 -0.042412741475232392 0.053919126581071494 0.60247779810225466 0.091421157139755155 0.22262284394170115 0.02098048919137423 0.042531327820393587 -0.0078851431044314833 0.018574255437176421
leaf_weight=27322.53931557294 1034.6589299151674 595.37318214494735 243.15402184566483 1882.9117704266682 1793.8957439241931 7427.0823340527713 283.11271242145449 717.73407182423398 10228.983498487622 7237.9919542246498 5017.8762531918474 2.4837670121341926 7.6849477346986532 200.20675793103874 12363.318109571002 517.62395528098568 3326.149240561761 2288.6970239970833 1.6700280141085375 4.7389044449664635 5.9862962039187551 2014.4411104577594 54.745614693500102 10.366652003023775 16.838390163145959 30.623286209534854 13359.969866505824 3389.2999128261581 2642.5034717926756 16009.481627947651
leaf_count=5269613 2344 47530 16495 199867 12071 2940 16870 37220 9022 109592 602940 155 697 4107 182575 14476 59039 159296 104 55 284 234964 3383 126 246 932 17489 47543 17027 80229
internal_value=-0.00122994 0.0140754 -0.0404884 0.0034406 0.00763424 0.0320942 0.00954069 0.00798674 0.0262792 0.00982132 -0.0328449 0.0237186 0.395151 -0.00352912 0.0107922 -0.0068554 0.00719721 -0.0212609 -0.0302986 0.0434794 0.379771 -0.0407916 0.0437955 0.166485 0.349466 0.0237301 0.0180494 0.014023 0.0190937 0.0148245
internal_weight=120032 86365 33667.1 54314.3 48690.9 32050.7 46808 45014.1 24623.6 42360.3 5623.42 605.542 10.1687 6344.59 41642.6 6144.39 3843.77 2653.76 2300.61 284.503 10.7252 2016.11 365.063 81.9507 27.205 273.777 14394.6 34404.6 22041.3 18652
internal_count=7149231 1549162 5600069 1517367 866045 31795 666178 654107 28855 474186 651322 48382 852 330456 436966 326349 73515 179921 252834 17766 339 235068 20625 3755 372 17427 19833 327374 144799 97256
is_linear=0
shrinkage=0.055


Tree=41
num_leaves=31
num_cat=0
split_feature=50 54 54 41 26 25 50 26 50 30 25 6 28 15 45 6 53 54 8 49 8 2 52 47 25 10 3 26 14 25
split_gain=21757.5 4504.43 4073.05 3173.48 1101.79 1207.93 1006.54 971.982 864.665 816.812 783.757 679.329 660.483 644.366 642.167 619.346 592.941 576.195 564.718 548.27 704.636 1127.69 1451.12 506.422 501.175 465.46 464.297 457.218 491.901 442.683
threshold=-10.338613986968992 134.50000000000003 7.5000000000000009 -1.0000000180025095e-35 30.500000000000004 -16.280002593994137 -1.0000000180025095e-35 779.50000000000011 -4.4401073455810538 0.92857143282890331 -13.728870391845701 -12.073047161102293 56.500000000000007 7.4908084869384775 0.84114781022071849 -7.291836977005004 -0.037664175033569329 205.50000000000003 0.89587974548339855 4.7771940231323251 6.237347126007081 0.240384615957737 0.80018499493598949 -11.036941051483153 -8.4344043731689435 7.3814969062805185 0.86190477013587963 1642.0000000000002 6.688976764678956 -22.486082077026364
decision_type=2 2 2 2 2 2 2 2 2 2 2 2 2 2 2 2 2 2 2 2 2 2 2 2 2 2 2 2 2 2
left_child=1 10 6 16 5 -3 24 -5 9 11 29 14 -11 17 -9 -12 26 -13 -10 -6 27 -22 -23 -17 -2 -25 -4 28 -21 -1
right_child=2 4 3 7 19 -7 -8 8 18 12 15 13 -14 -15 -16 23 -18 -19 -20 20 21 22 -24 25 -26 -27 -28 -29 -30 -31
leaf_value=0.35181759292053161 0.014609055184266183 -0.049026202307082878 -0.053685420310814899 0.029695341899763725 -0.050387713083632373 0.064971073275777003 0.050809379732814366 0.50942132594264145 -0.02176095671950588 -0.060422929736886351 0.079803282148949092 -0.0060606491558989062 0.070968122510190482 0.0079416937294905093 0.079974572183784412 -0.0072851905681304285 0.0064920429364380824 -0.035898331100083287 0.016570580225831411 -0.055245042249473325 0.03178009780407056 0.95314655589830966 -0.034280778876069389 0.040710106734671743 0.033930504255185852 -0.028057795269741344 0.15944898893756643 -0.039692096654500096 0.072747772990657975 -0.040858557919540357
leaf_weight=3.7786970147863022 6577.0368591910228 560.38014627806842 3105.3830925482325 6880.98238453269 25503.349666850641 554.45051870681345 7419.5827599167824 7.1376284216530612 1223.5122999628074 133.16993173584342 291.40690361475572 8145.0717221042141 736.62142387591302 7301.3457008008845 107.20049992902204 7362.5976644037291 637.90584317035973 2573.4729072949849 21930.356652494986 139.10167465405539 78.102081533521414 5.0860824482515437 7.5293282684870064 1356.7560756881721 10662.423680258915 377.19723056117073 26.527507156133652 1930.0891562965699 242.19207364367321 1697.4124321690761
leaf_count=272 11736 106985 522892 62105 5136374 29180 2786 176 6514 4387 4029 82390 2654 152437 1408 244487 14974 208689 59849 12908 6846 224 779 13021 10116 5895 1266 245022 16415 182384
internal_value=-0.00160835 -0.0344867 0.0154158 0.00679662 -0.0458786 0.00770622 0.033869 0.0105362 0.0074059 -0.00128853 -0.00466697 -0.00379159 0.050621 -0.0046565 0.127003 0.00156431 -0.0417984 -0.0132379 0.0145408 -0.0480203 -0.0228329 0.123541 0.521362 -0.000984528 0.0265655 0.025713 -0.0516289 -0.028832 0.0259434 -0.0389579
internal_weight=117577 40109.4 77467.7 52808.7 29020.3 1114.83 24659 49038.9 42157.9 19004 11089.1 18134.2 869.791 18019.9 114.338 9387.96 3769.82 10718.5 23153.9 27905.5 2402.1 90.7175 12.6154 9096.55 17239.5 1733.95 3131.91 2311.38 381.294 1701.19
internal_count=7149200 6004821 1144379 1119741 5554733 136165 24638 580609 518504 452141 450088 445100 7041 443516 1584 267432 539132 291079 66363 5418568 282194 7849 1003 263403 21852 18916 524158 274345 29323 182656
is_linear=0
shrinkage=0.055


Tree=42
num_leaves=31
num_cat=0
split_feature=51 53 50 41 54 50 8 42 25 44 53 51 41 14 47 49 51 56 53 52 26 6 47 57 50 53 47 7 33 25
split_gain=21374.6 4188.63 3515.87 1632.22 1167.53 928.682 880.824 670.63 643.002 638.735 663.95 664.042 565.177 559.596 556.74 556.182 887.432 791.578 814.011 867.288 541.571 538.171 670.747 536.037 1119.07 1909.72 1807.39 683.022 660.168 2027.81
threshold=172.50000000000003 -0.051757574081420891 -1.0000000180025095e-35 -1.0000000180025095e-35 7.5000000000000009 -110.68471527099608 1.8688348531723025 -1.0000000180025095e-35 -13.083751678466795 1.0000000180025095e-35 -100.84617614746092 137.50000000000003 -1.0000000180025095e-35 6.3341670036315927 -8.3437852859497053 3.1735962629318242 155.50000000000003 -100.87915039062499 -0.056640416383743279 0.82653546333312999 190.50000000000003 -12.073047161102293 -20.879802703857418 89.500000000000014 -18.164086341857907 -0.075195103883743272 -111.22921752929686 6.8741440773010263 8.2941746711730975 -21.893641471862789
decision_type=2 2 2 2 2 2 2 2 2 2 2 2 2 2 2 2 2 2 2 2 2 2 2 2 2 2 2 2 2 2
left_child=2 23 3 20 -5 -3 -6 -8 21 15 11 14 -7 -13 -11 -10 -17 18 -18 -20 -1 22 -9 24 28 26 -26 -28 -2 -30
right_child=1 5 -4 4 6 12 7 8 9 10 -12 13 -14 -15 -16 16 17 -19 19 -21 -22 -23 -24 -25 25 -27 27 -29 29 -31
leaf_value=0.044794782775710085 -0.039073719258146546 -0.041282579114190816 0.045555477717855453 0.02447761795515797 -0.0089535776919249903 -0.041254942054174133 -0.05063658363958766 -0.053855042974633019 -0.029233236634066944 0.12624046423526514 0.017702338151402524 0.54892664471840991 0.0057406513321002365 -0.031283041298948294 -0.025601938534678032 0.0063315219209835677 0.055685306777975896 0.0018255195836192509 0.66467135799981991 0.058061979670223154 -0.0400718522727068 -0.035555519675181273 0.11125473981285294 -0.049508773201867501 0.21572788772111601 0.017150856652020593 1.5041964022952521 -0.0090578647071668673 0.5894478197415417 -0.015239572838876652
leaf_weight=247.3047335203737 1278.0908694649115 1906.6616711821407 9869.0234794765711 17187.928689192049 7935.0759845059365 854.3983568972908 521.29054841445759 120.75796727277339 1358.3129343474284 202.90325912600383 23885.554488705471 11.782061476260425 7794.1831218996085 6.4447108567692331 110.35128036420792 13122.543478670064 27.140896319411695 51.986640908755362 18.222311942838136 11.783527270890771 2380.4320693123154 1398.7544740112498 179.56660656025633 24870.392685194965 19.607933907303963 76.177606891375035 1.5254852361977094 0.97797912219539274 15.898289654869584 83.856005229055882
leaf_count=16780 257060 194588 6854 23477 118270 90022 20226 11140 71771 2848 98368 397 332986 947 1269 95858 4371 2376 288 454 262397 86310 1956 5419956 760 8350 121 191 2775 16257
internal_value=-0.00133918 -0.0358704 0.0148643 0.0104574 0.0121469 -0.00659079 0.00781622 0.0110603 0.0118605 0.0133111 0.0187872 0.0955378 0.00107678 0.381202 0.0731885 0.00421835 0.00766211 0.160369 0.292847 0.46877 -0.0320149 -0.0212138 0.0450708 -0.0475972 -0.0153318 0.159381 0.555858 1.30093 -0.0283262 0.104667
internal_weight=115549 36901.8 78647.2 68778.1 66150.4 10555.2 48962.5 41027.4 40506.1 38807 24217 331.481 8648.58 18.2268 313.255 14590 13231.7 109.133 57.1467 30.0058 2627.74 1699.08 300.325 26346.5 1476.13 98.289 22.1114 2.50346 1377.85 99.7543
internal_count=7149423 6323066 826357 819503 540326 617596 516849 398579 378353 278947 103829 5461 423008 1344 4117 175118 103347 7489 5113 742 279177 99406 13096 5705470 285514 9422 1072 312 276092 19032
is_linear=0
shrinkage=0.055


Tree=43
num_leaves=31
num_cat=0
split_feature=51 53 47 41 50 54 57 57 50 8 45 53 28 30 53 51 1 3 26 51 10 22 52 26 3 29 47 16 10 22
split_gain=19646.5 3771.53 3534.07 2525.67 1127.29 777.833 726.019 663.806 1293.54 653.415 631.481 591.567 563.642 792.253 730.701 1039.34 1189.84 606.021 584.653 647.08 670.78 588.494 687.364 561.509 547.742 687.898 723.764 659.996 933.224 962.569
threshold=230.50000000000003 -0.051757574081420891 -1.0000000180025095e-35 -1.0000000180025095e-35 -4.4401073455810538 27.500000000000004 44.500000000000007 41.500000000000007 -21.256935119628903 2.5249279737472539 0.79947251081466686 -0.075195103883743272 6.5000000000000009 0.92857143282890331 -0.052734136581420891 69.500000000000014 0.46428571641445165 0.63397127389907848 1627.0000000000002 137.50000000000003 6.9092540740966806 4.79990577697754 0.82948249578475963 2347.0000000000005 0.86190477013587963 0.18333333730697635 -107.04434585571288 1287632.0000000002 6.3126413822174081 2.0126758217811589
decision_type=2 2 2 2 2 2 2 2 2 2 2 2 2 2 2 2 2 2 2 2 2 2 2 2 2 2 2 2 2 2
left_child=2 6 3 -1 9 -3 7 -2 -9 10 -5 -10 -11 17 15 -15 -17 -14 19 -19 21 -21 -23 -6 -7 26 -26 -28 -29 -30
right_child=1 5 -4 4 23 24 -8 8 11 12 -12 -13 13 14 -16 16 -18 18 -20 20 -22 22 -24 -25 25 -27 27 28 29 -31
leaf_value=-0.03929180885484506 -0.011022903473619441 0.016055770203928742 0.045151026057703568 -0.051472296276037659 0.028066713850491289 -0.032367412545727621 -0.049665247684801885 0.043945335177144079 0.79437421176710787 -0.021117177053891992 -0.0031606430722202344 -0.02135245402741839 -0.0021782600737571076 0.084096479419292575 0.035954354042187255 0.6642209121884356 0.073658204990783946 0.029099167339132349 0.0097737522606869565 0.13296010927358892 -0.05997623655669003 0.85572618467519579 -0.02779333134042742 0.013454981837247146 -0.012770563667757882 -0.03434970143845674 -0.0024058076568599291 -0.0045649286985251008 0.19669263776984322 -0.031274501527592626
leaf_weight=3064.1566585339606 612.09333691047505 3025.5478357323445 9545.4228360797279 900.62594898231328 12313.737257111818 3500.0671890089288 23284.872552167159 60.136335748713464 6.9617411973886192 1703.7213322906755 8509.4080066755414 3.1390373599715513 8219.8563900548033 150.84543756628409 734.6476640063338 18.244977058377117 21.100183835253119 3211.0406211325899 9365.2326506408863 218.90115862386301 50.580806999932975 2.5403073197230688 3.6486130147241056 22522.284167169128 913.59927095193416 1081.557574915234 337.17581600835547 180.70508576044813 266.1812248188071 69.041671105660498
leaf_count=401134 111726 36995 9061 79945 17167 332177 5339943 9281 164 88936 142441 570 187549 674 2969 443 848 14004 103085 3539 2436 122 95 50160 88112 87405 16212 8882 9184 4082
internal_value=-0.000956794 -0.0364601 0.0137389 0.00951355 0.0117172 -0.00687645 -0.0480268 0.00783988 0.162031 0.00444965 -0.00780939 0.617737 0.00931762 0.0116792 0.0613676 0.156095 0.391526 0.00948432 0.0169414 0.0361521 0.116323 0.156382 0.555198 0.0186232 -0.0178097 0.000104735 0.0212348 0.0575138 0.0963204 0.149971
internal_weight=113897 33341.1 80556 71010.6 67946.4 9373.88 23967.2 682.33 70.2371 33110.4 9410.03 10.1008 23700.4 21996.6 924.838 190.191 39.3452 21071.8 12851.9 3486.71 275.671 225.09 6.18892 34836 6348.33 2848.26 1766.7 853.104 515.928 335.223
internal_count=7149341 6044733 1104608 1095547 694413 583049 5461684 121741 10015 627086 222386 734 404700 315764 4934 1965 1291 310830 123281 20196 6192 3756 217 67327 546054 213877 126472 38360 22148 13266
is_linear=0
shrinkage=0.055


Tree=44
num_leaves=31
num_cat=0
split_feature=51 47 53 42 54 31 8 26 26 57 3 54 3 54 15 31 9 51 8 15 27 47 1 56 13 57 33 16 7 24
split_gain=17736.1 3654.71 3556.05 1750.14 1391.17 857.687 786.763 759.333 660.745 645.84 603.408 691.251 570.01 615.09 882.518 600.758 649.562 827.278 661.622 560.093 538.714 761.183 517.539 617.883 504.376 723.602 902.58 868.986 711.918 503.923
threshold=256.50000000000006 -1.0000000180025095e-35 -0.051757574081420891 -1.0000000180025095e-35 7.5000000000000009 2.8617925643920903 1.8688348531723025 47.500000000000007 81.500000000000014 44.500000000000007 0.86190477013587963 14.500000000000002 0.8221343755722047 134.50000000000003 3.113268375396729 2.6020033359527592 4.6007614135742196 180.50000000000003 5.5471267700195321 6.9962239265441903 14.892910480499269 -19.287631988525387 0.30952382087707525 -100.90258789062499 3.5694335699081425 41.500000000000007 8.0065340995788592 86457.500000000015 6.8741440773010263 -0.027811473235487934
decision_type=2 2 2 2 2 2 2 2 2 2 2 2 2 2 2 2 2 2 2 2 2 2 2 2 2 2 2 2 2 2
left_child=1 3 9 -1 -5 6 -6 -8 -4 24 11 -10 13 -9 -15 -16 17 -17 -18 -14 21 22 -7 -24 -2 26 -26 -28 -27 -12
right_child=2 -3 8 4 5 20 7 12 10 -11 29 -13 19 14 15 16 18 -19 -20 -21 -22 -23 23 -25 25 28 27 -29 -30 -31
leaf_value=-0.0408481958919708 -0.034805569967308499 0.044481664968025726 0.059646987978635574 0.022959839909225819 -0.01274049623071794 0.09082188942536297 0.074171325153529422 0.0050525759023582013 0.019122231610977654 -0.050026574337719419 -0.0064703745165848809 -0.035663743629993833 -0.0016642984650433567 0.40769400485888685 -0.02196977205275838 -0.03454227666998648 0.0028767420581924733 0.78271272560204341 0.23201144796275872 0.01724275680322675 -0.038305227502273873 0.028918777906158488 0.52724085001049203 0.074270763459938022 -0.024386672928244087 0.43874819117278491 0.5717876645865706 0.052685657550762231 -0.040089226250362424 0.038250481154199718
leaf_weight=2157.6619665799662 394.19241390796378 9327.6581966546364 419.77767476439476 17178.196817552205 8062.8714588386938 236.70776825491339 484.51047450629994 11912.832127905451 865.06611359631643 21701.465020216536 3109.4955679220147 3516.5468487981707 6965.6180263948627 9.7855792236514372 5479.5533709879965 6.1574210370890778 238.80605129338801 3.2038038042373955 40.390457314904779 14820.17741569737 312.4563126671128 3126.2294952101074 15.048135871998964 20.257428353186697 199.43541953433305 22.13724311767146 11.194422647356985 27.475326642394066 13.173086469992993 1004.2607745458372
leaf_count=235952 75386 9489 9612 24604 222984 6620 4445 85008 7255 5230653 200718 330829 69249 534 389363 441 11231 275 788 126939 13683 26202 342 469 37486 1292 652 3555 2664 20685
internal_value=-0.00155012 0.0121222 -0.0366834 0.0078724 0.0094007 0.00489667 0.00292662 0.00608895 -0.00730531 -0.0483878 -0.0106467 -0.0248378 0.00524406 -0.0020899 -0.0168079 -0.0178805 0.0588242 0.420286 0.0395236 0.0111986 0.0303549 0.0367149 0.124176 0.308793 0.0048602 0.0616457 0.02462 0.251221 0.277295 0.00448018
internal_weight=111682 80398.1 31284.2 71070.5 68912.8 51734.6 48023.9 39961 8915.15 22369.1 8495.37 4381.61 39476.5 17690.7 5777.9 5768.11 288.558 9.36122 279.197 21785.8 3710.7 3398.24 272.013 35.3056 667.608 273.415 238.105 38.6697 35.3103 4113.76
internal_count=7149405 1228618 5920787 1219129 983177 958573 911257 688273 569099 5351688 559487 338084 683828 487640 402632 402098 12735 716 12019 196188 47316 33633 7431 811 121035 45649 41693 4207 3956 221403
is_linear=0
shrinkage=0.055


Tree=45
num_leaves=31
num_cat=0
split_feature=51 54 47 41 3 25 6 53 27 9 42 7 22 16 53 32 6 49 46 26 13 0 27 52 31 24 54 48 44 47
split_gain=16843.3 3709.28 2916.56 1275.13 1163.14 1207.88 1284.8 977.484 932.636 848.229 621.154 617.231 585.136 552.68 536.627 523.991 519.108 582.528 716.63 514.864 707.168 464.341 702.813 468.514 461.703 455.689 568.127 452.644 444.413 439.324
threshold=180.50000000000003 122.50000000000001 -1.0000000180025095e-35 -1.0000000180025095e-35 0.846052646636963 -14.731685638427733 -9.2814431190490705 -1.0000000180025095e-35 94.639945983886733 4.7731246948242196 -1.0000000180025095e-35 2.5173523426055913 2.4414010047912602 4140.5000000000009 -0.046523362398147576 1.7005987167358401 -0.16191079467535016 6.172173500061036 4.9480912685394296 1033.5000000000002 3.6762205362319951 0.84523808956146251 206.30230712890628 0.8152005970478059 2.7403194904327397 -4.9781529903411856 782.50000000000011 35.500000000000007 1.0000000180025095e-35 -5.4528582096099845
decision_type=2 2 2 2 2 2 2 2 2 2 2 2 2 2 2 2 2 2 2 2 2 2 2 2 2 2 2 2 2 2
left_child=2 8 3 14 21 -6 15 9 13 29 -11 16 19 -2 -1 25 -12 24 -19 -13 -21 -3 23 -23 28 -7 -27 -8 -18 -5
right_child=1 4 -4 7 5 6 27 -9 -10 10 11 12 -14 -15 -16 -17 17 18 -20 20 -22 22 -24 -25 -26 26 -28 -29 -30 -31
leaf_value=-0.047774275958674874 0.067214564786122116 -0.051867860485259265 0.042356975662185166 -0.018535973295005712 -0.045296773796846289 0.12153349870472543 0.41964055500006081 0.03704938202284265 -0.040969365293788772 -0.045417781155315383 0.059957690049332893 0.032705652712294968 -0.015643945142041649 0.0047049562273400736 0.0060323277986203292 -0.051157356695902115 -0.024073414775761266 0.055029081444650955 0.016472426592629433 -0.0096569884941308023 0.017434110464843239 0.24854952971290242 -0.028960397170253713 -0.046656398906651707 0.041297330946515123 0.15419431760786992 0.62821612680983896 -0.0075338837001108772 0.008737053600428599 0.0047483806888221252
leaf_weight=1658.6396594732068 459.07484305044636 19157.307779853698 8871.0863978434354 4615.3900200678036 3315.5686146162916 119.24445809796453 2.5271413340233257 3886.8125016801059 1350.3877532358747 570.4083593012765 803.17341074999422 2288.7801424269564 3722.923998335842 5497.7169761327095 844.18363631563261 33.204382894560695 2325.3194278194569 1541.3868734557182 25933.913417911623 5695.7985837031156 5959.4704660614952 49.024889078689739 253.19266336760484 21.271260612178594 691.35421733837575 25.907731641083956 9.8167496453970653 2512.9396428531036 2686.5894505106844 5217.7535662217997
leaf_count=274217 8071 4678242 8177 103487 787853 5936 218 3190 153555 21231 3843 24132 53608 190340 20057 3204 86339 5091 75726 74430 64999 1498 51346 1468 7515 320 312 402629 22605 15248
internal_value=-0.00131828 -0.0343358 0.0126938 0.00884617 -0.0442339 -0.023074 0.00421177 0.0103095 0.00021242 0.0086317 0.011422 0.0120541 0.00371395 0.00957474 -0.0296499 0.140906 0.0163889 0.0153253 0.0186451 0.00888607 0.00419653 -0.0507643 0.0143834 0.162055 -0.000670014 0.182372 0.345589 -0.00627311 -0.00649447 -0.00618448
internal_weight=110120 32807.2 77313 68441.9 25500 6019.21 2703.64 65939.1 7307.18 62052.3 52219.1 51648.7 17667 5956.79 2502.82 188.173 33981.7 33178.6 27475.3 13944 11655.3 19480.8 323.489 70.2961 5703.26 154.969 35.7245 2515.47 5011.91 9833.14
internal_count=7148887 6284992 863895 855718 5933026 1200472 412619 561444 351966 558254 439519 418288 217169 198411 294274 9772 201119 197276 80817 163561 139429 4732554 54312 2966 116459 6568 632 402847 108944 118735
is_linear=0
shrinkage=0.055


Tree=46
num_leaves=31
num_cat=0
split_feature=51 53 48 53 49 57 42 25 42 26 24 45 46 27 54 26 26 13 15 8 9 48 49 49 40 7 28 49 13 23
split_gain=15260.4 4332.76 2496.94 1145.66 889.131 886.315 697.888 690.823 628.889 597.504 932.441 590.244 583.226 577.076 672.898 525.738 520.404 698.078 661.455 521.807 516.692 507.56 486.265 461.542 450.319 446.058 565.866 560.758 454.842 440.469
threshold=129.50000000000003 -0.058593511581420891 8.5000000000000018 -1.0000000180025095e-35 -0.25132885575294489 32.500000000000007 -1.0000000180025095e-35 -7.3892817497253409 -1.0000000180025095e-35 30.500000000000004 -13.41212749481201 0.76337647438049328 9.0808901786804217 544.24069213867199 521.50000000000011 864.00000000000011 2003.5000000000002 3.9219243526458745 8.0844082832336444 4.424828529357911 4.8005292415618905 161.50000000000003 3.0254303216934209 3.8467589616775517 1.7005987167358401 2.7383713722229008 708.50000000000011 8.8405928611755389 3.1567740440368657 6.5000000000000009
decision_type=2 2 2 2 2 2 2 2 2 2 2 2 2 2 2 2 2 2 2 2 2 2 2 2 2 2 2 2 2 2
left_child=2 9 3 7 5 13 -6 12 -4 10 -2 -10 -1 14 -3 -16 29 24 -19 -20 -13 25 -21 -23 -18 26 -22 -28 -27 -8
right_child=1 4 8 -5 6 -7 16 -9 11 -11 -12 20 -14 -15 15 -17 17 18 19 22 21 23 -24 -25 -26 28 27 -29 -30 -31
leaf_value=-0.010803488747875074 -0.047716636324506123 0.044714096936975804 -0.038913084790715501 0.046246787335578847 -0.056999275985391562 -0.035057378537604218 0.021156463363110219 0.03327072750450713 -0.058719353505561359 -0.048587592704699908 0.075174524451670735 -0.0069567946720375633 0.017778801035352967 -0.025264215796532503 0.11457993891390611 0.4994461186581387 0.093853364620329435 0.02616036081868434 0.031946692946984906 -0.038655273494475194 0.041021983022882937 -0.0022793472433360507 0.38549062312378313 0.039957909501453732 -0.011143724710156823 -0.035497337929482363 -0.0031220390011828004 0.015192410867527886 0.0010944221145762639 0.10790835112041287
leaf_weight=2558.3616300793365 469.16826048004441 370.60963867697865 975.59829390794039 6194.1985835433006 518.50393534847535 4141.2944360142574 2765.6433088416234 7716.3996061892249 421.95981183974072 20366.263764204923 303.14360389299691 7384.2532791611739 13748.250091555063 321.12826172634959 37.08269430231303 13.18054717266932 122.20935571636073 225.92825524718501 34.332080633146688 8.9478534997906518 1715.1682444680482 1093.9939950760454 39.931955865584314 2739.9877283284441 4343.849340314744 1194.1249833055772 8155.9433167353272 13299.560494239908 7181.4569701971486 184.67220254498534
leaf_count=7907 113849 9038 100283 2974 58391 509553 95764 9116 35075 5413990 16872 103380 18186 39067 543 214 4295 12187 1849 640 13983 47733 470 40634 248826 15527 108189 38003 78312 4565
internal_value=-0.00101133 -0.031378 0.0129795 0.0251607 -0.00655632 -0.0251418 0.00446125 0.0197153 0.00464279 -0.0467873 0.000693202 0.00563112 0.0132926 0.0300638 0.0720804 0.25156 0.00862042 -0.00260323 0.0766517 0.204487 0.00627286 0.00903463 0.311465 0.0279186 -0.00816884 0.0067355 0.010667 0.00823138 -0.00414061 0.02676
internal_weight=108645 34265.9 74379.3 30217.2 13127.3 4883.3 8244.02 24023 44162 21138.6 772.312 43186.4 16306.6 742.001 420.873 50.2632 7725.51 4775.2 309.14 83.2119 42764.5 35380.2 48.8798 3833.98 4466.06 31546.3 23170.7 21455.5 8375.58 2950.32
internal_count=7149415 6530113 619302 38183 985402 558415 426987 35209 581119 5544711 130721 480836 26093 48862 9795 757 368596 268267 15146 2959 445761 342381 1110 88367 253121 254014 160175 146192 93839 100329
is_linear=0
shrinkage=0.055


Tree=47
num_leaves=31
num_cat=0
split_feature=53 50 49 50 25 41 6 57 26 23 55 26 27 36 40 45 10 13 50 57 8 32 56 13 23 49 1 50 35 19
split_gain=14084.8 3879.07 1932.16 1805.43 1509.53 1337.97 938.993 733.308 648.815 636.773 629.971 616.688 596.213 618.11 899.911 1138.07 575.578 572.534 570.69 553.213 517.949 522.202 613.921 511.777 546.127 619.043 486.433 462.934 456.978 443.042
threshold=-0.073241949081420885 -6.1563501358032218 4.7771940231323251 -1.0000000180025095e-35 -12.798509597778319 -1.0000000180025095e-35 -12.073047161102293 21.500000000000004 1099.5000000000002 6.5000000000000009 0.86157226562500011 1167.0000000000002 544.24069213867199 1.0000000180025095e-35 3.0201274156570439 0.88482505083084118 6.9092540740966806 3.6242519617080693 -106.68571472167967 52.500000000000007 2.5249279737472539 3.8393945693969731 -100.90258789062499 3.4811217784881596 1.0000000180025095e-35 4.5091140270233163 0.18333333730697635 -108.87351608276366 1.2424533367156985 6.5000000000000009
decision_type=2 2 2 2 2 2 2 2 2 2 2 2 2 2 2 2 2 2 2 2 2 2 2 2 2 2 2 2 2 2
left_child=2 4 -1 11 7 10 -7 12 9 28 -6 -3 23 -14 -15 16 -16 -13 19 -8 26 -22 -23 -2 25 27 -20 -25 -4 -21
right_child=1 3 8 -5 5 6 18 -9 -10 -11 -12 17 13 14 15 -17 -18 -19 20 29 21 22 -24 24 -26 -27 -28 -29 -30 -31
leaf_value=-0.04889515813975661 -0.026874230085837583 0.025574975214695636 0.082558204239368688 0.041285050320889263 -0.049154121868074115 0.10431821795013974 0.048477850742035283 -0.041670808671382432 -0.015535561930175506 0.18254488734551674 0.069292880901470788 0.0019129189053191862 -0.043869060400081865 -0.051787192660393659 0.57581675081540273 -0.045701329370269647 -0.028991059928498229 0.016559077099086716 0.0040766801175410065 -0.043040586621621919 0.0080094734323149456 0.14079511976965892 -0.021043864084282601 -0.030315931168593872 0.069967132711735464 -0.041412514235657963 -0.024430362202902629 0.476453364754576 -0.020640842478205867 0.34839064916591106
leaf_weight=17468.456630221568 108.65504572866485 10153.178638632642 219.28216521511786 8646.1650754169095 2078.9321342755575 268.39786562486552 239.07757340464741 4434.4478981583379 3189.3596733522136 83.797354460693896 141.00207294058055 14521.152162853163 533.36816522735171 53.75594860734418 21.479531344724823 20.307277729967609 5.2380246333777896 18183.583366967505 4227.1589532592334 1498.7038314398378 16729.514368126169 186.02732208487578 110.9043059523683 5.9060699075926051 178.87220216356218 12.39409976126626 3160.9006527427118 26.348430340178314 304.49368552886881 3.8531959634274235
leaf_count=4679931 6891 29178 5601 8383 378920 1795 2791 783930 243357 847 2232 54615 55235 5373 652 1851 459 55303 146534 195091 376145 1342 2387 684 4462 384 90119 399 13395 438
internal_value=-0.00111486 0.00884311 -0.0411678 0.0183644 -0.00556137 -0.000530544 0.00291784 -0.0322186 -0.0055994 0.04626 -0.041492 0.0137361 0.0111489 -0.0201307 0.101636 0.265142 0.471365 0.0100574 0.00185759 -0.028514 0.00402958 0.0093058 0.0810006 0.070277 0.117058 0.279668 -0.00812802 0.392045 0.0229362 -0.0408846
internal_weight=106815 85549.3 21265.4 51504.1 34045.2 28644.5 26424.5 5400.77 3796.93 607.573 2219.93 42857.9 966.325 634.149 100.781 47.0248 26.7176 32704.7 26156.1 1741.63 24414.5 17026.4 296.932 332.176 223.521 44.6486 7388.06 32.2545 523.776 1502.56
internal_count=7148724 2205593 4943131 147479 2058114 1197794 816642 860320 263200 19843 381152 139096 76390 63570 8335 2962 1111 109918 814847 198320 616527 379874 3729 12820 5929 1467 236653 1083 18996 195529
is_linear=0
shrinkage=0.055


Tree=48
num_leaves=31
num_cat=0
split_feature=53 50 50 49 54 26 42 6 54 8 7 53 10 10 41 25 47 32 41 26 15 1 31 25 28 7 23 25 52 43
split_gain=12928.2 3347.01 2334.16 1835.21 1043.26 1099.42 845.837 842.065 812.251 664.827 587.36 735.645 817.506 881.738 543.624 540.934 577.89 476.559 468.025 461.799 443.953 435.121 508.802 432.892 415.265 409.622 454.232 404.153 398.177 395.092
threshold=-0.073241949081420885 -13.318503856658934 -1.0000000180025095e-35 4.7771940231323251 87.500000000000014 37.500000000000007 -1.0000000180025095e-35 -8.8804230690002424 7.5000000000000009 1.8688348531723025 7.0624072551727304 -0.047699332237243645 7.6011524200439462 7.6016521453857431 -1.0000000180025095e-35 -13.977248668670653 -111.62321853637694 2.3502402305603032 -1.0000000180025095e-35 1099.5000000000002 5.1269311904907235 0.26785714924335485 1.4978661537170412 -10.575509071350096 5283.0000000000009 4.3941109180450448 6.5000000000000009 -9.0304989814758283 0.79469609260559093 -1.0000000180025095e-35
decision_type=2 2 2 2 2 2 2 2 2 2 2 2 2 2 2 2 2 2 2 2 2 2 2 2 2 2 2 2 2 2
left_child=3 4 6 -1 -2 25 -3 10 23 21 11 12 -8 -14 -5 -11 17 -17 -18 -16 -19 22 28 -9 -21 -6 -27 -4 -10 -20
right_child=1 2 27 14 5 -7 7 8 9 15 -12 -13 13 -15 19 16 18 20 29 24 -22 -23 -24 -25 -26 26 -28 -29 -30 -31
leaf_value=-0.047599657611825143 -0.00043834712757160466 -0.03219166853678216 0.016107233147312192 -0.055443306383875915 0.1083608969104255 -0.041633062010508939 0.079190110101183625 -0.014767947609032116 -0.0558634426650986 -0.032212202773949143 0.01202668035026843 0.092842594640385703 0.98578259513804301 0.16490235885484833 0.049806657041252964 0.024657547359868429 -0.031964889018967178 0.33875786502384975 -0.081218523411949961 -0.044686363290188394 0.09164779397456764 -0.022198079224687389 -0.024477842550046206 0.022588065888326774 0.0060115230796601348 -0.027947162352749352 0.1668762106731064 0.046724164178816301 0.022276811106312282 0.010533969225783589
leaf_weight=16667.280395238893 4744.5151318758726 1425.0816998546943 1632.8817707546987 552.15639084158465 187.22199312737212 5560.3588042152114 20.540075380122289 994.22780875116587 208.0661179185845 926.11886965716258 232.96763918199576 273.40974241541699 4.7646043086424461 10.927821230143307 535.02150473790243 472.10748289572075 809.89664655225351 20.43909319723025 137.57941280445084 633.33971747709438 244.61065962142311 3645.1908475081436 1324.3568854439072 15819.016027169302 2081.5285215466283 225.4306453592144 37.949595768237486 6615.2700723253656 2696.6582236203831 36762.833285617875
leaf_count=4680290 189336 112611 1793 106967 1769 1167127 779 5444 17366 72199 4233 1357 44 266 13108 14109 93780 142 2805 39013 3985 65698 34130 19096 104024 34588 769 6482 47290 308390
internal_value=-0.000500462 0.00894628 0.0130987 -0.0397361 -0.0197229 -0.0349314 0.00965094 0.0105764 0.00999499 0.00629936 0.0784958 0.12752 0.346203 0.592116 -0.00524706 0.00921689 0.0102189 0.0582872 0.00927165 0.00335335 0.116623 -0.0082857 0.00371791 0.0203753 -0.00587597 0.0473148 0.00271027 0.0406764 0.0165932 0.0101809
internal_weight=105502 85032.4 74276.9 20469.3 10755.5 6010.96 66028.8 64603.7 64061.1 47247.9 542.61 309.642 36.2325 15.6924 3802.05 39373.6 38447.5 737.157 37710.3 3249.89 265.05 7874.27 4229.08 16813.2 2714.87 450.602 263.38 8248.15 2904.72 36900.4
internal_count=7148990 2205588 811999 4943402 1393589 1204253 803724 691113 684434 659894 6679 2446 1089 310 263112 495410 423211 18236 404975 156145 4127 164484 98786 24540 143037 37126 35357 8275 64656 311195
is_linear=0
shrinkage=0.055


Tree=49
num_leaves=31
num_cat=0
split_feature=50 53 50 42 54 25 42 8 8 54 23 26 25 57 47 2 51 53 6 52 25 1 6 54 51 15 47 15 10 47
split_gain=11805.5 2893.8 2622.3 1532.28 877.526 809.284 922.244 887.843 805.799 767.871 2158.59 760.655 731.614 687.475 640.914 576.423 574.776 569.44 448.911 578.524 448.442 445.751 570.707 745.925 541.226 440.084 518.668 502.07 486.629 634.6
threshold=-11.26065683364868 -0.058593511581420891 -1.0000000180025095e-35 -1.0000000180025095e-35 7.5000000000000009 -13.977248668670653 1.0000000180025095e-35 3.7494349479675297 1.8688348531723025 281.50000000000006 7.5000000000000009 30.500000000000004 -16.280002593994137 350.50000000000006 -12.803324222564695 0.30384616553783422 710.50000000000011 -0.055663824081420891 -12.073047161102293 0.76162502169609081 -9.0304989814758283 0.26785714924335485 -6.7971570491790763 882.50000000000011 289.50000000000006 6.9962239265441903 -108.2343406677246 3.4811217784881596 8.1303524971008319 -109.30053329467772
decision_type=2 2 2 2 2 2 2 2 2 2 2 2 2 2 2 2 2 2 2 2 2 2 2 2 2 2 2 2 2 2
left_child=1 11 3 -2 -5 -3 13 -8 14 -9 15 12 -1 17 21 -11 18 -7 19 -10 -4 22 23 -6 -25 26 27 -20 -29 -30
right_child=2 5 20 4 8 6 7 9 16 10 -12 -13 -14 -15 -16 -17 -18 -19 25 -21 -22 -23 -24 24 -26 -27 -28 28 29 -31
leaf_value=-0.045972478955493695 -0.039724912816460248 -0.041125522388690508 0.013614907209752286 0.019107456872795324 0.1251820667067215 0.12926673329701197 -0.003525828146983778 0.053941440055509916 0.31813693700238543 -0.0020935095714719829 1.0265284007643007 -0.047874255977177239 0.060780851064827647 -0.025769826311683008 -0.016482242449898137 0.39404463791381666 -0.029478286920982519 0.0045343100987481266 0.38058535913050218 0.050010198489187266 0.045858391353589781 -0.040227397841138539 0.038711976393880257 -0.018041524006913778 0.90369769296183089 0.012185181538867466 -0.0018124458121898438 0.0099667110408132292 0.062539093155562747 0.44164926501694513
leaf_weight=378.89408991974778 2100.116410078248 2000.5041446795221 1635.6792886012699 16045.297809535637 65.301778776105493 111.01591893285513 1204.8848178491462 949.85557004623115 21.89634390338324 40.91584983561188 4.3986027936916789 16723.246297119418 388.12132964748889 4333.6524527871516 7348.6224561242852 10.227334097726269 1231.9982049239334 2435.3011904207524 10.61668522772379 298.52624299400486 6551.1937320560683 169.42503975750878 497.03272531903349 2.3730664572212836 2.1689406635705382 25999.191931461217 12663.94406891102 183.97876090975478 45.214968066429719 15.309086059918625
leaf_count=104497 318566 330472 2930 22445 1351 3387 38249 15092 332 2650 82 4759483 27153 399393 241392 226 190070 44520 91 2505 11139 9967 23630 233 120 361953 225230 10029 1696 438
internal_value=-0.00141596 -0.0314852 0.0100613 0.0064541 0.00795829 -0.00950175 -0.00252349 0.0283451 0.00427244 0.0663683 0.256881 -0.0454184 0.00809011 -0.0124538 -0.0115749 0.105162 0.00743934 0.0102151 0.00860207 0.0729394 0.0394286 0.0371833 0.0604689 0.202369 0.66501 0.00806307 -0.000234052 0.076645 0.0560851 0.184816
internal_weight=103469 28581 74887.9 66701 64600.9 11090.8 9090.25 2210.28 48555.6 1005.4 55.5418 17490.3 767.015 6879.97 8084.92 51.1432 40470.7 2546.32 39238.7 320.423 8186.87 736.302 566.877 69.8438 4.54201 38918.3 12919.1 255.12 244.503 60.5241
internal_count=7149321 5725204 1424117 1410048 1091482 834071 503599 56299 1069037 18050 2958 4891133 131650 447300 276693 2876 792344 47907 602274 2837 14069 35301 25334 1704 353 599437 237484 12254 12163 2134
is_linear=0
shrinkage=0.055


Tree=50
num_leaves=31
num_cat=0
split_feature=53 54 49 50 47 26 41 54 26 3 50 46 23 9 33 47 51 44 13 6 28 41 13 57 25 57 9 7 53 26
split_gain=11236.8 2841.66 1842.18 1763.76 891.122 815.266 819.295 762.117 932.44 551.356 1296.34 1039.46 1166.3 1034.9 1000.53 803.303 745.465 653.58 563.614 548.776 1096.63 529.995 464.959 424.798 424.442 417.171 421.429 412.032 515.037 403.174
threshold=-0.073241949081420885 7.5000000000000009 4.7771940231323251 -13.150973796844481 -1.0000000180025095e-35 330.50000000000006 -1.0000000180025095e-35 87.500000000000014 37.500000000000007 0.97916665673255932 -11.935257434844969 -0.053572213277220719 3.5000000000000004 4.9710285663604745 6.2156071662902841 -6.7392220497131339 883.50000000000011 3.5000000000000004 3.7954261302948002 -8.8804230690002424 9.5000000000000018 -1.0000000180025095e-35 3.6242519617080693 6.5000000000000009 -8.2851638793945295 6.5000000000000009 4.8674848079681405 7.0624072551727304 -0.055663824081420891 1099.5000000000002
decision_type=2 2 2 2 2 2 2 2 2 2 2 2 2 2 2 2 2 2 2 2 2 2 2 2 2 2 2 2 2 2
left_child=2 4 9 7 24 -5 -7 -3 -9 -1 23 12 15 14 -14 -12 -17 -13 -16 27 -21 -4 -22 -11 25 -2 -27 28 -8 -23
right_child=1 3 21 5 -6 6 19 8 -10 10 11 17 13 -15 18 16 -18 -19 -20 20 22 29 -24 -25 -26 26 -28 -29 -30 -31
leaf_value=-0.051437041693890365 0.030117034877691962 -0.00071115586881694904 -0.055378173965606632 0.032024210990865207 0.043964820462332535 -0.034792217906811786 0.37373675301385639 0.04246381325095841 -0.038918277966177216 0.33778345885502004 -0.017877297329522902 -0.045040887913586798 -0.026910656252564745 0.14179532346936191 0.95343903141623321 0.13055028071956065 0.74283537741011785 0.53991202160590213 -0.015576840771118341 -0.040990452879796913 0.00053100455625574379 0.048402910996735701 0.011838337744653099 -0.040015898136535291 0.025853033063476038 -0.029485181284698445 0.0084805172501094071 0.0089851589398720344 0.091855396161089189 -0.0039810260120145182
leaf_weight=12853.14363169251 2003.1257731341757 3866.9572090613656 509.27389991260134 3431.8359995062929 5518.7620769776404 1564.493480499601 18.465453177923337 459.40712363948114 5245.7551188413054 4.0936882402747861 86.482789400499314 152.0329124238342 4.5979599063284722 28.651389122009277 11.61261383560486 30.909710956504568 3.6127295773476353 1.0077580162324 1.8600841129664321 1505.7142639076337 20288.097421078477 528.89957420201972 24026.92097701272 2108.9124084773939 10422.674059286714 1103.4287946987897 4371.7043865146115 159.78273750189692 165.8409881205298 2649.2534959509503
leaf_count=4010923 4437 186876 107040 26021 2833 201666 542 37216 1178854 621 14014 23611 723 1603 464 891 127 7 224 86613 234537 13161 215132 625490 12768 3871 9724 3168 1199 143026
internal_value=-0.000247493 0.00837373 -0.0384755 0.00209694 0.0246471 0.00615149 0.00428802 -0.0195657 -0.0323336 -0.0468899 -0.0228195 0.0794023 0.171924 0.39143 0.670721 0.075 0.280495 -0.0242295 0.851649 0.00561605 0.00509209 -0.00357594 0.00666231 -0.0384883 0.018681 0.00867447 0.000809194 0.0743167 0.129222 0.0047989
internal_weight=103127 84153 18974.3 60733.3 23419.7 51161.2 47729.3 9572.12 5705.16 15286.9 2433.77 320.768 167.727 46.722 18.0707 121.005 34.5224 153.041 13.4727 46164.8 45820.7 3687.43 44315 2113.01 17900.9 7478.26 5475.13 344.089 184.306 3178.15
internal_count=7147382 2205457 4941925 2171824 33633 768878 742857 1402946 1216070 4678698 667775 41664 18046 3014 1411 15032 1018 23618 688 541191 536282 263227 449669 626111 30800 18032 13595 4909 1741 156187
is_linear=0
shrinkage=0.055


Tree=51
num_leaves=31
num_cat=0
split_feature=53 51 49 42 25 53 6 41 25 57 52 31 9 26 26 45 41 40 21 54 26 28 53 3 50 19 41 56 13 13
split_gain=10564.2 2727.28 1730.57 1415.84 1287.19 1082.31 1070.67 911.28 736.015 665.618 1009.01 925.386 617.19 594.212 537.186 487.934 444.142 519.573 434.11 426.479 420.125 495.067 465.748 413.319 869.087 1056.3 448.514 449.103 405.247 396.254
threshold=-0.073241949081420885 8.5000000000000018 4.7771940231323251 -1.0000000180025095e-35 -13.977248668670653 -1.0000000180025095e-35 -12.073047161102293 -1.0000000180025095e-35 -9.0304989814758283 21.500000000000004 0.82372909784317028 3.4175922870635991 4.9273459911346444 832.50000000000011 1099.5000000000002 0.83414188027381908 1.0000000180025095e-35 3.4175922870635991 1.0000000180025095e-35 762.50000000000011 190.50000000000003 393.50000000000006 -0.055663824081420891 0.97916665673255932 -11.935257434844969 1.5000000000000002 1.0000000180025095e-35 -100.89965820312499 3.113268375396729 3.4175922870635991
decision_type=2 2 2 2 2 2 2 2 2 2 2 2 2 2 2 2 2 2 2 2 2 2 2 2 2 2 2 2 2 2
left_child=2 5 23 -3 9 8 19 20 -2 10 11 18 16 15 -4 -14 -9 28 -5 -6 21 -8 -23 -1 -25 26 -26 -28 -18 -15
right_child=1 3 14 4 6 -7 7 12 -10 -11 -12 -13 13 29 -16 -17 17 -19 -20 -21 -22 22 -24 24 25 -27 27 -29 -30 -31
leaf_value=-0.051229561322748474 0.0028857337381218945 -0.04829295365990096 0.041914948019221757 0.10731850571519219 0.060603526441427719 0.043285970790979969 0.014873909624971787 -0.016080936559405328 0.02353480032700225 -0.039270362265153798 -0.031368643749463195 0.60710042099900974 -0.0015488226217083767 -0.0036720591616376109 -0.014345628203142585 0.037452441631964574 -0.023154050985544079 0.10576007684467081 -0.052311908774752849 0.1967464235663077 -0.044900039866340516 0.54692032903416177 -0.033514665335801143 -0.039420972756693817 0.026312233878100395 -0.017315822576840768 0.053611374385787385 0.34310834691800918 0.0065589103123380307 0.010803818558669222
leaf_weight=12221.417407304514 8148.6870862049982 1744.0818286507856 610.98803861183114 244.11392726865597 404.21959464461543 5514.6183775179088 77.681747837923467 5727.0277180837002 14539.754392905161 3193.5142768379301 511.24696006719023 5.3651455705985418 1326.0046937796287 8391.6744299749844 3078.5143700572662 3608.8919616483618 1663.4635262449738 141.94140527304262 61.701924342894927 81.704086341895163 1463.1668494099285 6.3927831179462373 5.7459760555066151 2033.6634813852143 38.265628102933988 211.74303295114078 25.487153270049021 52.67660134495236 8271.2086996713188 17949.267384700477
leaf_count=4011827 15759 282114 19779 18961 3800 2962 4163 191711 15642 663131 43321 302 33138 175371 243327 34387 31067 682 10290 1051 262751 200 174 626395 4770 34600 1207 1039 111312 303550
internal_value=-0.000787451 0.00754047 -0.0386441 0.000396332 0.0019989 0.0214392 0.00444764 0.00363145 0.0161208 -0.0279195 0.016127 0.0934209 0.00500047 0.00947638 -0.00498466 0.0269819 -0.00385768 0.00309392 0.0747878 0.0852655 -0.0377539 0.0748846 0.342545 -0.0471551 -0.0260081 0.0564546 0.185805 0.25761 0.00157462 0.00619228
internal_weight=101354 83081.5 18272.8 54878.4 53134.3 28203.1 49118.4 48632.5 22688.4 4015.94 822.428 311.181 47079.5 31275.8 3689.5 4934.9 15803.6 10076.6 305.816 485.924 1552.99 89.8205 12.1388 14583.3 2361.84 328.172 116.429 78.1638 9934.67 26340.9
internal_count=7148783 2205839 4942944 2171476 1889362 34363 1153357 1148506 31401 736005 72874 29553 881218 546446 263106 67525 334772 143061 29251 4851 267288 4537 374 4679838 668011 41616 7016 2246 142379 478921
is_linear=0
shrinkage=0.055


Tree=52
num_leaves=31
num_cat=0
split_feature=53 49 53 25 26 41 57 26 25 8 7 26 50 15 56 3 50 47 19 44 7 15 57 16 51 15 51 49 56 56
split_gain=9663.32 2982.46 2333.01 1466.23 1027.59 1096.93 808.512 732.321 696.584 646.665 615.414 547.728 662.356 577.898 427.984 414.796 857.009 902.916 893.179 548.392 417.384 407.356 396.689 379.939 359.478 405.783 414.877 621.302 727.737 551.006
threshold=-0.063475489616394029 4.7771940231323251 -1.0000000180025095e-35 -11.234835624694822 693.50000000000011 -1.0000000180025095e-35 38.500000000000007 30.500000000000004 -13.313959598541258 3.0677825212478642 3.0138765573501591 1627.0000000000002 -9.4077792167663556 6.5868608951568612 -100.88403320312499 0.97916665673255932 -11.935257434844969 -114.78697586059569 1.5000000000000002 3.5000000000000004 12.340274810791017 8.6133213043212908 21.500000000000004 64339.500000000007 8.5000000000000018 8.014170169830324 69.500000000000014 5.3943264484405526 -0.047607421874999993 -100.91186523437499
decision_type=2 2 2 2 2 2 2 2 2 2 2 2 2 2 2 2 2 2 2 2 2 2 2 2 2 2 2 2 2 2
left_child=1 7 3 6 -5 -6 -2 8 22 -7 -8 -3 -13 -14 -10 -9 -17 -18 20 -20 -19 -12 -1 -23 -11 -26 -27 -28 29 -29
right_child=2 11 -4 4 5 9 10 15 14 24 21 12 13 -15 -16 16 17 18 19 -21 -22 23 -24 -25 25 26 27 28 -30 -31
leaf_value=0.15445622955990204 0.010137938181884371 0.03145197222012712 0.039222243336839636 0.024767283430750214 -0.039365507384031918 -0.0010941736740646775 0.044609779687774818 -0.051658117875493945 -0.052565901062394574 0.019959841168142936 -0.033852004099508039 -0.037968579562891021 -0.063548001956891254 0.01471635224961354 0.11729035844810914 -0.042140191204167878 0.50454067405550895 0.066778132186421937 -0.04053829914621665 0.44977745322214613 0.2574638474054034 0.21163849045156957 -0.046561958766628213 0.0091613058292760348 0.0038550944737694741 0.013402980272229999 0.011920706512624044 -0.055648266319259225 -0.019547530586211125 0.16430968987434841
leaf_weight=27.174521073698997 2521.251699869521 1347.6217808313668 6791.5745554361492 9785.3381733598653 1602.7313479161821 19581.76444282243 338.13062079530209 12715.966513358988 54.050740848761052 10461.075215470046 5467.6845603978727 1519.7691469388083 314.00589703512378 2706.9511935645714 203.06494924006984 2285.8320319782943 7.2582610114477566 122.02229635394178 304.95330072334036 2.0767199597321442 46.872671784134582 31.300165788736194 403.16649641375989 125.30486880685203 17336.462644210318 3091.381247155834 492.61842695064843 36.314156078966334 112.83075670525432 305.40314431954175
leaf_count=2828 101457 33448 4953 82830 222214 278143 8160 4339656 4017 10854 556836 229117 12781 55042 3453 749611 544 8368 45856 88 377 846 115561 7385 232205 8232 28084 982 743 4718
internal_value=-0.000649337 -0.0327876 0.00843243 0.00549662 0.00839578 0.00537224 -0.0159586 -0.0449869 0.0104909 0.00677044 -0.0269929 0.000727455 -0.0084157 0.0064898 0.0812617 -0.0474524 -0.0280805 0.0381832 0.0258993 -0.0300677 0.12558 -0.0313335 -0.0322402 0.0549257 0.0116072 0.00751569 0.0232055 0.0549608 0.100969 0.140469
internal_weight=100142 22060.8 78081.2 71289.6 62805.9 53020.6 8483.67 16172.4 687.457 51417.9 5962.42 5888.35 4540.73 3020.96 257.116 15485 2769.02 483.183 475.925 307.03 168.895 5624.29 430.341 156.605 31836.1 21375 4038.55 947.166 454.548 341.717
internal_count=7149389 5600747 1548642 1543689 869005 786175 674684 5270359 125859 563961 573227 330388 296940 67823 7470 5144500 804844 55233 54689 45944 8745 565067 118389 8231 285818 274964 42759 34527 6443 5700
is_linear=0
shrinkage=0.055


Tree=53
num_leaves=31
num_cat=0
split_feature=53 48 49 50 54 50 42 26 26 28 28 41 1 24 54 32 28 45 51 54 54 2 49 13 48 54 35 46 41 52
split_gain=9474.18 2490.77 1789.99 1239.18 933.238 897.319 705.966 540.635 532.871 512.087 560.759 469.871 456.666 584.8 870.554 971.368 805.134 680.979 464.786 472.968 532.207 620.213 474.065 463.587 453.638 493.164 498.65 908.035 426.896 476.454
threshold=-0.073241949081420885 8.5000000000000018 4.7771940231323251 -13.318503856658934 80.500000000000014 -1.0000000180025095e-35 -1.0000000180025095e-35 30.500000000000004 330.50000000000006 1.0000000180025095e-35 5.5000000000000009 -1.0000000180025095e-35 0.18333333730697635 -3.7928644418716426 475.50000000000006 1.0000000180025095e-35 13.500000000000002 0.82887685298919689 565.50000000000011 108.50000000000001 186.50000000000003 0.16025641560554507 -0.15590895712375638 3.6762205362319951 394.50000000000006 243.50000000000003 1.2424533367156985 -3.5830545425415035 1.0000000180025095e-35 0.8132474720478059
decision_type=2 2 2 2 2 2 2 2 2 2 2 2 2 2 2 2 2 2 2 2 2 2 2 2 2 2 2 2 2 2
left_child=2 5 -1 4 -3 -2 -5 -6 24 -10 -11 -4 13 14 18 16 17 -16 -12 -20 21 22 -21 -14 -8 -26 27 -27 -15 -30
right_child=1 3 11 6 7 -7 8 -9 9 10 12 -13 23 28 15 -17 -18 -19 19 20 -22 -23 -24 -25 25 26 -28 -29 29 -31
leaf_value=-0.047621598492445634 0.014788827466290297 0.0012274649744591901 -0.055306639287922253 -0.043857733384810089 0.02882955008178275 0.037861793068889392 0.017744976998801572 -0.037921697042104491 0.069076584764361321 -0.033195053444241257 0.017778546877724542 0.003240905159196064 -0.0083265887220191903 -0.0017330653832813585 -0.023487769144498027 0.0039006608560197948 0.18651482607100117 0.79646841884213915 -0.048198098231889204 -0.018139438788961505 -0.040812949639647128 0.15282834289912997 0.79231825224493513 0.0074242012286074273 0.046465795147310821 -0.035923848627969338 0.11369348997846526 0.69585615793580036 0.075390842991297627 0.013540062467061692
leaf_weight=13274.495165408356 20053.864715494681 4392.666264255764 470.94493894930929 906.40809445921332 392.84232080425136 6838.7662472352386 2366.0727816505823 4947.1529526049271 351.75540173356421 1257.5268140255939 635.48192913271487 3216.6059986006003 12310.703279363457 7076.2629715499934 3.4536259449087074 46.557094687828794 47.990976934786886 10.796908152056856 20.704138757195324 2.4007641365751606 12.878692815080283 25.537081442540511 6.9864347418770194 10443.177432562923 403.80052840593271 7.5142899053171304 86.016488328576088 8.5119007648900133 388.33960398216732 9123.4553187550046
leaf_count=4680651 29079 169660 107000 111059 31332 4364 15805 1191341 3942 80580 12227 155994 152143 219929 553 2744 574 208 1036 343 1595 292 102 108272 3166 556 1997 238 5375 56777
internal_value=-0.000790677 0.00693527 -0.0382078 0.000255516 -0.0175531 0.0206622 0.00406284 -0.0329887 0.00504075 0.00346317 0.00289758 -0.00430109 0.00403188 0.0107376 0.0561465 0.197436 0.331146 0.643264 0.0330725 0.164082 0.251881 0.351409 0.650775 -0.00109752 0.0279364 0.0749663 0.180309 0.425792 0.00849643 0.0161035
internal_weight=99129.7 82167.6 16962 55275 9732.66 26892.6 45542.3 5340 44635.9 41764 41412.3 3687.55 40154.7 17400.8 812.788 108.799 62.2415 14.2505 703.989 68.5071 47.803 34.9243 9.3872 22753.9 2871.92 505.843 102.043 16.0262 16588.1 9511.79
internal_count=7148934 2205289 4943645 2171846 1392333 33443 779513 1222673 668454 646692 642750 262994 562170 301755 19674 4079 1335 761 15595 3368 2332 737 445 260415 21762 5957 2791 794 282081 62152
is_linear=0
shrinkage=0.055


Tree=54
num_leaves=31
num_cat=0
split_feature=51 53 50 42 57 54 26 49 26 23 25 48 15 50 37 35 26 25 4 55 8 6 56 31 7 51 33 35 10 46
split_gain=8616.43 2113.37 2065.68 1221.58 749.757 742.705 682.094 984.993 624.571 543.786 535.911 657.46 562.403 539.305 515.658 877.603 514.762 590.865 492.371 489.227 487.516 483.791 448.844 446.806 415.905 416.349 408.635 381.897 443.028 396.303
threshold=289.50000000000006 -0.057616949081420891 -1.0000000180025095e-35 -1.0000000180025095e-35 6.5000000000000009 21.500000000000004 330.50000000000006 3.0254303216934209 4.5000000000000009 5.5000000000000009 -13.313959598541258 386.50000000000006 6.7411100864410409 -19.956716537475582 1.0000000180025095e-35 2.2769384384155278 4076.5000000000005 -13.977248668670653 1.0000000180025095e-35 0.85034179687500011 3.4498615264892583 -12.073047161102293 -100.88110351562499 2.7403194904327397 2.2652914524078374 69.500000000000014 8.0065340995788592 2.0126758813858037 6.2156071662902841 -0.049548774957656853
decision_type=2 2 2 2 2 2 2 2 2 2 2 2 2 2 2 2 2 2 2 2 2 2 2 2 2 2 2 2 2 2
left_child=2 4 3 -1 26 20 -7 21 9 -6 -9 12 13 14 -12 -16 17 -3 -14 -19 -5 -8 -17 27 25 -25 -2 29 -29 -13
right_child=1 16 -4 5 8 6 7 10 -10 -11 11 23 18 -15 15 22 -18 19 -20 -21 -22 -23 -24 24 -26 -27 -28 28 -30 -31
leaf_value=-0.041068752565313352 0.019726389237653238 -0.043543560182896665 0.035748704141130495 0.0052602927254392128 -0.0059890088591646948 0.027238415220284817 0.04433932941786952 -0.036075518771989522 -0.047658373690537562 0.21687908712180878 0.019120916058088407 0.0087597245676702181 0.0036997853867144106 -0.014451693051166991 -0.03878974324456802 0.72932000281628317 -0.027117334201972588 -0.0039671142561669122 0.044294002854108151 0.035530139752056246 0.019161479862275642 -0.035432670036550921 -0.021338990930065048 0.074034447224262931 0.0053057684113819899 0.25568532956094342 0.29845104240201015 0.052267493936862953 -0.046557707954632634 0.095192560978522259
leaf_weight=1712.2029967491981 38.368806121870875 778.22244614432566 7170.4590381262824 15195.844899445772 103.89601021399722 2694.9010495706461 243.92875584657304 1094.1029864386655 12945.672106958693 43.437424874398857 41.44906048825942 307.77366547822021 20489.945510167396 6536.3357461332344 10.417240778915584 7.9478519118856639 3355.1581811027136 3058.4571235324256 940.63353746570647 1369.6308700011577 15336.3382307305 3138.7341820674483 2.6191026652231812 92.194772465853021 82.647147671086714 68.283614347223192 23.151974793989211 221.09877077140845 344.28200420341454 332.83586896513589
leaf_count=273090 6178 155821 7984 39632 21447 66030 13612 104700 4930116 2829 4502 10247 255198 106230 1279 504 390878 222709 2032 30523 28910 439517 132 376 2350 1449 607 5420 16059 8470
internal_value=-0.00105924 -0.0316115 0.0076647 0.00473937 -0.0454498 0.00590981 0.000631298 -0.00148411 -0.04637 0.0646797 0.00163364 0.00303911 0.00116821 -0.0128658 0.141928 0.334146 -0.0103351 0.000495739 0.00549147 0.00827589 0.0122449 -0.0296232 0.596169 0.0390983 0.106391 0.156717 0.139167 0.0251489 -0.00779156 0.0540563
internal_weight=97781 21716 76065 68894.5 13154.5 67182.3 36650.1 33955.2 13093 147.333 30572.6 29478.5 28029.3 6598.77 62.4333 20.9842 8561.47 5206.31 21430.6 4428.09 30532.2 3382.66 10.567 1449.12 243.126 160.478 61.5208 1205.99 565.381 640.61
internal_count=7148831 5761108 1387723 1379739 4961177 1106649 1038107 972077 4954392 24276 518948 414248 369877 112647 6417 1915 799931 409053 257230 253232 68542 453129 636 44371 4175 1825 6785 40196 21479 18717
is_linear=0
shrinkage=0.055


Tree=55
num_leaves=31
num_cat=0
split_feature=53 53 49 50 25 41 6 57 26 55 40 26 30 27 15 41 50 56 29 13 41 16 13 15 27 14 40 52 16 4
split_gain=7567.54 2185.82 1720.6 1543.78 957.47 856.245 802.493 794.477 694.714 645.96 816.529 508.193 476.549 568.703 499.498 469.471 1034.22 1283.39 545.438 468.726 465.913 461.906 435.569 451.937 700.072 704.349 551.671 415.585 394.373 376.462
threshold=-0.073241949081420885 -1.0000000180025095e-35 4.7771940231323251 -6.1563501358032218 -12.798509597778319 -1.0000000180025095e-35 -12.073047161102293 3.5000000000000004 4076.5000000000005 0.89086914062500011 3.0201274156570439 190.50000000000003 0.6904762089252473 14.892910480499269 8.2431507110595721 1.0000000180025095e-35 -11.935257434844969 -100.89965820312499 0.13392857462167743 1.7005987167358401 -1.0000000180025095e-35 84436.000000000015 3.7954261302948002 7.1020877361297616 0.6416267752647401 6.7563505172729501 2.6735538244247441 0.79334145784378063 1287652.0000000002 1.0000000180025095e-35
decision_type=2 2 2 2 2 2 2 2 2 2 2 2 2 2 2 2 2 2 2 2 2 2 2 2 2 2 2 2 2 2
left_child=2 3 15 4 7 11 -7 9 -5 10 -2 -6 14 -14 27 -1 19 -18 22 -17 -4 -16 23 -19 25 26 -25 -8 -12 -10
right_child=1 -3 20 8 5 6 12 -9 29 -11 28 -13 13 -15 21 16 17 18 -20 -21 -22 -23 -24 24 -26 -27 -28 -29 -30 -31
leaf_value=-0.050629531794030708 0.037026728708694695 0.036803058952370432 -0.055243227896329183 0.016560018578565219 0.069004574091841742 0.088847871543485835 -0.037114261917514622 -0.035470032027128867 -0.00028382598135733386 -0.030033856109653857 0.37270647174615928 -0.047297529143399242 0.066421689643811122 -0.037636147495089443 0.066176788997751826 0.3754151952709433 -0.037451245995304187 0.071889427051385471 0.014144569781351575 -0.03974838370294418 0.0050399633075028883 0.0082971869357885732 0.04563182401565697 -0.017235275353126009 0.21912276113878079 -0.023967102433694723 0.90618567975861275 -0.0027471359175190177 -0.034533379197375744 0.023001998524280122
leaf_weight=9981.7527818467934 86.774187161820009 6393.5175992604345 436.7758194624912 23137.650571143953 117.81225075176917 302.22077179490589 1116.5435656514019 4156.1099374452606 17412.23732359428 117.29323385888711 41.257238826714456 1627.7816696779337 623.0613943587523 209.00928098219447 553.2273343289271 3.3048671022988847 164.76127151330002 21.943807873642072 43.540523592382669 1864.5607937716413 3171.2977929706685 1656.9377492230851 27.614704081555828 2.0252368280198452 42.757208684459329 3.511552949436008 10.70998855656944 20912.892991557717 7.5679852203465989 2383.2620832656976
leaf_count=3944606 3095 4973 106982 68929 6910 1788 135211 848196 69830 7660 588 374329 1733 2814 11236 1284 29779 2207 6534 691496 156278 44456 2002 247 1182 584 373 618575 526 4915
internal_value=-0.00084423 0.00595477 -0.0356845 0.00330375 -0.00593703 -0.00207016 0.00049647 -0.0296926 0.0100897 0.0641023 0.143702 -0.0392735 -0.000586044 0.0402145 -0.00199461 -0.0455728 -0.0224066 0.0687552 0.181331 -0.0380135 -0.00232398 0.0229017 0.244808 0.306148 0.380848 0.654739 0.795879 -0.00449703 0.312239 0.00252475
internal_weight=96629.7 80855.2 15774.6 74461.6 31528.5 27119.5 25373.9 4409 42933.1 252.893 135.599 1745.59 25071.7 832.071 24239.6 12166.5 2184.73 316.864 152.103 1867.87 3608.07 2210.17 108.562 80.9478 59.004 16.2468 12.7352 22029.4 48.8252 19795.5
internal_count=7149318 2205764 4943554 2200791 2057117 1197052 815813 860065 143674 11869 4209 381239 814025 4547 809478 4680294 735688 42908 13129 692780 263260 55692 6595 4593 2386 1204 620 753786 1114 74745
is_linear=0
shrinkage=0.055


Tree=56
num_leaves=31
num_cat=0
split_feature=53 48 51 50 41 25 41 47 26 28 57 27 52 53 16 26 47 0 40 1 52 50 47 51 49 7 57 50 50 30
split_gain=7097.87 2172.83 1392.65 1339.14 887.803 808.2 674.369 602.229 566.086 572.908 586.906 590.315 643.149 565.131 574.048 534.479 474.498 454.371 480.374 555.081 825.563 852.611 452.811 452.317 434.194 416.982 408.936 1845.06 402.689 396.504
threshold=-0.077942371368408189 8.5000000000000018 256.50000000000006 -110.68471527099608 -1.0000000180025095e-35 -8.0861721038818342 1.0000000180025095e-35 -1.0000000180025095e-35 47.500000000000007 10.500000000000002 61.500000000000007 958.36163330078136 0.82266011834144603 -100.83878326416014 2169981.0000000005 13.500000000000002 -18.758879661560055 0.58571431040763866 3.0201274156570439 0.38750000298023229 0.82316759228706371 -115.06210708618163 -108.78637695312499 78.500000000000014 4.2575199604034433 3.2067071199417119 67.500000000000014 -18.164086341857907 -106.68571472167967 0.92857143282890331
decision_type=2 2 2 2 2 2 2 2 2 2 2 2 2 2 2 2 2 2 2 2 2 2 2 2 2 2 2 2 2 2
left_child=2 5 6 17 -5 -2 15 -7 -6 10 11 12 22 14 -8 -1 -11 -3 -19 -20 21 -21 -10 -16 29 -25 27 28 -4 -17
right_child=1 3 26 4 8 7 13 -9 9 16 -12 -13 -14 -15 23 24 -18 18 19 20 -22 -23 -24 25 -26 -27 -28 -29 -30 -31
leaf_value=0.17224578334254267 0.0065787707099235525 -0.044827500704996387 -0.053506032940757675 -0.034432275096365692 0.043517753642312876 0.019124697946258429 0.016862598044703005 0.042628330245203475 -0.050944206267554588 0.021098686446592411 -0.032722655853300135 -0.036471286386651862 0.010320066059843499 -0.015672201154342962 0.068185318221551716 -0.052984155748535586 0.001707532986861173 -0.026963926971441055 -0.0026119294803805802 0.65073982948713771 -0.043875608790809595 0.090983822700257885 0.15076196880014719 0.34571171249865595 -0.0099140812074412187 0.087406996479444637 -0.051193116451724814 0.61111805139677045 0.16216293737621421 0.29091707770682967
leaf_weight=36.222989950794727 10543.176311685937 2577.2495047736447 155.99256296106614 2038.8159444241319 994.70611746492796 10830.635840897681 360.39852726319805 4748.4109857645817 38.159020017134026 4200.133524996927 2730.3336056144908 505.58615098707378 678.81328734592535 559.02706970786676 155.19582241005264 1372.2198118872475 41399.75678132847 187.05189930391498 58.559809195809066 14.004635879769923 19.045493658166379 17.902203175006434 188.83550831885077 40.278304927051067 1867.9700351089705 40.231140489922836 9122.2969988421537 10.216788274701683 26.330099266953766 5.3263158123008898
leaf_count=734 17301 623511 59121 455473 28934 14202 21085 2791 6821 232342 389457 54236 20796 38697 1616 414784 596270 46695 13611 968 5398 2044 6437 1735 132651 3142 3950528 424 5902 996
internal_value=-0.000889978 0.00525892 -0.0374415 -0.000883994 0.0011085 0.018343 -0.0120632 0.0262999 0.00253994 0.0017162 -0.0178569 0.0109147 0.0374188 0.0240075 0.0610399 -0.0247768 0.00349574 -0.0374128 0.0266985 0.115532 0.239414 0.391548 0.116487 0.126835 -0.0272374 0.229293 -0.0495169 0.0291879 -0.0188631 -0.0506072
internal_weight=95522.9 81771.2 13751.7 55649 52775.1 26122.2 4436.87 15579 50736.3 49741.6 4141.73 1411.39 905.808 1155.13 596.104 3281.74 45599.9 2873.81 296.564 109.512 50.9523 31.9068 226.995 235.705 3245.52 80.5094 9314.84 192.539 182.323 1377.55
internal_count=7148702 2517287 4631415 2482993 1790766 34294 615440 16993 1335293 1306359 477747 88290 34054 66275 27578 549165 828612 692227 68716 22021 8410 3012 13258 6493 548431 4877 4015975 65447 65023 415780
is_linear=0
shrinkage=0.055


Tree=57
num_leaves=31
num_cat=0
split_feature=53 53 51 25 41 26 8 57 52 41 26 19 44 49 13 51 32 7 40 47 25 51 52 33 19 8 51 33 25 31
split_gain=6642.63 1855.14 1554.04 1177.5 1000.34 604.894 675.019 601.977 622.551 585.233 791.162 621.166 552.433 623.586 536.49 492.862 482.626 477.688 442.346 437.869 842.726 906.826 766.607 439.069 461.828 635.494 482.236 428.467 1333.1 711.848
threshold=-0.073241949081420885 -1.0000000180025095e-35 230.50000000000003 -13.728870391845701 -1.0000000180025095e-35 312.50000000000006 3.9981586933135991 21.500000000000004 0.82316759228706371 -1.0000000180025095e-35 13.500000000000002 1.5000000000000002 1.0000000180025095e-35 7.8624610900878915 3.5694335699081425 103.50000000000001 1.2424533367156985 5.8960137367248544 3.4498615264892583 -18.243405342102047 -7.1833729743957511 376.50000000000006 0.82600733637809765 6.1147823333740243 5.5000000000000009 1.4978661537170412 1002.5000000000001 8.2941746711730975 -21.893641471862789 1.7005987167358401
decision_type=2 2 2 2 2 2 2 2 2 2 2 2 2 2 2 2 2 2 2 2 2 2 2 2 2 2 2 2 2 2
left_child=2 3 9 7 15 -6 12 8 17 10 -1 -11 13 -7 18 16 -5 -2 -14 20 23 -22 -23 24 26 -26 -16 -9 29 -29
right_child=1 -3 -4 4 5 6 -8 27 -10 11 -12 -13 14 -15 19 -17 -18 -19 -20 -21 21 22 -24 -25 25 -27 -28 28 -30 -31
leaf_value=0.30498628378607201 0.18839582478861963 0.03465199468120355 -0.047453379864922172 0.030349425113444534 0.024918627952936652 -0.023166104510921191 0.012044082111751304 -0.044359460342639809 -0.021580446402997038 0.063106270304049458 -0.055218906637857314 -0.007825925716215227 -0.0043122951296572761 0.00089697044478698261 0.091994848253278569 -0.051102967453839396 -0.047997406455609251 0.034773692165518642 0.099341055514330728 0.0096174951376061368 0.073647304537986985 0.85102872915908678 0.14502486827200964 -0.0057158589600686148 0.62960466758134392 -0.039108645456490759 -0.014540765251005941 -0.020282121866881542 0.0040783443652505401 0.97872062695992212
leaf_weight=13.907160319387911 72.113514409866184 6109.0734464693815 9732.4361531783361 601.39367187675089 4775.7569941689726 5439.7499183041509 23227.092515099095 2778.9506656737067 675.7919561821036 411.25527618685737 937.32956439163536 3627.7372591544408 12258.086201382102 8109.6829092684202 379.39714498026296 1397.5983142361511 386.33896351628937 314.64927234500647 120.82638617395423 12085.382162900642 41.705251207342371 6.2207218070980188 12.375681402860208 475.359145459719 5.0209887700621021 6.5688928726594895 191.24963923217729 2.9000346332322797 285.54702169634402 1.6502079318743197
leaf_count=257 1850 4954 4361939 25171 43342 309361 264873 666082 45982 26976 300100 255002 186224 28873 7477 374213 22146 27841 657 88819 538 288 300 32510 162 508 17335 730 55539 221
internal_value=-0.000725963 0.0055401 -0.0346629 0.0031232 0.00481919 0.00606364 0.00461775 -0.0253855 0.0102584 -0.00969509 -0.0483855 -0.000534426 0.000208774 -0.00876872 0.00496443 -0.030145 -0.000382335 0.0654561 -0.00326087 0.0126745 0.045533 0.237494 0.511479 0.0335218 0.0653327 0.353036 0.0564738 -0.0377226 0.0255286 0.664744
internal_weight=94483.1 79760.5 14722.7 73651.4 69519.8 67134.5 62358.7 4131.6 1062.55 4990.23 951.237 4038.99 39131.6 13549.4 25582.2 2385.33 987.733 386.763 12378.9 13203.3 1117.9 60.3017 18.5964 1057.6 582.237 11.5899 570.647 3069.05 290.097 4.55024
internal_count=7150270 2205996 4944274 2201042 1402797 981267 937925 798245 75673 582335 300357 281978 673052 338234 334818 421530 47317 29691 186881 147937 59118 1126 588 57992 25482 670 24812 722572 56490 951
is_linear=0
shrinkage=0.055


Tree=58
num_leaves=31
num_cat=0
split_feature=51 54 47 57 47 42 27 8 3 27 56 50 14 14 33 26 28 15 15 7 27 41 27 54 13 57 26 13 24 6
split_gain=6452.32 1757.49 1737.17 862.977 1159.86 843.538 702.545 670.305 663.692 778.828 861.326 1037.9 1089.84 1035.07 936.996 1115.09 1544.59 943.738 937.929 517.148 491.079 482.009 492.422 466.787 413.508 395.19 389.88 384.822 470.483 345.082
threshold=281.50000000000006 134.50000000000003 -1.0000000180025095e-35 48.500000000000007 -108.78637695312499 -1.0000000180025095e-35 1037.4355468750002 2.5249279737472539 0.846052646636963 544.24069213867199 -100.87524414062499 -103.7254066467285 6.5301482677459726 6.0173752307891855 6.5560615062713632 996.50000000000011 6668.0000000000009 7.6678597927093515 6.2156071662902841 2.4026249647140507 52.681776046752937 -1.0000000180025095e-35 19.978932380676273 338.50000000000006 2.9700856208801274 6.5000000000000009 3418.5000000000005 3.5972183942794804 -13.916507244110106 -6.5773739814758292
decision_type=2 2 2 2 2 2 2 2 2 2 2 2 2 2 2 2 2 2 2 2 2 2 2 2 2 2 2 2 2 2
left_child=2 20 5 4 -3 -1 27 23 -5 10 -10 -12 13 -13 15 -15 17 18 -17 21 29 22 -9 25 -21 -7 -4 -6 -29 -2
right_child=1 3 26 8 6 7 -8 19 9 -11 11 12 -14 14 -16 16 -18 -19 -20 24 -22 -23 -24 -25 -26 -27 -28 28 -30 -31
leaf_value=-0.035636031754223189 0.082006064490821776 -0.025228957655240861 0.041033171786475885 -0.049566416621771914 0.091987175050060155 0.035616710690277109 -0.049536355304251586 -0.04163526537579381 -0.022668743447443421 -0.050809811380920118 -0.0076476978249925241 0.074330033098676307 0.019269444751592767 0.15948333652445831 -0.040310482337883778 -0.016447589050310449 0.13749418355190809 -0.019573925370530251 1.1862659033609251 -0.026732601712166886 -0.035093387733167426 0.013749248059660111 0.39634305955635152 -0.029529465048381213 0.0034380321429650761 -0.0031197457273544867 0.0096141914527989071 0.50015186164499181 0.17199421474471097 0.0019734005989992314
leaf_weight=1593.0465287666302 164.32963746949099 400.95671414770186 4979.4890970713459 9942.0876660093199 61.123924639075994 835.10733063844964 41.449958564713597 589.23407564987428 1293.5490660078358 1496.2340146407951 326.50399246509187 63.054842935409397 122.71953877480701 26.225439180852845 12.267232671845703 2.038493861909962 13.263871927047147 2.5463481559418133 13.812074409099294 1490.628659324022 1158.6101706498303 28864.347639816813 2.9028566486667833 1955.4538238886744 16917.057851356221 15414.055797633715 1576.2183784460649 19.132673301035538 50.868341555586085 4349.2337668316904
leaf_count=263737 1038 108884 7495 4268954 5028 2829 11485 118755 318440 608262 97103 3765 14084 1594 1903 332 875 412 746 31454 170519 224730 22 244956 306364 146700 2387 816 1614 183807
internal_value=-0.000936536 -0.0290345 0.00647014 -0.0395675 0.0263058 0.00384972 0.14338 0.00480443 -0.0424139 -0.0212844 0.00233686 0.0575932 0.139377 0.245327 0.383851 0.469797 0.67003 0.942545 1.06474 0.00822073 -0.00323336 0.0127394 -0.0361874 -0.00417762 0.000988261 -0.00111859 0.033492 0.203942 0.28905 0.00497475
internal_weight=93777.5 19560 74217.5 13887.8 573.532 67661.8 172.575 66068.8 13314.3 3372.21 1875.98 582.432 255.928 133.208 70.1535 57.8862 31.6608 18.3969 15.8506 47864.2 5672.17 29456.5 592.137 18204.6 18407.7 16249.2 6555.71 131.125 70.001 4513.56
internal_count=7149090 5799661 1349429 5444297 127827 1339547 18943 1075810 5316470 1047516 439254 120814 23711 9627 5862 3959 2365 1490 1078 681325 355364 343507 118777 394485 337818 149529 9882 7458 2430 184845
is_linear=0
shrinkage=0.055


Tree=59
num_leaves=31
num_cat=0
split_feature=51 53 47 42 26 25 8 25 14 3 55 54 47 50 15 54 13 25 26 53 25 31 26 50 47 54 35 57 57 52
split_gain=5720.59 2068.37 1547.95 704.476 676.63 607.174 603.264 500.106 478.893 581.745 656.114 634.124 627.583 561.411 646.945 649 566.601 560.671 539.129 474.871 462.139 441.448 436.511 466.878 532.788 477.653 443.757 433.391 656.717 433.24
threshold=256.50000000000006 -0.057616949081420891 -1.0000000180025095e-35 -1.0000000180025095e-35 30.500000000000004 -10.878357887268065 3.9981586933135991 -16.280002593994137 6.8161878585815439 0.86190477013587963 0.81860351562500011 332.50000000000006 -109.30053329467772 -10.534414768218992 6.2156071662902841 418.50000000000006 3.7256208658218388 -12.432571411132811 2471.5000000000005 -0.048811435699462884 -11.496982574462889 1.2424533367156985 243.00000000000003 -11.600292682647703 -12.803324222564695 27.500000000000004 0.54930613934993755 44.500000000000007 41.500000000000007 0.8161771595478059
decision_type=2 2 2 2 2 2 2 2 2 2 2 2 2 2 2 2 2 2 2 2 2 2 2 2 2 2 2 2 2 2
left_child=2 4 3 -1 7 21 22 -2 9 10 -3 17 -13 14 -14 16 29 -11 19 -17 -12 -5 -7 26 -25 -26 -24 28 -6 -16
right_child=1 8 -4 5 27 6 -8 -9 -10 11 20 12 13 -15 15 18 -18 -19 -20 -21 -22 -23 23 24 25 -27 -28 -29 -30 -31
leaf_value=-0.033428048587960037 -0.042137432102738119 -0.03892339128419809 0.032404121374217353 0.0012080195263625283 -0.017854852660374513 0.024745081403066915 0.013782579555027964 0.059153875050905989 -0.020909903244940499 -0.046665418469565054 -0.024421613680757528 -0.051576915185583543 -0.045227601651216504 0.039336810453969195 -0.01964568309606865 0.045621848927394522 -0.026944170069693612 0.026648292304602538 -0.0453828024913377 0.37888798442398908 0.054065404565251489 -0.028043651561738867 0.012743566474041002 0.035323320168636034 0.0070573050900587745 -0.0069528640489348002 -0.035672694483713442 -0.047931765087471434 0.19423464750909347 0.68001823850724985
leaf_weight=1477.0806393190287 259.28764458745718 1366.0723129787948 6385.3260133508593 3683.194711379474 254.01812456990592 2444.4687245972455 22354.557542710798 329.05317114456557 3934.5155039252713 379.57745401817374 388.65877223783173 61.183095656568184 21.851842344040051 94.376167981419712 2.7216573923360619 21.880308168940246 4.7294954648241392 1758.2415633858182 22.54465625830926 33.148818880319595 532.82062052586116 2702.6277760986704 815.46087450813502 1431.3700690637343 17117.210099183954 12907.817405913724 1901.4063391068485 10085.828397245961 48.296811245614663 17.769846010021865
leaf_count=235710 103875 194108 9500 135843 83513 29367 207851 26070 402016 71026 56492 15638 4373 3944 469 1467 834 58245 4062 552 8086 112709 62580 29014 32282 214428 159106 4876865 8041 848
internal_value=-0.000524493 -0.0268977 0.00654253 0.00406951 -0.0427374 0.00491944 0.00666403 0.0145349 -0.00676169 0.00507782 -0.0147884 0.0238638 0.100915 0.143714 0.218178 0.273672 0.498662 0.0135527 0.174758 0.261214 0.0210082 -0.0111842 0.00231698 0.000709278 0.00259979 0.00103415 -0.021144 -0.0459865 0.0186368 0.601464
internal_weight=92837.1 19616.6 73220.5 66835.2 10976.5 65358.1 58972.3 588.341 8640.09 4705.58 2287.55 2418.02 280.206 219.023 124.647 102.795 25.221 2137.82 77.5738 55.0291 921.479 6385.82 36617.7 34173.3 31456.4 30025 2716.87 10388.1 302.315 20.4915
internal_count=7148914 5920524 1228390 1218890 5098364 983180 734628 129945 822160 420144 258686 161458 32187 16549 12605 8232 2151 129271 6081 2019 64578 248552 526777 497410 275724 246710 221686 4968419 91554 1317
is_linear=0
shrinkage=0.055


Tree=60
num_leaves=31
num_cat=0
split_feature=50 54 53 41 57 13 27 15 15 1 3 50 26 13 50 31 27 6 6 28 26 53 56 53 46 55 13 33 4 47
split_gain=5002.63 2114.11 1343.06 1062.57 921.23 726.033 840.964 738.44 1151.64 814.892 671.797 664.939 629.106 592.849 528.987 523.068 710.6 504.455 502.892 640.27 477.57 465.121 456.036 451.514 451.393 427.771 422.367 416.595 406.376 433.64
threshold=-11.26065683364868 122.50000000000001 -1.0000000180025095e-35 -1.0000000180025095e-35 89.500000000000014 3.4175922870635991 1169.2308349609377 7.2789738178253183 7.2395737171173105 0.46428571641445165 0.75735294818878185 -18.613493919372555 1627.0000000000002 3.3497501611709599 -18.164086341857907 1.8688348531723025 94.639945983886733 -2.794185876846313 -12.073047161102293 56.500000000000007 1642.0000000000002 -100.88499069213866 -100.88696289062499 -0.075195103883743272 7.6769652366638192 0.89282226562500011 1.7005987167358401 8.0065340995788592 1.0000000180025095e-35 -11.746516227722166
decision_type=2 2 2 2 2 2 2 2 2 2 2 2 2 2 2 2 2 2 2 2 2 2 2 2 2 2 2 2 2 2
left_child=1 15 3 17 5 -3 7 8 14 -10 -6 26 -5 25 27 16 -1 22 -15 -20 21 -13 -2 -16 -19 -14 -12 -7 29 -21
right_child=2 4 -4 12 10 6 -8 -9 9 -11 11 20 13 18 23 -17 -18 24 19 28 -22 -23 -24 -25 -26 -27 -28 -29 -30 -31
leaf_value=0.01433214033049152 -0.033446579767146351 -0.041877303466873489 0.032426241677547339 0.014399323852079629 -0.049761998298131709 -0.0047782736917923643 -0.038483876113880301 -0.013645062720914531 0.19948758700346175 0.85732942664498857 0.33090426289227409 0.25245019395246943 -0.0065577136606469579 0.095866820280692683 0.40387377582186224 -0.026248633737795839 -0.036758416806428947 -0.050994254948258273 -0.026301013079434728 0.027256244203338199 -0.014689009961240279 0.036680011737010278 0.10777445213115215 0.097687623679769117 0.0062136986106817336 -0.05549085795644032 -0.042512305854937593 0.16419184155749414 0.028042334782685838 0.0031204195103132731
leaf_weight=5151.6844717978965 128.55779687140603 434.02844442322385 5483.2280310839415 17438.041788794333 8757.7432838684181 124.72814618027769 208.11109966703225 125.80486146581825 21.010136316646825 6.1351235010661176 4.2620991641888386 27.710299216094427 10211.574068921851 180.94065089058131 23.969118926208466 1989.3225774185266 975.12107137904968 1841.2745160806226 1844.1906532549765 2453.9724970114185 1022.0297349563334 447.6161967824446 140.26278731471393 38.280179518274963 537.72784904181026 565.79580949596129 2181.4255517707206 63.084219307638705 2546.6528702632058 26754.738323859056
leaf_count=145380 41431 144394 4539 185126 3950076 34660 76186 26493 708 348 1458 3647 155254 1318 211 99499 130054 607797 74876 53533 214839 54272 6836 1506 14391 3781 839044 3579 4521 270047
internal_value=-0.000824593 -0.0239636 0.00630439 0.00408634 -0.0373075 0.0122368 0.0506973 0.0966568 0.14607 0.458393 -0.0414729 -0.0217219 0.00554451 0.00207789 0.103845 -0.00178172 0.0061774 -0.0300014 0.00566125 0.00516128 0.00650554 0.0517558 0.0408609 0.236847 -0.0380776 -0.00915117 -0.0410306 0.0547631 0.00699231 0.00515251
internal_weight=91729 21602.1 70127 64643.7 13485.9 1045.15 611.123 403.012 277.207 27.1453 12440.8 3683.04 61995.9 44557.9 250.062 8116.13 6126.81 2647.82 33780.5 33599.6 1497.36 475.326 268.821 62.2493 2379 10777.4 2185.69 187.812 31755.4 29208.7
internal_count=7149804 5726354 1423450 1418911 5351421 288085 143691 67505 41012 1056 5063336 1113260 748456 563330 39956 374933 275434 670455 404295 402977 272758 57919 48267 1717 622188 159035 840502 38239 328101 323580
is_linear=0
shrinkage=0.055


Tree=61
num_leaves=31
num_cat=0
split_feature=53 53 49 50 42 25 50 3 50 6 26 28 1 41 49 52 46 6 53 15 35 26 51 16 47 6 27 26 51 14
split_gain=4805.9 1535.24 1528.62 911.603 893.571 624.611 571.252 493.084 845.072 679.427 492.232 542.872 520.613 498.285 584.117 572.71 509.642 508.415 632.793 954.42 652.043 480.588 466.397 629.061 695.411 455.674 650.248 530.332 447.375 566.264
threshold=-0.073241949081420885 -1.0000000180025095e-35 4.7771940231323251 -4.4401073455810538 -1.0000000180025095e-35 -7.7081959247589102 -110.68471527099608 0.97916665673255932 -16.647411346435543 -12.073047161102293 47.500000000000007 5.5000000000000009 0.35416667163372045 1.0000000180025095e-35 3.4313178062438969 0.82773867249488842 3.426362276077271 -3.9025335311889644 -0.061522066593170159 7.5860424041748056 1.8317808508872988 2471.5000000000005 1946.5000000000002 731.50000000000011 -105.88700485229491 -12.073047161102293 632.71170043945324 779.50000000000011 69.500000000000014 6.5799450874328622
decision_type=2 2 2 2 2 2 2 2 2 2 2 2 2 2 2 2 2 2 2 2 2 2 2 2 2 2 2 2 2 2
left_child=2 3 7 4 -2 -5 -6 -1 -9 -10 -8 25 13 14 17 28 -16 18 19 -13 -21 -11 -17 -24 -25 26 27 -12 -15 -30
right_child=1 -3 -4 5 6 -7 10 8 9 21 11 12 -14 15 16 22 -18 -19 -20 20 -22 -23 23 24 -26 -27 -28 -29 29 -31
leaf_value=-0.048896991729606189 -0.048470734029500501 0.032073427191059073 -0.00058305071929604319 0.0041497653452496472 -0.029504927147770487 0.020607619615997781 0.039208534453110074 -0.041917246138965268 0.19209991861146591 0.069884977600480444 -0.055099421056805924 -0.039872190019597332 -0.010069707942642375 0.015392322712161418 0.049431344903545088 0.0062264135210214431 -0.00027547753368460003 -0.030134968996878519 0.019867483531619209 0.7763532481008949 -0.023680439679562806 -0.041024569057470234 0.35282294602690456 -0.029402595010945241 0.1954726663048601 -0.037855489538350925 -0.028613961434200925 0.12123509029533917 0.12063283373341833 0.02916289375796469
leaf_weight=7765.9804768791655 1275.0888598239981 5688.6419687625021 3529.597009813413 23056.289861742407 2112.1815624228911 9998.9793648195919 933.29282019950915 1207.5312972897664 72.03411307814531 235.41153213579673 64.822316385456361 12.947770852595569 9351.244786763913 959.19503297703341 696.92035110481083 11306.918085918762 5617.562999038375 2866.3541800889652 195.96206844784319 7.2140908549772558 3.7357172328047454 227.83307740802411 19.598544212989509 111.58972485235427 60.325409170472994 2030.5538787132828 430.70362207677681 207.95610319578554 371.23545355140232 458.61803723475896
leaf_count=4011734 276312 4931 263138 62106 530317 23748 24422 568353 2771 32570 12961 5022 204299 6164 21689 130603 93045 358951 18248 860 1301 64457 221 9468 1624 247979 103534 11136 22626 34681
internal_value=-0.000599299 0.00457783 -0.0314962 0.00240786 -0.00327681 0.00913051 -0.00174686 -0.0429646 -0.0164654 0.0408077 -0.000100969 -0.00116149 0.000847531 0.00534845 -0.00434073 0.0122025 0.00524536 -0.0239309 0.0558241 0.296217 0.581548 0.0154818 0.00768926 0.0916996 0.052801 -0.0246632 0.0134137 0.0790939 0.041107 0.0705594
internal_weight=90876.3 77837.9 13038.4 72149.3 39094 33055.3 37818.9 9508.79 1742.81 535.279 35706.8 34773.5 32039.4 22688.2 9400.7 13287.5 6314.48 3086.21 219.86 23.8976 10.9498 463.245 11498.4 191.514 171.915 2734.04 703.482 272.778 1789.05 829.853
internal_count=7149271 2206248 4943023 2201317 2115463 85854 1839151 4679885 668151 99798 1308834 1284412 908802 704503 499116 205387 114734 384382 25431 7183 2161 97027 141916 11313 11092 375610 127631 24097 63471 57307
is_linear=0
shrinkage=0.055


Tree=62
num_leaves=31
num_cat=0
split_feature=53 50 51 25 6 42 41 53 56 9 26 51 3 41 57 28 8 25 16 29 45 28 4 16 15 25 31 53 25 10
split_gain=4476.27 1524.24 1291.41 876.887 822 666.302 601.229 695.317 570.234 568.774 622.623 553.259 1203.71 524.305 485.397 464.221 418.526 404.016 370.176 348.88 348.228 347.2 343.547 371.073 343.511 525.952 815.817 374.81 511.452 383.967
threshold=-0.07617092132568358 -1.0000000180025095e-35 272.50000000000006 -14.444069862365721 -12.073047161102293 -1.0000000180025095e-35 1.0000000180025095e-35 -100.83363342285155 -100.88305664062499 4.5560796260833749 902.50000000000011 239.50000000000003 0.52402746677398693 -1.0000000180025095e-35 3.5000000000000004 56.500000000000007 3.0677825212478642 -8.0779495239257795 1289836.0000000002 0.92857143282890331 0.77031469345092785 2.5000000000000004 1.0000000180025095e-35 2097891.5000000005 6.7667672634124765 -21.708992004394528 2.6735538244247441 -0.031346410512924187 -18.357086181640621 6.1984765529632577
decision_type=2 2 2 2 2 2 2 2 2 2 2 2 2 2 2 2 2 2 2 2 2 2 2 2 2 2 2 2 2 2
left_child=2 3 6 14 -5 -6 8 11 19 -7 21 22 -13 -12 18 -15 -17 -3 -2 -1 -10 -11 23 -8 -16 26 -26 -27 -29 -30
right_child=1 17 -4 4 5 9 7 -9 20 10 13 12 -14 15 24 16 -18 -19 -20 -21 -22 -23 -24 -25 25 27 -28 28 29 -31
leaf_value=-0.04234419707613625 0.089307776598556876 0.010608354601416329 -0.046539689833446682 0.067998255632671784 -0.031683007835243755 -0.011669933448142544 -0.0052627532012306886 -0.018905974641474546 -0.029556766300750471 -0.02125528426516058 -0.03659249223958419 0.9294153449265683 0.076358514778503764 -0.019732239435581344 -0.05148669561924956 -0.0026346253644583748 0.0085756958363469044 0.040555387110912174 -0.036141112944240571 0.10268496736578962 0.032286228878826616 0.019808644023074591 0.21546264509944674 0.07940233400343534 0.035374267043598799 -0.031619240733547022 0.59308354194916235 0.24320357992632186 0.10007597269952696 -0.031627155652743821
leaf_weight=2057.0094345145626 183.98063277057372 2043.9679073520238 7188.369280601386 587.4920780264074 1636.5052995394217 6492.0104793503415 291.59764064312913 641.03317767183762 436.87398919661064 659.01970395457465 995.48543117986992 1.9825856758980105 21.491903378046118 2436.2293204629095 1385.8199332638178 15014.867462895112 30598.985357928672 4110.9517771529499 110.57533870334737 46.803404123755172 726.94816740916576 10277.732773377793 31.152690172428265 331.7725177006796 34.432276376173832 1464.4747541323304 5.6016226441133758 26.757506994064897 93.615096856141463 203.93727255123667
leaf_count=481351 5711 3386 4060830 7538 271588 199222 17864 46759 67451 28066 209762 194 4143 114235 421635 253219 343684 5036 6165 1914 61757 135285 187 7440 12897 370768 1200 236 2285 7735
internal_value=-0.000386563 0.00436516 -0.0319976 0.00212465 0.0034952 0.00293387 -0.00918084 0.0221051 -0.0218244 0.00378841 0.00546233 0.0607349 0.298955 0.00281541 -0.0246728 0.00363557 0.00488567 0.0306271 0.0423975 -0.0388819 0.00904456 0.0173257 0.0499894 0.0400713 -0.0308747 -0.0151578 0.170595 -0.019779 0.033356 0.010778
internal_weight=90137.5 78362.4 11775 72207.5 68698.3 68110.8 4586.67 1319.03 3267.63 66474.3 59982.3 677.997 23.4745 49045.6 3509.19 48050.1 45613.9 6154.92 294.556 2103.81 1163.82 10936.8 654.523 623.37 3214.64 1828.82 40.0339 1788.78 324.31 297.552
internal_count=7149543 2399653 4749890 2391231 1562599 1555061 689060 76587 612473 1283473 1084251 29828 4337 920900 828632 711138 596903 8422 11876 483265 129208 163351 25491 25304 816756 395121 14097 381024 10256 10020
is_linear=0
shrinkage=0.055


Tree=63
num_leaves=31
num_cat=0
split_feature=53 48 51 50 26 41 26 0 8 41 28 6 27 57 7 40 38 3 0 51 19 6 3 19 31 14 7 21 49 1
split_gain=4578.56 1317.14 1136.46 782.264 607.653 482.787 641.959 466.928 446.295 444.388 429.505 483.585 559.864 419.177 599.154 487.24 457.238 517.997 455.251 401.4 537.184 568.187 565.541 397.478 364.2 540.238 798.042 696.292 516.873 363.968
threshold=-0.073241949081420885 8.5000000000000018 272.50000000000006 -110.68471527099608 941.00000000000011 -1.0000000180025095e-35 13.500000000000002 0.84523808956146251 3.9219243526458745 -1.0000000180025095e-35 5.5000000000000009 -12.073047161102293 465.79299926757818 24.500000000000004 7.51877784729004 3.0201274156570439 1.0000000180025095e-35 0.73508772253990184 0.46428571641445165 103.50000000000001 3.5000000000000004 -0.018560681492090222 0.48913043737411505 1.5000000000000002 1.8688348531723025 7.43337106704712 2.2982133626937871 1.0000000180025095e-35 -0.032211391255259507 0.35416667163372045
decision_type=2 2 2 2 2 2 2 2 2 2 2 2 2 2 2 2 2 2 2 2 2 2 2 2 2 2 2 2 2 2
left_child=2 4 5 13 -2 6 -1 9 23 19 11 12 -11 14 -3 -16 17 -17 -19 20 -5 -22 -23 24 -7 26 -26 28 -28 -12
right_child=1 3 -4 7 -6 8 -8 -9 -10 10 29 -13 -14 -15 15 16 -18 18 -20 -21 21 22 -24 -25 25 -27 27 -29 -30 -31
leaf_value=0.24157498877618122 0.029243354855718866 -0.039675587287954089 -0.046463952004643351 -0.020316441550665372 0.009373179597630758 0.0027795122106117152 -0.055122798365542694 0.016383819124926032 0.016843184242121501 0.06815139596485445 0.0048302204416483287 -0.038317235749471504 -0.025735638244401862 -0.042338882955657513 0.022707616756420815 0.14715841325692641 -0.040103634541188024 -0.020014771856401971 0.72278927946364813 -0.049532950355707116 0.068544224964884173 0.70815076919654441 -0.026859468858393826 -0.028105981101484805 0.065481228026416399 -0.0049055942316811336 -0.014666323630065384 -0.025392631121247494 0.95932662484944031 -0.0059268228406511685
leaf_weight=17.750049594789743 6284.287579257274 163.79701128788292 7160.7352281188359 348.24979636794887 17957.905534713296 176.56173140578903 897.32221324532293 5002.67877435009 1758.1014211990405 325.73726600490045 26915.865294132731 1749.3173919016263 454.0533311489271 1910.097014073981 71.712763039162382 26.913818325148895 12.159199660294687 2.7593255136162034 8.0661842734552902 1038.9629141521873 93.341523020528257 3.9952463153749687 4.3441569949500263 2015.9036299576983 22.054091147263534 35.263496338855475 1.7950468087801708 3.719268859247677 5.0094771945150551 14711.236295720679
leaf_count=290 6785 25540 4218270 38840 26754 19041 377012 85688 109246 13091 586490 215446 99299 553712 9255 908 2545 601 584 335594 6259 190 457 214537 1637 2464 434 408 74 197643
internal_value=-0.00102092 0.00391597 -0.032476 -0.00095377 0.0145291 -0.0121466 -0.0480861 0.000440965 -0.00391292 -0.00130797 -0.000309802 -0.0222936 0.0136676 -0.0330566 0.0287247 0.118781 0.242211 0.32722 0.586951 -0.0308105 0.012492 0.120544 0.458717 -0.0200589 0.0455486 0.149027 0.294131 0.597875 0.805005 0.00102837
internal_weight=89179.7 77085.5 12094.2 52843.3 24242.2 4933.48 915.072 50647.8 4018.41 45645.1 44156.2 2529.11 779.791 2195.51 285.408 121.611 49.8985 37.7393 10.8255 1488.89 449.931 101.681 8.3394 2260.31 244.403 67.8414 32.5779 10.5238 6.80452 41627.1
internal_count=7149094 2205681 4943413 2172142 33539 725143 377302 1578997 347841 1493309 1111969 327836 112390 593145 39433 13893 4638 2093 1185 381340 45746 6906 647 238595 24058 5017 2553 916 508 784133
is_linear=0
shrinkage=0.055


Tree=64
num_leaves=31
num_cat=0
split_feature=50 53 50 41 45 25 6 52 32 14 10 8 8 42 25 42 6 45 48 15 16 49 25 10 10 26 13 50 45 45
split_gain=4086.56 1519.25 1250.63 788.422 570.154 505.923 735.183 540.46 485.736 512.675 652.376 449.467 409.857 472.604 453.887 397.065 378.854 490.935 560.421 450.2 377.3 647.439 373.943 372.047 361.564 360.064 456.553 410.849 796.037 455.86
threshold=-11.600292682647703 -0.07714709639549254 -1.0000000180025095e-35 -1.0000000180025095e-35 0.81898552179336559 -13.977248668670653 -12.073047161102293 0.8161771595478059 1.2424533367156985 7.13688087463379 9.1044793128967303 0.89587974548339855 3.7494349479675297 1.0000000180025095e-35 -7.1833729743957511 -1.0000000180025095e-35 -0.02474158629775047 0.83825194835662853 361.50000000000006 4.7578821182250985 759.50000000000011 7.1610362529754648 -9.0304989814758283 6.2156071662902841 5.708768606185914 384.50000000000006 1.7005987167358401 -18.164086341857907 0.81118166446685802 0.8133610486984254
decision_type=2 2 2 2 2 2 2 2 2 2 2 2 2 2 2 2 2 2 2 2 2 2 2 2 2 2 2 2 2 2
left_child=1 25 3 4 -2 -3 -7 20 9 24 -11 -5 14 -14 -9 -13 17 18 19 -16 21 -8 -4 -15 -6 26 -1 -28 -29 -30
right_child=2 5 22 11 8 6 7 12 -10 10 -12 15 13 23 16 -17 -18 -19 -20 -21 -22 -23 -24 -25 -26 -27 27 28 29 -31
leaf_value=0.40665040542962111 -0.052916416510516359 -0.033606672285988369 0.004655504278212627 -0.012327311298903311 0.069675359365988426 0.072799398046149655 0.0045600019493902697 -0.020594401610473472 -0.044758691565495251 -0.046451898526343911 0.43105392361384626 -0.037095746338669328 -0.00087604358572102926 -0.02727868957559447 0.16673182269305006 0.0064465755818396715 -0.039154917792203571 0.0014513374684749962 0.23224370248427098 -0.0084675403580699842 -0.038437027255868776 0.42366993575797712 0.037185022152662763 0.062693609530835664 -0.013274725017767504 -0.049235082524124306 -0.035801694317259394 -0.053533146386128383 0.45032537222965374 0.10105284560529842
leaf_weight=2.7429331142920992 1257.9940275781555 2452.6036622179672 1391.7751789084869 4372.5675370821264 252.43058023054618 343.47378915478475 51.462087931809947 3570.1954568309011 428.96471717976965 13.33061166550033 15.753625712124629 635.79885244171601 1991.0936027959688 166.70483090786729 62.661919706617482 56541.495692303637 196.31835884670727 307.84409502206836 69.313451221096329 127.56933784438297 1912.2032873624703 9.2732926135649887 4626.7754707657732 763.82799928763416 412.23305439495016 5773.1641944497824 824.37015412631445 120.7924131131731 8.5150932428659853 111.3572385617299
leaf_count=930 598207 825708 2916 94087 16398 4774 8646 323289 57570 2650 165 43002 138179 4742 1154 665046 7064 4002 5467 5400 433285 128 11127 18862 43755 3347640 422448 53112 768 7912
internal_value=-0.000412483 -0.0231263 0.00571471 0.00345711 -0.027566 -0.0113456 -0.00562707 -0.00858386 0.000947636 0.0293273 0.237483 0.0046592 -0.00163512 0.0142717 -0.0123625 0.00595919 0.0260036 0.0486937 0.103641 0.052035 -0.0340693 0.0959093 0.0296728 0.0465154 0.0185136 -0.0438102 -0.0143868 -0.0173663 0.0452257 0.142901
internal_weight=88814.6 18865.5 69949.1 63930.6 2380.71 12024.5 9571.94 9228.47 1122.71 693.748 29.0842 61549.9 7255.53 2921.63 4333.9 57177.3 763.707 567.389 259.545 190.231 1972.94 60.7354 6018.55 930.533 664.664 6840.94 1067.78 1065.03 240.665 119.872
internal_count=7148433 5613510 1534923 1520880 718745 1780700 954992 950218 120538 62968 2815 802135 508159 161783 346376 708048 23087 16023 12021 6554 442059 8774 14043 23604 60153 3832810 485170 484240 61792 8680
is_linear=0
shrinkage=0.055


Tree=65
num_leaves=31
num_cat=0
split_feature=50 45 25 53 6 41 57 7 14 24 56 41 33 25 14 54 26 6 15 56 47 50 38 47 7 56 52 54 8 8
split_gain=3626.2 1444.06 1070.09 1054.6 934.137 894.406 657.269 689.29 799.326 549.505 879.753 531.639 503.902 626.453 530.149 495.629 484.133 476.592 412.952 554.644 420.536 460.794 441.842 460.924 410.276 432.09 353.059 373.676 627.14 1212.5
threshold=-11.600292682647703 0.81118166446685802 -13.977248668670653 -1.0000000180025095e-35 -9.2814431190490705 -1.0000000180025095e-35 89.500000000000014 5.4461989402771005 5.7945356369018564 -3.9661440849304195 -100.86352539062499 -1.0000000180025095e-35 8.0065340995788592 -21.893641471862789 7.1037330627441415 568.50000000000011 779.50000000000011 -2.794185876846313 7.0161609649658212 -0.055908203124999993 -107.70070266723631 -4.4401073455810538 1.0000000180025095e-35 -108.78637695312499 2.2328490018844609 -100.87377929687499 0.82215020060539257 362.50000000000006 3.7494349479675297 3.860674381256104
decision_type=2 2 2 2 2 2 2 2 2 2 2 2 2 2 2 2 2 2 2 2 2 2 2 2 2 2 2 2 2 2
left_child=1 -1 6 5 9 17 7 8 15 -4 -11 -6 -9 14 -14 -3 -7 -2 19 20 22 -22 -18 -24 -25 -26 -13 -28 -29 -30
right_child=3 2 4 -5 11 16 -8 12 -10 10 -12 26 13 -15 -16 -17 18 -19 -20 -21 21 -23 23 24 25 -27 27 28 29 -31
leaf_value=-0.045676685650095389 0.039336347345871527 -0.027028132774008024 0.067623759293496566 0.029260973634524411 -0.047658626572909382 0.016169725578635032 -0.05148731310918709 -0.030808959697252048 0.052967245989491395 0.80151271005081826 -0.035554043282497137 -0.026827610900293737 0.061022554339051675 0.013281399116875859 0.46348961739104722 0.59181039303829164 -0.017115512145736353 -0.038146865582516648 0.0064155969254571241 0.0049250738458816515 -0.027022081656926045 -0.0023270163372403332 0.036117019686091031 0.081621763935938188 0.18491290586181111 0.71113802621940825 0.0016758608815380569 -0.0071297460542415602 0.51774465125621483 0.071802907838380947
leaf_weight=5545.6039570347639 266.25144503673073 4.6597487941617137 379.89780322241131 5105.9178090542555 806.41388984536752 9272.3983459356241 2663.8544309247518 1042.0076485904865 81.428560297121294 3.0224452054826543 6.4478980341227707 1307.9018260467565 23.760548682766967 160.69713510118891 14.507282094913533 10.644034090102648 184.45847258646972 2144.7810493708821 32296.812253938522 10868.376165377325 4923.98284479836 4263.9587910777191 124.90464525157586 38.78688711905852 22.732027047080923 3.963653842220082 6119.0542456626426 151.23317524592858 18.374112319666892 98.407644350314513
leaf_count=2976303 53376 729 10978 4573 332809 85933 1387274 316882 10137 321 572 222127 3179 29627 932 460 12730 671421 399058 42326 238336 20004 6140 649 532 136 270831 33746 1364 16245
internal_value=-0.000538677 -0.0222197 -0.0121159 0.00521291 -0.00147999 0.00330449 -0.0357157 -0.00423396 0.133439 0.0812726 0.416236 -0.00531565 -0.0154579 0.0637225 0.249526 0.44313 0.00458349 -0.0295267 0.00254466 -0.00357443 -0.0132319 -0.015569 0.0435057 0.101174 0.213902 0.362901 -0.000850142 0.00448618 0.0674428 0.160342
internal_weight=87955.2 18437.9 12892.3 69517.3 8890.75 64411.4 4001.56 1337.7 96.7323 389.368 9.47034 8501.38 1240.97 198.965 38.2678 15.3038 62000.4 2411.03 52728 20431.2 9562.79 9187.94 374.846 190.387 65.4826 26.6957 7694.97 6387.07 268.015 116.782
internal_count=7149730 5614516 2638213 1535214 888993 1530641 1749220 361946 11326 11871 893 877122 350620 33738 4111 1189 805844 724797 719911 320853 278527 258340 20187 7457 1317 668 544313 322186 51355 17609
is_linear=0
shrinkage=0.055


Tree=66
num_leaves=31
num_cat=0
split_feature=41 50 50 51 45 57 8 9 26 48 54 29 16 26 13 10 27 19 33 53 47 3 47 6 55 8 54 32 40 42
split_gain=3650.36 1581.44 1129.24 695.362 689.277 653.083 592.351 598.058 468.509 494.247 459.687 439.142 485.356 436.102 410.522 410.279 409.262 420.22 848.474 1272.25 876.257 841.142 659.403 515.517 492.903 428.196 528.888 464.033 414.082 404.99
threshold=-1.0000000180025095e-35 -18.875291824340817 -1.0000000180025095e-35 103.50000000000001 0.77031469345092785 44.500000000000007 2.5249279737472539 4.925753355026246 190.50000000000003 44.500000000000007 134.50000000000003 0.18333333730697635 2301565.5000000005 202.50000000000003 3.5694335699081425 6.2156071662902841 5.5983097553253183 2.5000000000000004 8.300509452819826 -0.034009397029876702 -112.71401214599608 0.97916665673255932 -101.08312606811522 -0.090226802974939332 0.82934570312500011 2.0126758813858037 40.500000000000007 1.0000000180025095e-35 2.9174053668975835 1.0000000180025095e-35
decision_type=2 2 2 2 2 2 2 2 2 2 2 2 2 2 2 2 2 2 2 2 2 2 2 2 2 2 2 2 2 2
left_child=3 5 4 8 -3 14 11 29 9 -1 16 12 -6 -9 -2 -16 17 18 22 20 21 -20 -7 24 -24 26 -19 28 -28 -8
right_child=1 2 -4 -5 6 10 7 13 -10 -11 -12 -13 -14 -15 15 -17 -18 25 19 -21 -22 -23 23 -25 -26 -27 27 -29 -30 -31
leaf_value=-0.016672215941934361 -0.016901355037175846 -0.037012179172183392 0.028480181173417544 -0.053777688988907467 -0.0042499052831744058 -0.018259340434051367 -0.0072439937853046024 0.040241969262504909 -0.022209222757179955 0.15321566879009027 -0.041102329996861024 -0.012442917353060579 0.023842795893270648 0.0096858097249227105 -0.056482406681611898 0.076805802657488653 -0.049109640048036092 -0.057650387280738437 -0.025686347882462324 -0.048024920921200656 -0.032813973198096313 0.79622093177196962 0.30754099541047641 0.023097323023775138 -0.047473063311362536 -0.051573308512014304 0.14430629038895959 0.0087071536609931565 0.55108622295686938 0.011257145545979471
leaf_weight=102.847458824981 507.62743194017094 1289.7958431709558 5564.8295252926182 4348.9914423043374 6108.6133776408387 329.78353303216863 11859.331991745858 1476.7953474131646 1181.7920073781861 97.596778293722309 3929.1792909002397 10283.977575939149 2669.335708175553 30697.629311530967 80.79270368302241 395.81550211226568 455.20181051292457 74.711649058386683 4.2812768704025119 22.575572571717203 7.0167726776562622 14.665266645140946 49.24513078131713 76.629617401398718 13.573307493235914 392.56799574289471 43.49287573073525 49.796366878203116 6.3321547964587799 5120.2914885359351
leaf_count=5077 95058 431081 8192 2664268 244243 25914 319286 11123 135609 5496 2086701 231934 75511 565674 17603 39477 90732 2237 761 1080 763 637 1056 3733 215 26811 2058 6052 501 49947
internal_value=-0.000578662 0.00240516 0.00465163 -0.0429871 0.00274194 -0.0237113 0.00349625 0.0066877 -0.00896484 0.0677623 -0.0311304 -0.00473299 0.00430167 0.0110944 0.0174631 0.0538595 -0.00563507 0.0127514 0.0483467 0.255905 0.485257 0.643913 0.0244045 0.122441 0.232988 -0.0198974 0.0508804 0.131139 0.241547 -0.00166321
internal_weight=87255.1 81523.9 75070.6 5731.23 69505.8 6453.29 68216 49154 1382.24 200.444 5469.05 19061.9 8777.95 32174.4 984.236 476.608 1539.87 1084.67 517.77 48.5389 25.9633 18.9465 469.232 139.448 62.8184 566.901 174.333 99.6214 49.825 16979.6
internal_count=7148830 4338380 1936991 2810450 1928799 2401389 1497718 946030 146182 10573 2249251 551688 319754 576797 152138 57080 162550 71818 34159 3241 2161 1398 30918 5004 1271 37659 10848 8611 2559 369233
is_linear=0
shrinkage=0.055


Tree=67
num_leaves=31
num_cat=0
split_feature=41 25 45 47 50 6 57 51 54 24 16 24 51 42 43 26 54 45 6 8 6 55 8 9 13 26 35 51 40 9
split_gain=3141.49 1315.28 1242.35 994.145 829.396 814.283 666.241 641.564 640.917 680.849 649.792 596.869 632.64 511.176 511.122 509.356 960.006 674.977 568.472 931.967 602.248 548.953 468.918 465.45 442.51 421.155 400.018 1411.1 1351.71 573.919
threshold=-1.0000000180025095e-35 -13.728870391845701 0.79240483045578014 -1.0000000180025095e-35 -9.4077792167663556 -9.2814431190490705 21.500000000000004 103.50000000000001 762.50000000000011 -3.9661440849304195 2061703.5000000002 -3.9661440849304195 221.50000000000003 -1.0000000180025095e-35 -1.0000000180025095e-35 2650.5000000000005 1285.5000000000002 0.80127653479576122 -5.5466401576995841 4.3502571582794198 -0.52366057038307179 0.83471679687500011 3.7256208658218388 4.7895965576171884 3.4498615264892583 190.50000000000003 1.0000000180025095e-35 180.50000000000003 2.6735538244247441 4.9742705821990976
decision_type=2 2 2 2 2 2 2 2 2 2 2 2 2 2 2 2 2 2 2 2 2 2 2 2 2 2 2 2 2 2
left_child=7 6 4 5 -3 8 -2 25 -4 -10 -11 12 -6 -7 -15 16 -16 -18 19 -17 21 -20 24 -21 -22 -1 27 -19 -29 -30
right_child=1 2 3 -5 11 13 -8 -9 9 10 -12 -13 -14 14 15 18 17 26 20 23 22 -23 -24 -25 -26 -27 -28 28 29 -31
leaf_value=0.063457538441589606 0.0136318145461244 -0.047994621842642145 0.029583600590638349 0.028360761228397084 0.053589722265447955 -0.034414137671118769 -0.034976484308083679 -0.051541202972124257 0.10295585162469387 0.10881436967280872 0.67778824319718822 -0.0042085805120539938 0.57437478338270997 -0.057055796142407647 0.0090139940191055496 -0.039343599393380939 -0.059459762927501561 0.097466642093299485 -0.050618723631340554 0.91376999086359689 -0.015299055146363811 -0.0040393082474342269 0.0086039241891590727 -0.01561096343313457 0.0025010220213319435 -0.020989400329485399 0.082721932245367433 -0.034365229959143845 0.91248806835082952 -0.016275691322623173
leaf_weight=205.96907947876025 1075.5750061965082 2222.6668949904852 438.54673461557832 5387.092465716647 23.430353624746207 1069.93557042873 4074.1857108731056 4153.6245316882851 157.60370427195448 15.016520667006263 8.8460747383069229 2234.0711883861804 5.9095659891609094 409.42076106544118 24602.646006413968 10.345223646028897 65.578216074150987 82.556894012843259 1275.5688046029536 2.0947079906472932 6645.5924415844493 1904.7850052077556 17540.615502707427 1.9018760978942735 11579.533439664403 1163.0758309679804 203.9472649336094 7.6270657028071609 12.295060746255329 2.0818255845224476
leaf_count=10522 85480 1139421 5425 6053 361 149474 1702395 2665142 4601 194 162 139240 993 16595 289576 1479 15280 696 109586 35 161578 15632 239009 291 235756 135486 14209 2577 624 783
internal_value=-0.000671733 0.00206387 0.00388926 0.00565322 -0.0241701 0.00379879 -0.0248208 -0.0407894 0.0662794 0.15179 0.400615 -0.000720133 0.226843 0.00320158 0.00382967 0.00422398 0.0103543 0.0972184 0.000293158 0.298392 0.000145094 -0.0227714 0.00218577 0.708623 -0.003992 -0.0080999 0.13094 0.216923 0.564078 0.808503
internal_weight=86582.1 81059.5 75909.7 71423.6 4486.08 66036.5 5149.76 5522.67 620.013 181.466 23.8626 2263.41 29.3399 65416.5 64346.6 63937.2 24976.7 374.086 38960.4 14.3418 38946.1 3180.35 35765.7 3.99658 18225.1 1369.04 308.508 104.561 22.004 14.3769
internal_count=7148655 4337505 2549630 1269615 1280015 1263562 1787875 2811150 10382 4957 356 140594 1354 1253180 1103706 1087111 323745 34169 763366 1805 761561 125218 636343 326 397334 146008 18889 4680 3984 1407
is_linear=0
shrinkage=0.055


Tree=68
num_leaves=31
num_cat=0
split_feature=41 50 50 45 27 53 13 50 52 16 41 48 52 51 26 54 49 14 53 26 57 49 51 16 9 49 53 28 33 15
split_gain=3054.94 1505.34 979.89 786.949 1018.34 692.509 533.702 500.685 665.522 578.416 499.012 611.095 790.771 844.049 650.058 835.057 524.967 459.343 454.363 450.549 429.891 714.98 445.488 420.135 412.25 391.523 447.975 562.971 757.924 470.325
threshold=-1.0000000180025095e-35 -13.991179466247557 -1.0000000180025095e-35 0.79590287804603588 718.86129760742199 -0.037664175033569329 3.4811217784881596 -110.68471527099608 0.79531529545784008 759.50000000000011 1.0000000180025095e-35 727.50000000000011 0.82773867249488842 239.50000000000003 15844.000000000002 882.50000000000011 2.7065967321395878 6.5301482677459726 -0.051757574081420891 1167.0000000000002 191.50000000000003 4.0306344032287607 272.50000000000006 1178210.5000000002 4.963487148284913 -0.027072417549788948 -0.047699332237243645 3147.0000000000005 6.908255100250245 6.7667672634124765
decision_type=2 2 2 2 2 2 2 2 2 2 2 2 2 2 2 2 2 2 2 2 2 2 2 2 2 2 2 2 2 2
left_child=5 3 6 -2 7 -1 19 -5 -9 24 20 23 13 -13 15 -15 -17 -18 -11 -3 22 -22 -8 -12 -10 26 27 -20 -29 -30
right_child=1 2 -4 4 -6 -7 10 8 9 18 11 12 -14 14 -16 16 17 -19 25 -21 21 -23 -24 -25 -26 -27 -28 28 29 -31
leaf_value=-0.050260227367677414 -0.055109781458317235 0.0081876166737764426 0.027450131552532057 -0.027309547841682102 -0.043633240351662821 0.0012548366395861447 0.0078464183047283632 0.068016790632575583 -0.056355828841260322 -0.029112227632208266 -0.00058116928868880483 0.035349454372975181 0.015280095868019799 0.12710947960506919 -0.048445160059926516 0.23823346648529889 0.73168064731498006 -0.018899708534672786 0.056654112902364211 -0.0085191903129037561 -0.033578039981400069 0.00051796542015564433 0.081778406447017671 0.014710750810857471 0.1418102200886136 -0.0068443376526716206 0.021961309241680393 -0.038628733429117296 0.59424798741557627 -0.024947404471755974
leaf_weight=4351.2306183127221 1450.8800730647054 6935.9747158890823 5401.8515688518528 1584.7903874770273 2210.1395436224993 963.77515211445279 5696.1280787935248 499.7827417626977 37.991167342523113 1343.2166908828076 8309.297565337969 313.03147170972079 998.22185040218756 152.51357285201084 33.592151283053681 50.695458487258293 12.073796791722996 2.5939128776080898 95.402189869782887 16465.767177855014 2426.9699156763963 7915.6531965025933 252.81100951367989 15704.011679457151 136.08440672280267 1759.3672783605289 1028.4063687776215 11.416442031040789 15.636873399140315 4.0473449197597793
leaf_count=2766369 899321 121345 8175 483020 1158572 43971 20224 124822 3080 322375 69855 11397 33022 7464 10433 4535 417 840 11077 359262 365243 98321 5000 108738 4298 51686 53408 1891 466 598
internal_value=-0.000555463 0.00210092 0.00494919 -0.0176705 -0.0114177 -0.0409266 0.003085 -0.000465738 0.00817999 0.00136268 0.00680299 0.0115945 0.0448683 0.0965964 0.170662 0.204773 0.364076 0.627884 -0.00270705 -0.00356682 -0.00072048 -0.00749526 0.0110543 0.00942029 0.0981955 0.00949235 0.0343016 0.129973 0.315882 0.487668
internal_weight=86163.4 80848.3 70671.2 10177.2 8726.28 5315.01 65269.3 6516.14 4931.35 4431.57 41867.6 25576 1562.72 564.5 251.469 217.877 65.3632 14.6677 4257.49 23401.7 16291.6 10342.6 5948.94 24013.3 174.076 2914.28 1154.91 126.503 31.1007 19.6842
internal_count=7149225 4338885 1224271 3114614 2215293 2810340 1216096 1056721 573701 448879 735489 246701 68108 35086 23689 13256 5792 1257 441501 480607 488788 463564 25224 178593 7378 119126 67440 14032 2955 1064
is_linear=0
shrinkage=0.055


Tree=69
num_leaves=31
num_cat=0
split_feature=41 50 53 51 45 43 26 28 54 27 6 27 45 50 51 13 57 4 53 15 10 28 56 3 35 9 13 23 56 50
split_gain=2606.66 1201.44 940.263 905.191 672.257 564.663 530.621 529.785 525.91 509.123 466.727 698.814 442.413 699.234 671.446 539.183 402.627 388.894 384.619 551.33 650.456 444.207 386.064 376.196 373.801 878.814 356.541 370.743 345.55 334.765
threshold=-1.0000000180025095e-35 -110.68471527099608 -1.0000000180025095e-35 103.50000000000001 0.77031469345092785 -1.0000000180025095e-35 1033.5000000000002 56.500000000000007 1285.5000000000002 718.86129760742199 -12.073047161102293 632.71170043945324 0.80127653479576122 -17.251917839050289 146.50000000000003 3.7012257575988774 52.500000000000007 1.0000000180025095e-35 -0.024376481771469113 8.5570869445800799 4.6200466156005868 6.5000000000000009 -100.88500976562499 0.79583334922790538 1.0000000180025095e-35 4.9092381000518808 1.7005987167358401 6.5000000000000009 -100.86352539062499 -8.5586323738098127
decision_type=2 2 2 2 2 2 2 2 2 2 2 2 2 2 2 2 2 2 2 2 2 2 2 2 2 2 2 2 2 2
left_child=3 16 4 -1 -3 -6 8 10 9 -7 11 28 -10 -14 -15 24 -2 -9 19 -12 21 -21 -23 -24 25 -16 27 -18 -8 -20
right_child=1 2 -4 -5 5 6 7 17 12 -11 18 -13 13 14 15 -17 26 -19 29 20 -22 22 23 -25 -26 -27 -28 -29 -30 -31
leaf_value=0.00013969740141189373 0.011855481768242597 -0.033509394890969511 0.026751797295012342 -0.052008084976134426 -0.058997731122968543 0.012063455090832335 0.24079588781580058 0.0010564489521900065 -0.0078989813133527893 -0.041130437972418353 -0.039869004287198695 -0.02238025685741362 0.0037960054704013996 0.05476917204079991 0.73082848181441917 0.050500001526541709 -0.028417597319730609 0.020382246189949684 0.048177977328008666 -0.039062413006031832 -0.0082263119292700238 -0.032282291379482339 0.14334804345458563 0.63912285944728964 0.17124353854720856 0.19691613590064527 -0.042412102468880636 0.59098918912551546 0.067203719285648417 -0.015181324508569958
leaf_weight=1373.1468381074956 523.85038845159579 1572.2951104358071 4956.9613506346941 3770.0752032740274 439.58268533449154 13733.166331441025 38.955908161588013 47525.746739301714 224.72899836231954 561.92553252587095 2733.0655403848505 332.87043152784463 205.41891081631184 171.16604216326959 12.095441616140304 47.402736743330024 5.2872228891355908 3368.420048040105 338.74749314086512 10.855758432648143 92.735193174565211 5.7443940039956969 12.359956652508119 9.5864314982900378 65.504039022838697 33.500702615478076 2470.0478838591371 0.53393506864085782 203.26651230081916 942.83498936612159
leaf_count=145990 117522 628974 4810 2664380 30129 212109 2201 1118187 59367 126620 466957 107882 91369 2262 382 3667 1838 7034 7402 2414 14584 720 351 275 3713 748 1305550 85 16313 5202
internal_value=-0.000155379 0.00226692 0.00358736 -0.038099 0.00200579 0.00279337 0.00318187 0.000701891 0.01234 0.00995881 -0.0169132 0.0293385 0.0567816 0.0837682 0.132798 0.212809 -0.0318579 0.0023374 -0.0233566 -0.0345455 0.0736769 0.24904 0.350686 0.438316 0.276904 0.396774 -0.0411121 0.275216 0.0994274 0.00168794
internal_weight=85781.9 80638.7 77638.9 5143.22 72682 71109.7 70670.1 55615.2 15054.9 14295.1 4721.02 575.093 759.817 535.088 329.669 158.503 2999.72 50894.2 4145.93 2864.35 131.282 38.5465 27.6908 21.9464 111.1 45.5961 2475.87 5.82116 242.222 1281.58
internal_count=7149037 4338667 2913672 2810370 2908862 2279888 2249759 1749522 500237 338729 624301 126396 161508 102141 10772 8510 1424995 1125221 497905 485301 18344 3760 1346 626 4843 1130 1307473 1923 18514 12604
is_linear=0
shrinkage=0.055


Tree=70
num_leaves=31
num_cat=0
split_feature=53 51 53 13 41 49 56 16 1 56 7 13 50 42 48 7 51 19 54 35 49 49 49 7 26 49 56 7 16 56
split_gain=2679.27 955.627 897.397 574.651 574.227 617.425 1007.11 452.806 440.646 413.886 711.168 600.687 379.837 374.53 381.798 429.043 539.847 472.763 415.39 411.058 525.273 642.592 398.128 391.392 369.225 579.515 361.107 346.922 346.907 551.46
threshold=-0.077942371368408189 256.50000000000006 -1.0000000180025095e-35 3.4175922870635991 1.0000000180025095e-35 3.8467589616775517 -0.058837890624999993 1178216.0000000002 0.61250001192092907 -0.026123046874999997 5.4461989402771005 1.7005987167358401 -103.7254066467285 -1.0000000180025095e-35 434.50000000000006 1.7687447071075442 498.50000000000006 5.5000000000000009 108.50000000000001 1.0000000180025095e-35 -0.59651678800582875 -0.13518758863210675 -0.15590895712375638 2.4026249647140507 1804.5000000000002 -8.4677567481994611 -100.88842773437499 2.6614506244659428 2303106.5000000005 -100.89379882812499
decision_type=2 2 2 2 2 2 2 2 2 2 2 2 2 2 2 2 2 2 2 2 2 2 2 2 2 2 2 2 2 2
left_child=1 -1 3 12 5 6 -5 -6 13 -3 -11 -12 -2 28 -15 16 -16 19 26 20 -17 22 -22 -19 -14 -26 -18 -7 -9 -30
right_child=2 9 -4 4 7 27 -8 8 -10 10 11 -13 24 14 15 17 18 23 -20 -21 21 -23 -24 -25 25 -27 -28 -29 29 -31
leaf_value=-0.0072485365049496193 -0.033969185893938887 -0.047195270306219651 0.026114959211932444 -0.038340034049661298 0.0014209449055354528 0.0083510076418806933 0.018509503888511063 -0.056578606435894761 -0.0042406491867272101 0.27723022285665672 0.52830720001958642 -0.024187113912677635 0.005951414227121002 0.016769100200320585 0.011700654488416526 -0.021454690756797398 -0.0095974757283942523 0.46972712307455627 0.19491457664988093 0.0056132077052394444 0.10305075867988855 0.078294351849015356 0.52446878537661223 -0.032207787335110739 0.16205543394190033 -0.0096389406460711344 0.12256321808043466 -0.010755705589188751 -0.049420991713845668 0.37005098339838322
leaf_weight=3740.692827743711 1304.089922219282 4901.0525706580374 4963.9371564183384 2965.4629654069431 11182.911177727277 10817.905551600968 1377.2114956276491 303.36948390619364 2890.5941088114632 25.140044001745991 1.1282628617482249 204.32672535127494 7982.0719176655402 12873.861510216957 228.05209808971267 135.39235871343408 96.405345076113008 8.0324830709723738 135.90205533744302 1160.5083384437021 16.199880862375721 272.17379298503511 12.410088032716887 6.4064553170464924 54.738564073224552 13773.343752525514 169.50521629769355 3909.6041499170242 21.327021355624311 10.747991070151327
leaf_count=615643 446055 3881295 4956 582046 237737 86215 154102 41111 41348 3681 217 130854 203516 69036 2627 33225 2429 65 9203 147475 489 9303 99 1121 4636 372291 1555 64259 2553 587
internal_value=0.000199698 -0.0284052 0.00351144 0.00194502 0.00534055 -0.00209832 -0.0203105 0.0101451 0.0154625 -0.0438053 0.0277184 -0.00867361 -0.00519316 0.019149 0.0204284 0.0413657 0.0797105 0.0261746 0.117692 0.0228179 0.0680109 0.107975 0.336677 0.296021 -0.00346517 -0.00890096 0.0753558 0.00327696 -0.0379523 0.122089
internal_weight=85544.5 8872.34 76672.2 71708.2 48594 19070.2 4342.67 29523.8 18340.9 5131.65 230.595 205.455 23114.2 15450.3 15114.8 2240.99 629.865 1611.12 401.813 1596.68 436.176 300.784 28.61 14.4389 21810.2 13828.1 265.911 14727.5 335.444 32.075
internal_count=7149729 4631690 2518039 2513083 1486585 886622 736148 599963 362226 4016047 134752 131071 1026498 320878 276627 207591 15814 191777 13187 190591 43116 9891 588 1186 580443 376927 3984 150474 44251 3140
is_linear=0
shrinkage=0.055


Tree=71
num_leaves=31
num_cat=0
split_feature=41 50 54 57 50 51 27 9 26 27 26 8 9 51 48 23 31 33 1 57 10 31 22 10 45 48 51 15 49 13
split_gain=2607.2 1118.87 827.334 837.595 769.924 756.545 505.54 466.878 407.008 468.804 363.442 459.485 443.657 384.536 394.21 379.968 351.476 545.779 377.858 324.601 315.84 394.267 407.136 482.532 446.04 863.232 1220.74 318.917 426.384 445.09
threshold=-1.0000000180025095e-35 -14.16388416290283 134.50000000000003 89.500000000000014 -1.0000000180025095e-35 103.50000000000001 396.40097045898443 4.4013888835906991 30.500000000000004 152.79713439941409 2259.5000000000005 4.2972624301910409 4.4742159843444833 34.500000000000007 44.500000000000007 6.5000000000000009 1.4978661537170412 8.2941746711730975 0.38750000298023229 6.5000000000000009 7.3142197132110605 1.4978661537170412 0.89587974548339855 6.3860368728637704 0.81898552179336559 110.50000000000001 95.500000000000014 6.3775765895843515 -0.2054522633552551 3.7726949453353886
decision_type=2 2 2 2 2 2 2 2 2 2 2 2 2 2 2 2 2 2 2 2 2 2 2 2 2 2 2 2 2 2
left_child=5 2 20 6 7 -1 -4 19 9 -5 15 12 13 -12 -15 -9 -8 -18 -19 -3 21 22 23 -2 25 26 -25 -26 29 -29
right_child=1 4 3 8 -6 -7 16 10 -10 -11 11 -13 -14 14 -16 -17 17 18 -20 -21 -22 -23 -24 24 27 -27 -28 28 -30 -31
leaf_value=-0.0047548592722717218 0.011319971553723718 0.041841042394976775 0.085399320919940166 0.066386632398265796 0.025008584461165346 -0.053415626864320449 -0.045265212331245801 0.008769411654679855 -0.044222208475055889 -0.053842732181996644 0.0098024957565771894 0.0090154476902393702 -0.0041476693804970311 0.25845116880136632 0.045007849914029993 0.054212030076890551 0.0090898896126514368 -0.035430683842655117 0.36666205779680455 -0.016927851139640442 -0.020764734253544501 -0.016178084004253253 -0.015067890716587476 0.12228177441491618 0.0019029175638565993 0.012472888657738433 0.72205876543859016 0.10178229570322121 0.035841079430272961 0.33197162176384754
leaf_weight=1345.1329731456935 791.01763710239902 297.99581849924289 252.61191920959391 221.30790273554157 5100.135981348576 3438.1003073273459 315.93273049767595 20385.587114488357 4139.0070613372372 168.40236460359301 146.34176338580437 14022.587226651027 24905.279749421868 46.15953957522288 58.939429608755745 567.48010257899296 197.07691410905682 8.8886095385532844 18.815640457207337 4671.8820850688498 1245.8466794108972 994.84761904797051 533.22528849844821 31.879492065636441 213.43538899871055 45.847413807176054 12.292532804654909 131.7147890770575 229.26629497332033 29.492671662243083
leaf_count=146060 44625 737 24847 5008 8149 2665554 150669 351014 2435212 91279 423 202545 524490 137 4332 5875 83249 2969 1481 156875 97460 71604 43598 375 10838 5238 214 6490 6391 2486
internal_value=-0.000331521 0.00203411 -0.0155917 -0.0300392 0.00444053 -0.0397506 0.0219833 0.00282742 -0.0391665 0.014409 0.00416675 0.00103942 -0.0034074 0.0685677 0.146232 0.0100128 -0.0081545 0.0438551 0.251961 -0.0133655 0.00247657 0.012105 0.0260526 0.0408194 0.0741247 0.185542 0.345642 0.0561295 0.0853713 0.152615
internal_weight=84566.5 79783.3 9580.91 5322.04 70202.4 4783.23 793.326 65102.3 4528.72 389.71 60132.4 39179.3 25156.7 251.441 105.099 20953.1 540.714 224.781 27.7042 4969.88 4258.87 3013.02 2018.17 1484.95 693.929 90.0194 44.172 603.909 390.474 161.207
internal_count=7150224 4338610 3084033 2794714 1254577 2811614 263215 1246428 2531499 96287 1088816 731927 529382 4892 4469 356889 238368 87699 4450 157612 289319 191859 120255 76657 32032 5827 589 26205 15367 8976
is_linear=0
shrinkage=0.055


Tree=72
num_leaves=31
num_cat=0
split_feature=50 45 27 54 26 25 41 51 25 41 13 16 32 14 10 21 31 46 50 57 57 8 9 40 40 15 54 10 25 52
split_gain=2370.76 1419.44 866.66 677.944 536.71 540.423 512.721 490.786 473.169 404.119 387.457 362.011 349.722 551.096 387.868 397.015 346.629 353.581 342.255 323.269 322.511 321.016 334.18 417.166 319.228 301.739 300.991 299.745 297.899 291.909
threshold=-11.600292682647703 0.81225427985191356 1169.2308349609377 7.5000000000000009 124.50000000000001 -16.752871513366696 -1.0000000180025095e-35 60.500000000000007 -8.2851638793945295 -1.0000000180025095e-35 1.7005987167358401 2169981.0000000005 1.2424533367156985 7.13688087463379 5.708768606185914 1.0000000180025095e-35 2.8617925643920903 -0.055906068533658974 -1.0000000180025095e-35 3.5000000000000004 6.5000000000000009 2.1383330821990971 4.8005292415618905 3.4175922870635991 3.0201274156570439 8.6133213043212908 882.50000000000011 9.1044793128967303 -10.405081272125242 0.82709938287734996
decision_type=2 2 2 2 2 2 2 2 2 2 2 2 2 2 2 2 2 2 2 2 2 2 2 2 2 2 2 2 2 2
left_child=1 -1 4 8 5 -3 7 12 20 -6 -7 16 13 14 15 -5 21 -18 -10 24 -2 25 23 -23 -11 -8 -27 -15 -22 -13
right_child=3 2 -4 6 9 10 11 -9 18 19 -12 29 -14 27 -16 -17 17 -19 -20 -21 28 22 -24 -25 -26 26 -28 -29 -30 -31
leaf_value=-0.046178156245583968 0.020730253323851706 -0.053824848251595989 -0.047452938766168039 0.15012442147847152 -0.050452034601897136 0.45771536499487719 -0.015600347644358362 -0.052770593856602224 0.015005579375028492 -0.02102042754801238 0.043171165931844217 0.018799494857313026 -0.046328878945409199 -0.039774432886521244 -0.018995978714869414 -0.02475920139589113 0.062574009594299346 0.0086517222895007816 0.038303385790211385 -0.0066589558619881009 -0.040437760404851489 -0.019235426756424156 0.0023676080429983247 0.088254679057734237 0.13095449867372924 -0.0095622517862329511 0.20511748514403744 0.34098708356638308 -0.00027603573850849529 0.0028750332581299175
leaf_weight=4392.8117853716249 1994.4882798306644 189.85048979136627 1574.7726879244437 99.589984133956023 634.9937258863356 1.9281000661430869 6195.6289718643529 1033.241657065344 8285.0499320337549 68.357044984237291 1029.8484534445452 5575.81051685696 254.93975440901704 7.0280392625136328 310.45975273859221 60.867484580725431 429.91774116910528 2401.5196769315517 2478.8960836455226 8166.5963943451643 634.93622190505266 3452.4506073900266 20767.417756235693 107.89743187220301 97.932294295169413 40.646985705359839 32.674538071500137 20.291430428507738 4400.9482528269291 9265.5731731804553
leaf_count=3016379 3328 116373 908335 3661 371141 101 158391 671389 10463 2706 48782 182630 21933 763 22211 4088 9846 21661 1804 1148849 3342 66386 287866 988 1412 521 749 94 7328 55756
internal_value=-0.000587583 -0.0195182 -0.00954789 0.00392144 -0.00366932 0.0304566 0.000643128 -0.02825 0.0131407 -0.00833242 0.0461495 0.00171525 0.00551474 0.032239 0.016974 0.0850411 -0.00145863 0.016935 0.0203863 -0.00509444 0.00204056 -0.00316327 -0.000302508 -0.0158587 0.0696917 -0.0142559 0.0930934 0.252035 -0.00537481 0.00886207
internal_weight=84007.4 16157.1 11764.3 67850.3 10189.5 1221.63 50056 1786.42 17794.3 8967.88 1031.78 48269.5 753.176 498.237 470.917 160.457 33428.2 2831.44 10763.9 8332.89 7030.37 30596.7 24327.8 3560.35 166.289 6268.95 73.3215 27.3195 5035.88 14841.4
internal_count=7149276 5614078 2597699 1535198 1689364 165256 1508933 724139 26265 1524108 48883 784794 52750 30817 29960 7749 546408 31507 12267 1152967 13998 514901 355240 67374 4118 159661 1270 857 10670 238386
is_linear=0
shrinkage=0.055


Tree=73
num_leaves=31
num_cat=0
split_feature=41 25 50 45 53 56 52 15 15 10 42 41 52 49 55 6 47 31 15 43 19 14 47 8 25 46 25 14 7 51
split_gain=2138.91 1049.36 731.762 746.143 706.871 560.627 743.602 824.259 820.178 733.284 488.032 515.977 833.686 456.516 779.648 490.04 509.229 442.181 435.585 414.819 391.097 628.726 389.259 405.483 364.917 437.998 362.081 355.89 353.281 807.833
threshold=-1.0000000180025095e-35 -13.977248668670653 -1.0000000180025095e-35 0.77031469345092785 -0.046523362398147576 -0.028076171874999997 0.82372909784317028 6.6663203239440927 7.2967522144317636 6.4002559185028085 -1.0000000180025095e-35 1.0000000180025095e-35 0.80237370729446422 4.0306344032287607 0.82495117187500011 -7.4195799827575675 -21.62270355224609 3.4175922870635991 7.1432225704193124 -1.0000000180025095e-35 1.5000000000000002 6.4777410030364999 -19.038624763488766 1.2424533367156985 -11.234835624694822 2.5391945838928227 -9.0304989814758283 7.8989679813385019 0.38326400518417364 239.50000000000003
decision_type=2 2 2 2 2 2 2 2 2 2 2 2 2 2 2 2 2 2 2 2 2 2 2 2 2 2 2 2 2 2
left_child=4 5 3 27 -1 -2 7 -7 9 -9 -5 13 20 14 15 16 -12 -10 -16 -14 -13 28 -21 -24 -15 -26 -4 -3 29 -22
right_child=1 2 26 10 -6 6 -8 8 17 -11 11 12 19 24 18 -17 -18 -19 -20 22 21 -23 23 -25 25 -27 -28 -29 -30 -31
leaf_value=-0.050320143760542321 -0.042287237163202082 -0.044468302639278652 -0.0029172073210451941 -0.034175982014461703 -0.00041116040061548256 -0.029899805703266676 -0.033785304325325539 -0.051578463734971262 -0.021588576290555335 0.16671792073873345 0.034815145969338351 0.12522039069520274 -0.049876007860276662 -0.027936065246208851 0.044913583635207047 -0.029690919938565159 0.41007493952332863 0.22706712630275308 -0.022391856824302649 0.024063330367401138 0.079233133941224831 -0.012447196693636671 -0.013470726056076474 0.0066665229699883191 0.045143085147094017 0.0014550328510881292 0.032279661604323724 0.059827108878523966 0.059673370299535393 0.51755629125090907
leaf_weight=3271.3163586416049 2359.9362181377364 1346.1448823844548 1154.1321848295629 1051.7357285128674 1163.3258862523362 390.94450553145725 1117.3407981671626 53.554505675681867 243.23478915961459 271.04907731327694 47.609952479368076 188.62524719210342 393.5671649298165 1212.7825577780604 825.9809959839331 4305.0980124777416 9.651593978982417 18.698952850885689 443.70524404989555 3487.868073462625 54.313118304708041 407.59516684652772 3320.0963124977425 33524.256585631752 716.85752414306626 18117.555995391915 3763.543362276163 102.52131618838757 463.35416242084466 12.67934475885704
leaf_count=2708804 1229543 705876 1711 159730 101537 177137 207094 26045 83735 34105 3283 4339 15341 20190 16838 911119 319 1595 14925 186639 579 45023 35726 206045 10511 181890 6415 25778 25963 1468
internal_value=-9.17541e-05 0.00198531 0.00352735 0.00208641 -0.0372429 -0.0239339 -0.00320641 0.0317418 0.0727332 0.130466 0.00291268 0.00349279 0.00725825 -0.00264443 -0.0164724 -0.0275065 0.125918 8.3232e-05 0.0213974 0.00596363 0.0538263 0.0388807 0.00651463 0.00485035 0.00124354 0.00312939 0.0240247 -0.036907 0.0780763 0.192376
internal_weight=83839.1 79404.4 74949.7 70032 4434.64 4454.76 2094.82 977.482 586.537 324.604 68583.3 67531.6 41852.4 25679.2 5632.05 4362.36 57.2615 261.934 1269.69 40725.8 1126.57 937.942 40332.2 36844.4 20047.2 18834.4 4917.68 1448.67 530.347 66.9925
internal_count=7149303 4338962 2579708 2571582 2810341 1759254 529711 322617 145480 60150 1839928 1680198 521123 1159075 946484 914721 3602 85330 31763 443751 77372 73033 428410 241771 212591 192401 8126 731654 28010 2047
is_linear=0
shrinkage=0.055


Tree=74
num_leaves=31
num_cat=0
split_feature=41 50 51 53 45 43 22 33 29 8 26 15 45 48 23 47 54 44 48 31 52 22 25 56 36 33 51 48 30 45
split_gain=1920.95 917.219 752.244 688.253 502.951 490.854 472.993 770.635 471.974 461.899 512.796 458.784 444.004 1218.69 442.655 404.933 376.569 372.984 426.907 564.042 491.495 552.28 512.361 393.183 984.115 390.666 386.458 367.514 365.721 740.885
threshold=-1.0000000180025095e-35 -110.68471527099608 103.50000000000001 -1.0000000180025095e-35 0.77031469345092785 -1.0000000180025095e-35 5.9479804039001474 7.3135535717010507 0.18333333730697635 1.7005987167358401 941.00000000000011 8.6133213043212908 0.78161177039146434 328.50000000000006 2.5000000000000004 -4.3634471893310538 505.50000000000006 1.0000000180025095e-35 727.50000000000011 1.4978661537170412 0.80787608027458202 1.7005987167358401 -17.241718292236325 -100.91821289062499 1.0000000180025095e-35 6.4861316680908212 239.50000000000003 17.500000000000004 0.92857143282890331 0.8060494363307954
decision_type=2 2 2 2 2 2 2 2 2 2 2 2 2 2 2 2 2 2 2 2 2 2 2 2 2 2 2 2 2 2
left_child=2 6 -1 4 -3 -6 -2 -8 17 11 12 15 13 -11 -9 -10 -15 23 -19 20 22 -22 -20 24 -7 -26 -24 -12 -29 -30
right_child=1 3 -4 -5 5 8 7 14 9 10 27 -13 -14 16 -16 -17 -18 18 19 -21 21 -23 26 -25 25 -27 -28 28 29 -31
leaf_value=-0.00095191399722642815 -0.032256207200017414 -0.030997197202730083 -0.051108800403816088 0.023535869066318778 -0.057368739635988611 -0.052401828283100187 -0.041755004875875995 -0.020036004926183949 -0.031492938305012708 0.051015093900637874 0.0048330395969107915 0.11952144702647222 0.014209012033662448 0.96883240152811023 0.7363564582894867 -0.0013821823846796137 -0.0115683578015021 0.0094085020938062952 -0.05060952446697279 -0.0042735641077545931 0.055332961365514258 -0.020961052041432008 0.058818555286149522 0.00032257429810160813 -0.028296095110781617 0.57017095782992855 0.1761230168125317 -0.010501351877715181 0.19345260478211537 0.0094201851275513664
leaf_weight=1294.9524562224979 2634.0841290925164 1402.3340594833717 2996.6162092831219 4581.6154942903668 410.82141590578249 25.720823173061945 15.415524469688537 2.8510073942597947 2993.5866967443144 39.566201078472659 12839.365321091958 69.535178445163183 6027.1364143017563 1.7134837842313564 3.6794772187131457 2459.7748363584979 1.2975227698334493 13858.611745657749 54.46184445801191 833.68047241523163 1059.6524108947488 389.89378724235576 156.38218352966942 13041.118128207221 3.5712797493906683 11.197674911411012 202.02643311652355 14090.239739457495 64.335578609199729 1468.8607803229825
leaf_count=145980 1413919 628696 2664295 4753 30063 10246 9885 1804 204998 897 23037 1716 135074 29 390 7528 604 201371 37578 85134 58817 41768 5725 801368 1300 1104 29949 571733 645 28927
internal_value=-0.000181369 0.00177257 -0.035993 0.00288247 0.00155756 0.00221095 -0.0299679 0.199712 0.00256626 -0.00132703 0.00103572 -0.0160879 0.0155424 0.182964 0.540644 -0.017925 0.802819 0.00782763 0.0133112 0.0333175 0.050111 0.0348102 0.102771 0.000885747 0.162302 0.454901 0.126454 -0.00206003 -0.0077245 0.0177462
internal_weight=83034.1 78742.5 4291.57 76086.5 71504.9 70102.5 2656.03 21.946 69691.7 40055.4 34532.5 5522.9 6069.71 42.5772 6.53048 5453.36 3.01101 29636.3 16554.7 2696.1 1862.42 1449.55 412.87 13081.6 40.4898 14.769 358.409 28462.8 15623.4 1533.2
internal_count=7149333 4339058 2810275 2913060 2908307 2279611 1425998 12079 2249548 975188 760946 214242 136604 1530 2194 212526 633 1274360 460342 258971 173837 100585 73252 814018 12650 2404 35674 624342 601305 29572
is_linear=0
shrinkage=0.055


Tree=75
num_leaves=31
num_cat=0
split_feature=41 50 53 53 9 47 57 14 49 49 35 7 40 20 8 25 57 15 50 48 48 8 16 49 52 46 56 8 29 35
split_gain=1943.13 872.074 659.447 652.29 603.817 515.698 496.138 372.93 354.006 537.358 619.221 470.811 769.386 326.114 312.822 360.115 389.156 359.036 387.816 431.946 594.685 518.054 529.672 1292.25 415.43 368.46 361.497 323.879 336.273 399.104
threshold=-1.0000000180025095e-35 -110.68471527099608 -1.0000000180025095e-35 -0.046523362398147576 4.9074609279632577 -5.4528582096099845 52.500000000000007 6.367328643798829 -1.4174278974533079 -1.7755410671234129 1.0000000180025095e-35 1.8929368853569033 3.1984648704528813 1.0000000180025095e-35 3.6242519617080693 -5.0478961467742911 58.500000000000007 6.7411100864410409 -9.7968654632568342 161.50000000000003 186.50000000000003 2.1383330821990971 2301568.0000000005 5.3943264484405526 0.85210400819778453 9.0808901786804217 -100.90307617187499 2.5249279737472539 0.13392857462167743 2.3502402305603032
decision_type=2 2 2 2 2 2 2 2 2 2 2 2 2 2 2 2 2 2 2 2 2 2 2 2 2 2 2 2 2 2
left_child=3 6 4 -1 5 8 -2 -5 9 11 13 12 -3 -11 15 16 -6 -18 24 -20 21 -21 26 -24 -19 27 -23 -26 29 -29
right_child=1 2 -4 7 14 -7 -8 -9 -10 10 -12 -13 -14 -15 -16 -17 17 18 19 20 -22 22 23 -25 25 -27 -28 28 -30 -31
leaf_value=-0.050874900016421927 0.018520327727963869 0.0054523294564124232 0.022708670511350018 0.030475789788041389 0.014776478538452296 0.0024559239580545841 -0.041728319806626356 -0.031443490912280977 -0.017572179104746379 0.57067895058460816 0.069352309306355317 -0.0058379285566396112 0.41934886444679997 -0.022101880302293157 0.0091091173846083676 0.038833856238615953 -0.012593590681915619 -0.029557574778489627 0.0019205931480718134 -0.060411435709209961 0.020902176017087645 0.1842591958153241 0.69345092631745897 0.053687197258408086 -0.01192931827631734 -0.054407650738594326 -0.015969172170558227 0.19174961802594045 0.021913488973945822 -0.05661120209074335
leaf_weight=2978.7516608175938 511.81402869499288 37.915960608806927 4563.8529929798096 548.78811060916632 4113.3004159400589 10122.719736826606 2093.5282646768028 622.84168910875451 10364.456297350931 8.581042124249505 63.130989518016577 818.47602889925474 16.289646417659242 3.0829423583345479 23381.820808331657 711.10180699563352 8348.7403734349064 1924.6389544868725 9097.131184691214 33.404175036237575 1397.2400479952339 60.728220094111748 12.931144178612156 22.420914019457996 152.40514221857302 128.38621276698541 45.35660443699453 106.44669389049523 121.22556067723781 21.366805204073898
leaf_count=2709388 117476 5327 4806 35249 55726 36911 1307808 66277 703035 824 4938 268037 867 766 684932 4258 527241 491108 43966 1409 65784 459 241 157 5060 1919 1193 638 2949 703
internal_value=-0.000569471 0.00137591 0.00245385 -0.0372198 0.00115245 -0.00656213 -0.0298798 -0.00243441 -0.0146296 0.017482 0.154105 0.00496124 0.154745 0.454379 0.00448136 0.000365637 -0.000710885 -0.00368043 0.0019924 0.00652832 0.0331012 0.127298 0.172179 0.34463 -0.0176978 0.0252571 0.101786 0.0510907 0.0891329 0.149663
internal_weight=82432.9 78282.5 75677.2 4150.38 71113.3 21434.7 2605.34 1171.63 11311.9 947.477 74.795 872.682 54.2056 11.664 49678.6 26296.8 25585.7 21472.4 13123.7 10669.2 1572.08 174.841 141.437 35.3521 2454.47 529.83 106.085 401.444 249.039 127.813
internal_count=7149452 4338538 2913254 2810914 2908448 1020705 1425284 101526 983794 280759 6528 274231 6194 1590 1887743 1202811 1198553 1142827 615586 113209 69243 3459 2050 398 502377 11269 1652 9350 4290 1341
is_linear=0
shrinkage=0.055


Tree=76
num_leaves=31
num_cat=0
split_feature=50 45 25 28 26 0 49 16 23 23 25 41 49 55 29 44 7 35 19 45 49 49 51 8 46 0 57 40 14 22
split_gain=1595.88 1155.81 638.063 727.16 574.099 457.145 448.65 400.054 378.448 352.711 349.67 339.867 546.69 680.803 448.126 419.15 669.476 910.717 419.54 378.732 525.209 556.745 363.618 347.6 365.083 335.301 326.544 323.66 323.591 322.403
threshold=-11.600292682647703 0.81778305768966686 -15.596865177154539 1.0000000180025095e-35 330.50000000000006 0.81666666269302379 6.6213276386260995 759.50000000000011 6.5000000000000009 7.5000000000000009 -5.0478961467742911 1.0000000180025095e-35 4.0306344032287607 0.82934570312500011 0.11805555596947671 2.5000000000000004 1.2286615371704104 1.0000000180025095e-35 1.5000000000000002 0.8090726137161256 3.6823452711105351 2.8673994541168217 26.500000000000004 3.6762205362319951 2.5391945838928227 0.30952382087707525 35.500000000000007 3.2384861707687382 6.7861523628234872 4.1971738338470468
decision_type=2 2 2 2 2 2 2 2 2 2 2 2 2 2 2 2 2 2 2 2 2 2 2 2 2 2 2 2 2 2
left_child=1 6 8 -4 -2 11 -1 28 -3 -10 -5 12 13 -6 19 18 17 25 -14 20 21 -13 -16 24 -20 -17 -26 -25 -8 -24
right_child=4 2 3 10 5 -7 7 -9 9 -11 -12 14 15 -15 22 16 -18 -19 23 -21 -22 -23 29 27 26 -27 -28 -29 -30 -31
leaf_value=-0.045703113893155393 0.021436814637506667 -0.036089929788979007 0.060947557682798061 -0.005619902353682758 -0.033736670646955277 0.012989873676810364 -0.037609378386644271 0.002062688292258317 0.1685783894142209 -0.048460749490581316 0.079478015368227892 0.069287409493988747 0.040924522525522165 0.031328448469879193 0.0039325901523217816 0.70199558058447353 -0.0038998403756528924 -0.012158118928946639 0.04211227448873324 0.009796507784231653 0.018012645365652894 0.2820244930806966 -0.0081046803293122714 0.00010514117379598101 0.011990129669425994 0.166428021284801 -0.019212708937971279 0.033511192327603509 0.38174541889452057 -0.053072051983201626
leaf_weight=4015.9208294624696 4843.0889047413366 2314.9161865978967 552.67108788579935 7784.3492410080507 3326.0166835628916 9353.4608401541482 7.3805937641882364 374.06623884232249 48.991082811786328 35.927588523132727 143.86772853182629 141.86860031809192 654.23094093293184 565.60790912702214 13407.286326561589 8.372814478643706 64.049160639289767 18.110486491001211 357.41960754559841 10759.120501967845 386.71367131918669 48.111448786105029 6834.2587968115695 6985.5215951364371 1196.9964348310605 10.446588038757907 6545.1785664942581 998.35043854929972 10.567016516288275 514.27247552957851
leaf_count=3168868 52395 1445630 34081 890269 959797 35500 802 42110 3417 26651 735 7718 2519 8886 26858 478 7324 1284 9599 83967 4408 1099 118026 75068 2420 178 114215 8008 89 15730
internal_value=-0.000450597 -0.0164821 -0.00684954 0.000240991 0.00320757 0.00178601 -0.0402249 0.015765 -0.0318555 0.0791643 -0.00402657 -0.000198961 -0.00568731 -0.0242521 0.00334669 -0.00139085 0.107645 0.278499 -0.00208061 0.0121386 0.0553739 0.129013 -0.00145677 -0.00384212 -0.0118664 0.502045 -0.0143839 0.00430079 0.238675 -0.0112856
internal_weight=82307.1 15288.7 10880.7 8480.89 67018.5 62175.4 4407.93 392.014 2399.83 84.9187 7928.22 52821.9 20730.3 3891.62 32091.6 16838.7 100.979 36.9299 16737.7 11335.8 576.694 189.98 20755.8 16083.5 8099.59 18.8194 7742.18 7983.87 17.9476 7348.53
internal_count=7148129 5612652 2400783 925085 1535477 1483082 3211869 43001 1475698 30068 891004 1447582 1189776 968683 257806 221093 9264 1940 211829 97192 13225 8817 160614 209310 126234 656 116635 83076 891 133756
is_linear=0
shrinkage=0.055


Tree=77
num_leaves=31
num_cat=0
split_feature=41 25 45 51 26 56 52 16 47 15 52 15 15 15 50 50 15 16 26 48 2 6 28 19 14 14 27 22 57 14
split_gain=1559.85 747.347 724.265 710.457 673.311 584.239 519.269 539.966 521.856 503.373 378.226 521 612.413 543.594 890.976 464.12 354.6 399.539 349.649 404.303 349.614 345.045 601.02 526.047 492.271 425.41 385.255 322.093 321.132 319.565
threshold=-1.0000000180025095e-35 -15.596865177154539 0.77219191193580639 103.50000000000001 1642.0000000000002 -0.028076171874999997 0.75722804665565502 2097890.5000000005 -1.0000000180025095e-35 5.2012517452239999 0.82372909784317028 6.7667672634124765 7.2967522144317636 7.2395737171173105 -109.87533950805663 -113.32798004150389 8.5570869445800799 4143.0000000000009 190.50000000000003 44.500000000000007 0.37980769574642187 -7.291836977005004 31.500000000000004 3.5000000000000004 6.2998676300048837 6.1994938850402841 700.39575195312511 3.2769666910171513 6.5000000000000009 7.8989679813385019
decision_type=2 2 2 2 2 2 2 2 2 2 2 2 2 2 2 2 2 2 2 2 2 2 2 2 2 2 2 2 2 2
left_child=3 5 29 18 6 -2 7 -4 -8 -6 11 28 13 20 15 -15 -12 -18 19 -1 -13 23 27 -11 25 -25 -24 -23 -7 -3
right_child=1 2 4 -5 9 10 8 -9 -10 21 16 12 -14 14 -16 -17 17 -19 -20 -21 -22 22 26 24 -26 -27 -28 -29 -30 -31
leaf_value=-0.015591100649718267 -0.04914207479668644 -0.042124670730474573 0.0030230187202483823 -0.050333112528781129 -0.0258173883137468 0.056860805337496226 0.0072498272382846788 0.11640052833369326 0.034705441023745544 0.027512811597678287 -0.037399371292042141 0.0032973849502972389 -0.0030609581665262489 -0.021988111105997764 0.089089829033316373 0.65153879952455362 0.32764115344372891 -0.044133836528748714 -0.012803994203345718 0.13875593219462157 0.15443295168367449 -0.015471961234159016 0.0016499790568657057 0.1776221917033996 -0.044212311509581353 0.68932258844476912 0.051079664382755741 -0.065626381142780507 -0.054758009963589961 0.050249333998529565
leaf_weight=96.236564495135099 1516.3390322360792 1402.6627389530768 228.70768420159584 2622.2968741030199 2171.1170296326745 103.95896246167831 19206.896544889081 281.69953999173595 2346.2589305761503 200.60988539399114 721.61225831817137 98.348041135759559 217.91321293293731 3.3154940455569912 36.250080105150118 14.023164312180596 12.563968775211835 15.352677014074287 1093.0527928039664 102.84830741491169 82.863720948284026 1524.6048464608612 46540.234895699599 23.358834291517272 12.197166450903749 4.1777559485635711 476.92586900247261 516.53040489007253 271.89694373513339 119.03852644533617
leaf_count=5046 1007531 762746 54693 2663988 106216 4300 410484 30356 3188 20182 170707 34831 81019 2003 2163 1382 171 2414 135363 5465 8355 172253 1171592 1025 3102 206 9695 74645 175569 28309
internal_value=-5.29587e-05 0.00164504 0.00273781 -0.0339113 0.00351605 -0.0248216 0.0115532 0.0661195 0.010246 6.99692e-05 -0.00137154 0.0241697 0.0636073 0.124254 0.271152 0.546653 -0.0295793 0.147537 -0.000519034 0.0655914 0.074699 0.00121255 0.000887081 0.0662751 0.237031 0.349256 0.00215675 -0.0282934 -0.0235439 -0.0347576
internal_weight=82063.9 78149.5 75055 3914.43 73533.3 3094.44 22063.6 510.407 21553.2 51469.8 1578.1 828.57 452.714 234.801 53.5887 17.3387 749.529 27.9166 1292.14 199.085 181.212 49298.6 49058.3 240.344 39.7338 27.5366 47017.2 2041.14 375.856 1521.7
internal_count=7148999 4339137 2848692 2809862 2057637 1490445 498721 85049 413672 1558916 482914 309622 129753 48734 5548 3385 173292 2585 145874 10511 43186 1452700 1428185 24515 4333 1231 1181287 246898 179869 791055
is_linear=0
shrinkage=0.055


Tree=78
num_leaves=31
num_cat=0
split_feature=41 25 53 45 26 13 57 52 6 29 31 2 50 6 35 52 24 31 48 31 30 28 51 51 50 37 10 40 40 33
split_gain=1422.56 781.221 769.137 572.514 573.031 532.537 429.088 650.414 408.673 404.267 456.597 380.487 374.549 358.375 349.596 341.43 346.006 335.171 387.82 350.06 336.939 321.031 317.565 459.335 316.742 468.923 733.927 644.597 511.479 349.255
threshold=-1.0000000180025095e-35 -13.728870391845701 -0.046523362398147576 0.77306020259857189 1230.5000000000002 3.65057384967804 92.500000000000014 0.82372909784317028 -5.3248236179351798 1.0000000180025095e-35 2.0126758813858037 0.14835165441036227 -1.0000000180025095e-35 -6.5773739814758292 0.89587974548339855 0.75722804665565502 -4.1438319683074942 2.8029010295867924 17.500000000000004 2.5249279737472539 0.92857143282890331 28.500000000000004 1398.5000000000002 1465.5000000000002 -12.287364482879637 1.0000000180025095e-35 8.2941746711730975 3.0201274156570439 2.0126758813858037 8.300509452819826
decision_type=2 2 2 2 2 2 2 2 2 2 2 2 2 2 2 2 2 2 2 2 2 2 2 2 2 2 2 2 2 2
left_child=2 6 -1 -3 12 9 7 11 22 10 13 -2 15 -6 -4 16 -5 18 19 -11 -20 -10 -7 -24 -8 -26 28 -28 -27 -29
right_child=1 3 14 4 5 8 24 -9 21 17 -12 -13 -14 -15 -16 -17 -18 -19 20 -21 -22 -23 23 -25 25 26 27 29 -30 -31
leaf_value=-0.049119378425978834 -0.029107825416608241 -0.029527540010254445 0.045411840501536925 0.091463229267904539 0.21874936475446347 0.062694554448068943 -0.049294770323861349 -0.032527412355396947 -0.030323552361825355 -0.0012368786067536151 -0.0315328073338276 0.051944440719630794 0.034912169548190868 0.0062628553982930603 -0.017807487703114518 0.0080642560996163661 -0.014082154979953432 0.013787080739240508 -0.026157718761215087 -0.077588348267745022 0.016959590688162472 0.0066157096723481129 0.51106419831900141 -0.032117780465301692 -0.033857390907827314 0.46995151894972537 0.11291370340378119 0.7152410429208732 -0.018824337542468522 -0.016864897220005302
leaf_weight=2638.7711261708173 231.35377159697236 1594.2454154726584 407.79643115890212 287.82402441138402 19.074687165266369 144.1535416826955 1706.8898235724773 1005.303710464621 726.76713046210352 5940.9816425517201 1035.4777371224482 683.42573596938746 1908.7847748021595 9773.7021534271771 732.27521133515984 17130.078037293395 136.57875102839898 1490.19355245115 6444.604018153681 182.38509858679026 595.80150717415381 26099.761340076861 7.1006691331276652 6.7984674936742522 424.47919414442731 1.8057828550226975 34.119778498250525 6.0506099924095889 129.02928960311692 2.1240306294057518
leaf_count=2709264 105991 805895 28769 18017 342 5179 1329389 141260 52574 10983 83103 130927 1755 408205 72693 286839 40659 20139 226240 628 2547 583865 86 2567 59780 54 2214 295 18231 361
internal_value=9.63592e-05 0.00169895 -0.0328353 0.00302103 0.00374444 0.000754144 -0.0212868 -0.0020687 0.00613823 -0.00494745 0.00311077 0.031399 0.0118031 0.00678816 0.00490522 0.00928106 0.0577288 -0.0109009 -0.0136999 -0.00357246 -0.0224994 0.00560951 0.092954 0.307172 -0.03726 -0.00276267 0.0722858 0.257977 0.00497203 0.59081
internal_weight=81527.7 77748.9 3778.84 73524.3 71930.1 52466.8 4224.58 1920.08 26984.6 25482.2 10828.3 914.78 19463.3 9792.78 1140.07 17554.5 424.403 14654 13163.8 6123.37 7040.41 26826.5 158.053 13.8991 2304.5 597.609 173.129 42.2944 130.835 8.17464
internal_count=7148851 4338125 2810726 2549623 1743728 1396458 1788502 378178 644271 752187 491650 236918 347270 408547 101462 345515 58676 260537 240398 11611 228787 636439 7832 2653 1410324 80935 21155 2870 18285 656
is_linear=0
shrinkage=0.055


Tree=79
num_leaves=31
num_cat=0
split_feature=53 53 49 25 42 44 57 45 3 47 25 54 55 9 22 9 15 14 0 50 31 1 43 26 8 52 35 13 14 16
split_gain=1270.32 656.861 498.51 595.238 581.175 543.056 668.203 556.739 492.942 458.057 405.999 605.128 403.206 398.243 418.096 383.245 349.361 357.47 360.61 345.384 344.149 330.115 324.654 318.77 364.23 344.777 410.996 419.868 317.926 314.628
threshold=-100.86293029785155 -1.0000000180025095e-35 8.8405928611755389 -8.4344043731689435 -1.0000000180025095e-35 1.5000000000000002 191.50000000000003 0.8354698419570924 0.75735294818878185 -4.3634471893310538 -13.728870391845701 237.50000000000003 0.89282226562500011 4.9375972747802743 4.6298508644104013 4.9646160602569589 8.5570869445800799 7.0392220020294198 0.30952382087707525 -110.68471527099608 3.5408543348312382 0.21111111342906955 -1.0000000180025095e-35 218.00000000000003 4.1026091575622567 0.75120395421981823 0.54930613934993755 3.2769666910171513 6.8161878585815439 2169981.0000000005
decision_type=2 2 2 2 2 2 2 2 2 2 2 2 2 2 2 2 2 2 2 2 2 2 2 2 2 2 2 2 2 2
left_child=8 2 4 12 -2 6 13 -7 -1 19 -9 22 -4 -6 15 -15 17 18 -13 -8 -11 -5 -12 24 25 26 27 -21 -14 -10
right_child=1 -3 3 21 5 7 9 10 29 20 11 16 28 14 -16 -17 -18 -19 -20 23 -22 -23 -24 -25 -26 -27 -28 -29 -30 -31
leaf_value=-0.046825495493461669 -0.04137706298929552 0.021241964556689391 0.00046964356005954361 0.02213807628417171 -0.011315908363172523 0.045877452634857131 -0.051110470618267463 -0.032135600772810392 -0.027485628272080124 -0.0005066277907223325 -0.057089821134832235 0.0017159388934749938 -0.0052611886211762085 0.070603345646066476 -0.076434086294077039 0.016360228075197044 0.18191561228994216 -0.022176837896622188 0.11681427847414044 0.42990626372714191 0.081365373640637118 0.00536448113128967 0.0052559128669453668 -0.017403545125847564 -0.066863512574534989 0.014910732788377226 0.011200604539706579 0.066069618663111743 -0.054551947611039361 0.03916403135814598
leaf_weight=2418.3357351014274 1282.434136230906 4474.4941322375089 21083.071465799701 6337.9697325873422 1886.3961217721226 1040.8844017127994 846.05963831325062 871.81730350479484 485.93321674352046 4855.8140693433234 259.1768073788844 127.69106066552922 851.41355989023577 447.67089983529877 127.06033423705958 3091.5353854201967 60.16488833486801 159.93434800190153 227.6322577666142 15.854132467589805 155.44055910879979 8068.3114189463668 5793.904047195625 13352.130311981891 145.16605657985201 899.0321957449778 44.386725853313692 21.831938507501036 736.71706206863746 375.17229103355203
leaf_count=2408142 548940 4983 119232 10542 203403 74634 561410 409031 214597 49978 8595 11260 4359 22421 20230 271837 1031 13003 5689 2514 597 15497 64679 1932498 12918 40529 14825 3322 6318 92628
internal_value=-0.000623746 0.000800278 -0.00045768 0.00400907 -0.00509513 -0.00373789 -0.00770522 0.00828455 -0.034124 -0.012322 0.00304037 0.00768764 -0.00154629 0.00919871 0.0197551 0.0233113 0.0613333 0.0456403 0.0760496 -0.017041 0.00211147 0.0127491 0.00254152 -0.0150331 0.0130211 0.0251201 0.129676 0.25156 -0.0282261 0.0016112
internal_weight=80543.4 77264 72789.5 37077.5 35712 34429.6 25888.4 8541.21 3279.44 20335.7 7500.32 6628.5 22671.2 5552.66 3666.27 3539.21 575.423 515.258 355.323 15324.5 5011.25 14406.3 6053.08 14478.4 1126.27 981.105 82.0728 37.6861 1588.13 861.106
internal_count=7149642 4434275 4429292 155948 4273344 3724404 3136482 587922 2715367 2618591 513288 104257 129909 517891 314488 294258 30983 29952 16949 2568016 50575 26039 73274 2006606 74108 61190 20661 5836 10677 307225
is_linear=0
shrinkage=0.055


Tree=80
num_leaves=31
num_cat=0
split_feature=41 47 53 25 28 42 27 45 43 28 1 31 42 51 45 16 49 6 14 45 45 56 15 55 55 32 23 13 27 47
split_gain=1422.28 612.206 551.385 542.06 520.523 476.159 458.242 456.334 350.502 343.929 379.855 378.52 369.064 546.838 561.411 472.505 483.466 522.484 440.584 352.75 549.3 337.145 438.487 351.476 350.709 331.128 329.843 683.484 786.151 871.612
threshold=-1.0000000180025095e-35 -1.0000000180025095e-35 -0.046523362398147576 -16.280002593994137 1.0000000180025095e-35 -1.0000000180025095e-35 206.30230712890628 0.77306020259857189 -1.0000000180025095e-35 1.5000000000000002 0.35416667163372045 2.9700856208801274 1.0000000180025095e-35 52.500000000000007 0.84833604097366344 2169981.0000000005 8.8405928611755389 -4.6694464683532706 6.8314139842987069 0.80127653479576122 0.80039635300636303 -0.028076171874999997 6.5603229999542245 0.89282226562500011 0.86596679687500011 3.9019217491149907 1.0000000180025095e-35 3.6762205362319951 513.29782104492199 -110.53580474853514
decision_type=2 2 2 2 2 2 2 2 2 2 2 2 2 2 2 2 2 2 2 2 2 2 2 2 2 2 2 2 2 2
left_child=2 3 -1 21 6 -6 -5 -7 -9 -10 12 -12 15 -14 18 16 17 26 -15 20 -13 -2 -23 24 -24 -20 27 -11 -29 -30
right_child=1 -3 -4 4 5 7 -8 8 9 10 11 19 13 14 -16 -17 -18 -19 25 -21 -22 22 23 -25 -26 -27 -28 28 29 -31
leaf_value=-0.048631851578885887 -0.049246561258405194 0.020843385029440727 -0.0018239746901751383 0.070405751529505567 -0.037134346723984031 -0.029217610409642485 -0.0071562266079973321 -0.051065374534903542 -0.028780559475865147 -0.02889310867395618 -0.0047506450057508039 -0.047703242895351737 0.006825551683527515 0.12141019626149725 0.02178858760093088 0.010715465176775444 0.0063042186264080473 -0.015052817887055748 0.022015478378201041 0.020942521723686412 0.47871980592782304 -0.049496745955750508 -0.039432449737466416 -0.056972411807921904 0.06159749054139449 0.37466619772988935 0.017064945190460323 0.11520153450610365 -0.026876991105764091 0.83283568781400141
leaf_weight=2436.1314073957619 1037.0648301994079 4683.7434014675091 1106.8535510232905 602.79267594759585 991.22403431439307 1458.1809516868088 369.74046802340308 371.77919472660869 1066.1455003273441 52.333887097018305 21990.875269064622 9.7443205631570908 6879.1340305111371 352.03632093104534 2140.9631265447242 13633.820038318052 9077.8268591680098 8800.6795775535284 311.80586442619096 1403.9069335696404 7.7959586150827809 433.81786792248022 130.65832330979174 139.48785670934012 453.22370582108852 3.3058852696558452 569.78765434882371 51.297818648745306 4.7413765970850363 6.4466224312200193
leaf_count=2708551 841189 11688 101551 16540 180098 810089 55303 23715 157963 12202 364531 1790 16563 15649 70353 466296 34014 682720 21793 13772 73 235694 55662 40890 101063 208 99292 5364 2566 757
internal_value=1.5719e-05 0.00158375 -0.0340319 0.000335594 0.00117837 0.00061521 0.0410322 0.00116661 0.00183266 0.00213283 0.00263974 -0.00297072 0.00577584 0.0151853 0.0356161 0.00294284 -0.00276717 -0.0114476 0.079498 0.0244863 0.240562 -0.0265517 -0.00608833 0.0201055 0.0388466 0.0315095 0.0346706 0.11768 0.233485 0.572729
internal_weight=80577.3 77034.4 3542.98 72350.6 70156.4 69183.8 972.533 68192.6 66734.4 66362.6 65296.5 23412.3 41884.2 9687.25 2808.11 32196.9 18563.1 9485.29 667.148 1421.45 17.5403 2194.25 1157.19 723.37 583.882 315.112 684.607 114.82 62.4858 11.188
internal_count=7147939 4337837 2810102 4326149 3051651 2979808 71843 2799710 1989621 1965906 1807943 380166 1427777 124566 108003 1303211 836915 802901 37650 15635 1863 1274498 433309 197615 156725 22001 120181 20889 8687 3323
is_linear=0
shrinkage=0.055


Tree=81
num_leaves=31
num_cat=0
split_feature=53 51 7 23 24 50 15 56 50 51 9 28 56 25 57 15 55 15 29 7 49 7 27 54 50 14 53 47 6 51
split_gain=1205.38 833.757 490.192 557.814 551.043 421.3 385.005 423.209 445.732 500.421 364.546 372.972 362.63 576.688 348.673 435.28 338.389 327.346 323.693 393.263 315.188 362.525 297.424 339.422 294.958 410.763 340.554 275.009 335.136 274.713
threshold=-0.07714709639549254 272.50000000000006 2.6614506244659428 4.5000000000000009 -2.8750787973403926 -1.0000000180025095e-35 7.432187795639039 -100.90356445312499 -11.935257434844969 221.50000000000003 4.7781505584716806 1327.0000000000002 -0.026123046874999997 -16.752871513366696 181.50000000000003 7.6678597927093515 0.87719726562500011 7.5079643726348886 0.46428571641445165 2.2982133626937871 3.6823452711105351 2.4026249647140507 594.69995117187511 726.50000000000011 -17.062172889709469 6.367328643798829 -0.06542873382568358 -9.630940914154051 -3.2409358024597164 1019.5000000000001
decision_type=2 2 2 2 2 2 2 2 2 2 2 2 2 2 2 2 2 2 2 2 2 2 2 2 2 2 2 2 2 2
left_child=1 6 5 14 16 10 -1 -8 -9 17 -2 24 -3 -14 22 -16 -5 -10 19 -19 21 -21 23 -4 25 26 -12 -26 -29 -6
right_child=2 12 3 4 29 -7 7 8 9 -11 11 -13 13 -15 15 -17 -18 18 -20 20 -22 -23 -24 -25 27 -27 -28 28 -30 -31
leaf_value=-0.021294654942831916 -0.0068903559715398242 -0.044582555904858205 0.0014973127559752284 0.037074178648575068 -0.00037238826557733213 0.023622516067525488 -0.025644661544191694 -0.035352717254498886 0.11210766205697696 0.19551415550441123 0.44477052798703709 0.0045164733732080261 -0.034224637279354549 0.1504573048555963 -0.031074105164313748 -0.00044005327937161621 -0.0019601655159893162 -0.04141114330908436 0.082780011826295324 0.44064359445383228 0.014665905235153764 0.085826190165773378 -0.026412735972408445 0.09220481369042216 -0.013970544672826414 0.012389614487951362 0.12114853738996095 0.10788102377808516 0.021180162971807942 -0.049760950402192972
leaf_weight=1724.9247069295961 7360.9806879654061 3302.2875576543738 4518.0285905479686 2109.1597728941124 8052.0733143966645 3692.9591325815418 558.32884435640881 246.06370911101112 144.53040261683054 59.037128931784537 8.6809203830198367 34368.424511226767 149.44412538682809 71.717051779909525 4247.6712576383725 2094.1607794889132 984.01611525396584 299.94995141180698 211.08903220057255 5.5082631193217813 307.11567240091972 80.724228413426317 1224.8856037929072 123.3406711515272 658.8362632500357 89.22184746619314 63.258565946423914 135.71997006010497 3485.2616172510316 350.73889266967308
leaf_count=407078 220317 3867597 87709 96177 128413 6217 118276 87283 4749 12468 825 684165 129653 12446 575467 156387 37666 25929 6308 377 8264 7404 332277 15396 20929 5141 1336 167 20505 72159
internal_value=0.000566651 -0.0209668 0.0026639 -0.00384707 0.00484653 0.00575917 -0.00248523 0.014492 0.0310759 0.0459214 0.00432796 0.00645635 -0.0400149 0.0276654 -0.0120322 -0.0209666 0.0246733 0.0366141 0.0239994 0.00563787 0.0415848 0.131398 -0.00236383 0.00400442 0.021447 0.0934132 0.186566 0.0186312 0.0245741 -0.00246227
internal_weight=80728.1 7160.72 73567.4 23704.1 11496 49863.3 3637.27 1912.35 1354.02 1107.95 46170.4 38809.4 3523.45 221.161 12208.1 6341.83 3093.18 1048.92 904.387 693.298 393.348 86.2325 5866.25 4641.37 4440.98 161.161 71.9395 4279.82 3620.98 8402.81
internal_count=7149085 4687832 2461253 1501651 334415 959602 678136 271058 152782 65499 953385 733068 4009696 142099 1167236 731854 133843 53031 48282 41974 16045 7781 435382 103105 48903 7302 2161 41601 20672 200572
is_linear=0
shrinkage=0.055


Tree=82
num_leaves=31
num_cat=0
split_feature=41 50 51 42 50 22 15 13 41 56 54 51 31 49 49 46 57 56 40 25 25 25 51 52 9 39 57 15 27 15
split_gain=1107.55 677.603 667.735 502.025 479.438 415.471 375.009 347.581 386.807 522.872 414.72 412.13 364.554 377.026 361.699 340.054 439.63 331.758 410.083 330.472 329.533 327.844 312.385 303.21 326.585 301.635 289.649 280.721 392.023 266.117
threshold=-1.0000000180025095e-35 -110.68471527099608 103.50000000000001 -1.0000000180025095e-35 -1.0000000180025095e-35 5.9479804039001474 7.2789738178253183 3.4175922870635991 1.0000000180025095e-35 -100.88500976562499 820.50000000000011 60.500000000000007 0.89587974548339855 3.5483832359313969 7.1610362529754648 2.8394359350204472 338.50000000000006 -0.015380859374999998 3.0201274156570439 -9.0304989814758283 -9.6540617942810041 -8.4344043731689435 163.50000000000003 0.85663679242134105 4.8518676757812509 1.0000000180025095e-35 80.500000000000014 7.9224424362182626 1395.3113403320315 6.641834259033204
decision_type=2 2 2 2 2 2 2 2 2 2 2 2 2 2 2 2 2 2 2 2 2 2 2 2 2 2 2 2 2 2
left_child=2 5 -1 -3 7 17 -7 12 9 14 21 -12 23 -14 27 16 -15 -2 -19 -6 -16 -10 -22 -5 -25 26 -20 -9 -29 -11
right_child=1 3 -4 4 19 6 -8 8 10 29 11 -13 13 15 20 -17 -18 18 25 -21 22 -23 -24 24 -26 -27 -28 28 -30 -31
leaf_value=0.00145813960082216 -0.039001025163044913 -0.037435852939868293 -0.049409677031152802 0.0098340878946036204 -0.0054133597125398921 -0.039383079805668422 0.34497412630860769 -0.047433565986579537 0.0010037623347737366 0.016180185906067179 0.004454123355854712 0.06284164779155603 -0.031153086627839291 -0.030202524528710081 -0.036021077296490879 -0.0092187362292530488 0.061423484394817145 -0.036676662682373566 0.012322785342553527 0.028926413961822214 0.0063197860631794139 0.013195194702496048 0.19608831099994761 -0.041960079202060359 -0.0013717451789866267 0.30498515834405904 0.23108231543417571 -0.0082199365114599462 0.26851015407995532 -0.0013212686626122504
leaf_weight=1220.4510181448422 1962.124424288224 959.83042535715504 2159.7502457812079 6874.5553869759315 1141.3436221852899 12.293756311759354 12.059056411671916 1527.6355912308791 14757.312935525493 3468.9766834054608 668.60521170822904 804.37097984080901 2277.4804241411039 235.52327222580789 680.08213826618157 8420.5277771305991 463.75700006814441 137.57456112868385 84.68038115138188 3274.8052699054824 1600.8126484401291 12175.497254183516 21.688910266733728 751.1044589872472 2900.4249813902425 13.897181802662088 18.586815040674992 465.15799484716263 11.012912474165203 10791.695577251317
leaf_count=145902 1353430 160778 2663997 479327 1768 9262 2776 462247 306514 161927 6160 143868 395702 10726 16808 83627 13025 38895 16922 6219 7572 58140 1262 5243 11298 1169 3472 102607 2418 475768
internal_value=-0.000282476 0.00107952 -0.0310684 0.00197947 0.00249803 -0.0286821 0.177286 0.00137126 0.00403998 -0.00213303 0.00807455 0.0364434 -0.00434635 -0.0111601 -0.0189171 -0.00615294 0.0305678 -0.0313386 0.0272959 0.0200553 -0.00402829 0.00651656 0.00945116 0.00303316 -0.00976656 0.100839 0.0605503 -0.0359733 0.000903963 0.00294022
internal_weight=79893.6 76513.4 3380.2 74272.2 73312.4 2241.22 24.3528 68896.2 46972.8 18567.1 28405.8 1472.98 21923.4 11397.3 4306.39 9119.81 699.28 2216.86 254.739 4416.15 2302.58 26932.8 1622.5 10526.1 3651.53 117.164 103.267 2003.81 476.171 14260.7
internal_count=7148829 4338930 2809899 2913004 2752226 1425926 12038 2744239 1745291 1230609 514682 150028 998948 503080 592914 107378 23751 1413888 60458 7987 25642 364654 8834 495868 16541 21563 20394 567272 105025 637695
is_linear=0
shrinkage=0.055


Tree=83
num_leaves=31
num_cat=0
split_feature=41 51 25 7 57 53 31 46 49 4 6 54 49 41 29 46 14 51 52 7 33 14 19 16 8 14 15 8 56 32
split_gain=1046.45 631.759 565.827 460.733 466.805 455.692 411.589 369.57 542.669 349.877 369.691 628.179 352.041 708.037 536.569 520.746 374.829 372.997 414.269 560.627 543.641 894.536 512.233 508.14 377.193 355.319 353.395 724.999 431.286 424.789
threshold=-1.0000000180025095e-35 103.50000000000001 -10.878357887268065 2.16655445098877 203.50000000000003 -1.0000000180025095e-35 2.8617925643920903 3.8876070976257329 1.2122762203216555 1.0000000180025095e-35 -4.1631238460540763 288.50000000000006 5.7586615085601816 1.0000000180025095e-35 0.21111111342906955 4.9480912685394296 6.8018388748168954 137.50000000000003 0.83150741457939159 2.8718801736831669 6.908255100250245 5.9255909919738778 5.5000000000000009 2095130.5000000002 4.5379471778869638 6.1664671897888192 6.4417433738708505 2.5249279737472539 -100.87622070312499 1.8688348531723025
decision_type=2 2 2 2 2 2 2 2 2 2 2 2 2 2 2 2 2 2 2 2 2 2 2 2 2 2 2 2 2 2
left_child=1 -1 3 -2 -5 6 9 8 -8 10 11 -4 13 -12 16 -14 17 -15 25 22 -21 23 -20 -22 -23 -19 27 -27 29 -28
right_child=2 -3 5 4 -6 -7 7 -9 -10 -11 12 -13 15 14 -16 -17 -18 18 19 20 21 24 -24 -25 -26 26 28 -29 -30 -31
leaf_value=0.00099786430428838008 0.090836263494472047 -0.048989457502987818 0.0027090006245479637 -0.0022440799288632103 -0.02674119342205835 0.02101270997892175 -0.01732434725224127 0.0064072989187967068 0.057587579589762045 0.017490421008397601 -0.02273371792951924 0.090872434223379928 0.02720344705215192 0.00054166646616748602 -0.017608232613997039 3.4797046006210078e-05 -0.0050060718084179567 0.021287104506702709 -0.0028107185501981395 0.041235045931856333 -0.022746936006596497 0.04100442148790491 0.27507600903216528 0.73535978788068379 0.33818348254232095 0.0058338099109614735 -0.014040901661171877 0.26120596449231787 0.17525950333893928 0.40292765569621436
leaf_weight=1215.9484100695699 127.59569402300986 2055.5320399334305 767.48360066406894 5672.8287445454625 4017.1205101060332 4038.8697241265327 384.27405165712116 2950.3713838401018 1194.5302618678543 3529.1882962463424 6019.5043066472863 353.97049964632606 2256.9894534344203 1092.1139073044178 2595.0987397470162 37747.080525571713 2000.2360126388958 199.32537823723396 943.71087923675077 212.73055195674533 3.0080178504576889 57.3702909151325 15.500047450652344 7.8468551952391863 12.385317625710739 50.344985201663803 136.70285387267359 97.712816160172224 65.414502573665231 2.7994818507577284
leaf_count=146128 1140 2664378 8883 875839 1270191 4295 57409 20048 25524 5334 1471589 10832 19972 10007 110584 212834 119471 27178 34201 6799 278 3077 292 130 488 8036 26911 6406 1867 586
internal_value=1.25024e-06 -0.0304369 0.00130394 -0.0110209 -0.0124083 0.00311778 0.0019634 0.0179239 0.0393572 0.00071919 -0.000365615 0.0308163 -0.00102187 -0.00869575 0.00259034 0.00157083 0.0133009 0.025928 0.0412453 0.0235795 0.0894276 0.206771 0.00308284 0.584357 0.11286 0.0807381 0.113544 0.177398 0.0642817 0.00797905
internal_weight=79823.6 3271.48 76552.1 9817.54 9689.95 66734.6 62695.7 4529.18 1578.8 58166.5 54637.3 1121.45 53515.9 13511.8 7492.3 40004.1 4897.2 2896.97 1804.85 1252.55 293.341 80.6105 959.211 10.8549 69.7556 552.3 352.975 148.058 204.917 139.502
internal_count=7150707 2810506 4340201 2147170 2146030 2193031 2188736 102981 82933 2085755 2080421 19715 2060706 1827900 356311 232806 245727 126256 116249 45265 10772 3973 34493 408 3565 70984 43806 14442 29364 27497
is_linear=0
shrinkage=0.055


Tree=84
num_leaves=31
num_cat=0
split_feature=53 54 49 57 3 3 25 57 56 9 13 31 52 28 50 49 31 54 0 13 56 31 10 30 0 13 51 47 6 19
split_gain=949.676 626.925 522.609 625.588 688.988 453.765 439.127 419.273 845.361 406.875 459.162 394.237 426.232 458.717 449.683 430.007 388.574 383.71 368.125 403.846 345.864 354.776 327.187 318.441 322.439 310.094 329.061 309.693 307.889 301.36
threshold=-100.86661529541014 14.500000000000002 3.5483832359313969 134.50000000000003 0.86190477013587963 0.75735294818878185 -9.0304989814758283 131.50000000000003 -0.051513671874999993 4.8711061477661142 3.4811217784881596 1.4978661537170412 0.79664853215217601 9.5000000000000018 -8.0594902038574201 2.4450984001159672 2.6020033359527592 269.50000000000006 0.46428571641445165 3.5408543348312382 -100.90551757812499 3.4811217784881596 10.46458673477173 0.26785714924335485 0.58571431040763866 3.7012257575988774 453.50000000000006 -1.0000000180025095e-35 -0.014414584264159201 5.5000000000000009
decision_type=2 2 2 2 2 2 2 2 2 2 2 2 2 2 2 2 2 2 2 2 2 2 2 2 2 2 2 2 2 2
left_child=5 6 3 7 -5 -1 9 18 -9 10 -2 12 -6 -14 15 29 -4 -18 -3 -20 21 22 28 -11 -25 26 -21 -8 -13 -15
right_child=1 2 16 4 11 -7 27 8 -10 23 -12 20 13 14 -16 -17 17 -19 19 25 -22 -23 -24 24 -26 -27 -28 -29 -30 -31
leaf_value=-0.047312991434745238 -0.056769607152948522 -0.022358065385831665 -0.0019146851660176271 -0.031430501824120494 0.063552940506834465 0.0021035099557719706 0.0096338280537068676 0.44473070055098407 -0.047148089722352869 0.010356786196779729 -0.0045191091588852777 -0.035438064578596822 -0.047371311569401477 0.034401693749690369 -0.029326304694820386 -0.043225180482572352 0.007867965441895209 0.050061729609149008 -0.0089758333122200249 -0.028325353242976348 -0.041233599764720283 0.1002765809397537 0.29706929809194393 -0.040235285661966678 0.0037969278100899889 0.024561312394212383 0.12009118015193124 0.030370505652305629 0.14495159832704588 0.23516543207762164
leaf_weight=1886.5087801325717 760.72500408475753 644.03558405884542 32583.206973537453 5589.9194623922231 371.22445065103238 799.17734952375758 14210.740831789444 15.070689248910638 20.52270212903386 6242.3747429819778 1518.9316379376105 327.95372417906765 480.58158800448291 1387.5412052608444 590.73855131037999 226.08867136051413 3645.7055650608381 789.71772822545609 526.49484332185239 52.421783938538283 1135.350122529373 107.15428527450422 5.1178226505871853 856.90943709027488 1206.5051845412236 472.60974057851126 260.59370627766475 2570.5760176796466 26.387436223274563 18.173422509222291
leaf_count=2256935 5356 237340 588727 2619944 100080 285673 27155 1210 9746 19156 5605 52370 217840 130177 9542 19730 27670 31705 128469 3227 241596 3379 469 4133 3386 81833 32726 2446 683 745
internal_value=-0.000515214 0.000612242 -0.00309473 -0.0129353 -0.0184073 -0.0326316 0.00728635 0.0152451 0.190245 -0.0014856 -0.0220413 -0.00282291 0.00870419 0.00106829 0.0116252 0.0264946 0.000165095 0.0154284 0.0115839 0.0282655 -0.024903 0.0148481 -0.0116443 0.0041661 -0.0145421 0.0531221 0.0951808 0.0128184 -0.0201746 0.0378215
internal_weight=79329.1 76643.4 49276.6 12258 10266.2 2685.69 27366.8 1991.75 35.5934 10585.4 2279.66 4676.31 3074.35 2703.12 2222.54 1631.8 37018.6 4435.42 1956.16 1312.12 1601.96 466.613 359.459 8305.79 2063.41 785.625 313.015 16781.3 354.341 1405.71
internal_count=7149053 4606445 4539208 3891106 3396555 2542608 67237 494551 10956 37636 10961 776611 478114 378034 160194 150652 648102 59375 483595 246255 298497 56901 53522 26675 7519 117786 35953 29601 53053 130922
is_linear=0
shrinkage=0.055


Tree=85
num_leaves=31
num_cat=0
split_feature=50 28 54 25 22 54 49 23 26 46 41 55 47 22 28 15 15 49 52 7 15 15 13 50 14 50 33 57 9 56
split_gain=862.752 562.223 516.853 486.22 512.135 433.657 397.449 539.931 499.871 440.399 438.04 459.501 864.508 476.105 431.745 458.293 426.717 370.821 388.827 358.971 353.809 347.941 329.827 351.343 325.646 313.406 440.869 529.99 348.503 348.202
threshold=-18.875291824340817 1.0000000180025095e-35 27.500000000000004 -10.575509071350096 3.113268375396729 990.50000000000011 4.0306344032287607 6.5000000000000009 3167.5000000000005 2.5391945838928227 1.0000000180025095e-35 0.84643554687500011 -11.560973167419432 1.0000000180025095e-35 49.500000000000007 8.6133213043212908 6.1789803504943857 4.2575199604034433 0.8152005970478059 7.0624072551727304 6.4109966754913339 8.4043602943420428 2.9700856208801274 -16.292879104614254 6.4060542583465585 -5.5100338459014884 5.7153477668762216 448.50000000000006 4.4299719333648691 -100.93188476562499
decision_type=2 2 2 2 2 2 2 2 2 2 2 2 2 2 2 2 2 2 2 2 2 2 2 2 2 2 2 2 2 2
left_child=5 19 3 4 20 -1 7 10 -9 16 11 -4 -13 -14 15 -12 17 18 -8 -2 -3 -11 -5 -24 -21 26 -25 28 -28 -29
right_child=1 2 6 22 -6 -7 9 8 -10 21 14 12 13 -15 -16 -17 -18 -19 -20 24 -22 -23 23 25 -26 -27 27 29 -30 -31
leaf_value=-0.010859900146262216 0.070914263615246206 -0.051897643295278219 -0.031554275578502704 -0.0069059573785057206 -0.063413212726431425 -0.044647474058100135 0.38820296482286021 0.091506823678537796 -0.02363419734914278 -0.0042630695475413321 -0.051821400239985375 0.0013064475082707676 0.44753050817662376 -0.037430347482875145 0.0078780576834235599 0.11357251630429101 0.014550609793888499 0.064722066098314948 -0.040382599928015593 0.047510271913436146 0.0068530338804364665 0.019055947351370475 0.056322293759997998 0.011014232484426532 -0.055455579723699792 0.012320379160783544 -0.075291690818690554 0.068578041457676625 0.0025584147686755869 -0.058442460412056328
leaf_weight=3845.616808137449 570.91476706776302 377.8365119000664 4486.2794766352745 4281.3766302951844 564.99397742701694 1636.7888728689286 17.600780818844218 268.10319866077043 192.95109074999345 23291.357015291753 677.94404087320436 130.62205582397291 18.363725244591482 7.3145448791328809 2679.6883451332105 50.076110726455227 1685.9284952844027 234.44368267059326 7.7168582057929589 201.54029374773381 1627.2401298277546 2106.0240274114185 470.33200912666507 4853.9474020664347 163.8961889455677 20841.125521412352 180.48035326041281 66.307096189935692 2793.2319170595147 887.9348363080062
leaf_count=1399823 16749 6029 2558077 13207 8655 2013153 401 7103 80531 504057 136946 17675 293 345 162993 2554 78534 8147 797 8774 14068 29219 2616 16566 17895 28187 1217 161 8231 7053
internal_value=6.07635e-05 0.00162642 0.00108024 0.00564525 -0.0174083 -0.0209788 -0.00362374 -0.013999 0.0435837 -0.000392165 -0.0173219 -0.0283044 0.0630639 0.325802 -0.00234003 -0.0397479 0.024792 0.0897315 0.272454 0.0438594 -0.00431949 -0.00232602 0.00737116 0.00940318 0.00120547 0.00864885 -6.6431e-05 -0.0137559 -0.00228491 -0.0493048
internal_weight=79218 73735.6 72799.2 36944.8 2570.07 5482.41 35854.4 8511.34 461.054 27343.1 8050.29 4642.58 156.3 25.6783 3407.71 728.02 1945.69 259.761 25.3176 936.351 2005.08 25397.4 34374.7 30093.4 365.436 29623 8781.9 3927.95 2973.71 954.242
internal_count=7150056 3737080 3693662 105990 28752 3412976 3587672 2966517 87634 621155 2878883 2576390 18313 638 302493 139500 87879 9345 1198 43418 20097 533276 77238 64031 26669 61415 33228 16662 9448 7214
is_linear=0
shrinkage=0.055


Tree=86
num_leaves=31
num_cat=0
split_feature=53 9 25 41 26 57 28 6 14 15 41 50 27 54 54 14 50 14 53 33 1 49 46 57 15 54 50 50 8 35
split_gain=866.497 629.012 501.969 409.398 355.511 368.033 513.929 555.214 342.877 571.378 331.682 312.531 309.467 315.207 290.978 352.543 544.145 373.895 514.587 387.296 372.644 364.799 327.873 289.77 285.105 357.869 304.077 320.054 292.947 288.786
threshold=-100.86661529541014 4.925753355026246 -10.12188148498535 1.0000000180025095e-35 202.50000000000003 58.500000000000007 10.500000000000002 -6.2207932472228995 7.6365108489990243 8.1555056571960467 -1.0000000180025095e-35 -7.5409164428710929 718.86129760742199 1964.5000000000002 173.50000000000003 6.5301482677459726 -103.7254066467285 6.367328643798829 -0.060546636581420891 6.2156071662902841 0.38750000298023229 -3.7064199447631831 7.6769652366638192 326.50000000000006 8.4737639427185076 653.50000000000011 -8.9931249618530256 -12.115076065063475 3.7012257575988774 1.0000000180025095e-35
decision_type=2 2 2 2 2 2 2 2 2 2 2 2 2 2 2 2 2 2 2 2 2 2 2 2 2 2 2 2 2 2
left_child=3 2 14 -1 12 -6 -7 8 11 -10 -9 -8 13 -3 22 16 -16 19 -19 21 -20 -18 -2 -24 -12 26 27 -26 29 -27
right_child=1 4 -4 -5 5 6 7 10 9 -11 24 -13 -14 -15 15 -17 17 18 20 -21 -22 -23 23 -25 25 28 -28 -29 -30 -31
leaf_value=-0.045683568049024292 -0.05024793633185181 0.023826317972589581 -0.0024101484288176571 0.0025633107921494099 0.013429558260503264 -0.027388122779112831 -0.00042360467342281274 -0.030348614215673354 -0.031164525296669538 0.61699054385364471 0.0017687290972431676 0.20564630058633976 -0.036382419632863497 0.12129132973038168 -0.054204883571223557 -0.027505235201544315 0.096864173996330447 -0.051014703528090587 0.23488732158868977 0.08513624127787188 -0.049529283352791706 -0.055488662690714202 0.00045639839928036469 -0.071215572802321089 -0.012347981007871376 0.25511497290321244 8.0621898351033753e-05 0.08133227780014915 0.0078764834367534529 0.08106947596673289
leaf_weight=1798.4279543606681 1567.0617735313717 2853.4023846705677 20846.704979824484 753.93024798500119 9017.1336763260188 1821.3222944817971 56.363878945645411 921.34255551069509 6.1263267233152856 5.2097660726867616 33598.931339102041 31.776215623947792 246.027303507959 99.448644378222525 199.87174464011332 925.6248215882224 57.705604322138242 33.241216229624115 82.650957265635952 181.69792336644605 14.719569957756901 192.9390880127321 988.43552959442604 201.22889076953288 162.66933856689138 36.81152621190995 1305.4840904048178 330.19530204735929 99.467776718782261 122.08336484839674
leaf_count=2280549 144508 69932 909444 262126 128665 789604 16873 588933 2113 404 1067287 100 136356 18333 180902 394052 25444 15212 2257 19812 1586 44614 5120 1804 14209 2172 5191 3595 11502 6184
internal_value=3.44571e-05 0.00109391 -0.00599039 -0.031455 0.00462722 0.00343111 0.00108778 0.00250541 0.129115 0.364382 0.00214348 0.08092 0.0223607 0.0273083 -0.0227592 -0.0047573 0.0228448 0.0504369 0.130229 0.0251183 0.191573 -0.0192042 -0.0337565 -0.0119141 0.00298721 0.0228401 0.0140281 0.0505997 0.0827458 0.127944
internal_weight=78558 76005.7 25291.9 2552.36 50713.8 47514.9 38497.8 36676.5 99.4762 11.3361 36577 88.1401 3198.88 2952.85 4445.18 1688.45 762.826 562.954 130.612 432.343 97.3705 250.645 2756.73 1189.66 35655.6 2056.71 1798.35 492.865 258.363 158.895
internal_count=7148883 4606208 1744755 2542675 2861453 2636832 2508167 1718563 19490 2517 1699073 16973 224621 88265 835311 683879 289827 108925 19055 89870 3843 70058 151432 6924 1110140 42853 22995 17804 19858 8356
is_linear=0
shrinkage=0.055


Tree=87
num_leaves=31
num_cat=0
split_feature=53 26 28 57 53 41 9 42 49 6 56 53 10 7 30 45 16 50 43 49 38 45 50 11 31 55 14 48 56 52
split_gain=772.702 512.766 538.424 440.82 393.732 389.57 359.205 345.121 417.379 632.142 466.077 753.539 887.248 675.734 564.138 379.938 364.811 336.605 324.467 419.623 391.826 371.89 413.094 800.291 355.946 328.845 327.962 323.889 319.619 293.755
threshold=-100.86661529541014 81.500000000000014 5.5000000000000009 14.500000000000002 -1.0000000180025095e-35 1.0000000180025095e-35 4.4013888835906991 1.0000000180025095e-35 8.8405928611755389 -3.9025335311889644 -100.87231445312499 -100.8599281311035 9.2098903656005877 1.1845226287841799 0.92857143282890331 0.82381221652030956 4143.0000000000009 -9.4077792167663556 -1.0000000180025095e-35 3.0254303216934209 1.0000000180025095e-35 0.84833604097366344 -118.80026626586913 1.0000000180025095e-35 1.0000000180025095e-35 0.85131835937500011 6.4240579605102548 60.500000000000007 -100.90844726562499 0.82709938287734996
decision_type=2 2 2 2 2 2 2 2 2 2 2 2 2 2 2 2 2 2 2 2 2 2 2 2 2 2 2 2 2 2
left_child=5 -2 3 -3 6 -1 -4 8 9 16 14 12 27 -14 -11 -10 29 -18 -9 20 21 22 23 -20 26 28 -24 -12 -22 -8
right_child=1 2 4 -5 -6 -7 7 18 15 10 11 -13 13 -15 -16 -17 17 -19 19 -21 25 -23 24 -25 -26 -27 -28 -29 -30 -31
leaf_value=-0.045060680635772628 0.025353236260807075 0.018685106201859751 -0.014570732055393882 -0.028628468832786271 0.017777379629861104 0.0025864201392939465 -0.048127093682875786 -0.051510833042901438 0.019455748992949554 -0.018817670729273192 0.19763438470401906 -0.00088487928753913745 0.98508996487851352 -0.023196495458168216 0.046198582035327632 0.0005579413538650969 -0.0083627137276813708 0.046794435986608138 -0.035782665119413033 0.0062103446489201212 -0.003329220939126088 -0.013210363414970904 0.028806935117768533 0.67117416368809879 -0.0021940158247868305 0.010042515836775585 0.24144012245280813 -0.046893920678775659 0.11647673819890988 0.14808457276244036
leaf_weight=1722.2041973546147 2429.9112589170109 725.53147221682593 4856.4351813298999 3248.3684567432501 3906.5423301216215 741.36980181839317 26.115280601312406 264.90228036826011 3805.0654411441647 11436.642123957339 33.403413368680049 7869.4691658793017 1.6086580620612938 2.5673484037979506 413.81966421060497 20719.436912405188 682.14645694755018 649.66876925475663 8.9556304424186219 13089.912460234191 81.920084885845426 568.21729052945739 46.943162798066624 4.4585591585491775 165.71800571191125 200.97840000933502 38.933704177557956 25.812994982814416 367.00906501471763 113.03793969860999
leaf_count=2280646 209878 45483 390859 1353882 4550 261903 11912 12056 20203 1701640 516 401069 756 1470 1760 75802 200463 12641 2355 74365 6375 26524 1246 316 8824 9369 453 24270 5168 3526
internal_value=-0.000463878 0.000522495 -0.000301719 -0.0199776 0.000826626 -0.0307459 -0.000186043 0.000967522 -0.00139533 -0.0070357 -0.00962409 0.000694334 0.182469 0.690342 -0.0165288 0.00349337 0.0276907 0.0186177 0.00825552 0.00935922 0.0370365 0.0119367 0.0651019 0.317634 0.0457107 0.0688793 0.133188 0.0956904 0.0948188 0.110869
internal_weight=78247.1 75783.5 73353.6 3973.9 69379.7 2463.57 65473.2 60616.7 45778.8 21254.3 19783.3 7932.86 63.3924 4.17601 11850.5 24524.5 1470.97 1331.82 14837.9 14573 1483.13 833.226 265.009 13.4142 251.595 649.908 85.8769 59.2164 448.929 139.153
internal_count=7150280 4607731 4397853 1399365 2998488 2542549 2993938 2603079 2456028 2360023 2131481 428081 27012 2226 1703400 96005 228542 213104 147051 134995 60630 39718 13194 2671 10523 20912 1699 24786 11543 15438
is_linear=0
shrinkage=0.055


Tree=88
num_leaves=31
num_cat=0
split_feature=42 45 25 6 27 45 47 47 25 8 50 35 52 45 13 1 15 57 27 10 49 47 50 15 15 28 13 13 47 2
split_gain=875.229 562.071 487.886 596.139 435.993 441.916 776.738 517.466 402.6 444.143 619.483 528.807 444.701 729.213 486.663 412.143 430.133 390.887 381.992 374.029 346.265 341.737 342.549 658.13 1191.72 736.42 391.48 317.4 313.98 297.492
threshold=-1.0000000180025095e-35 0.77031469345092785 -15.596865177154539 -7.291836977005004 923.59133911132824 0.82142454385757457 -18.758879661560055 -16.702224731445309 -7.1833729743957511 3.9981586933135991 -11.600292682647703 1.2424533367156985 0.82425761222839367 0.82502886652946483 3.8176519870758061 0.15476191043853763 4.9593360424041757 92.500000000000014 849.16192626953136 5.0205800533294687 6.172173500061036 -1.0000000180025095e-35 -17.251917839050289 6.7667672634124765 6.7159891128540048 2421.5000000000005 3.1567740440368657 3.0677825212478642 -9.2209358215332013 0.14835165441036227
decision_type=2 2 2 2 2 2 2 2 2 2 2 2 2 2 2 2 2 2 2 2 2 2 2 2 2 2 2 2 2 2
left_child=20 -2 17 4 5 6 -4 -8 9 10 11 12 28 27 -15 -12 -17 29 -7 -20 -1 22 23 24 26 -26 -10 -14 -5 -3
right_child=1 2 3 8 -6 18 7 -9 21 -11 15 -13 13 14 -16 16 -18 -19 19 -21 -22 -23 -24 -25 25 -27 -28 -29 -30 -31
leaf_value=-0.051436202973559761 -0.033796129244496695 -0.055120373446106895 0.10227738428668477 -0.045622151370897063 -0.030856426574971112 0.036733283085583331 0.86301405161857525 -0.020569695850400346 -0.056662695696838607 0.0061231847749099238 0.0063830122502510963 -0.03777339116139608 0.54148506732697088 -0.0026025507275270888 0.083844349283591052 -0.05142691661332828 -0.0048706641914821342 -0.042954948225588631 0.44280305628316891 -0.033274954219275892 -0.0028610057592215981 0.032791565427013843 0.0055011678435217572 -0.059246891100787222 -0.021617559005531556 1.0716081726769753 0.11542774412592471 -0.023562508232484704 0.11810759859453218 0.01196334705035698
leaf_weight=1342.9384869739297 1348.5434593621176 240.06440143595682 69.375673531263601 623.99266824507504 240.40000048308866 1204.2563154380769 2.4864309375116136 2.4277921594039062 46.279070104763377 22217.580942130473 13138.259851564362 2768.3827683528361 6.4596982392249611 998.00032700336305 240.35732970823301 618.08290737605421 16491.582813871559 1283.3415252461855 8.7295609180291631 6.8172224081645245 662.82400430756388 1809.0364062612061 11478.174101828074 96.948932224593591 2.4052131153002843 1.1021108816203193 202.72979536632192 3.532296035613399 32.823672841943335 1081.7624523603881
leaf_count=1375643 1088253 132749 8259 394548 49747 89953 212 283 14955 729898 291642 827129 239 65603 10731 13439 220847 1176537 636 2093 45492 6422 302454 44639 817 485 28284 623 8699 216806
internal_value=0.000386224 0.00133049 0.00196501 0.00280808 0.0366673 0.0492815 0.175496 0.636268 0.00207144 4.46395e-05 -0.00382295 -0.0224478 -0.000137714 0.0191213 0.0144459 -0.000942023 -0.00656703 -0.0213961 0.0409096 0.276748 -0.0354311 0.0105608 0.00714818 0.0604037 0.1066 0.749823 0.0829584 0.400495 -0.0366095 -0.000381907
internal_weight=78269.7 76263.9 74915.4 72310.2 1534.49 1294.09 74.2899 4.91422 70775.7 57139.1 34921.5 4673.55 1905.17 1248.35 1238.36 30247.9 17109.7 2605.17 1219.8 15.5468 2005.76 13636.7 11827.6 349.465 252.516 3.50732 249.009 9.99199 656.816 1321.83
internal_count=7148117 5726982 4638729 3112637 151183 101436 8754 495 2961454 2563398 1833500 1307572 480443 77196 76334 525928 234286 1526092 92682 2729 1421135 398056 391634 89180 44541 1302 43239 862 403247 349555
is_linear=0
shrinkage=0.055


Tree=89
num_leaves=31
num_cat=0
split_feature=41 53 57 25 31 26 26 8 6 42 43 41 49 55 15 14 47 48 3 54 10 45 50 10 56 13 30 10 54 1
split_gain=668.4 613.939 451.881 652.465 360.762 360.607 387.6 345.954 376.2 323.908 351.387 350.079 515.899 496.784 366.176 324.323 389.046 314.421 360.467 375.64 345.262 342.796 633.137 701.09 935.489 685.137 424.039 353.122 320.384 303.735
threshold=-1.0000000180025095e-35 -0.046523362398147576 6.5000000000000009 -15.596865177154539 0.89587974548339855 190.50000000000003 173.00000000000003 1.8688348531723025 -12.073047161102293 -1.0000000180025095e-35 -1.0000000180025095e-35 1.0000000180025095e-35 4.0306344032287607 0.82788085937500011 7.0161609649658212 6.1014387607574472 -5.4528582096099845 69.500000000000014 0.19523809850215915 1059.5000000000002 10.719964981079103 0.82142454385757457 -9.6160993576049787 7.3142197132110605 -100.88305664062499 3.8393945693969731 0.15476191043853763 3.9510587453842168 967.50000000000011 0.35416667163372045
decision_type=2 2 2 2 2 2 2 2 2 2 2 2 2 2 2 2 2 2 2 2 2 2 2 2 2 2 2 2 2 2
left_child=1 5 -2 -4 -3 6 -1 -5 -9 -10 -11 12 13 -12 -15 16 -14 -17 19 21 -21 22 23 24 -19 26 27 -26 -24 -13
right_child=2 4 3 7 -6 -7 -8 8 9 10 11 29 15 14 -16 17 -18 18 -20 20 -22 -23 28 -25 25 -27 -28 -29 -30 -31
leaf_value=-0.00070325743098509667 0.020621559574833553 0.030414378974087466 -0.030311815350204288 -0.0080371033998189057 -0.034188345130435498 -0.053177800291402011 0.25022848603261694 0.046649891210778276 -0.036714095111592043 -0.063406016970045886 -0.029429305584746678 0.0099964783223886744 -0.03514765887212077 0.052993096540840591 -0.019366821707420146 0.0012786508894417174 0.0014374184571346721 0.043169741596197221 -0.039211691937526438 -0.060005064565831663 0.25170963615804826 0.021169114419279125 0.019710985897086971 -0.0074421661281823806 -0.025973109444375385 -0.041710227609489954 -0.030970731690744831 0.46855576795903853 0.18197713656876016 -0.00061072545655432267
leaf_weight=112.64943641881109 3177.1753807718051 681.37013728701277 2157.38683777611 12200.823558922275 417.51229954900919 1669.0455518810195 17.301737193774898 564.32178690016735 650.76218578155385 241.12663092976436 3432.7979427287937 21061.580165643711 1468.0001065880642 428.32397029019194 409.49732032371685 10979.006941341853 2180.4342998743523 57.768340371898375 244.29073840641649 180.07643774565076 6.5153097650618284 1258.4255748753785 422.49499345070217 58.752718789386563 4.1456993427127591 11.571667899785096 5.7449883618392041 58.032533355464693 35.537832654896192 13334.619537243212
leaf_count=65364 28000 51150 1468510 752777 50473 2638629 5258 22665 127799 15463 1225156 336097 41385 18793 22464 39692 5924 7678 12105 43557 1027 24667 6006 7376 514 1073 620 1833 346 127606
internal_value=-0.000664805 -0.0265577 0.000342337 -0.000560776 0.00582537 -0.0462996 0.0407391 0.000367599 0.00216421 0.00171603 0.00216684 0.00245669 -0.00309454 -0.0201693 0.0177211 0.00120691 -0.0133111 0.00518628 0.0234525 0.0308212 -0.0428359 0.0381006 0.0702699 0.151769 0.217782 0.334609 0.397184 0.436104 0.03413 0.00588482
internal_weight=77527.1 2897.88 74629.2 71452 1098.88 1799 129.951 69294.7 57093.8 56529.5 55878.7 55637.6 21241.4 4270.62 837.821 16970.8 3648.43 13322.4 2343.36 2099.07 186.592 1912.47 654.049 196.016 137.263 79.4949 67.9232 62.1782 458.033 34396.2
internal_count=7150007 2810874 4339133 4311133 101623 2709251 70622 2842623 2089846 2067181 1939382 1923919 1460216 1266413 41257 193803 47309 146494 106802 94697 44584 50113 25446 19094 11718 4040 2967 2347 6352 463703
is_linear=0
shrinkage=0.055


Tree=90
num_leaves=31
num_cat=0
split_feature=53 41 26 47 7 53 13 22 23 27 16 3 16 10 52 40 53 1 14 12 13 30 54 25 49 35 14 53 0 25
split_gain=844.387 413.045 392.381 370.766 354.239 358.027 488.322 375.348 347.967 614.499 315.03 320.037 372.469 312.343 344.55 304.086 301.562 853.16 514.579 288.893 303.77 270.454 270.245 267.106 260.043 367.247 316.283 336.229 310.361 285.603
threshold=-100.86293029785155 1.0000000180025095e-35 2650.5000000000005 -1.0000000180025095e-35 2.6614506244659428 -0.036130279302597039 3.7726949453353886 4.4367339611053476 6.5000000000000009 1169.2308349609377 2301673.0000000005 0.54772728681564342 2301748.5000000005 6.908255100250245 0.84880247712135326 2.8029010295867924 -100.8599281311035 0.46428571641445165 6.2334294319152841 1.0000000180025095e-35 2.8029010295867924 0.92857143282890331 40.500000000000007 -21.893641471862789 8.8405928611755389 1.8317808508872988 7.960149049758912 -0.018086224794387814 0.84523808956146251 -11.855336189270018
decision_type=2 2 2 2 2 2 2 2 2 2 2 2 2 2 2 2 2 2 2 2 2 2 2 2 2 2 2 2 2 2
left_child=1 21 3 8 19 10 7 22 9 16 -6 12 15 -13 -15 -12 17 -2 -19 -4 -21 -1 -7 -18 25 -25 27 28 -27 -26
right_child=2 -3 4 -5 5 6 -8 -9 -10 -11 11 13 -14 14 -16 -17 23 18 -20 20 -22 -23 -24 24 29 26 -28 -29 -30 -31
leaf_value=-0.04954133429831524 0.03516475198955267 0.0018264264198277107 0.0020855868740080863 0.02546836846806198 -0.026731049391694919 -0.0021246958660922572 0.014537323129654103 -0.071388888849966484 0.037664504448430884 -0.048707741137970703 -0.026894516337693738 -0.0079951784896574087 -0.030780502628326236 0.086853074453513604 -0.07746999632998279 0.57247926954936335 0.10647974292261994 0.78326564109083519 -0.022633309740780334 0.081723014096754518 -0.068347062265496333 0.11569920882214392 -0.03099614322607553 0.0080949036279092182 -0.052688950096019267 -0.020883982198142977 0.023975112457844609 0.0089667282852751717 0.022256003650950457 0.012123249392252891
leaf_weight=1660.9008684639703 66.984502837673062 774.02876479248516 28086.413269722689 2678.5735048544593 4428.2225998083304 4411.8410590257263 3327.8164677432505 298.04481148777995 900.50154722959269 672.90177200658945 3.8828722737380295 329.33515506325057 573.53315461453167 301.64705691306153 40.223207825038116 0.69648663094267238 71.713723323104205 3.1954429596662512 3.001408624870237 42.856573853816371 297.3860635322053 25.924210534518352 1256.357444379013 8214.9673686211463 205.22318874089979 5879.4359523616731 849.96511491163983 1929.3823450175114 547.71808450965909 9798.3728335278574
leaf_count=2433363 48154 278440 949421 10921 916601 28088 28379 5600 36324 497608 1714 40129 132032 30493 1488 116 26841 848 1830 1196 17560 2887 41995 690037 7357 816380 52825 4731 26837 19127
internal_value=0.000228332 -0.0314415 0.00126644 0.00590494 -0.00213504 -0.00898059 -0.00232986 -0.0117422 0.0041028 0.00302624 -0.0198561 0.00452151 -0.0253559 0.0302522 0.0666814 0.315493 0.00429752 0.112168 0.557131 0.00147128 -0.0485346 -0.0466674 -0.00854574 0.00399008 0.00370272 -0.000356145 -0.00789732 -0.0111515 -0.0171932 0.010768
internal_weight=77681 2460.85 75220.2 31821.9 43398.3 14971.6 9294.06 5966.24 29143.4 28242.9 5677.54 1249.32 578.113 671.205 341.87 4.57936 27570 73.1814 6.19685 28426.7 340.243 1686.83 5668.2 27496.8 27425.1 17421.5 9206.5 8356.54 6427.15 10003.6
internal_count=7149322 2714690 4434632 2239820 2194812 1226635 104062 75683 2228899 2192575 1122573 205972 133862 72110 31981 1830 1694967 50832 2678 968177 18756 2436250 70083 1644135 1617294 1590810 900773 847948 843217 26484
is_linear=0
shrinkage=0.055


Tree=91
num_leaves=31
num_cat=0
split_feature=41 51 50 25 51 7 42 44 0 31 29 51 50 10 16 16 30 14 28 25 30 49 19 16 23 8 46 14 8 15
split_gain=627.43 484.984 445.965 413.69 437.198 387.823 378.331 334.285 410.576 402.601 398.11 422.225 401.407 364.869 579.129 404.407 361.235 366.089 347.49 470.242 341.303 335.463 731.067 370.8 331.557 323.504 369.618 385.152 489.599 319.131
threshold=-1.0000000180025095e-35 103.50000000000001 -4.4401073455810538 -8.7352323532104474 86.500000000000014 1.8328581452369692 -1.0000000180025095e-35 1.0000000180025095e-35 0.84523808956146251 1.4978661537170412 0.26785714924335485 34.500000000000007 -114.65964889526366 8.0041980743408221 2303427.5000000005 2301875.5000000005 0.92857143282890331 7.2775931358337411 49.500000000000007 -21.708992004394528 0.92857143282890331 3.8467589616775517 1.5000000000000002 4140.5000000000009 3.5000000000000004 4.5591125488281259 2.5391945838928227 4.6298508644104013 1.2424533367156985 6.9962239265441903
decision_type=2 2 2 2 2 2 2 2 2 2 2 2 2 2 2 2 2 2 2 2 2 2 2 2 2 2 2 2 2 2
left_child=1 -1 6 4 -4 -6 -2 8 16 10 11 -9 -13 14 15 -14 21 -18 19 29 -20 23 -23 24 -8 26 -24 28 -28 -11
right_child=2 -3 3 -5 5 -7 7 9 -10 18 -12 12 13 -15 -16 -17 17 -19 20 -21 -22 22 25 -25 -26 -27 27 -29 -30 -31
leaf_value=0.001539347159895657 -0.04449821143708077 -0.045522581609887557 -0.0030486812515476908 0.011128682392150252 0.090188270581542135 0.0092159375804064629 -0.0077142804050485585 -0.0011122932294483137 0.023703038550542226 -0.046812277969570763 -0.0046594374884231411 -0.037154450738721194 0.032207557378992925 -0.0039901035729696449 -0.052885898721535415 0.09165487192817133 -0.05601307687008502 0.080854582190758528 -0.0057580606719692526 -0.036482899528796776 0.033679908502363708 0.083562173419940891 0.030539100547779009 -0.027525874592432512 0.11588122870546962 0.0073741326722698685 0.27845944279471091 -0.021645017410289364 -0.022669333262626802 0.17293345070173657
leaf_weight=1132.3733665986219 649.95887615799438 1589.8726527774998 15129.334364178823 18324.80533466785 281.40302905603312 480.33423119841609 178.40253514781944 3424.5180879584514 1088.1922748743091 28.240775368001778 5264.7185001106409 311.82261854669196 4018.0094435607898 975.7002350478142 221.71804614024586 376.11930497930734 74.733904149266891 232.64084564882796 7575.5694380186906 1582.1799246447335 722.5227097873576 261.79166779853404 470.51433163575712 4756.948228719848 98.36814940313343 2568.1053327725967 24.584349034179468 5368.0428883293062 34.931395527441055 51.354832185694249
leaf_count=146046 222194 2664590 35246 38691 3784 8908 67039 13284 60263 32971 336766 180144 261745 81204 26116 16831 8404 8291 173299 424004 3140 598 26703 2045898 22224 54929 263 169530 1191 15281
internal_value=-6.82869e-05 -0.0259793 0.000879226 0.0054981 -0.000996269 0.039522 -0.00303673 -0.00235258 -0.00877375 0.00161245 0.00742995 0.0142521 0.0231584 0.026552 0.0330053 0.0373944 -0.0112932 0.0472132 -0.00691046 -0.0298273 -0.00230595 -0.0126167 -0.00608921 -0.0239174 0.0374901 -0.0089091 -0.0159993 -0.0200581 0.113659 0.0968083
internal_weight=77297.8 2722.25 74575.6 34215.9 15891.1 761.737 40359.7 39709.7 15157.3 24552.5 14592.6 9327.89 5903.37 5591.55 4615.85 4394.13 14069.1 307.375 9959.87 1661.78 8298.09 13761.7 8727.97 5033.72 276.771 8466.18 5898.07 5427.56 59.5157 79.5956
internal_count=7149577 2810636 4338941 86629 47938 12692 4252312 4030118 2465333 1564785 916090 579324 566040 385896 304692 278576 2405070 16695 648695 472256 176439 2388375 253214 2135161 89263 252616 197687 170984 1454 48252
is_linear=0
shrinkage=0.055


Tree=92
num_leaves=31
num_cat=0
split_feature=53 26 50 42 51 1 50 16 16 13 16 9 13 40 51 3 54 35 7 7 10 10 11 49 53 25 53 53 31 26
split_gain=610.064 418.879 416.725 515.128 398.997 345.033 352.651 334.91 404.568 322.725 317.275 299.451 287.006 285.423 340.974 458.216 624.755 640.483 670.948 685.95 843.527 381.591 394.445 387.635 355.303 300.258 260.029 252.716 248.822 284.212
threshold=-100.86661529541014 81.500000000000014 -4.4401073455810538 -1.0000000180025095e-35 256.50000000000006 0.18333333730697635 -114.65964889526366 2303382.5000000005 2303379.0000000005 3.6242519617080693 2302860.5000000005 4.882413625717164 1.7005987167358401 3.2769666910171513 95.500000000000014 0.90454545617103588 237.50000000000003 2.3502402305603032 2.4026249647140507 2.2982133626937871 7.6011524200439462 1.0000000180025095e-35 1.0000000180025095e-35 7.8624610900878915 -0.051757574081420891 -8.7352323532104474 -0.042475819587707513 -0.093749791383743272 2.8029010295867924 8319.5000000000018
decision_type=2 2 2 2 2 2 2 2 2 2 2 2 2 2 2 2 2 2 2 2 2 2 2 2 2 2 2 2 2 2
left_child=4 -2 3 -3 10 6 -5 8 -8 -9 -1 28 -6 14 25 16 21 18 19 20 -18 -16 -23 -24 -22 27 -11 -4 -7 -30
right_child=1 2 13 5 12 11 7 9 -10 26 -12 -13 -14 -15 15 -17 17 -19 -20 -21 24 22 23 -25 -26 -27 -28 -29 29 -31
leaf_value=-0.020176295562389285 0.023449937148044522 -0.046198306457783861 0.051906141955151343 -0.039399046326065425 0.20267577019407756 -0.024784771500755132 0.0039057852103724904 -0.060051833154711673 0.058343941886812613 -0.043977949656626096 0.052847090683483901 -0.0042994220158420046 -0.052683680281070212 0.020413284795005562 0.14152790538199625 -0.0038724526956095762 0.021489729083375396 -0.049095431617627916 0.019779636531646574 0.66233455407858532 -0.028599137838548807 -0.038988990321760883 -0.058054225489568859 0.16411566212839113 0.42384321237874223 0.0070379796609635484 0.022642556712138821 -0.0050017152104124638 -0.036821425986981453 0.056325536553659239
leaf_weight=741.75181883721962 2388.1326669440314 844.50365673546912 235.18665247876197 598.06234346117708 8.6599562159972248 4106.6811225791753 17917.004659658211 469.43158747340203 417.74877000972629 276.66812540544197 232.15316313927178 13119.02864189056 1185.3166495250771 3097.6701101124054 68.594518136233091 515.56488638883457 39.519690160872415 34.628029490559129 40.574115125258686 9.1559939611179271 5.3156095963204271 216.8156821692246 32.636470307945274 65.676177082583308 36.512391786556691 15699.926694473543 473.00350605149288 13804.605097879423 158.18304368774989 248.78644793134299
leaf_count=255572 209897 553359 1470 415897 2101 400334 1814303 78431 29494 68428 42170 901013 2242524 7995 444 4865 5680 7114 5004 398 2004 4124 683 124 505 30859 5560 34694 14798 9690
internal_value=-2.3133e-05 0.000810043 6.30491e-05 -0.00384227 -0.0287524 -0.0028896 0.00202659 0.00330336 0.0051617 -0.0245522 -0.00258843 -0.00850717 -0.0499941 0.00451276 0.00291078 0.0334151 0.0681237 0.155755 0.209688 0.289334 0.211429 0.0287645 0.00239198 0.0911225 0.369431 0.00181297 -0.00207238 -0.00403029 -0.0207188 0.0201132
internal_weight=77087.5 74919.6 72531.5 38629.1 2167.88 37784.6 20151.9 19553.9 18334.8 1219.1 973.905 17632.7 1193.98 33902.4 30804.7 1064.99 549.429 165.706 131.078 90.5037 81.3477 383.723 315.128 98.3126 41.828 29739.7 749.672 14039.8 4513.65 406.969
internal_count=7149534 4607167 4397270 4291307 2542367 3737948 2412113 1996216 1843797 152419 297742 1325835 2244625 105963 97968 30945 26080 20705 13591 8587 8189 5375 4931 807 2509 67023 73988 36164 424822 24488
is_linear=0
shrinkage=0.055


Tree=93
num_leaves=31
num_cat=0
split_feature=53 51 27 24 28 27 33 26 13 28 8 16 54 40 47 15 51 50 15 45 50 12 48 33 33 50 54 54 53 8
split_gain=592.096 464.159 337.241 474.787 398.901 350.393 500.184 335.587 385.751 436.494 410.179 332.907 342.918 321.226 313.191 301.494 312.822 318.678 299.469 285.037 356.476 329.025 338.122 570.363 408.157 601.154 665.492 564.833 392.574 353.468
threshold=-100.86293029785155 256.50000000000006 1169.2308349609377 -6.1204633712768546 1.0000000180025095e-35 231.7850036621094 8.0065340995788592 1167.0000000000002 3.7726949453353886 49.500000000000007 4.5798392295837411 86469.500000000015 122.50000000000001 2.0126758813858037 -1.0000000180025095e-35 7.4710783958435067 205.50000000000003 -10.92155885696411 3.7726949453353886 0.82263997197151195 -12.980443000793455 1.0000000180025095e-35 452.50000000000006 6.2215714454650888 5.9851877689361581 -14.601331710815428 362.50000000000006 521.50000000000011 -0.093749791383743272 1.7005987167358401
decision_type=2 2 2 2 2 2 2 2 2 2 2 2 2 2 2 2 2 2 2 2 2 2 2 2 2 2 2 2 2 2
left_child=1 15 4 -4 5 -2 -7 14 9 13 -11 12 -5 -9 -6 -1 -17 -18 -12 20 -10 22 28 24 29 26 -26 -28 -21 -24
right_child=2 -3 3 11 7 6 -8 8 19 10 18 -13 -14 -15 -16 16 17 -19 -20 21 -22 -23 23 -25 25 -27 27 -29 -30 -31
leaf_value=-0.034649656696357833 0.06033010646015468 -0.050037089523835142 -0.042698968324931572 0.11196784414225032 0.0053052568148853913 -0.01501943901493118 0.093334929949346751 0.045908260673219327 -0.056003724894164504 -0.0061419975965933621 0.13021067444791803 -0.015308025532829344 -0.059409711765746685 -0.035800324994372613 0.02886461862947378 0.0091766766224566868 -0.005393352247813254 0.21499225299824329 0.007635217387565855 0.2321369962429756 -0.0022348103865284337 -0.056115903377607877 0.10722494098804955 -0.0162265749400347 0.16737956975212442 0.048378763045831559 0.92902334871176873 -0.01772642946494073 0.0065260293715858108 0.01346867493699468
leaf_weight=445.94210916475276 648.62810128374258 1222.3970214122965 1143.1250018078717 157.66830281662988 16820.659776108776 655.42914306125022 155.14247686779709 153.862339136831 432.55490727894357 25033.943102905876 55.823346956254682 299.17300171102397 41.673911477235379 1827.6618269051833 1895.2694092742458 541.34294346559909 33.271779014670756 43.331368418846978 7259.2173546805279 18.373681376833702 2530.8093886746501 230.56809000030626 157.48972795638838 429.47886057404685 95.240336442075204 154.72199619290768 1.9858361763472192 2.3690372479322832 14211.565803483012 491.22403971105814
leaf_count=192987 26666 2396135 750870 2006 808616 301484 31921 24470 301484 1113012 1209 28211 10217 384701 6351 91838 24023 10291 194332 1647 155327 8373 13804 70092 11436 6270 752 2320 109011 69537
internal_value=0.000550633 -0.0269902 0.00139301 -0.0232226 0.00194614 0.0303654 0.00616452 0.00136652 -0.000866204 -0.00433144 -0.00279426 0.0214183 0.0755631 -0.0293562 0.00769807 -0.000399406 0.0243971 0.124805 0.00865893 0.00547581 -0.0101644 0.0084128 0.00938655 0.0358286 0.0605388 0.119023 0.221211 0.679793 0.00689877 0.0368761
internal_weight=77189.9 2286.29 74903.7 1641.64 73262 1459.2 810.572 71802.8 53086.9 34330.5 32349 498.515 199.342 1981.52 18715.9 1063.89 617.946 76.6031 7315.04 18756.4 2963.36 15793 15562.4 1332.51 903.031 254.317 99.5952 4.35487 14229.9 648.714
internal_count=7149393 2715274 4434119 791304 3642815 360071 333405 3282744 2467777 1717724 1308553 40434 12223 409171 814967 319139 126152 34314 195541 750053 456811 293242 284869 174211 104119 20778 14508 3072 110658 83341
is_linear=0
shrinkage=0.055


Tree=94
num_leaves=31
num_cat=0
split_feature=53 3 57 25 6 54 28 27 26 26 14 56 3 54 51 51 24 55 53 14 14 45 51 14 43 54 10 55 56 28
split_gain=538.58 436.517 344.653 359.77 355.398 684.952 401.414 356.723 319.708 309.723 341.489 289.176 284.008 432.815 513.198 479.536 421.123 433.495 403.902 570.363 896.431 649.454 555.781 409.565 401.438 382.26 341.345 339.412 348.539 641.488
threshold=-100.86661529541014 0.75735294818878185 6.5000000000000009 -15.431981563568113 -7.1286959648132315 707.50000000000011 5.5000000000000009 48.115919113159187 1033.5000000000002 218.00000000000003 6.3860368728637704 -0.028076171874999997 0.79583334922790538 122.50000000000001 188.50000000000003 69.500000000000014 -5.4404292106628409 0.86010742187500011 -0.0395309031009674 7.1518771648406991 7.13688087463379 0.80706140398979198 1036.5000000000002 6.8849980831146249 1.0000000180025095e-35 179.50000000000003 8.5174932479858416 0.84741210937500011 -0.058837890624999993 5537.5000000000009
decision_type=2 2 2 2 2 2 2 2 2 2 2 2 2 2 2 2 2 2 2 2 2 2 2 2 2 2 2 2 2 2
left_child=1 -1 -2 11 5 7 -6 -5 -8 -7 -11 -4 13 15 -15 24 17 25 19 20 22 -22 23 26 -10 -14 27 28 29 -17
right_child=2 -3 3 4 6 9 8 -9 12 10 -12 -13 16 14 -16 18 -18 -19 -20 -21 21 -23 -24 -25 -26 -27 -28 -29 -30 -31
leaf_value=-0.046878508524526068 0.018496367770882861 0.0057670185011803781 -0.045381846127524432 0.049725720921381215 -0.026805643350946012 0.046432551507815424 0.0081447008129807621 -0.021369791305104215 -0.0076132680160948601 0.21822518692075213 0.054142980986196507 -0.003016402990385302 0.32046475842055583 -0.0086928843438404627 -0.044654397021646711 0.23899426055647313 0.0017644336362779606 -0.04915550751033379 0.0080759532790173252 -0.035013411443837975 0.87463354575619501 -0.022407543858839963 -0.052353471374185813 -0.050830833163396642 0.040951384709274591 0.042845665918760156 -0.048524535253432345 -0.048556309417769693 0.23449033228826249 0.024858993974660688
leaf_weight=1317.3901957220805 3096.7537864174228 743.19326918604202 939.50759014653158 320.83621637299075 1659.0950023849728 222.29675418129773 13361.328638929554 614.24308782897424 13372.731809906836 87.401229747192701 72.974629322328838 1008.5734189078794 30.431512217794079 4312.130478875828 1660.373469828919 62.878116880863672 30056.546082312358 29.425323794304859 2299.5973671117099 148.89023818742135 2.3923411706346078 3.2823254584800452 82.069623410643544 43.834154353389749 530.56139086070471 29.104413086286513 29.652231251529884 24.427888075239025 107.04149147507269 115.97003036137903
leaf_count=2257562 28455 286041 863617 3587 259319 16640 491683 98439 46566 9246 13775 440613 2408 229995 1486414 8300 466277 4243 57234 23322 72 543 26097 5323 767 6892 3211 1382 1644 10625
internal_value=-0.000220583 -0.0279228 0.000549265 -0.000232263 0.000423993 0.0286595 -0.00012555 0.00315861 0.000544039 0.0901277 0.147458 -0.023512 -0.0013748 -0.00600662 -0.0187193 -0.00148924 0.00212816 0.118385 0.0187536 0.0579482 0.08736 0.588309 0.0750759 0.102647 -0.00574594 0.198584 0.122886 0.139775 0.156425 0.104595
internal_weight=76384.9 2060.58 74324.4 71227.6 69279.5 1317.75 67961.8 935.079 66302.7 382.673 160.376 1948.08 52941.3 22795.8 5972.5 16823.3 30145.5 88.9612 2920.04 620.438 471.548 5.67467 465.874 383.804 13903.3 59.5359 339.97 310.318 285.89 178.848
internal_count=7150292 2543603 4606689 4578234 3274004 141687 3132317 102026 2872998 39661 23021 1304230 2381315 1901495 1716409 185086 479820 13543 137753 80519 57197 615 56582 30485 47333 9300 25162 21951 20569 18925
is_linear=0
shrinkage=0.055


Tree=95
num_leaves=31
num_cat=0
split_feature=41 53 10 7 7 26 22 3 40 14 28 24 57 48 28 26 25 15 8 4 30 51 45 0 54 15 28 49 19 50
split_gain=556.477 460.48 487.913 386.336 447.827 446.426 416.748 385.1 382.562 332.096 298.565 547.076 379.472 297.016 287.018 282.042 274.839 304.532 262.113 263.86 282.899 491.207 381.824 236.582 234.569 266.603 261.882 230.73 358.02 227.954
threshold=-1.0000000180025095e-35 -0.037664175033569329 5.8622088432312021 2.7383713722229008 12.340274810791017 4076.5000000000005 2.6020033359527592 0.34057971835136419 3.2384861707687382 6.3500125408172616 1.0000000180025095e-35 -8.183313846588133 99.500000000000014 8.5000000000000018 14.500000000000002 13.500000000000002 -9.6540617942810041 5.8957784175872812 5.747798204421998 1.0000000180025095e-35 0.92857143282890331 60.500000000000007 0.8680039942264558 0.73214286565780651 635.50000000000011 7.4908084869384775 5.5000000000000009 13.174286842346193 2.5000000000000004 -4.4401073455810538
decision_type=2 2 2 2 2 2 2 2 2 2 2 2 2 2 2 2 2 2 2 2 2 2 2 2 2 2 2 2 2 2
left_child=1 15 9 14 6 16 10 8 -4 13 11 12 -5 -3 -2 -1 17 -6 19 20 29 23 -23 -22 25 26 -19 -17 -29 -16
right_child=3 2 7 4 5 -7 -8 -9 -10 -11 -12 -13 -14 -15 18 27 -18 24 -20 -21 21 22 -24 -25 -26 -27 -28 28 -30 -31
leaf_value=0.10062740339258579 0.047761687218437821 0.023749508460449827 -0.023931133708523757 0.023218793143285107 -0.025797451753465022 -0.0079963668204097692 -0.031600056111712231 -0.045074285644560605 0.22292765193717873 -0.0091048053629923641 -0.011483086738908441 0.075942876559387223 -0.047432027008553673 0.16237851625733726 -0.0040503863593263174 -0.049309509741347783 0.0019405430123061165 -0.017767079478301452 0.018500356798760734 0.017332933509203081 0.016732401389088918 0.13015216480081315 -0.024473885260694998 -0.040374077093332704 0.062461054205727562 -0.0066255473917186712 0.051920275744891671 0.22785899145092042 -0.051588899515566673 0.0040772306525020032
leaf_weight=36.295630639244337 430.07359606798855 81.952856197953224 39.611783044761978 583.9660521056212 292.29682099240017 6026.3368772506365 2781.8226704934787 432.59451024816372 30.013642248581164 124.12833889271133 7127.708416275098 345.12543027839274 372.33735269436147 110.29866327077616 22423.502581190551 1593.5563310505822 2842.2282842811546 197.60658054202213 3054.8886542881082 3123.0980584183708 2019.8609011317603 185.62978550500702 62.813462095684372 241.33923915959895 614.00498703034827 600.43308722981601 875.00748217239743 18.78343684237916 29.846585183928255 19521.926794820698
leaf_count=6247 6450 153 2600 176441 63879 251619 591108 29128 592 7216 871413 6900 467397 4328 1536928 2757185 108898 21070 67450 4355 3198 937 375 551 82764 16472 11295 165 2561 49354
internal_value=-0.000238622 -0.0257473 0.00804403 0.000627086 -0.00534916 0.00230245 -0.01316 -0.025603 0.0902896 0.0610226 -0.00705926 0.0171205 -0.00439278 0.105384 0.00327927 -0.0422024 0.0137469 0.0267276 0.00289676 0.00189305 0.000806521 0.0187248 0.0913468 0.0105618 0.0334822 0.0226926 0.039059 -0.0456551 0.0675288 -0.000267657
internal_weight=76219.1 2497.08 818.6 73722 22658.9 11447.9 11211 502.22 69.6254 316.38 8429.14 1301.43 956.303 192.252 51063.1 1678.48 5421.58 2579.35 50633.1 47578.2 44455.1 2509.64 248.443 2261.2 2287.05 1673.05 1072.61 1642.19 48.63 41945.4
internal_count=7149029 2810175 44017 4338854 2669256 555997 2113259 32320 3192 11697 1522151 650738 643838 4481 1669598 2766158 304378 195480 1663148 1595698 1591343 5061 1312 3749 131601 48837 32365 2759911 2726 1586282
is_linear=0
shrinkage=0.055


Tree=96
num_leaves=31
num_cat=0
split_feature=53 3 16 9 25 43 53 50 53 13 57 31 25 6 14 54 46 14 28 10 10 55 25 35 10 49 26 23 52 10
split_gain=519.947 329.847 351.47 324.067 372.968 289.539 280.472 274.48 280.646 267.679 251.846 324.253 275.872 365.703 419.819 298.828 495.529 353.259 269.196 321.267 353.349 248.634 274.534 251.76 245.662 263.278 241.469 236.266 333.828 296.54
threshold=-100.86661529541014 0.75735294818878185 2097891.5000000005 4.925753355026246 -9.9711747169494611 1.0000000180025095e-35 -0.07226467132568358 -6.7160089015960684 -100.86132049560545 1.7005987167358401 141.50000000000003 2.8617925643920903 -15.596865177154539 -6.1365091800689688 7.0566060543060312 635.50000000000011 -2.6974036693572994 6.7861523628234872 10.500000000000002 11.918896675109865 12.102104663848879 0.89282226562500011 -9.0304989814758283 2.2769384384155278 7.0048813819885263 7.8624610900878915 218.00000000000003 6.5000000000000009 0.81815075874328624 7.3135535717010507
decision_type=2 2 2 2 2 2 2 2 2 2 2 2 2 2 2 2 2 2 2 2 2 2 2 2 2 2 2 2 2 2
left_child=1 -1 9 4 27 10 7 -6 -9 -3 21 12 -12 14 15 16 -14 -18 19 -15 -21 -5 23 -23 25 -10 -20 28 -2 -29
right_child=3 2 -4 5 6 -7 -8 8 24 -11 11 -13 13 18 -16 -17 17 -19 26 20 -22 22 -24 -25 -26 -27 -28 29 -30 -31
leaf_value=-0.045361319353662576 0.0010570798931448485 0.19671524599811974 0.036456856852102357 0.012028842334406684 -0.052236686225323556 0.035831514886096753 0.00020149210040912744 0.12616805512587312 -0.068823543848479468 -0.051476039186338619 -0.044478876381440997 0.019073399158730929 -0.057927001122534572 -0.037468315581187482 -0.056715105465854655 0.10730409722130521 0.015003405523770913 0.21612809209423198 0.021289270415668644 0.55789484336011508 -0.03975990788505606 -0.0060093387535672133 0.014744961942601022 -0.053382302017229988 -0.077144124652648846 0.055617289525734068 -0.0018484658558698295 -0.026883204102865037 -0.036032296297464787 0.041413615164685481
leaf_weight=1221.1484372800624 1040.9715032172098 8.8831560621620138 390.41923002479598 12305.228537099349 616.33945834639599 811.79938800781383 19548.047363758174 46.481569823372411 67.51273646907066 301.72388493979815 437.56794359380729 2534.5792614572856 117.26693895936478 766.51250672806054 100.47626068702084 238.75461528098094 61.315833271859447 42.521079197817016 1429.4188232477754 0.83105342520866443 4.9031844852725044 1042.8990654245717 1067.8511727824807 499.12394913108437 110.79313373484183 173.40099378500599 27952.967276554409 365.31183489278192 2482.8481979918433 395.43458127026679
leaf_count=2256491 513501 355 96996 305374 483130 22100 404287 1881 7948 188507 458803 133018 45348 178429 30936 23929 3566 1354 23446 67 995 38422 1308 28242 6323 686 1566855 24512 285475 16297
internal_value=4.83386e-05 -0.0281562 0.00192321 0.00078023 -0.00434295 0.00335653 -0.00126523 -0.0293887 0.0061861 -0.0413739 0.00281047 0.000175732 -0.0013646 -0.000743253 0.0430839 0.0652648 0.0185006 0.103509 -0.00156466 -0.0335131 0.266378 0.00875922 -0.00665016 -0.0214661 -0.011217 0.0200542 -0.000719411 -0.0190949 -0.0250898 0.00865597
internal_weight=76183.3 1922.17 701.026 74261.2 24847.1 49414 20562.6 1014.53 398.188 310.607 48602.2 33687.1 31152.5 30715 560.335 459.858 221.104 103.837 30154.6 772.247 5.73424 14915.1 2609.87 1542.02 351.707 240.914 29382.4 4284.57 3523.82 760.746
internal_count=7148581 2542349 285858 4606232 1744040 2862192 904255 499968 16838 188862 2840092 2466746 2333728 1874925 105133 74197 50268 4920 1769792 179491 1062 373346 67972 66664 14957 8634 1590301 839785 798976 40809
is_linear=0
shrinkage=0.055


Tree=97
num_leaves=31
num_cat=0
split_feature=42 13 12 45 49 14 26 41 1 28 8 56 50 40 15 14 9 47 57 54 15 3 16 14 13 15 45 16 54 15
split_gain=449.896 354.297 359.607 351.33 336.664 316.07 287.922 326.454 354.762 420.539 393.6 314.4 303.279 302.535 262.241 409.244 382.092 228.796 226.524 224.023 298.974 240.507 524.079 437.427 413.06 409.279 355.715 435.803 348.008 437.526
threshold=-1.0000000180025095e-35 2.9700856208801274 1.0000000180025095e-35 0.77031469345092785 6.172173500061036 8.2687320709228533 941.00000000000011 -1.0000000180025095e-35 0.15476191043853763 56.500000000000007 2.5249279737472539 -0.030029296874999997 -4.4401073455810538 3.0677825212478642 8.0844082832336444 6.3162615299224862 4.999742031097413 -1.0000000180025095e-35 257.50000000000006 14.500000000000002 5.2755572795867929 0.15587044507265094 2301875.5000000005 6.9416735172271737 3.5972183942794804 5.349482774734498 0.78492677211761486 2302480.5000000005 362.50000000000006 7.7086350917816171
decision_type=2 2 2 2 2 2 2 2 2 2 2 2 2 2 2 2 2 2 2 2 2 2 2 2 2 2 2 2 2 2
left_child=4 5 3 -3 -1 -2 17 11 19 -10 13 -8 -13 -11 -6 16 -16 -5 -7 -9 -21 23 -23 -22 25 -25 27 -24 -26 -30
right_child=1 2 -4 6 14 18 7 8 9 10 -12 12 -14 -15 15 -17 -18 -19 -20 20 21 22 26 24 28 -27 -28 -29 29 -31
leaf_value=-0.047513718573866076 -0.012689209754295265 -0.030235998098869281 -0.028075419287349818 0.0077524121037919995 -0.012207506903483599 -0.050197158064680454 -0.046283120297084805 0.013794212383329302 -0.027349725867236729 -0.0070186915670070781 0.0027767072987298822 0.091614355944231562 -0.07515971193049141 -0.037911904794955306 -0.045228577532978591 0.0076609620431714476 0.35532588113936769 0.033320680473070657 0.062462197634419604 -0.04139585467149464 -0.019421870773365105 0.0024981017628714266 0.44959131272897673 0.34573891473023577 0.014139285619114634 -0.032980337682940196 0.031290095443369775 0.072125858797778608 0.022417432729135846 0.14757208127394086
leaf_weight=1050.5179686625197 7972.5690987540002 993.13586434634635 1208.9050147866656 11227.448636022978 541.43066408715094 62.824349312169943 751.19841736767557 8173.7513615279458 1952.0918518788822 4529.6394742644334 19825.765867555601 101.96405872079777 43.306344028329477 1212.6037137600069 8.7632381526054832 70.378806118271314 19.386491730372654 1164.8309799582639 276.27147777486243 451.7602770375961 2928.8825308391824 7254.3324992111884 8.5194134787016065 3.8014655186852897 1055.5870912527316 523.13940468177316 1764.676573788136 37.779411607829388 194.45139022023068 147.4233493640495
leaf_count=1375920 839862 935734 131822 919121 38903 8062 876565 19444 426108 105288 282105 8227 265 40650 1157 4519 965 4432 13089 84230 382360 373652 864 529 53971 75729 54721 3531 57416 29474
internal_value=-0.000417714 0.000225237 0.00158181 0.00214113 -0.0284298 -0.0104687 0.00265103 0.000822237 0.00141277 -0.00277749 -0.00089644 -0.0319817 0.041051 -0.0135698 0.00302279 0.0832634 0.242616 0.0101682 0.0411637 0.0065274 0.00239072 0.00382627 0.00911453 -0.00605072 0.0142974 -0.0270241 0.0355385 0.178634 0.0299192 0.0777359
internal_weight=75557.1 73866.7 65555 64346.1 1690.48 8311.66 63353 50960.7 50064.2 27520.1 25568 896.469 145.27 5742.24 639.959 98.5285 28.1497 12392.3 339.096 22544.1 14370.4 13918.6 9065.31 4853.29 1924.4 526.941 1810.98 46.2988 1397.46 341.875
internal_count=7148715 5727251 4866238 4734416 1421464 861013 3798682 2875129 1990072 854151 428043 885057 8492 145938 45544 6641 2122 923553 21151 1135921 1116477 1032247 432768 599479 217119 76258 59116 4395 140861 86890
is_linear=0
shrinkage=0.055


Tree=98
num_leaves=31
num_cat=0
split_feature=50 6 57 27 28 26 49 35 48 48 8 31 13 0 0 10 13 45 50 16 16 14 7 24 15 56 28 41 3 8
split_gain=424.939 467.647 411.515 339.705 324.414 305.617 311.661 305.601 310.449 341.732 608.256 339.284 300.133 295.104 273.186 270.999 292.497 270.693 426.627 1009.18 375.917 288.404 493.298 450.22 269.381 261.24 257.495 274.114 437.872 252.534
threshold=-18.875291824340817 -12.073047161102293 61.500000000000007 958.36163330078136 10.500000000000002 1642.0000000000002 8.8405928611755389 1.2424533367156985 77.500000000000014 85.500000000000014 1.0000000180025095e-35 2.2499048709869389 3.3497501611709599 0.64583334326744091 0.81666666269302379 6.2156071662902841 3.5408543348312382 0.80410629510879528 -17.682854652404782 2302184.5000000005 2302480.5000000005 7.960149049758912 0.072288226336240782 -0.035221204161643975 7.5079643726348886 -100.90649414062499 14.500000000000002 -1.0000000180025095e-35 0.86190477013587963 6.8128948211669931
decision_type=2 2 2 2 2 2 2 2 2 2 2 2 2 2 2 2 2 2 2 2 2 2 2 2 2 2 2 2 2 2
left_child=2 3 15 -2 13 6 7 8 -6 10 -10 -11 24 -3 26 -1 -17 18 19 -9 -21 -20 23 -23 -7 -12 -14 28 -28 -15
right_child=1 4 -4 -5 5 12 -8 17 9 11 25 -13 14 29 -16 16 -18 -19 21 20 -22 22 -24 -25 -26 -27 27 -29 -30 -31
leaf_value=-0.041856878291089375 0.06408143693980832 -0.030020817600050535 -0.024845484103309879 -0.0069447569895405648 0.0024226096768798708 -0.013071185125331711 0.016347464889328849 -0.044126557386950378 0.51714603315137297 0.036386090329950854 0.18246228090260619 -0.062752759100662636 0.053540315528926061 -0.0008858484439335574 0.013169059026740055 -0.011886710667356944 0.052049194727018855 -0.00052488093605131917 -0.043376399151100746 0.78755876787520318 -0.015752355128108922 -0.035902437279687477 -0.012770130272992938 0.51717734179753072 0.0058232339158855876 -0.059619364647770283 -0.049982684318880193 3.4491207717589161e-05 0.12478533615926007 0.12555697035949723
leaf_weight=211.78279981238302 603.78518812375842 1913.7364148175693 3592.2547004010703 304.76958951677079 2611.4009420225921 8977.0340069632803 7356.4401086922735 19.612880754546499 6.9599824328906825 1307.1839577625506 22.330373924894957 108.94116574688815 261.97016541889752 1250.8533080186171 5390.3513585903274 356.70484448265051 539.38795995913097 6121.4657563814544 991.23748337352299 3.153843609354225 2.0024116152490024 6.1215378660999704 51.399985893367557 6.9650382040708774 3056.9947590873635 22.967729115713155 569.27134767966345 30099.092314538633 42.168629618769046 44.676275278179673
leaf_count=67898 14636 420215 3186037 28786 33565 499954 15127 32379 290 294524 1192 24384 43804 63599 14340 94973 62774 160325 434417 826 3643 1386 14891 406 122254 2224 715987 791949 2116 481
internal_value=0.000192518 0.00125099 -0.0158155 0.0403485 0.000742461 0.00156078 0.00754398 0.00179883 0.0138167 0.0340031 0.165992 0.0285655 -0.000743961 -0.0163264 0.00174786 0.0134441 0.0266737 -0.00501392 -0.0303267 0.175526 0.621423 -0.035961 0.0729425 0.320058 -0.00827103 0.0659934 -0.000241649 -0.000709066 -0.0370152 0.00394048
internal_weight=75853 71152.9 4700.13 908.555 70244.3 67035.1 18638.2 11281.7 4079.78 1468.38 52.2581 1416.13 48396.9 3209.27 36362.9 1107.88 896.093 7201.96 1080.49 24.7691 5.15626 1055.72 64.4866 13.0866 12034 45.2981 30972.5 30710.5 611.44 1295.53
internal_count=7149382 3737700 3411682 43422 3694278 3209983 1019579 1004452 356179 322614 3706 318908 2190404 484295 1568196 225645 157747 648273 487948 36848 4469 451100 16683 1792 622208 3416 1553856 1510052 718103 64080
is_linear=0
shrinkage=0.055


Tree=99
num_leaves=31
num_cat=0
split_feature=50 53 26 56 52 23 15 22 53 41 53 32 14 10 43 29 15 8 6 7 52 52 51 48 37 10 33 46 10 7
split_gain=456.728 402.512 391.946 348.205 430.182 297.149 293.921 286.326 252.182 245.987 393.23 431.849 291.096 252.359 249.44 245.266 421.74 370.071 268.566 445.756 266.672 455.325 441.616 262.449 251.095 301.174 249.268 248.646 302.883 307.469
threshold=-18.875291824340817 -0.048811435699462884 81.500000000000014 -100.91723632812499 0.82489049434661876 6.5000000000000009 8.0844082832336444 3.8393944501876835 -1.0000000180025095e-35 -1.0000000180025095e-35 -0.07128810882568358 1.2424533367156985 7.13688087463379 9.1044793128967303 -1.0000000180025095e-35 0.26785714924335485 5.4743669033050546 0.89587974548339855 -7.1286959648132315 6.8035099506378183 0.781631499528885 0.78053751587867748 60.500000000000007 102.50000000000001 1.0000000180025095e-35 9.2104907035827654 6.909752845764161 -7.7394518852233878 5.8622088432312021 6.0035812854766855
decision_type=2 2 2 2 2 2 2 2 2 2 2 2 2 2 2 2 2 2 2 2 2 2 2 2 2 2 2 2 2 2
left_child=1 5 -2 4 -3 -1 -6 -7 9 10 -4 12 -12 -14 -11 18 -17 24 19 23 21 26 -23 -16 -18 -26 -19 -25 29 -29
right_child=2 3 8 -5 6 7 -8 -9 -10 14 11 -13 13 -15 15 16 17 20 -20 -21 -22 22 -24 27 25 -27 -28 28 -30 -31
leaf_value=-0.034971892729887856 0.027154055934843949 0.36558061663530855 -0.05473028232108005 -0.0025566644273365699 -0.013202457903987389 -0.008689356257249807 0.20870363923620591 0.13803485419342937 0.014504844961224818 -0.048508117667059515 0.015492895495733645 -0.048178642611812462 -0.046175268480550251 0.23699379216768235 -0.012865403225848933 -0.024769944527858027 -0.041576836345225576 0.050552490384945775 0.003524342756781334 -0.027212884266403142 -0.00024524007475318105 -0.047156368124707623 0.49564979264345388 0.069114998388578944 -0.011288242919910839 0.11572422870922984 -0.037241972527927658 -0.02968278790566516 0.10495579010827956 0.44657821609027742
leaf_weight=2537.3369625861233 1723.0017995191156 11.03983819123823 637.69665605653427 1778.9026994805899 62.398429942375515 127.24216745089507 20.10800948162796 53.477058400632814 3746.0759244859219 308.96170260649524 669.79205155512318 370.10724127155845 11.294446589046855 28.52656146971276 69.116513127926737 2411.1223710699996 1076.2633479203214 392.03279723791638 30016.253718243388 171.10128351976164 28579.355071161146 5.8756742177065444 7.450254539551679 182.30415871320292 367.58752981422003 61.591192871128442 125.77012379554799 4.4004637141479206 53.901774769590702 15.166890987282384
leaf_count=3026380 26481 612 1500227 252250 8670 111032 834 12561 4737 15796 144867 138719 5329 310 1971 53891 38403 58795 1261007 32506 397211 138 1077 14027 10404 824 25517 514 3220 767
internal_value=0.000193419 -0.0166106 0.00128045 0.00301117 0.103648 -0.0301087 0.0497141 0.0372755 0.000635348 -0.000158127 -0.0206683 -0.000391335 0.0246954 0.160487 0.00039514 0.000636732 -0.00264753 -0.000901547 0.00419153 0.0441303 0.000475655 0.0389066 0.308749 0.0815458 -0.0274457 0.00806202 0.0290757 0.106816 0.19 0.35523
internal_weight=75625.3 4590.51 71034.7 1872.45 93.5463 2718.06 82.5064 180.719 69311.7 65565.7 1717.42 1079.72 709.613 39.821 63848.3 63539.3 33027 30615.9 30512.2 495.991 29110.5 531.129 13.3259 324.89 1505.44 429.179 517.803 255.773 73.4691 19.5674
internal_count=7149077 3412339 3736738 262366 10116 3149973 9504 123593 3710257 3705520 1789452 289225 150506 5639 1916068 1900272 586260 532369 1314012 53005 482738 85527 1215 20499 49631 11228 84312 18528 4501 1281
is_linear=0
shrinkage=0.055


Tree=100
num_leaves=31
num_cat=0
split_feature=53 50 57 1 26 43 19 26 52 3 56 51 50 54 26 16 48 10 53 48 22 25 50 27 48 13 48 10 16 54
split_gain=414.518 298.294 407.998 381.043 274.578 247.049 245.366 235.267 217.922 213.883 496.919 437.027 367.409 290.792 395.035 330.299 315.321 332.874 313.407 294.41 272.367 294.501 271.494 250.043 259.787 446.224 547.496 621.708 783.804 880.138
threshold=-100.89095306396483 -110.68471527099608 119.50000000000001 0.38750000298023229 90.500000000000014 1.0000000180025095e-35 6.5000000000000009 1155.0000000000002 0.87719616293907177 0.97916665673255932 -100.88500976562499 256.50000000000006 -2.7780261039733882 475.50000000000006 2650.5000000000005 2301875.5000000005 77.500000000000014 5.9952068328857431 -100.84946060180663 85.500000000000014 3.7494349479675297 -9.6540617942810041 -108.87351608276366 1437.9467773437502 145.50000000000003 3.7012257575988774 434.50000000000006 8.5174932479858416 2097893.5000000005 350.50000000000006
decision_type=2 2 2 2 2 2 2 2 2 2 2 2 2 2 2 2 2 2 2 2 2 2 2 2 2 2 2 2 2 2
left_child=-1 2 3 -2 -3 9 8 -5 -4 10 11 -6 -13 -11 16 -16 -15 -18 -17 -19 23 22 -22 24 -12 26 27 -26 -29 -30
right_child=1 4 6 7 5 -7 -8 -9 -10 13 20 12 -14 14 15 18 17 19 -20 -21 21 -23 -24 -25 25 -27 -28 28 29 -31
leaf_value=-0.044263292673346277 -0.019157702074382985 0.020126378574569757 -0.047129505555894458 0.085988419990881415 -0.0090602541617591237 0.024694520514783325 0.18134286131619309 -0.04982562219656135 0.15257920511817466 0.0014541265614180824 0.0007047685534589173 -0.048062911159678055 0.099544697779282668 -0.00014581191177889002 -0.012109503011041011 -0.065129574619310238 -0.018588271108366396 0.29328132052956657 0.05471981152287074 0.072346406307379263 0.087615155055889279 -0.0043229073111706439 -0.056508828575390427 -0.06048491411309697 0.045453684370455931 -0.0061652317324323901 0.0097221977807592577 0.057480917380088245 0.15527085558244244 0.63365048882948405
leaf_weight=623.62462150669307 457.20789627978229 2228.7103355891886 1116.0756834550411 220.34961788961664 7213.0725480577094 1253.2527129808732 9.9365915519010724 43.112526830693241 12.028565171640365 36028.192882194242 15851.477586076158 1350.3083910004061 48.453772845154162 327.9615530273004 1250.07906952966 72.032828958967002 122.64704011398135 14.447600105195304 482.41119630885078 647.84363885622588 37.812971973238746 1651.8327261944942 623.01910889425199 180.05210535982042 747.38625486654928 1490.3592104606505 1271.9322206403012 83.331416673230706 41.257086177211022 14.510364884219596
leaf_count=1106114 207395 114773 1287182 61236 517445 21412 3197 30907 465 474906 141601 1765189 8586 4383 145654 13269 41714 422 16761 107764 15736 57094 69484 78352 123787 338542 378305 9974 1325 6300
internal_value=0.0002125 0.000585784 -0.0211425 0.0111971 0.00114019 0.000541175 -0.0415811 0.06325 -0.0443362 0.000104204 -0.00333611 -0.0145316 -0.0426134 0.0028078 0.0194937 0.00356754 0.0451858 0.0640072 0.0387062 0.0793274 0.00105005 -0.0167841 -0.047666 0.0031495 0.00375241 0.0169733 0.0329274 0.0659812 0.170872 0.321638
internal_weight=75514.7 74891.1 1858.71 720.67 73032.4 70803.7 1138.04 263.462 1128.1 69550.4 30604.8 8611.83 1398.76 38945.6 2917.42 1804.52 1112.9 784.938 554.444 662.291 21993 2312.66 660.832 19680.3 19500.3 3648.78 2158.42 886.485 139.099 55.7675
internal_count=7149274 6043160 1590382 299538 4452778 4338005 1290844 92143 1287647 4316593 3511720 2291220 1773775 804873 329967 175684 154283 149900 30030 108186 1220500 142314 85220 1078186 999834 858233 519691 141386 17599 7625
is_linear=0
shrinkage=0.055


Tree=101
num_leaves=31
num_cat=0
split_feature=45 9 50 31 25 42 0 6 51 43 8 51 40 14 46 30 54 54 49 9 45 43 57 12 6 7 13 25 15 7
split_gain=420.958 356.364 327.987 301.92 281.301 264.658 323.573 315.662 283.733 263.806 248.743 354.979 311.017 445.479 292.456 248.55 239.598 316.299 262.155 256.812 234.884 218.813 224.4 217.073 286.38 225.598 205.618 218.842 204.719 202.598
threshold=0.77031469345092785 4.925753355026246 -7.1302528381347647 1.8688348531723025 -16.182003021240231 1.0000000180025095e-35 0.6904762089252473 -6.1365091800689688 926.50000000000011 -1.0000000180025095e-35 5.747798204421998 112.50000000000001 2.7403194904327397 6.4945096969604501 3.3111827373504643 0.6904762089252473 1259.5000000000002 1340.5000000000002 -0.037115111947059624 4.4013888835906991 0.86638504266738903 1.0000000180025095e-35 14.500000000000002 1.0000000180025095e-35 -0.036652201786637299 1.3841449618339541 3.5972183942794804 -14.969076156616209 8.0844082832336444 2.2982133626937871
decision_type=2 2 2 2 2 2 2 2 2 2 2 2 2 2 2 2 2 2 2 2 2 2 2 2 2 2 2 2 2 2
left_child=2 4 -1 -4 -2 6 8 26 10 -7 -6 29 -13 14 -14 -9 18 -18 28 20 -20 22 -3 -24 -25 -26 -8 -28 -11 -12
right_child=1 21 3 -5 5 9 7 15 -10 16 11 12 13 -15 -16 -17 17 -19 19 -21 -22 -23 23 24 25 -27 27 -29 -30 -31
leaf_value=-0.055235287577228571 -0.042250459736673303 0.015692373277797173 -0.02600379107640393 0.06948364533670498 -0.010560522623335955 -0.073173752734675787 -0.0079351324278126977 0.0077845444425898042 -0.039603356064359677 0.029706131194593918 0.022363024781830922 -0.023759695961293709 -0.03660079094052162 0.03154776481672484 0.29553058457325476 -0.058985624470640312 0.21655345803854303 0.03158365132141068 0.005036066393314451 0.0071294373398149745 -0.04771904008262412 0.03188587002307406 0.0021935934718088127 -0.077398437795976729 -0.093852321741932185 0.02806248733736607 0.17056383498777566 0.050618860622133312 0.13834665451623276 -0.04251290163159082
leaf_weight=725.32722916957573 585.35940780368401 3798.9073391818674 311.14766983210575 141.64390150780673 12858.057735671173 121.72763998294249 90.094938206428196 2402.7413790851715 955.32528888470551 470.80841774967848 467.88339812363847 48.470441250537988 8.2916790471354016 60.801849352370482 46.255696576990886 176.35955714061856 30.874398793064756 137.88852545671398 476.53584186482476 4897.8720631653559 542.75566542590968 793.98433010463486 44320.777561358525 236.45203492193832 52.136224813439185 228.92095221119234 66.031748200301081 150.70014019700466 54.919597031839658 205.41014276607893
leaf_count=1261288 542427 40701 32114 6838 890550 11405 4358 7601 628211 39394 2866 12109 3887 11632 1337 1048 585 8817 7033 33907 5838 24975 3497208 47320 5924 9262 3148 1953 2707 2702
internal_value=0.000116426 0.000634772 -0.0324325 0.00429959 -0.00473679 -0.00382348 -0.00738186 0.00943911 -0.0106974 0.00544256 -0.00866734 0.020302 0.0916161 0.139071 0.24621 0.00311349 0.00694417 0.0706806 0.00522116 0.00189819 -0.023151 0.00333593 0.00286663 0.00177834 -0.0334654 0.00420208 0.061708 0.0901846 0.0422516 0.00240303
internal_weight=75464.5 74286.3 1178.12 452.792 24855.2 24269.8 17536.4 2885.93 14650.5 6733.38 13695.2 837.113 163.82 115.349 54.5474 2579.1 6611.65 168.763 6442.89 5917.16 1019.29 49431.2 48637.2 44838.3 517.509 281.057 306.827 216.732 525.728 673.294
internal_count=7149145 5848905 1300240 38952 2223515 1681088 1571402 18108 1553294 109686 925083 34533 28965 16856 5224 8649 98281 9402 88879 46778 12871 3625390 3600415 3559714 62506 15186 9459 5101 42101 5568
is_linear=0
shrinkage=0.055


Tree=102
num_leaves=31
num_cat=0
split_feature=42 49 23 16 13 47 13 50 9 14 51 45 8 57 56 46 22 16 57 51 15 51 52 56 28 0 26 27 56 10
split_gain=298.27 417.084 274.871 255.612 493.499 465.221 394.856 247.594 276.324 270.907 324.73 262.439 251.258 305.705 272.807 257.834 377.375 247.218 244.736 249.545 221.32 215.597 216.729 209.717 208.03 300.197 250.693 279.773 239.672 228.164
threshold=-1.0000000180025095e-35 6.172173500061036 3.5000000000000004 2097577.5000000005 3.8393945693969731 -8.3437852859497053 3.8815107345581059 -1.0000000180025095e-35 4.9353623390197763 6.0532643795013437 8.5000000000000018 0.78653866052627575 2.5249279737472539 103.50000000000001 -0.027099609374999997 5.777264118194581 2.6735538244247441 2303710.5000000005 89.500000000000014 34.500000000000007 8.6005225181579608 112.50000000000001 0.82372909784317028 -100.93188476562499 49.500000000000007 0.73214286565780651 73.500000000000014 41.395067214965827 -0.020263671874999997 4.2696731090545663
decision_type=2 2 2 2 2 2 2 2 2 2 2 2 2 2 2 2 2 2 2 2 2 2 2 2 2 2 2 2 2 2
left_child=1 -1 3 -3 -5 6 -6 8 9 10 -2 20 13 15 -15 16 -10 -14 -12 -20 -11 -19 -23 -21 25 26 27 -13 29 -26
right_child=7 2 -4 4 5 -7 -8 -9 12 11 18 24 17 14 -16 -17 -18 21 19 23 -22 22 -24 -25 28 -27 -28 -29 -30 -31
leaf_value=-0.046409384209139599 0.0065051021178906673 -0.0039612203812330049 -0.066112516453535164 0.015590474834399482 0.52437996584257596 0.087481313423776588 -0.028144502751897275 0.014218570528097314 0.041646103344777821 -0.045225296846172609 0.00024683373177346893 0.048334275746207842 0.0048377310568744041 -0.0059778259133215208 -0.041141259344451564 -0.0011293575459428412 -0.033903850703382511 0.023239468832866057 -0.064223969810156989 0.10086962445699513 0.081202797855766715 -0.044847011999744349 0.15130068714009101 -0.02744018764169142 -0.017694300053899416 0.013664422629190749 -0.038223919323840151 -0.045510492269503419 -0.019284862939867579 0.0052188256593006877
leaf_weight=945.94358464505058 1123.8400202363264 337.31437828738126 113.20433119035442 152.57626139128115 12.413072189898232 49.040264810930239 4.4152314084058153 3966.6165778158174 1151.8072901061678 599.92109543077822 657.68240620137658 237.55789102838025 30832.793042255726 9416.706006281951 713.63733213889645 2384.4225272438489 237.85315472897491 284.4396317586361 719.02404965483584 34.973693439751514 40.482982916320907 18.656997970596422 83.996516580489697 1209.3869035251264 1440.8621717489877 748.30079067239421 1435.3732065622899 154.34517411951674 1579.8796517736046 14490.887443764528
leaf_count=1375857 2135 17270 16294 9134 757 737 1356 11265 96188 539803 30229 2298 1975751 1275135 73891 6655 34283 1498 6229 2776 12236 17070 2151 416219 53674 58159 547445 71051 5827 485927
internal_value=0.000347881 -0.0229971 0.0102075 0.0262043 0.0718311 0.191814 0.406174 0.000861892 9.96722e-05 -0.00460568 -0.0182095 -0.00214406 0.00265178 -0.0034971 -0.00847401 0.00985539 0.0286398 0.00539043 -0.0287986 -0.0385039 -0.036666 0.0487912 0.115224 -0.0234447 -0.00103461 -0.0156133 -0.0276076 0.0112672 0.00111345 0.00314167
internal_weight=75178.4 1614.91 668.964 555.759 218.445 65.8686 16.8283 73563.4 69596.8 24472.5 3744.91 20727.6 45124.3 13904.4 10130.3 3774.08 1389.66 31219.9 2621.07 1963.38 640.404 387.093 102.654 1244.36 20087.2 2575.58 1827.28 391.903 17511.6 15931.7
internal_count=7149300 1421405 45548 29254 11984 2850 2113 5727895 5716630 2234008 457588 1776420 3482622 1486152 1349026 137126 130471 1996470 455453 425224 552039 20719 19221 418995 1224381 678953 620794 73349 545428 539601
is_linear=0
shrinkage=0.055


Tree=103
num_leaves=31
num_cat=0
split_feature=42 53 43 44 26 50 16 48 56 48 45 53 2 23 54 19 57 50 50 10 16 25 50 14 25 16 13 15 9 9
split_gain=398.336 331.381 302.412 315.82 354.272 347.152 299.593 298.914 548.329 415.747 781.686 364.317 336.521 307.371 295.725 413.354 391.214 323.692 480.103 440.812 284.815 272.545 269.927 347.513 471.198 254.806 418.671 272.472 265.847 253.654
threshold=-1.0000000180025095e-35 -0.034009397029876702 -1.0000000180025095e-35 1.5000000000000002 47.500000000000007 -114.65964889526366 2169981.0000000005 93.500000000000014 -100.86743164062499 110.50000000000001 0.82759225368499767 -0.056640416383743279 0.16025641560554507 6.5000000000000009 1108.5000000000002 1.5000000000000002 61.500000000000007 -9.4077792167663556 -9.2080621719360334 8.0041980743408221 2097573.5000000005 -9.6540617942810041 -29.429270744323727 6.3162615299224862 -10.878357887268065 86468.500000000015 3.1567740440368657 6.9962239265441903 4.999742031097413 4.9289126396179208
decision_type=2 2 2 2 2 2 2 2 2 2 2 2 2 2 2 2 2 2 2 2 2 2 2 2 2 2 2 2 2 2
left_child=1 -1 -2 4 -4 -6 14 -5 9 10 11 -9 -12 -10 20 17 -17 -16 19 -19 22 -14 23 24 -7 27 28 -26 -27 -22
right_child=2 -3 3 7 5 6 -8 8 13 -11 12 -13 21 -15 15 16 -18 18 -20 -21 29 -23 -24 -25 25 26 -28 -29 -30 -31
leaf_value=-0.046050049307942473 -0.050716442534345832 0.00677871921537407 0.028107000261120629 0.0031620738436824399 -0.041196339755551106 -0.050604936762646893 0.0039436281967969201 -0.03514012001254431 -0.0082193372338383482 0.028280969712803156 -0.016068181572905359 0.37634899295650759 0.015797786734971914 0.046143295680472346 -0.052995733801147346 0.10588128722052768 -0.043803715703853587 -0.030084486211475532 0.037831232133176677 0.53284453282841038 -0.035328300370457873 0.17898696474418982 -0.0015758084893129853 0.0075425992942161225 -0.054649624891114829 0.13160264937734426 0.058480385712538843 0.14775208473249254 0.53506030531106497 -0.0076236214318989208
leaf_weight=994.52617528670817 335.23609906359343 558.84818976477254 1234.6808056446316 14724.031820881952 657.70103115218808 44.796285928488942 20879.281603717245 6.8717693837534162 2118.8318168684054 2436.2308392210689 103.74681992753176 33.247942256217357 52.017161825031508 364.33284535210987 108.62994629959576 50.147592130844714 1460.7296897360793 5.7907855031662603 257.00063212390523 6.6604194463434396 1351.2640335124452 75.476933604106307 22898.461667417723 398.33214918299927 26.67662764940178 13.055104498111177 23.625437198410509 56.654904758994235 12.149909451487474 3818.226407286973
leaf_count=1407231 46270 13405 129352 52202 784144 28689 1415415 1224 407055 221053 1501 189 925 20620 159850 7670 1381236 3288 41521 790 59682 447 705158 150206 3450 479 2837 2476 508 100352
internal_value=0.000433538 -0.0270834 0.00101647 0.00125678 -0.000951246 -0.00164292 -0.00113296 0.00716551 0.0185076 0.0356027 0.0996347 0.309785 0.0573893 -0.00016649 -0.00460463 -0.0256536 -0.0385027 0.0255258 0.0575706 0.33743 -0.00321226 0.115515 -0.000637357 0.0364078 0.0993906 0.150223 0.245704 0.0835322 0.382464 -0.0148925
internal_weight=75107.3 1553.37 73553.9 73218.7 53303.9 52069.2 51411.5 19914.8 5190.76 2707.59 271.361 40.1197 231.241 2483.16 30532.2 1888.96 1510.88 378.082 269.452 12.4512 28643.2 127.494 23473.8 575.29 176.958 132.162 48.8305 83.3315 25.205 5169.49
internal_count=7149225 1420636 5728589 5682319 4977103 4847751 4063607 705216 653014 225339 4286 1413 2873 427675 2648192 1594355 1388906 205449 45599 4078 1053837 1372 893803 188645 38439 9750 3824 5926 987 160034
is_linear=0
shrinkage=0.055


Tree=104
num_leaves=31
num_cat=0
split_feature=57 25 15 6 22 37 14 10 50 25 56 30 41 26 46 2 57 48 23 9 27 52 13 38 27 25 13 14 56 43
split_gain=307.591 352.676 403.974 302.988 295.353 302.449 484.448 324.146 311.024 308.096 431.422 270.079 266.825 431.538 427.631 252.241 246.734 235.348 233.626 431.031 477.993 468.289 386.27 258.989 378.014 360.912 354.898 229.557 226.664 318.167
threshold=6.5000000000000009 -11.234835624694822 5.7054464817047128 -8.8804230690002424 3.0677825212478642 1.0000000180025095e-35 6.2662508487701425 7.9571759700775155 -9.4077792167663556 -12.432571411132811 -100.89477539062499 0.46428571641445165 -1.0000000180025095e-35 190.50000000000003 7.6769652366638192 0.17424242943525317 131.50000000000003 44.500000000000007 1.0000000180025095e-35 4.963487148284913 1169.2308349609377 0.83225381374359142 3.4811217784881596 1.0000000180025095e-35 513.29782104492199 -16.280002593994137 3.5972183942794804 5.9255909919738778 -0.020263671874999997 -1.0000000180025095e-35
decision_type=2 2 2 2 2 2 2 2 2 2 2 2 2 2 2 2 2 2 2 2 2 2 2 2 2 2 2 2 2 2
left_child=-1 2 -2 -3 5 18 11 -8 -9 10 15 27 13 17 16 -10 -15 -5 19 -4 21 22 -21 26 -25 -26 -24 -7 29 -14
right_child=1 3 4 12 -6 6 7 8 9 -11 -12 -13 28 14 -16 -17 -18 -19 -20 20 -22 -23 23 24 25 -27 -28 -29 -30 -31
leaf_value=0.016648748480053689 -0.047430100231265322 0.06511631200576265 -0.054979150463539975 -0.028007482352623458 -0.028800352432364822 0.10500081155199439 -0.019675082351637653 -0.032549912456603464 -0.022665205128834756 0.021376915101971476 0.091708173969795193 0.22710119203990461 -0.054907793073237531 0.061041226912334025 0.013372788289777367 0.48333457438076344 -0.053649126672312121 0.089326701526353941 -0.014884959040160947 -0.045209007886267812 -0.052408255669104085 -0.030774355909596363 0.21150417545108677 0.11483219503995344 0.1255323727809162 0.54230086333380345 -0.047443384336530281 0.023602085176298349 -0.010488227174067067 0.0019830194857324594
leaf_weight=3090.9246300829109 866.15696916442539 212.33499281510012 118.43300704384455 74.74441106026643 1544.3970889623597 161.00905524444534 822.37752798909787 104.32550802415062 3.1435517693753345 123.44992608152097 84.504676828131778 24.440109399205539 293.95128829395981 55.734688918397296 483.45796706055989 10.716522835777139 1115.4982654120104 149.67828335528611 3321.2778379486699 21.217780177554232 68.384639193987823 49.148720520635834 31.6686190495966 32.507595125192893 14.081493962148672 17.437880457160645 25.714346382577787 295.33710892962699 5035.4331600940786 56343.790545383585
leaf_count=28788 587304 1370 89711 5371 486077 17662 243160 53935 441 1383 1222 2189 17019 535 23613 111 2325135 33059 873432 16902 61993 8101 2615 3423 4393 1318 14788 52258 11082 2180647
internal_value=-0.000323985 -0.00105878 -0.0121417 0.000287314 -0.00766372 -0.00151706 0.0181938 -0.00127551 0.0447164 0.0809733 0.151116 0.0642372 6.56079e-05 -0.020323 -0.0300504 0.392987 -0.0479552 0.0504896 -0.0102099 0.0304619 0.0696605 0.113414 0.16246 0.199105 0.273379 0.398786 0.100963 0.0531481 0.000688425 0.00168293
internal_weight=74595.3 71504.4 7739.73 63764.6 6873.57 5329.18 1629.3 1148.52 326.14 221.815 98.3648 480.786 63552.3 1879.11 1654.69 13.8601 1171.23 224.423 3699.87 378.594 260.161 191.776 142.628 121.41 64.027 31.5194 57.383 456.346 61673.2 56637.7
internal_count=7149037 7120249 2522418 4597831 1935114 1449037 372361 300252 57092 3157 1774 72109 4596461 2387713 2349283 552 2325670 38430 1076676 203244 113533 51540 43439 26537 9134 5711 17403 69920 2208748 2197666
is_linear=0
shrinkage=0.055


Tree=105
num_leaves=31
num_cat=0
split_feature=50 28 53 13 27 26 8 15 50 14 50 13 16 3 56 52 25 13 7 7 54 36 54 35 32 50 2 32 50 16
split_gain=322.783 375.834 311.162 326.668 269.522 261.37 267.772 266.733 264.238 507.919 378.148 357.986 343.882 282.372 272.278 337.018 248.186 247.836 232.006 223.461 304.001 274.338 290.543 357.818 337.936 240.316 238.315 283.187 234.477 230.601
threshold=-18.875291824340817 1.0000000180025095e-35 -0.07714709639549254 3.4811217784881596 958.36163330078136 330.50000000000006 4.0163424015045175 4.1971738338470468 -18.406461715698239 6.4777410030364999 -11.600292682647703 2.6735538244247441 4140.5000000000009 0.97916665673255932 -100.87377929687499 0.84127944707870495 -21.708992004394528 3.8176519870758061 2.3326743841171269 2.1366730928421025 122.50000000000001 1.0000000180025095e-35 53.500000000000007 1.7005987167358401 1.8688348531723025 -29.429270744323727 0.11437908560037614 3.9019217491149907 -26.078172683715817 1287636.0000000002
decision_type=2 2 2 2 2 2 2 2 2 2 2 2 2 2 2 2 2 2 2 2 2 2 2 2 2 2 2 2 2 2
left_child=2 4 -1 -4 -2 -3 8 -8 9 13 12 -12 14 -7 -10 17 -5 -16 -15 20 21 22 25 -24 -25 29 -21 28 -28 -18
right_child=1 5 3 16 -6 6 7 -9 10 -11 11 -13 -14 18 15 -17 19 -19 -20 26 -22 -23 23 24 -26 -27 27 -29 -30 -31
leaf_value=-0.038230534752831717 0.056132485016529725 0.012671861437964704 -0.026012624727713925 0.10756022233318201 -0.0071223705754151932 0.022831600171312 0.068617366473734467 0.0035752216507366052 -0.054535575821623938 -0.054547706630784544 -0.028190416404969696 -0.00066827746367666379 -0.024793483191276593 0.2665671738630031 0.07918137321019994 0.0083779168997017862 0.15450781304672165 0.28370218204666786 -0.037988409797865656 -0.031857565808376606 -0.038134171608433284 -0.056407006226191971 -0.046394062980336506 0.24598389473750445 -0.041230026224356814 -0.019649183002021935 0.029633644856179333 0.31091261708715229 -0.04899197313528262 0.00097106651683419537
leaf_weight=1205.2977182663599 623.7048142888234 4906.7093598110368 1330.1069253780879 70.387500404496677 299.94917750194145 35.230964340924402 187.27755444889772 23955.731572267003 66.685296555122477 57.940238478113315 1485.420555828794 35064.571228746936 3474.3193307115871 45.567913978593424 61.826906244619749 117.73582567370613 69.484556692710612 24.484182422733284 7.5451758875569785 595.09488832308853 120.53551872776006 48.662776517448947 20.071064856223529 70.538906714646146 13.259931867127305 102.37863042688696 494.96901486066054 4.7253091679594936 144.09158333555388 49.201601647044299
leaf_count=2271701 14621 112617 573050 17217 28729 30101 6328 967104 52928 44368 52934 1018383 1395066 1097 7324 1980 1091 1444 1868 258533 75750 4881 3324 4215 2596 2267 154805 1534 39647 2076
internal_value=7.94524e-06 0.000905501 -0.0145428 -0.00538498 0.0356632 0.000440979 -0.000489155 0.00409386 -0.00322533 0.0693295 -0.0034973 -0.0017905 -0.0201302 0.149144 0.0390779 0.0702447 0.0098589 0.149557 0.223756 0.00559268 0.0366683 0.0609871 0.0791567 0.153076 0.200774 0.0418074 -0.00689956 0.0162385 0.0116629 0.0934711
internal_weight=74753.5 70414.7 4338.81 3133.51 923.654 69491 64584.3 24143 40441.3 146.284 40295 36550 3745.05 88.3441 270.732 204.047 1803.4 86.3111 53.1131 1733.01 494.133 373.597 324.935 103.87 83.7988 221.065 1238.88 643.786 639.061 118.686
internal_count=7149579 3736892 3412687 1140986 43350 3693542 3580925 973432 2607493 77434 2530059 1071317 1458742 33066 63676 10748 567936 8768 2965 550719 96200 20450 15569 10135 6811 5434 454519 195986 194452 3167
is_linear=0
shrinkage=0.055


Tree=106
num_leaves=31
num_cat=0
split_feature=45 42 14 49 57 52 52 49 7 57 56 9 50 57 57 48 49 26 53 9 14 38 54 7 46 54 24 26 47 57
split_gain=340.537 322.712 264.865 259.924 309.123 251.309 324.177 243.55 238.262 234.9 231.217 401.902 290.203 279.74 258.197 305.613 276.713 364.71 398.177 407.328 339.985 368.537 372.505 381.428 782.332 399.902 325.931 354.616 354.133 311.738
threshold=0.76337647438049328 -1.0000000180025095e-35 5.3636341094970712 8.8405928611755389 24.500000000000004 0.83839944005012523 0.82773867249488842 7.1610362529754648 1.0248358249664309 6.5000000000000009 -0.020263671874999997 4.8107581138610849 -114.65964889526366 44.500000000000007 103.50000000000001 60.500000000000007 4.0306344032287607 15844.000000000002 -0.041010797023773186 4.9445254802703866 6.6352901458740243 1.0000000180025095e-35 134.50000000000003 1.0000000180025095e-35 1.825961232185364 288.50000000000006 -0.01573642389848828 330.50000000000006 -6.215181589126586 233.50000000000003
decision_type=2 2 2 2 2 2 2 2 2 2 2 2 2 2 2 2 2 2 2 2 2 2 2 2 2 2 2 2 2 2
left_child=7 2 -2 4 -4 6 -5 -1 -9 -3 12 -12 13 -11 -14 -16 20 18 19 -18 29 -22 -23 24 -24 -26 27 -25 -28 -17
right_child=1 9 3 5 -6 -7 -8 8 -10 10 11 -13 14 -15 15 16 17 -19 -20 -21 21 22 23 26 25 -27 28 -29 -30 -31
leaf_value=-0.054051735446357524 0.056809595379580947 0.015905680175352818 0.1177491212634378 -0.056817499275973668 -0.053970510397862562 -0.022639459315802048 0.13552933721953134 0.069967092387867066 -0.075150007899064369 0.053716963944577152 -0.040201707260047549 -0.0035911319885833766 0.009987127406041213 -0.045142676531696894 -0.0028618322760675758 0.046567788931959335 0.0077912512663355421 0.00035956299554494077 0.0061361450957082989 0.053143318550590173 -0.025061508947619944 0.022803857191867078 -0.044130923891382977 0.033319089784792623 0.6922622097231953 -0.020205697727267269 -0.042403086961873414 -0.053275615121347659 0.29756777782203336 0.0044381020026492066
leaf_weight=564.67740194089129 104.77400341740577 3017.3975090416207 28.287782504223287 36.162258016614942 896.11531133270182 279.41647549867048 75.20655024953885 102.71067855280126 45.460405860620085 95.209846025623847 1072.0031784320745 5756.2652808284038 9614.2557334337325 661.94157710796571 34284.175725380206 619.78147536120377 920.67878383377683 3922.9140473315056 2316.8508542055497 1720.3825109535537 2548.2690206838306 1416.1620667970856 18.462650805377056 177.3681107199227 4.1863132470170958 2.8450632190942997 15.960266058915295 676.65598552231677 14.024592280795332 3560.4222865626652
leaf_count=903248 85264 28338 1753 5686 1191075 4616 2007 952 2903 25608 67986 181756 169852 867086 190626 124267 70813 242982 19738 105368 846203 57808 11725 50788 181 2011 16031 561658 230 1310389
internal_value=1.96833e-05 0.000386073 -0.0255342 -0.0322844 -0.0481105 0.00528713 0.0733152 -0.0376792 0.0244439 0.000895914 0.000242392 -0.00936402 0.00129106 -0.0324405 0.00170669 0.000181342 0.0059978 0.0128929 0.0227995 0.0373781 -0.000768724 -0.010634 0.00519439 -0.0221996 0.16939 0.515388 -0.0286465 -0.0352019 0.136411 0.0107327
internal_weight=74569 73856.2 1419.96 1315.19 924.403 390.785 111.369 712.848 148.171 72436.2 69418.8 6828.27 62590.5 757.151 61833.4 52219.1 17935 8880.83 4957.91 2641.06 9054.14 4873.93 2325.67 909.503 25.494 7.03138 884.009 854.024 29.9849 4180.2
internal_count=7148948 6241845 1290401 1205137 1192828 12309 7693 907103 3855 4951444 4923106 249742 4673364 892694 3780670 3610818 3420192 438901 195919 176181 2981291 1546635 700432 642624 13917 2192 628707 612446 16261 1434656
is_linear=0
shrinkage=0.055


Tree=107
num_leaves=31
num_cat=0
split_feature=27 41 52 49 56 15 24 15 48 40 45 9 50 53 45 49 41 1 14 25 24 26 50 56 10 21 7 16 33 16
split_gain=273.291 255.66 476.511 421.539 573.833 414.56 476.645 1485.61 876.498 631.405 364.776 302.035 296.28 444.201 611.652 609.06 311.129 287.786 261.294 291.482 260.035 258.224 252.975 272.591 250.053 228.794 279.719 453.455 673.137 789.449
threshold=1437.9467773437502 1.0000000180025095e-35 0.80297821760177623 4.0306344032287607 -100.87622070312499 5.4743669033050546 -0.021838558837771412 5.1269311904907235 288.50000000000006 2.8617925643920903 0.80509158968925487 4.999742031097413 -16.292879104614254 -0.051757574081420891 0.80706140398979198 -0.041993834078311913 -1.0000000180025095e-35 0.61250001192092907 7.8416895866394052 -6.2305400371551505 -7.4295527935028067 2650.5000000000005 -113.32798004150389 -100.89038085937499 6.6864848136901864 1.0000000180025095e-35 1.3473489880561831 2302184.5000000005 7.6011524200439462 2302480.5000000005
decision_type=2 2 2 2 2 2 2 2 2 2 2 2 2 2 2 2 2 2 2 2 2 2 2 2 2 2 2 2 2 2
left_child=1 3 21 4 20 6 -6 -8 -9 -10 18 -11 -12 14 15 -14 -15 -4 -7 -20 -1 22 -3 -24 -16 26 27 -22 -29 -30
right_child=-2 2 17 -5 5 10 7 8 9 11 12 -13 13 16 24 -17 -18 -19 19 -21 25 -23 23 -25 -26 -27 -28 28 29 -31
leaf_value=0.10473189419683182 -0.028914802228127773 -0.051333039904428744 0.0037832212740775877 2.614086244061104e-05 0.02275743445275898 -0.045907579377037412 -0.019361336347551591 -0.036705750329357835 -0.019677818696195545 -0.0094251507326032317 -0.027092284613954687 0.9443542913103411 0.74121940917442064 0.08816359623385682 0.11690983317684814 -0.026421779355954036 -0.0012035496482762872 -0.0086294755484774711 -0.053748317507525734 0.11940847653422648 -0.019054797690406518 0.0054801705159913949 0.014097750509974383 0.079404948016297938 -0.051645231249623925 -0.054770290973739227 -0.040012304308345695 0.035418640790585612 0.80733266695942962 0.10374694292115411
leaf_weight=35.98167360512889 975.10194854777365 64.810536984252394 36143.646599523141 22088.088170822142 620.52387817837007 933.22091066876601 38.908626936972723 5.4197190142876961 2.5890360412886357 0.97928854996280001 678.55504646367626 8.4642224019771675 3.6288784751959611 125.01273700941238 89.005639045557473 4.3828074451157573 1257.8085768281016 6692.0884243707114 49.489543725809199 60.256804872857174 564.82061973135569 644.56987293082057 288.69500965467887 596.11735922345542 33.794272627317696 1129.6776639048621 1156.1386419751652 130.48858683972503 2.9659322929655927 17.006898987048771
leaf_count=19887 733803 107465 920848 486042 135974 467844 7740 833 1382 545 350580 639 537 7888 7409 1284 27319 103560 24388 670 523192 124925 31282 77856 9617 1542663 1320866 96030 1288 14432
internal_value=-6.37303e-05 0.000321141 0.00294395 -0.00369185 -0.0155012 -0.00156696 0.037414 0.183777 0.540117 0.734435 -0.00976801 0.876424 0.00298477 0.016513 0.111438 0.472497 0.00716413 0.00184324 -0.0364591 0.0423847 -0.0334176 0.0324215 0.0505839 0.0582956 0.0703181 -0.0352454 -0.0233447 0.00368649 0.0869227 0.348951
internal_weight=74442.2 73467.1 44429.9 29037.2 6949.12 3912.04 676.885 56.3609 17.4523 12.0325 3235.16 9.44351 2192.19 1513.63 130.812 8.01169 1382.82 42835.7 1042.97 109.746 3037.08 1594.19 949.623 884.812 122.8 3001.1 1871.42 715.282 150.461 19.9728
internal_count=7148788 6414985 1365936 5049049 4563007 1044649 147113 11139 3399 2566 897536 1184 404634 54054 18847 1821 35207 1024408 492902 25058 3518358 341528 216603 109138 17026 3498471 1955808 634942 111750 15720
is_linear=0
shrinkage=0.055


Tree=108
num_leaves=31
num_cat=0
split_feature=42 53 27 23 41 49 3 16 54 28 43 16 1 13 15 50 56 27 15 14 35 31 56 29 49 46 14 3 25 33
split_gain=315.512 416.577 291.874 298.565 274.42 430.293 398.586 461.022 346.726 278.069 270.155 278.298 430.883 293.922 259.952 464.674 249.704 356.458 338.402 252.447 339.859 324.792 406.218 316.443 321.35 534.786 504.11 336.077 295.219 292.95
threshold=-1.0000000180025095e-35 -0.034009397029876702 1437.9467773437502 6.5000000000000009 1.0000000180025095e-35 10.34040689468384 0.34057971835136419 2302184.5000000005 1964.5000000000002 24145.000000000004 -1.0000000180025095e-35 1178213.5000000002 0.61250001192092907 3.3842465877532963 8.2970452308654803 -11.26065683364868 -100.89233398437499 1395.3113403320315 3.7726949453353886 6.2662508487701425 1.8317808508872988 2.6020033359527592 -0.053466796874999993 0.26785714924335485 4.0306344032287607 6.3100476264953622 6.440148353576661 0.19523809850215915 -7.9266114234924308 7.6011524200439462
decision_type=2 2 2 2 2 2 2 2 2 2 2 2 2 2 2 2 2 2 2 2 2 2 2 2 2 2 2 2 2 2
left_child=1 -1 4 -4 5 6 16 -8 10 -9 -6 14 13 -13 -12 -16 17 18 -2 -18 -21 22 23 24 -22 26 28 -28 -26 -23
right_child=2 -3 3 -5 8 -7 7 9 -10 -11 11 12 -14 -15 15 -17 19 -19 -20 20 21 29 -24 -25 25 -27 27 -29 -30 -31
leaf_value=-0.049916344919662278 0.10896518819410854 0.011250484375700885 -0.049391051972536605 0.019094471576570869 -0.048510314195636187 0.0042881456772908009 -0.047449524459906453 0.015158262903346984 0.036698738046766086 -0.069491793594717674 -0.0044860880314830549 -0.0008298158997292178 -0.010196190571146997 0.013381995468491965 0.090140147660927539 0.0033042036462560503 -0.01453301045423743 0.21789434645770159 -0.027623548300659814 0.017118838265647227 -0.040517886661833806 0.0098978614202041692 0.0067014438366644171 -0.057924401677127355 0.1935789623929095 -0.042819700112410659 0.0032220395884354921 0.21283954086380097 -0.062837500056633216 0.095630869860060516
leaf_weight=860.26072169971303 51.414515864482382 548.92832961975364 679.85626399821194 264.75501053202606 306.69880061820731 11749.157745354081 1592.3168053997506 751.02905804244801 911.47708225331735 133.96915055520367 15452.735880743567 6087.1772629053739 3987.2299812235578 15891.623506465461 240.32492671895307 777.96984981669812 3656.0745873530541 13.572051409006233 2232.7727074663853 3101.6373039378814 702.46727961961005 670.56739133085648 1809.2279955183913 730.02278021113307 83.972167385698413 324.34017576355836 334.27392629702808 19.871293619566131 13.56569101201603 142.40353215581854
leaf_count=1407553 9348 13413 662871 22313 30492 41354 1288292 251449 180867 45681 377063 192900 65394 302528 10458 3657 502268 1079 752668 354640 360701 63370 106984 68189 3121 5736 15886 1369 272 7189
internal_value=-0.000404539 -0.0261342 9.58714e-05 -0.0301965 0.000496656 -0.00374107 -0.00950567 -0.0298065 0.00322574 0.0020257 0.00250774 0.00288213 0.00642899 0.00944664 -0.00270964 0.0241384 -0.00587456 -0.0224171 -0.0243178 -0.00258623 0.00292581 -0.00619534 -0.0126138 -0.0284163 -0.0137002 0.0106796 0.0491441 0.0177832 0.156591 0.025408
internal_weight=74121.7 1409.19 72712.5 944.611 71767.9 28112.7 16363.5 2477.32 43655.2 884.998 42743.8 42437.1 25966 21978.8 16471 1018.29 13886.2 2297.76 2284.19 11588.4 7932.35 4830.71 4017.74 2208.51 1478.49 776.023 451.683 354.145 97.5379 812.971
internal_count=7149105 1420966 5728139 685184 5042955 3879596 3838242 1585422 1163359 297130 982492 952000 560822 495428 391178 14115 2252820 763095 762016 1489725 987457 632817 562258 455274 387085 26384 20648 17255 3393 70559
is_linear=0
shrinkage=0.055


Tree=109
num_leaves=31
num_cat=0
split_feature=9 47 45 6 54 1 48 51 57 13 56 31 29 22 23 53 7 22 7 51 46 10 8 10 26 54 16 27 11 40
split_gain=266.359 262.001 247.973 264.336 211.887 256.782 249.032 380.815 374.833 278.823 256.854 245.609 243.864 351.74 268.131 264.873 240.653 436.648 339.013 353.352 429.344 278.37 257.686 255.546 235.74 387.179 345.613 435.958 280.366 249.482
threshold=4.9192335605621347 -5.4528582096099845 0.7898579239845277 -3.9025335311889644 27.500000000000004 0.21111111342906955 44.500000000000007 661.50000000000011 24.500000000000004 1.8688348531723025 -100.92211914062499 3.6762205362319951 0.92857143282890331 5.0688843727111825 5.5000000000000009 -100.88144683837889 2.04039478302002 5.0434043407440194 0.38326400518417364 453.50000000000006 5.3157377243042001 8.5174932479858416 5.5928492546081552 4.2696731090545663 2259.5000000000005 53.500000000000007 4143.0000000000009 13.782233238220217 1.0000000180025095e-35 3.2384861707687382
decision_type=2 2 2 2 2 2 2 2 2 2 2 2 2 2 2 2 2 2 2 2 2 2 2 2 2 2 2 2 2 2
left_child=1 2 3 -1 5 -2 11 10 -9 -10 -8 -6 13 15 -14 -12 17 18 19 -17 21 -21 24 -22 25 -18 27 -27 29 -28
right_child=4 -3 -4 -5 6 -7 7 8 9 -11 12 -13 14 -15 -16 16 22 -19 -20 20 23 -23 -24 -25 -26 26 28 -29 -30 -31
leaf_value=0.080381025003390325 0.011475377770906892 0.00090091838821238998 -0.0088117875750559176 -0.053274963425765799 -0.0083030829160222336 0.00028513887287867314 -0.036883828726341057 0.043109656659122184 0.13616553286610591 -0.02193569933654603 -0.052500675033125631 0.051469495916009411 0.045127046863907221 -0.063956849372206415 -0.068774098111023918 0.015466022508569327 -0.024024284520754439 0.41617935565417408 -0.012683185965225913 -0.049933176414998906 0.51624103090668527 0.17440370205585129 -0.026391541802956355 0.1144512999055865 0.012603544960076261 0.31360708203201543 0.053813161317241301 0.075277142621121257 -0.059532876020287992 -0.03852871171561336
leaf_weight=43.931353364212555 11786.443208028999 11434.580158815297 11632.029699478764 603.77306064829463 11894.856519432084 13089.283782976476 356.28997978330881 313.08525049255695 29.250876739140949 2701.2075791156822 200.67569460853701 206.72845451530884 866.56142591930984 198.42908067013195 62.963171135459561 842.12672517835745 254.59606506404816 2.5764606354059643 2411.2625301343505 35.779382326771156 6.9708711458661154 23.953423587823636 364.27309765471728 14.506604129128389 3237.1915942403721 26.526956072499161 1112.9708066139428 108.79492124875833 76.110695103678154 92.610706526509603
leaf_count=56864 42358 69984 1644917 856478 98170 40243 133030 46458 6642 2698981 297505 797 25363 50524 1813 88058 5535 139 382115 24085 145 3996 35290 853 369268 3433 123533 4856 19050 19194
internal_value=-0.0002853 -0.0050902 -0.0106671 -0.0436633 0.00197957 0.00558846 -0.00154964 0.00363293 -0.0134445 -0.0199962 0.00868559 -0.00726117 0.0103369 0.00755816 0.037085 0.00920409 0.0106719 -0.000887239 -0.0018321 0.0264208 0.132534 0.0465504 0.0179812 0.31772 0.0212975 0.0380462 0.0492437 0.131506 0.0400811 0.0465898
internal_weight=74030.3 23714.3 12279.7 647.704 50316 24875.7 25440.3 13338.7 3043.54 2730.46 10295.2 12101.6 9938.88 9009.36 929.525 8810.93 8610.25 3337.18 3334.6 923.337 81.2103 59.7328 5273.07 21.4775 4908.8 1671.61 1417.01 135.322 1281.69 1205.58
internal_count=7149677 2628243 2558259 913342 4521434 82601 4438833 4339866 2752081 2705623 1587785 98967 1454755 1427579 27176 1377055 1079550 499391 499252 117137 29079 28081 580159 998 544869 175601 170066 8289 161777 142727
is_linear=0
shrinkage=0.055


Tree=110
num_leaves=31
num_cat=0
split_feature=42 51 7 22 25 25 53 33 53 31 47 1 29 54 13 8 51 45 10 24 54 10 47 7 26 48 56 19 8 45
split_gain=300.804 296.865 288.544 355.6 267 224.074 239.819 227.61 222.079 230.758 342.611 314.003 345.179 261.899 214.691 218.097 204.065 261.388 236.671 232.954 376.518 431.573 498.294 417.794 367.071 341.519 326.294 283.898 278.212 287.928
threshold=-1.0000000180025095e-35 26.500000000000004 2.6614506244659428 2.6020033359527592 -12.030181407928465 -10.575509071350096 -100.86132049560545 6.8992187976837167 -1.0000000180025095e-35 2.8617925643920903 -19.287631988525387 0.30952382087707525 0.46428571641445165 153.50000000000003 2.4414010047912602 3.1984648704528813 1111.5000000000002 0.85119053721427929 6.3126413822174081 -2.8750787973403926 94.500000000000014 7.9019322395324716 -12.983972549438475 6.4602141380310067 2259.5000000000005 52.500000000000007 -0.035888671874999993 1.5000000000000002 2.0126758813858037 0.85403659939765941
decision_type=2 2 2 2 2 2 2 2 2 2 2 2 2 2 2 2 2 2 2 2 2 2 2 2 2 2 2 2 2 2
left_child=1 -1 4 16 -2 6 7 -5 9 14 11 12 -11 -13 15 -6 19 -18 -19 20 -4 24 26 25 -22 -24 -23 -26 -27 -30
right_child=2 -3 3 5 8 -7 -8 -9 -10 10 -12 13 -14 -15 -16 -17 17 18 -20 -21 21 22 23 -25 27 28 -28 -29 29 -31
leaf_value=0.0037302653980722752 0.072847679813659222 -0.047675447884792117 -0.0021524189393983665 -0.052375450105279935 -0.053363463377093995 -0.0073640029252273406 -0.036033417649539469 0.082713171469975186 0.017776319171137568 -0.032900543851048257 0.0097077499491607707 -0.051856932625091195 0.08723340788670883 0.20859110097137823 0.0014957227751931394 0.001277286382086589 -0.045322690855344329 -0.036230862144170074 0.014845115361822593 -0.0032618949359679811 0.027843812676807602 -0.041493888421977772 0.06094814522800298 0.057237741915738258 0.083588714875390796 0.052561616309200185 0.071295881459632934 -0.044591011898138348 0.32200424921586668 -0.037849977124117216
leaf_weight=603.91443677313509 160.87069204564614 770.13710924977204 3077.0183815530327 54.938216098933481 434.56281627363933 2981.03393162477 1950.3407294239441 99.150642322711064 2870.6625727564096 117.92761647541192 3000.631421875165 12.096185880509436 173.93021495988069 60.466426358063472 41874.00633444314 443.90097382626846 668.1276923561818 411.25726017069246 800.57606740629126 11303.637415364661 1226.781301735391 163.93588076093874 55.83509189839242 235.00627868635638 54.972305340677849 21.945836287442944 138.63552074521431 417.80677509757516 64.198263338417746 6.3564106203266411
leaf_count=13480 2939 1407641 67808 88662 42687 173953 511994 43333 3368 28975 72792 581 1787 2763 2395557 16793 738409 294598 396013 455045 134008 67249 650 4285 4062 2003 9283 163626 4046 343
internal_value=0.000297125 -0.0251503 0.00077859 -0.00420118 0.00318325 -0.0170852 -0.0308056 0.0344169 0.00294707 0.00202217 0.0158785 0.0658693 0.0389557 0.16463 0.000929806 -0.0259017 -0.000683611 -0.0178415 -0.00256608 0.00124502 0.0105657 0.026941 0.0636037 0.10484 0.0120014 0.17593 0.0105043 -0.0289681 0.238651 0.289225
internal_weight=74254.7 1374.05 72880.6 23731.6 49149.1 5085.46 2104.43 154.089 48988.2 46117.5 3365.05 364.42 291.858 72.5626 42752.5 878.464 18646.1 1879.96 1211.83 16766.1 5462.49 2385.47 685.913 383.342 1699.56 148.336 302.571 472.779 92.5005 70.5547
internal_count=7148733 1421121 5727612 3159370 2568242 817942 643989 131995 2565303 2561935 106898 34106 30762 3344 2455037 59480 2341428 1429020 690611 912408 457363 389555 87859 11327 301696 7042 76532 167688 6392 4389
is_linear=0
shrinkage=0.055


Tree=111
num_leaves=31
num_cat=0
split_feature=0 25 42 49 45 56 30 16 47 56 15 13 13 31 53 53 56 28 48 48 55 56 45 14 48 50 31 15 13 8
split_gain=245.919 243.737 236.135 318.315 396.72 379.025 456.932 280.079 285.558 279.381 266.562 341.907 279.636 260.981 256.764 446.075 408.087 250.451 241.16 238.26 314.062 225.185 224.526 270.974 246.077 242.796 489.129 224.522 221.668 265.102
threshold=0.84523808956146251 -15.596865177154539 1.0000000180025095e-35 8.8405928611755389 0.82759225368499767 -100.88012695312499 0.92857143282890331 2301617.5000000005 -4.3634471893310538 -100.88305664062499 4.3630783557891855 2.9174053668975835 3.1984648704528813 3.1984648704528813 -0.078783124685287462 -0.080701440572738634 -100.87377929687499 10.500000000000002 328.50000000000006 161.50000000000003 0.89965820312500011 -100.89819335937499 0.84833604097366344 6.8161878585815439 195.50000000000003 -19.956716537475582 2.7403194904327397 6.0294818878173837 2.9700856208801274 3.3497501611709599
decision_type=2 2 2 2 2 2 2 2 2 2 2 2 2 2 2 2 2 2 2 2 2 2 2 2 2 2 2 2 2 2
left_child=1 -1 3 5 -5 6 7 8 -3 13 11 21 -12 27 15 -7 18 -6 -17 28 22 -9 23 24 -21 26 -25 -10 29 -4
right_child=-2 2 19 4 17 14 -8 10 9 -11 12 -13 -14 -15 -16 16 -18 -19 -20 20 -22 -23 -24 25 -26 -27 -28 -29 -30 -31
leaf_value=-0.022927697199248507 0.0080981242874788324 -0.026172061892908102 -0.040549381405982556 0.015748220910117083 -0.056661414011221198 0.01964459835068641 0.044790811342533626 0.020531900936032715 -0.043181635157626914 -0.10225026007393177 -0.043565026914667938 -0.019460278531681457 0.00431149115197553 0.086524717559672629 -0.0025279085492883181 -0.02706014122334047 -0.039742314081264503 -0.0010260473494646503 0.41010276403526119 0.19269353097486255 -0.073418489526598185 0.23218496162121083 0.013296686415135029 0.014948466219885423 0.061183958146102703 -0.007143117955072947 0.37590767487137733 0.0055549911305128267 0.004511352380483614 0.0052484266451961496
leaf_weight=1521.4002429961984 9899.0673809760192 6776.7183425869443 766.32755904117948 4956.7052837676893 243.11548737555859 896.54938391724136 381.56212378524651 24.473786080576247 345.09095834985783 77.165701444871956 444.04080991494993 58.459913441445678 2067.6299474202824 97.944732186006149 11084.967503579392 3.9161494428699397 11.646036740858106 18140.994892219343 16.636466712327092 46.151650651561795 103.38484458246967 40.273478306567995 2286.673668380492 41.444143428627285 355.7524271151924 301.68507304981176 10.878706069910548 1556.1446284983394 10894.452255659649 756.13020373924519
leaf_count=1489378 175388 3133895 4638 36372 4733 567202 3691 5377 11361 3311 181402 19501 677970 996 512029 1052 7548 67179 2261 981 5020 2938 106041 8501 20463 19040 972 34690 42876 2688
internal_value=3.04338e-05 -0.00121197 -0.000683989 -0.00262029 0.00194728 -0.0070836 -0.014052 -0.0160251 -0.0207078 -0.00285371 -0.000281954 0.0770786 -0.00422238 0.00122839 -0.000195819 0.0275031 0.214264 -0.00177699 0.337809 0.00519048 0.0186976 0.159389 0.021943 0.0478391 0.0784678 0.012458 0.11624 -0.0033812 0.00176214 -0.0178611
internal_weight=74207.4 64308.3 62786.9 47224 23340.8 23883.2 11869.5 11487.9 8853.06 2076.35 2634.88 123.207 2511.67 1999.18 12013.7 928.748 32.1987 18384.1 20.5526 15562.9 3145.97 64.7473 3042.59 755.912 401.904 354.008 52.3228 1901.24 12416.9 1522.46
internal_count=7149494 6974106 5484728 5273508 108284 5165224 4075132 4071441 3184253 50358 887188 27816 859372 47047 1090092 578063 10861 71912 3313 211220 161018 8315 155998 49957 21444 28513 9473 46051 50202 7326
is_linear=0
shrinkage=0.055


Tree=112
num_leaves=31
num_cat=0
split_feature=42 25 7 57 9 15 27 15 52 22 15 48 50 15 25 32 36 48 52 11 15 51 33 45 37 26 52 40 15 49
split_gain=304.335 267.968 375.49 294.523 264.738 384.623 421.978 309.903 301.273 263.585 282.238 324.627 363.941 295.849 285.511 267.912 254.702 407.147 289.38 285.183 288.881 240.818 284.189 313.76 240.696 381.35 243.516 239.174 235.933 234.309
threshold=-1.0000000180025095e-35 -11.234835624694822 2.2982133626937871 203.50000000000003 4.9489963054656991 6.4731185436248788 23.757309913635257 7.2967522144317636 0.84229466319084179 3.0201274156570439 6.974010944366456 60.500000000000007 -16.292879104614254 7.0161609649658212 -13.313959598541258 2.1383330821990971 1.0000000180025095e-35 17.500000000000004 0.8171604871749879 1.0000000180025095e-35 8.2970452308654803 8.5000000000000018 6.6247234344482431 0.87128770351409923 1.0000000180025095e-35 3418.5000000000005 0.80836579203605663 2.8617925643920903 4.1971738338470468 6.172173500061036
decision_type=2 2 2 2 2 2 2 2 2 2 2 2 2 2 2 2 2 2 2 2 2 2 2 2 2 2 2 2 2 2
left_child=29 2 -2 4 8 -6 -7 21 -4 10 -5 -12 -13 -14 15 24 -3 18 -18 28 -21 -8 23 -23 25 -15 -26 -22 -19 -1
right_child=1 16 3 9 5 6 7 -9 -10 -11 11 12 13 14 -16 -17 17 19 -20 20 27 22 -24 -25 26 -27 -28 -29 -30 -31
leaf_value=-0.046992178851923694 0.08510640108312581 0.0036580893639977614 0.00080363249727271712 -0.042847286542624104 -0.024780423935864177 -0.032480780576516224 -0.019854944668971045 0.0059930986416666023 -0.045362040372056739 -0.053551150801394568 -0.040261944241016062 -0.042984691312847503 0.16824555910208522 0.12174338024831267 -0.0023779574744669028 -0.051164100540735627 -0.036632828164453221 0.10020881677977576 0.01009220979351849 -0.054808985982448023 -0.051483028986374378 0.06458744406282986 0.088670882968089434 -0.025316376418103522 0.060105033914149564 -0.033884886458218508 0.22222073123686464 0.063885525242714486 -0.011691868216700096 -5.643204485935577e-05
leaf_weight=707.51455602653732 123.29478579477291 55394.782262298642 1010.9999082982831 740.63654359856446 817.08607154188212 402.45213746931404 132.68111629644409 957.27337202918716 735.81913330490352 666.17815537349088 483.31615308993787 271.52165846659045 38.930508057397674 84.041880970922648 567.86989520993666 51.969531753391493 439.56268862288562 52.984807330780313 4089.7268892484717 922.68767035340716 88.827870219378383 284.49112739910197 472.45379458737443 193.95264833123656 63.692104054629453 98.830252778949216 53.602629995861207 124.74107162054861 3478.437497933759 586.6665292646212
leaf_count=1375860 1736 2736308 331589 522267 248976 3728 673 138015 38849 359369 9151 352873 3809 12683 62881 19602 3355 4242 6339 181651 11448 46515 47598 36534 7697 37403 4932 7962 490056 45427
internal_value=0.000587792 0.00105832 -0.00827215 -0.00974011 -0.00146926 0.007786 0.0187052 0.0288537 -0.0187169 -0.0229877 -0.0146001 -0.00230353 0.0127089 0.0286196 0.0218338 0.0603653 0.00225076 -0.00622319 0.0055222 -0.0176141 -0.0415223 0.0489292 0.0585805 0.0282571 0.0801969 0.0389732 0.140247 0.0158212 -0.00987362 -0.0257978
internal_weight=74137 72842.8 8251.09 8127.8 5007.21 3260.39 2443.3 2040.85 1746.82 3120.59 2454.41 1713.77 1230.46 958.937 920.006 352.136 64591.8 9196.97 4529.29 4667.68 1136.26 1083.58 950.898 478.444 300.167 182.872 117.295 213.569 3531.42 1294.18
internal_count=7149528 5728241 2286880 2285144 892477 522039 273063 269335 370438 1392667 1033298 511031 501880 149007 145198 82317 3441361 705053 9694 695359 201061 131320 130647 83049 62715 50086 12629 19410 494298 1421287
is_linear=0
shrinkage=0.055


Tree=113
num_leaves=31
num_cat=0
split_feature=41 53 25 54 10 10 13 12 10 45 43 51 45 38 16 45 14 47 9 10 27 16 47 56 14 32 16 45 15 51
split_gain=278.111 404.637 269.033 284.79 381.834 290.714 228.38 259.268 223.169 277.206 219.747 229.344 450.005 514.027 484.328 588.273 776.021 450.901 366.539 358.595 338.567 330.593 287.971 293.839 279.309 272.305 257.484 439.35 407.117 294.367
threshold=-1.0000000180025095e-35 -0.068359136581420885 -6.9484491348266593 447.50000000000006 6.2156071662902841 5.8493206501007089 3.4175922870635991 1.0000000180025095e-35 5.708768606185914 0.84691032767295849 1.0000000180025095e-35 121.50000000000001 0.80039635300636303 1.0000000180025095e-35 2301617.5000000005 0.80706140398979198 6.5124878883361825 -7.1839671134948722 4.9908339977264413 8.1303524971008319 958.36163330078136 2097894.5000000005 -107.04434585571288 -100.89282226562499 6.2998676300048837 3.9019217491149907 44731.500000000007 0.80317604541778576 8.5570869445800799 155.50000000000003
decision_type=2 2 2 2 2 2 2 2 2 2 2 2 2 2 2 2 2 2 2 2 2 2 2 2 2 2 2 2 2 2
left_child=1 -1 8 -4 5 -5 -2 10 9 -3 11 -8 17 25 20 16 -16 -13 -19 -18 21 26 -17 -24 -20 -14 27 -15 -29 -28
right_child=6 2 3 4 -6 -7 7 -9 -10 -11 -12 12 13 14 15 22 19 18 24 -21 -22 -23 23 -25 -26 -27 29 28 -30 -31
leaf_value=-0.054786220336797559 -0.004104405677878553 -0.057039131636062355 0.019577193925433473 0.10070052421672021 -0.042973584170911662 0.49401154228128724 0.00090172320624609594 -0.027169643309301432 -0.037465291555519704 0.05713373431565328 0.030275128097749252 -0.043079737679611159 0.00128248490158774 0.23469902395963438 -0.036461188899274292 -0.01270844037144739 -0.018516472914287201 -0.053099125554306431 -0.048997740800648948 0.68806246109083513 -0.04397860391899678 -0.019001268304289845 -0.052663297874181038 0.11639137564456532 0.15959483173212635 0.11028818156413209 -0.021026518631041848 -0.029893767976017449 0.13707182840743654 0.058348212962799663
leaf_weight=676.66332139102451 22630.630909312225 89.466284557478502 310.23156720424595 16.806461766289434 15.049537255035828 7.4721223555097813 39354.10027144698 865.53893808127032 589.28442424528475 198.31979294597113 879.70923171780305 747.02448717196239 3907.4292783446872 18.295244813489262 9.1187701200688043 93.115902006742544 2.2786279198917319 56.646351764109568 22.327641401643632 8.6507868156768364 196.86460802973306 344.31507983033953 32.281212572313962 263.28169595717918 83.533778771423385 65.57882165510091 155.37389250230626 375.28582744412415 45.008258700516308 1342.6073868803942
leaf_count=2423659 1700955 74531 27720 4973 11679 955 258818 74123 253072 13594 21489 870367 830734 2277 3668 35904 1072 13901 4702 586 182843 63713 6187 7972 8925 5417 6642 60093 2527 176871
internal_value=-9.01894e-05 -0.0208121 -0.00192416 0.0385465 0.169096 0.285441 0.000462842 0.00257811 -0.018181 0.021272 0.00311726 0.00260711 0.0112397 0.016062 0.0337044 0.0888471 0.349049 -0.0250181 0.0568163 0.581178 0.0244475 0.0304367 0.0711631 0.0973584 0.115374 0.0032181 0.0392529 0.00215045 -0.0106125 0.0500727
internal_weight=73402.3 1903.29 1226.63 349.56 39.3281 24.2786 71499 48868.4 877.071 287.786 48002.8 47123.1 7769.02 6859.49 2886.48 408.727 20.0482 909.532 162.508 10.9294 2477.75 2280.89 388.679 295.563 105.861 3973.01 1936.57 438.589 420.294 1497.98
internal_count=7149969 2810183 386524 45327 17607 5928 4339786 2638831 341197 88125 2564708 2543219 2284401 1386506 550355 55389 5326 897895 27528 1658 494966 312123 50063 14159 13627 836151 248410 64897 62620 183513
is_linear=0
shrinkage=0.055


Tree=114
num_leaves=31
num_cat=0
split_feature=12 13 25 50 15 15 38 49 13 35 47 13 8 52 31 56 51 29 52 25 51 46 13 9 19 44 45 53 52 16
split_gain=261.56 332.688 251.589 271.023 414.388 573.989 302.958 299.275 280.437 267.548 345.746 278.606 267.375 266.395 219.924 217.149 330.66 518.058 586.569 214.624 252.323 236.526 213.905 305.438 261.039 303.473 229.061 228.586 321.758 475.924
threshold=1.0000000180025095e-35 3.113268375396729 -7.1833729743957511 -17.062172889709469 6.7667672634124765 6.7159891128540048 1.0000000180025095e-35 8.8405928611755389 3.113268375396729 2.1383330821990971 -11.036941051483153 2.7403194904327397 5.0336952209472665 0.82372909784317028 3.0201274156570439 -100.88842773437499 69.500000000000014 0.46428571641445165 0.80018499493598949 -6.9484491348266593 221.50000000000003 -0.36646053194999689 3.4811217784881596 4.5791289806365976 4.5000000000000009 1.0000000180025095e-35 0.84547495841979992 -100.83878326416014 0.80982920527458202 2302857.5000000005
decision_type=2 2 2 2 2 2 2 2 2 2 2 2 2 2 2 2 2 2 2 2 2 2 2 2 2 2 2 2 2 2
left_child=2 -2 22 4 5 8 -7 9 -4 11 -11 -5 15 14 -12 -13 -17 19 -19 -18 21 -21 23 24 -1 26 -26 -25 29 -29
right_child=1 -3 3 7 -6 6 -8 -9 -10 10 13 12 -14 -15 -16 16 17 18 -20 20 -22 -23 -24 27 25 -27 -28 28 -30 -31
leaf_value=-0.030938204530706021 0.026096755505657168 -0.039205244112738659 -0.056492357583625447 -0.037129292569709371 -0.036355225340727465 -0.024559914842201123 0.56143183169957089 0.016205493565555711 0.088746759988549737 -0.059378575909608461 -0.038491870581355801 0.0014065014575900872 -0.040015902398072553 0.0053185484073538366 0.052130482449585187 0.01130663282109182 -0.013397687870454941 0.4644079805955959 0.078723382776558423 0.11369304673367039 0.08707114806733432 -0.02522431646453227 0.0012500919908407834 -0.038300584585798991 0.2896291707671948 0.0038943315444777871 -0.05101773865461956 0.028496841372808196 -0.0048763626301460182 -0.06823403584151834
leaf_weight=1905.5791965679819 302.5401929346699 1022.3230864324432 44.216409168569953 378.06856588812661 117.08361288785818 2.9796757612348284 6.1244121186900884 5048.6238162121736 249.47019191330764 414.88731548350188 856.46306130757148 1772.1786702147801 275.38829124033509 2005.7995592171646 85.083839245999116 1365.1550889761129 155.12494481333124 14.41306823286868 37.968654859025264 43.923844801669475 349.18501707407995 148.41548873530701 38230.62213892398 548.53001153108198 17.755976110260239 95.767349717294564 6.2926557656319337 1647.2558466000482 16200.314237978891 164.90900668819086
leaf_count=436484 34064 153518 33710 32214 114574 2264 1203 7613 74902 152276 127878 211711 26161 14314 4188 7245 27160 265 250 627 32128 11011 3496896 900561 1858 15127 573 467362 693396 67652
internal_value=-8.08725e-05 -0.0242511 0.000364374 0.007173 0.0504015 0.0839943 0.428927 0.00575258 0.0663004 -0.000931811 -0.0126813 0.00777437 0.0118932 -0.00601849 -0.0300706 0.0156182 0.0274995 0.0567413 0.216066 0.0433072 0.0595249 0.0085766 -0.00118387 -0.00570315 -0.0259569 0.0513323 0.207055 -0.00348664 -0.00241613 0.0195307
internal_weight=73512.4 1324.86 72187.6 13370.6 419.874 302.791 9.10409 12950.7 293.687 7902.06 3362.23 4539.82 4161.75 2947.35 941.547 3886.36 2114.19 749.031 52.3817 696.649 541.524 192.339 58817 20586.4 2025.4 119.816 24.0486 18561 18012.5 1812.16
internal_count=7149185 187582 6961603 881694 226653 112079 3467 655041 108612 647428 298656 348772 316558 146380 132066 290397 78686 71441 515 70926 43766 11638 6079909 2583013 454042 17558 2431 2128971 1228410 535014
is_linear=0
shrinkage=0.055


Tree=115
num_leaves=31
num_cat=0
split_feature=8 26 41 52 19 57 51 44 35 48 50 10 7 7 13 48 53 54 46 7 14 40 45 54 13 27 48 14 29 46
split_gain=212.743 255.41 265.622 350.506 313.227 263.12 317.662 347.617 352.765 291.861 406.283 375.105 441.679 678.345 535.24 420.125 357.34 324.763 352.411 263.763 261.635 285.074 301.743 260.849 241.904 221.923 274.145 384.378 367.452 353.946
threshold=3.9981586933135991 352.50000000000006 1.0000000180025095e-35 0.83927860856056224 3.5000000000000004 144.50000000000003 376.50000000000006 2.5000000000000004 1.0000000180025095e-35 161.50000000000003 -9.983909606933592 7.8268392086029062 2.4397828578948979 2.2982133626937871 3.5114340782165532 204.50000000000003 -0.056640416383743279 27.500000000000004 3.6987637281417851 1.2286615371704104 5.2755572795867929 3.1984648704528813 0.84547495841979992 7.5000000000000009 2.6735538244247441 1169.2308349609377 60.500000000000007 6.3341670036315927 0.92857143282890331 6.3100476264953622
decision_type=2 2 2 2 2 2 2 2 2 2 2 2 2 2 2 2 2 2 2 2 2 2 2 2 2 2 2 2 2 2
left_child=1 -1 5 4 25 -3 7 9 19 -7 17 -12 13 14 15 -13 -15 18 -11 -9 -6 23 -23 -22 -5 26 29 -28 -29 -4
right_child=-2 2 3 24 20 6 -8 8 -10 10 11 12 -14 16 -16 -17 -18 -19 -20 -21 21 22 -24 -25 -26 -27 27 28 -30 -31
leaf_value=0.0098277383346518591 0.0037789890957975135 0.00055644865326535129 -0.027541951072899883 -0.030672895736790575 0.095952247734814325 -0.01576144777531881 -0.036766604249651912 0.25216246639916623 -0.01441818473713565 -0.0043705657183950109 0.0067094642923977215 0.28026841882348874 -0.026759858506500526 0.43454151807602825 -0.063348459473278079 0.059212096652210292 0.12455895171359628 -0.054901572792320226 0.26144715735176255 -0.045616817516976584 0.078784509498031355 -0.035040690279112489 0.091027743464887539 -0.051895638306942576 -0.0024955614859715485 -0.040616320398470587 0.059075633693821468 0.0063864230711152773 0.093929721891349238 0.018640611027396954
leaf_weight=4668.9617234866528 26930.315200114608 5365.0108282361034 697.81226480548503 964.27513883488427 52.665012101919274 7385.8272456439008 1621.6278780397552 36.911054886251804 47.624695198945119 51.258011291269213 619.20491401634354 34.32362945319619 84.961969184223562 22.270331729203463 62.189842543215491 88.284536561026471 29.079993457184173 344.73053156023525 16.286277019535191 9.7092320137890038 45.433296777773649 110.02775720595673 110.72208652916015 632.06789760275569 18793.61646201741 194.06033309863415 941.12326051926357 1482.2803934515978 155.88884669076651 1752.8202999980422
leaf_count=571921 1849511 144740 10020 22765 4644 307706 2626660 4096 37563 1198 102252 1666 13294 1037 12924 7350 220 375204 92 10295 67 13586 19537 125686 236718 218051 114146 291158 16954 6459
internal_value=-0.000109465 -0.00236544 -0.00372997 -0.000303283 0.0111292 -0.00934551 -0.0144249 -0.0103046 0.0920818 -0.0114609 0.0119939 0.0319091 0.0796542 0.117701 0.0647445 0.129653 0.285625 -0.0332668 0.0733257 0.191735 -0.0178377 -0.0250035 0.0288074 -0.0426192 -0.00387816 0.016414 0.0186524 0.0311511 0.0149775 0.00546092
internal_weight=73351.4 46421.1 41752.1 25932.8 6174.9 15819.3 10454.3 8832.66 94.245 8738.42 1352.59 940.315 321.11 236.148 184.798 122.608 51.3503 412.275 67.5443 46.6203 950.916 898.251 220.75 677.501 19757.9 5223.99 5029.93 2579.29 1638.17 2450.63
internal_count=7147520 5298009 4726088 1079791 820308 3646297 3501557 874897 51954 822943 515237 138743 36491 23197 21940 9016 1257 376494 1290 14391 163520 158876 33123 125753 259483 656788 438737 422258 308112 16479
is_linear=0
shrinkage=0.055


Tree=116
num_leaves=31
num_cat=0
split_feature=16 16 47 14 2 53 22 7 57 8 9 57 40 6 15 13 15 26 47 10 26 15 13 26 1 25 16 10 22 50
split_gain=240.786 276.897 257.031 240.193 295.792 237.055 223.594 207.382 272.179 319.66 247.619 258.621 258.071 238.841 260.971 223.76 216.422 219.699 214.357 254.597 260.234 206.323 200.052 198.837 203.134 198.134 195.13 188.702 296.807 220.709
threshold=2169981.0000000005 2097894.5000000005 -118.10358810424803 6.440148353576661 0.13809524476528171 -100.86783599853514 6.0330603122711191 2.7043696641922002 6.5000000000000009 2.1383330821990971 4.9375972747802743 239.50000000000003 2.6020033359527592 -3.9025335311889644 7.6873095035552987 3.860674381256104 6.9522504806518564 3418.5000000000005 -108.78637695312499 4.6200466156005868 15844.000000000002 7.9224424362182626 3.7726949453353886 47.500000000000007 0.64583334326744091 -7.0441138744354239 44731.500000000007 7.9019322395324716 0.89587974548339855 -8.335136413574217
decision_type=2 2 2 2 2 2 2 2 2 2 2 2 2 2 2 2 2 2 2 2 2 2 2 2 2 2 2 2 2 2
left_child=1 5 -2 -3 -5 6 -1 -7 -9 16 -11 12 18 15 -15 26 25 27 19 20 -12 -20 -19 -4 -25 -10 -13 28 29 -18
right_child=2 3 23 4 -6 7 -8 8 9 10 11 13 -14 14 -16 -17 17 22 21 -21 -22 -23 -24 24 -26 -27 -28 -29 -30 -31
leaf_value=-0.037633386461580549 -0.048184204253211321 -0.05917953581885383 0.038795000083511486 -0.068898000592183928 0.0013674003086242435 0.0014922701181792355 0.094173968208276213 0.021081183883541355 -0.043613823877924313 -0.015125988766165837 -0.035868747990631111 -0.058883311730016027 0.0041445062361591695 -0.027946857461800381 0.0064276230856883144 -0.054545539042393801 -0.038892541575433759 -0.056965994576252295 0.032247259548911208 0.057389154811059419 0.30810111500157683 -0.10090701145193663 0.0048192199514461073 0.0063683171407176572 -0.010368407492423536 0.023806722462083714 0.038584572241807398 0.052555006153324306 -0.077311558740437575 0.049824654137616359
leaf_weight=760.60371017068246 270.28233813189581 434.86245080334629 518.40150156154414 217.19828487147606 981.91985074880358 33282.841776287001 36.324486857687589 1018.075167935167 1489.1359987577598 3863.9172616194119 7.5156318467052214 64.230165068860515 2499.9687001583661 1817.1586978472915 1052.3734297822666 106.13309361373831 126.57485216083296 375.52392626996152 684.55879718653159 128.99366907049261 22.38896508225298 32.298982179941959 270.47938866155164 19542.762086224648 2466.3941415407462 141.49619409489969 647.17511258953891 235.8667765786231 127.61448992136866 235.4891018053313
leaf_count=1536265 205194 85158 32949 83018 45219 1301362 22493 18039 446356 470969 5094 37197 190784 155114 50195 46272 51148 57510 7815 26209 349 902 25145 1949416 60518 5552 169428 26591 34855 1747
internal_value=-4.91439e-05 -0.00216149 0.00464429 -0.0243995 -0.0115931 -0.00141792 -0.0310758 -0.000924693 -0.00630531 -0.00831386 -0.00394164 0.00218347 0.0131729 -0.0078822 -0.0153511 0.0182673 -0.024194 -0.00804781 0.0387759 0.0956656 0.2289 0.0255904 -0.0312584 0.00528867 0.00449083 -0.0377086 0.029435 0.0126907 -0.00684814 0.0187025
internal_weight=73458.6 50660.7 22797.8 1633.98 1199.12 49026.7 796.928 48229.8 14947 13928.9 10926.7 7062.8 3375.72 3687.07 2869.53 817.538 3002.18 1371.55 875.756 158.898 29.9046 716.858 646.003 22527.6 22009.2 1630.63 711.405 725.545 489.678 362.064
internal_count=7148863 4900786 2248077 213395 128237 4687391 1558758 3128633 1827271 1809232 1160328 689359 231153 458206 205309 252897 648904 196996 40369 31652 5443 8717 82655 2042883 2009934 451908 206625 114341 87750 52895
is_linear=0
shrinkage=0.055


Tree=117
num_leaves=31
num_cat=0
split_feature=0 25 30 45 13 42 9 56 51 15 46 9 2 33 8 13 9 51 45 50 46 16 53 46 26 3 8 15 25 57
split_gain=221.115 218.29 198.886 367.685 241.749 265.381 298.361 294.318 335.644 643.838 398.072 437.628 382.691 381.335 355.632 450.65 333.651 312.706 305.626 288.521 286.427 276.138 274.5 333.001 264.268 267.456 260.79 417.619 258.922 598.66
threshold=0.81666666269302379 -15.596865177154539 0.92857143282890331 0.8354698419570924 2.9700856208801274 1.0000000180025095e-35 4.7781505584716806 -100.88012695312499 230.50000000000003 6.4109966754913339 5.3157377243042001 4.999742031097413 0.13809524476528171 6.908255100250245 4.182021141052247 3.5408543348312382 4.7867157459259042 613.50000000000011 0.77910733222961437 -11.935257434844969 3.3111827373504643 4140.5000000000009 -100.8599281311035 -0.12231738865375517 15844.000000000002 0.48913043737411505 2.5249279737472539 5.349482774734498 -14.969076156616209 172.50000000000003
decision_type=2 2 2 2 2 2 2 2 2 2 2 2 2 2 2 2 2 2 2 2 2 2 2 2 2 2 2 2 2 2
left_child=1 -1 4 -4 -3 6 -6 16 28 13 21 -12 -13 17 22 -16 19 26 -18 -8 -7 -11 -15 -24 25 -23 27 -10 29 -9
right_child=-2 2 3 -5 5 20 7 8 9 10 11 12 -14 14 15 -17 18 -19 -20 -21 -22 24 23 -25 -26 -27 -28 -29 -30 -31
leaf_value=-0.021977406756611244 0.0078675982387612503 -0.010805145280041889 0.051896062686552051 0.0037567004668193978 -0.013201159924191068 0.022640145786302128 0.22381488366445459 -0.054272863007113821 -0.060728069436319476 0.067795507026905899 -0.053508255347265991 0.22186600662121339 -0.048472996693860494 0.27696739691909544 0.31971366080802116 -0.044619796346375099 -0.054106647406807283 0.00010875934599556158 -0.005501899458085718 0.01498011087940951 0.002625758474450192 -0.028081411259755364 0.096067227705794317 -0.060274376029945308 -0.05770669320200713 0.026145771100606049 0.028530707717358342 0.18198358922945904 0.00099015748635157964 0.23301868431550912
leaf_weight=1456.4310942439042 9900.096375073379 6954.4965420923909 593.37671501361183 2429.9176798859262 6162.9351871677791 2787.0539747588191 29.983008907162002 39.205681555962656 24.19712305048597 135.95142246450996 38.38974359704298 65.401459917804459 18.401401187104057 15.060320084914563 38.95089905304485 11.938828751983236 398.46062704163342 351.0556762007036 13139.282325247666 48.592569328655372 9607.7494893593248 530.59965644028853 174.62571079126792 49.737429335684283 305.88769712593057 560.76192267017905 156.70364951218653 101.8641927287099 17349.057960950464 40.749618004876538
leaf_count=1489271 175535 705016 2971 15610 1058803 112664 7789 2637 4804 17174 4045 3846 1323 5588 2857 3127 934010 84375 1831956 3209 55110 215513 17362 13216 126079 81498 14590 7696 147829 3418
internal_value=0.000223577 -0.000966516 -0.000472498 0.013275 -0.00117638 0.000107779 -0.0020815 -4.17682e-05 0.00420272 0.0226992 0.00212667 0.0956317 0.163118 0.0593408 0.111098 0.237895 -0.00627809 0.0349499 -0.00695195 0.10329 0.00713344 -0.0056121 0.0798325 0.0608506 -0.0129709 -0.000226305 0.077452 0.134856 0.00145948 0.0972435
internal_weight=73516.9 63616.8 62160.4 3023.29 59137.1 52182.6 39787.8 33624.9 20008.5 2579.53 1655.39 122.193 83.8029 924.134 290.313 50.8897 13616.3 633.821 13537.7 78.5756 12394.8 1533.2 239.423 224.363 1397.25 1091.36 282.765 126.061 17429 79.9553
internal_count=7148921 6973386 5484115 18581 5465534 4760518 4592744 3533941 756977 603093 449478 9214 5169 153615 42150 5984 2776964 111465 2765966 10998 167774 440264 36166 30578 423090 297011 27090 12500 153884 6055
is_linear=0
shrinkage=0.055


Tree=118
num_leaves=31
num_cat=0
split_feature=25 36 7 23 49 53 57 13 6 54 54 32 48 49 28 48 54 53 8 16 56 49 48 15 24 32 15 8 32 10
split_gain=228.922 375.357 339.657 287.796 481.812 346.601 302.177 272.543 232.379 381.41 250.322 322.619 294.774 244.025 329.136 282.858 270.643 238.138 236.5 258.022 396.798 344.948 265.582 224.337 478.278 557.229 380.955 223.231 219.729 219.376
threshold=-10.878357887268065 1.0000000180025095e-35 3.0138765573501591 6.5000000000000009 1.2122762203216555 -0.049800932407379143 61.500000000000007 3.5694335699081425 -3.9025335311889644 237.50000000000003 300.50000000000006 2.6020033359527592 695.50000000000011 8.8405928611755389 3332.0000000000005 44.500000000000007 115.50000000000001 -0.060546636581420891 2.4414010047912602 86470.500000000015 -100.86352539062499 3.1735962629318242 44.500000000000007 7.5665695667266855 -0.069958820939064012 2.9700856208801274 7.1224632263183603 4.7140145301818857 2.4414010047912602 5.9927129745483407
decision_type=2 2 2 2 2 2 2 2 2 2 2 2 2 2 2 2 2 2 2 2 2 2 2 2 2 2 2 2 2 2
left_child=1 2 -1 6 -5 -6 7 -4 9 -2 12 -12 13 -10 15 -15 -17 -14 -13 20 -20 -21 -23 24 -24 26 -26 -9 -7 -19
right_child=8 -3 3 4 5 28 -8 27 10 -11 11 18 17 14 -16 16 -18 29 19 21 -22 22 23 -25 25 -27 -28 -29 -30 -31
leaf_value=0.028997902114733076 0.003918268442144786 0.012468383045638472 -0.031264238532136869 0.067428985085685469 0.032055148952619558 -0.049079060015101275 -0.036348731546212529 0.020534687825719589 -0.004322406148090166 0.06147107318911333 -0.013977540802653343 -0.037466468736091933 -0.057665388728145188 0.011949656161371509 0.00079157184002198754 0.030716730747869361 0.14098879238820361 -0.0075519920807670497 -0.054968895245324972 -0.053570199565866033 0.096502697285923186 0.020474878912746488 0.017919487546393852 0.066868855151766757 -0.025385180206606722 0.10625948715028434 0.55325634770025078 -0.051265782050225389 0.017049977811065285 0.027184594749594431
leaf_weight=491.18064898979355 1153.4725325195977 1974.1979142059281 844.50169883373019 278.93907986060367 360.17293287716166 600.92375546952826 2810.0932413652772 921.97987959746388 19054.127788112732 494.48799096166476 6129.0677912107349 174.37135060060245 119.19149947841652 6168.0929436791921 26834.652478404489 225.72683130891528 93.482998557476094 691.7754487371858 185.27501715475955 75.379714945316664 67.229174050880829 197.38842480968742 38.090612371532188 191.2567827011153 3.5749691982346148 34.213642957722186 17.028864695923403 147.68328821520845 200.04110039645457 2642.9592231365241
leaf_count=19238 11540 387886 140553 74065 34624 9143 1834711 74111 336020 37259 3422107 113983 104742 9205 74249 691 358 53897 88973 105619 4660 1688 7823 12100 1364 2652 1072 13053 1658 171218
internal_value=-0.00015942 -0.00857023 -0.0148155 -0.0183273 0.00318957 -0.0124656 -0.0248826 -0.0079989 0.000964891 0.0213213 0.000430271 -0.00928341 0.00166854 0.000641505 0.00348019 0.0145924 0.064687 0.0172192 0.0198835 0.0323922 -0.0135489 0.0531563 0.0702416 0.103859 0.172702 0.269767 0.467505 0.0104291 -0.03256 0.0199781
internal_weight=73220.6 8629.71 6655.52 6164.33 1440.08 1161.14 4724.26 1914.16 64590.8 1647.96 62942.9 7112.88 55830 52376.1 33322 6487.3 319.21 3453.93 983.809 809.437 252.504 556.933 481.553 284.165 92.9081 54.8175 20.6038 1069.66 800.965 3334.73
internal_count=7150262 2589042 2201156 2181918 119490 45425 2062428 227717 4561220 48799 4512421 3762041 750380 420523 84503 10254 1049 329857 339934 225951 93633 132318 26699 25011 12911 5088 2436 87164 10801 225115
is_linear=0
shrinkage=0.055


Tree=119
num_leaves=31
num_cat=0
split_feature=18 57 25 52 15 56 9 2 7 13 12 51 19 28 10 19 10 40 46 56 10 25 15 53 47 10 11 56 1 9
split_gain=202.067 199.29 215.848 225.982 303.461 404.626 236.45 242.271 204.284 187.36 234.099 195.774 196.904 186.589 185.869 184.692 184.279 179.852 179.048 259.697 321.617 223.011 279.482 400.326 215.225 230.306 253.496 241.793 213.717 204.842
threshold=1.0000000180025095e-35 6.5000000000000009 -14.444069862365721 0.83286267518997203 6.7411100864410409 -0.028076171874999997 4.9489963054656991 0.240384615957737 5.2578790187835702 2.9174053668975835 1.0000000180025095e-35 17.500000000000004 5.5000000000000009 9.5000000000000018 8.9247875213623065 3.5000000000000004 12.102104663848879 3.3497501611709599 -7.4195158481597892 -100.91040039062499 10.243554115295412 -6.8895328044891349 6.3162615299224862 -0.042475819587707513 -115.96810150146483 8.5156917572021502 1.0000000180025095e-35 -100.90063476562499 0.77500000596046459 4.6544785499572763
decision_type=2 2 2 2 2 2 2 2 2 2 2 2 2 2 2 2 2 2 2 2 2 2 2 2 2 2 2 2 2 2
left_child=-1 -2 3 4 8 -6 -7 15 -3 13 16 -12 -13 -4 -14 -8 17 18 19 20 -11 22 23 -20 25 -21 27 -27 -25 -23
right_child=1 2 9 -5 5 6 7 -9 -10 10 11 12 14 -15 -16 -17 -18 -19 21 24 -22 29 -24 28 -26 26 -28 -29 -30 -31
leaf_value=-0.076539549944192223 0.014607010199003415 0.065662367650628634 -0.054058817521868405 -0.045922576188075007 -0.019331794839260771 -0.014375970630060035 -0.052230761804328979 0.0983475445719557 -0.049098207334135786 -0.054283355813603024 -0.0013645515844437814 -0.053811870051867765 -0.041480932290748736 -0.0063830447471886842 0.28696595836831224 0.10016762340438443 -0.05275035179703369 0.02059602769621378 -0.035254642379163689 -0.024905772121538682 0.12757168144938888 -0.014530731457890805 0.0013474313264591746 -0.0010165643258518253 0.022330216443503016 0.10965728468630356 0.13845469578310837 -0.059602451006259882 -0.040282941578481113 0.012902950366102518
leaf_weight=97.527186564839212 2996.6084136486461 47.273881665139925 254.12938214710448 583.35915386208217 608.59339039712358 134.13983207107231 68.451020413151127 257.29828569744132 514.22134174250095 279.33019428719126 576.01353365788236 506.77477733099659 8.3087045523352554 6038.6696344582888 5.3660698650928671 30.772981509726378 179.99213725914888 1565.9038735968134 1527.8326676822835 621.29475664170604 28.051948064276075 933.27720939651044 39345.200568795095 5772.1527108145383 3277.9177293616012 33.330698586898507 54.911018220831465 71.469274039656739 447.16921869583894 6756.5575443083435
leaf_count=60350 28733 17963 58833 228622 639348 71357 49440 39510 800038 135663 1604 115402 1261 497991 162 6822 26170 91922 681837 164735 3301 83234 2524007 41169 393826 5746 3616 21316 2103 352776
internal_value=0.000619845 0.000727391 0.000136675 -0.016628 -0.00623098 0.0105783 0.0474981 0.0706548 -0.0389419 0.000688816 0.00160694 -0.023523 -0.0478008 -0.00834978 0.129729 -0.0024285 0.00206132 0.00222815 0.00174017 0.0124522 -0.0359108 0.000885332 -0.000533052 -0.0100781 0.0161544 -0.00974281 0.0482084 -0.00322874 -0.00386991 0.00956618
internal_weight=73621.9 73524.4 70527.8 2244.11 1660.75 1099.26 490.662 356.522 561.495 68283.7 61990.9 1096.46 520.45 6292.8 13.6748 99.224 60894.4 60714.4 59148.5 4366.31 307.382 54782.2 47092.4 7747.15 4058.92 781.006 159.711 104.8 6219.32 7689.83
internal_count=7148857 7088507 7059774 1853100 1624478 806477 167129 95772 818001 5206674 4649850 118429 116825 556824 1423 56262 4531421 4505251 4413329 728203 138964 3685126 3249116 725109 589239 195413 30678 27062 43272 436010
is_linear=0
shrinkage=0.055


Tree=120
num_leaves=31
num_cat=0
split_feature=18 43 42 14 49 13 57 8 16 7 1 10 14 50 56 24 8 48 14 0 41 16 15 50 30 16 20 44 16 35
split_gain=198.608 187.196 182.821 260.336 209.087 270.679 265.558 230.04 243.508 180.726 179.938 378.329 234.024 178.641 170.979 167.755 181.686 165.173 251.289 192.46 164.827 240.588 244.081 360.045 303.954 235.204 360.463 399.141 368.673 353.575
threshold=1.0000000180025095e-35 -1.0000000180025095e-35 -1.0000000180025095e-35 5.3636341094970712 8.8405928611755389 3.8393945693969731 24.500000000000004 2.6020033359527592 2097890.5000000005 0.52100929617881786 0.61250001192092907 5.3008110523223886 8.2687320709228533 -6.7160089015960684 -100.89379882812499 -0.01573642389848828 5.8096418380737314 239.50000000000003 6.8018388748168954 0.46428571641445165 1.0000000180025095e-35 1178213.5000000002 8.3469977378845233 -5.5100338459014884 0.26785714924335485 2169981.0000000005 1.0000000180025095e-35 1.0000000180025095e-35 1178214.5000000002 2.1383330821990971
decision_type=2 2 2 2 2 2 2 2 2 2 2 2 2 2 2 2 2 2 2 2 2 2 2 2 2 2 2 2 2 2
left_child=-1 9 3 14 6 -6 -5 8 -7 -2 20 15 13 -13 -3 16 -12 -15 19 -19 25 22 -22 24 -24 26 28 -28 29 -4
right_child=1 2 10 4 5 7 -8 -9 -10 -11 11 12 -14 17 -16 -17 -18 18 -20 -21 21 -23 23 -25 -26 -27 27 -29 -30 -31
leaf_value=-0.076585904475349104 0.040536322953742834 -0.0053003643241105189 0.018282659008019304 0.1044312615590179 -0.030048841301999928 -0.071384651292006288 -0.052665180301960095 -0.0042843994317153748 0.18229542672435498 -0.053620769279790918 -0.046262891963795141 -0.018960407563510123 0.048757816673817331 -8.3778916540708563e-06 0.14039570881623198 0.037725113174627775 0.012942599148961132 0.016331875641583324 -0.059124566888828299 0.15147182823696642 -0.0020888638387574058 0.0088360828610668223 0.069367309355117771 -0.019522374753328339 -0.073479699612135449 0.0057193684044206166 -0.069775472708039188 -0.011108163797778677 -0.012053439907642519 -0.0071324636504555205
leaf_weight=94.243461861609831 72.001651753984333 48.920091989813955 3677.6070949738787 29.650597960251616 233.1485536115506 11.332795471404095 672.02433294191724 69.605441749736201 54.095084759144811 323.93600515992875 1055.7964937169454 1606.2851036251668 274.01280057190161 7042.881731018424 42.861040110059548 92.569904646239593 181.75077908333333 58.926785748582915 40.827397551445756 68.084981879510451 13383.823694388004 22508.550578965747 473.41708371463756 294.50882156402804 45.681683621209231 10508.245793393718 505.09977893430914 1131.2204687693957 5838.3604704010795 3004.8908626727061
leaf_count=60372 22026 67360 368183 1705 8937 543 1154849 1994 289 181087 43475 211697 3780 19283 13768 255 2735 1570 1620 280 532352 795711 12419 720 3341 1388949 98771 1081607 716637 353300
internal_value=0.00116753 0.00127265 0.00147852 -0.0201195 -0.0278231 0.00571069 -0.0453349 0.0663215 0.136407 -0.0362062 0.00182936 -0.00485112 -0.000835616 -0.00240363 0.0664767 -0.0321902 -0.0375507 0.0012952 0.0544138 0.0917673 0.00296404 0.00530031 -0.000306435 0.0288481 0.0562154 -0.000513057 -0.0051395 -0.029375 -0.00196176 0.00685756
internal_weight=73444.4 73350.1 72954.2 1161.64 1069.86 368.182 701.675 135.033 65.4279 395.938 71792.5 10421.1 9091.02 8817.01 91.7811 1330.12 1237.55 7210.72 167.839 127.012 61371.4 36706 14197.4 813.608 519.099 24665.4 14157.2 1636.32 12520.9 6682.5
internal_count=7149615 7089243 6886130 1249445 1168317 11763 1156554 2826 832 203113 5636685 284695 238230 234450 81128 46465 46210 22753 3470 1850 5351990 1344543 548832 16480 15760 4007447 2618498 1180378 1438120 721483
is_linear=0
shrinkage=0.055


Tree=121
num_leaves=31
num_cat=0
split_feature=42 45 51 2 52 39 54 26 16 15 28 32 47 45 50 47 56 9 9 51 47 56 53 15 8 26 51 33 54 31
split_gain=198.036 251.062 465.17 305.969 285.973 576.993 285.91 279.909 261.038 396.2 312.835 288.519 259.811 245.077 240.038 233.815 226.299 222.207 247.142 241.611 215.247 343.347 263.468 301.092 271.117 240.727 364.027 234.962 229.6 249.783
threshold=1.0000000180025095e-35 0.84833604097366344 52.500000000000007 0.37980769574642187 0.84720683097839367 1.0000000180025095e-35 80.500000000000014 651.50000000000011 1289847.5000000002 8.4737639427185076 3147.0000000000005 3.9019217491149907 -10.069900035858153 0.83414188027381908 -2.7780261039733882 -12.617374897003172 -100.89672851562499 4.4013888835906991 4.4742159843444833 883.50000000000011 -5.4528582096099845 -100.89819335937499 -0.06738185882568358 6.641834259033204 5.1901712417602548 515.00000000000011 313.50000000000006 9.4892005920410174 344.50000000000006 0.89587974548339855
decision_type=2 2 2 2 2 2 2 2 2 2 2 2 2 2 2 2 2 2 2 2 2 2 2 2 2 2 2 2 2 2
left_child=20 2 12 4 8 -6 17 -8 9 10 16 14 -2 -10 -12 -5 -4 19 -19 -3 21 -1 23 -22 -25 26 -24 -23 -27 -30
right_child=1 6 3 15 5 -7 7 -9 13 -11 11 -13 -14 -15 -16 -17 -18 18 -20 -21 22 27 25 24 -26 28 -28 -29 29 -31
leaf_value=-0.017328248095477318 -0.045667181438150163 -0.032381429035278415 -0.0084381776951031121 0.36430210697528337 0.025931485026077901 0.37355441135564044 0.01505505754932668 -0.027757941877931992 0.13382376110517347 0.11825587880747063 -0.05747218491367756 0.22040045659607777 0.011803443939831746 0.020337995248488332 0.16313031495915617 0.064110174998605302 0.086651767376034805 0.068737027411745852 0.0060853314992526577 0.062175121824389584 -0.036341051042729777 -0.0014077353208040988 0.013593007438079143 0.04347566987268453 -0.058485108644904131 -5.5538415953239608e-05 0.15111023802081733 -0.046544473325775763 -0.0067226203695768191 -0.065410764412622724
leaf_weight=5555.7058229294271 273.68660793453455 746.37322699802462 142.88984950270969 11.279900460111095 39.761615577910561 18.449649390182458 636.34033946911222 1655.2637266449747 130.75798465654952 97.897166535185534 291.31834619144502 7.8172196669911491 1623.8397469399497 103.55193690571468 10.95895010512322 20.406537021801341 154.09998547202849 188.62041756830877 11913.222539792565 87.06823005588376 199.5752901715241 22704.496834122285 2362.5053991363893 1077.4580604561634 80.818343854683917 21261.182290322249 54.778373478504363 349.32284648938366 620.95423665562703 335.34415794357483
leaf_count=2659491 3042 6039 19367 741 595 198 195391 265741 4194 2972 29261 155 4054 5127 124 323 7539 702 64870 4480 29257 3613557 7146 48574 6192 60075 719 86813 12246 11104
internal_value=-0.000115301 0.00486041 0.0195992 0.0492756 0.0432923 0.156941 0.002022 -0.0158626 0.0354554 0.018458 0.00153022 -0.0368199 0.00341603 0.0851422 -0.04695 0.20606 0.0415192 0.00519533 0.00708981 -0.0221914 -0.00176987 -0.005061 0.00185288 0.0253931 0.0361406 0.000550465 0.0170148 -0.00210161 -0.00124429 -0.0275359
internal_weight=72755.7 18153.6 2926.72 1029.19 997.503 58.2113 15226.9 2291.6 939.291 704.982 607.084 310.095 1897.53 234.31 302.277 31.6864 296.99 12935.3 12101.8 833.441 54602.1 28609.5 25992.6 1357.85 1158.28 24634.8 2417.28 23053.8 22217.5 956.298
internal_count=7150089 614915 77692 70596 69532 793 537223 461132 68739 59418 56446 29540 7096 9321 29385 1064 26906 76091 65572 10519 6535174 6359861 175313 84023 54766 91290 7865 3700370 83425 23350
is_linear=0
shrinkage=0.055


Tree=122
num_leaves=31
num_cat=0
split_feature=45 56 53 15 29 33 24 26 6 28 25 48 51 48 45 25 56 0 15 35 14 27 24 32 35 33 19 16 0 3
split_gain=250.165 213.778 223.745 340.169 204.571 288.481 269.912 260.598 239.801 236.935 261.358 200.194 187.996 334.257 329.796 313.612 312.376 364.205 262.64 311.306 257.372 244.245 299.021 321.637 237.964 398.869 374.293 373.857 325.082 229.649
threshold=0.77031469345092785 -100.87084960937499 -100.8599281311035 5.2012517452239999 0.18333333730697635 9.2104907035827654 -10.267387390136717 81.500000000000014 -12.073047161102293 1.5000000000000002 -18.357086181640621 102.50000000000001 248.50000000000003 161.50000000000003 0.79590287804603588 -7.3892817497253409 -0.026123046874999997 0.84523808956146251 6.8367960453033456 1.9088562130928042 6.0532643795013437 14.892910480499269 -5.6600410938262931 1.2424533367156985 2.0126758813858037 8.7843050956726092 2.5000000000000004 2058734.5000000002 0.46428571641445165 0.78759399056434642
decision_type=2 2 2 2 2 2 2 2 2 2 2 2 2 2 2 2 2 2 2 2 2 2 2 2 2 2 2 2 2 2
left_child=1 -1 3 -3 5 6 -2 -6 -8 10 -10 -4 13 -9 15 -15 17 -14 -18 -20 -16 24 23 -23 25 26 -22 -26 -27 -28
right_child=4 2 11 -5 7 -7 8 12 9 -11 -12 -13 16 14 20 -17 18 -19 19 -21 21 22 -24 -25 27 28 29 -29 -30 -31
leaf_value=-0.056829517723741507 -0.040153887456670957 0.49081910196662659 0.018942943194782062 0.040597021262812248 0.023106318046409752 -0.039698792953578289 0.048028243971387996 -0.0033998291500605612 0.20001976897733792 0.0051884702980468178 -0.04458575859857411 -0.055722008499243907 -0.037751684845492836 0.049092892722168928 -0.065035758841472432 0.24848410042023333 -0.027115317125595315 0.073353482890995525 0.071884889321335133 -0.01744233493518484 -0.004304616966656712 0.068523349414659804 -0.045291636114447704 -0.022624587216229151 0.020722207753725484 -0.044430939964115332 0.097916290204821052 -0.062633307295887203 0.32199965137489694 0.032456794195929901
leaf_weight=421.26495823568257 397.69370075545157 1.5480230850080285 247.66907346025255 27.686591183730343 1212.5004039976338 446.49301687850675 384.99115566754335 33580.737023581372 8.7840425136237155 29873.998871521304 396.28909319613012 186.03673445947061 1536.6735920803403 102.78592706182098 123.48669665442139 27.633799440227449 332.63391666433745 90.181474459386664 287.85415228761849 194.94706816395046 429.96242571873881 212.27622117676947 395.07348630220804 250.10276783634617 896.79189004644286 8.6235111260612047 289.38870216534997 193.64807474485133 21.307662890860229 378.17759839635983
leaf_count=1064284 494776 1309 13414 21263 135854 100203 53196 255025 1788 3112990 163068 200010 1083727 18633 13402 2655 148716 26233 33204 53890 10762 18314 24050 46359 24335 684 9158 11800 206 5837
internal_value=0.000269522 -0.0287248 -0.00281613 0.13264 0.000627197 0.00395163 0.00458537 -0.00195519 0.00517206 0.00461931 -0.0369073 -0.0133544 -0.00273021 -0.00175115 0.0148584 0.0989553 -0.0174927 -0.0313869 0.0102497 0.036007 0.0112807 0.0144456 -0.0104389 0.0195064 0.024068 0.0417283 0.0357268 0.00570103 0.225179 0.0613503
internal_weight=72957.2 884.205 462.94 29.2346 72073 31508.2 31061.8 40564.8 30664.1 30279.1 405.073 433.706 39352.3 36910 3329.26 130.42 2442.29 1626.86 815.435 482.801 3198.84 3075.35 857.452 462.379 2217.9 1127.46 1097.53 1090.44 29.9312 667.566
internal_count=7149145 1300280 235996 22572 5848865 3926021 3825818 1922844 3331042 3277846 164856 213424 1786990 441220 186195 21288 1345770 1109960 235810 87094 164907 151505 88723 64673 62782 26647 25757 36135 890 14995
is_linear=0
shrinkage=0.055


Tree=123
num_leaves=31
num_cat=0
split_feature=47 10 7 1 42 54 48 10 24 42 40 46 50 47 9 10 7 7 25 16 45 6 24 28 45 32 6 49 16 50
split_gain=240.97 211.121 267.06 244.482 232.866 204.302 196.91 270.776 225.508 220.624 219.323 256.918 318.181 208.629 267.985 219.38 372.719 308.523 296.852 282.332 325.025 256.135 268.66 257.286 248.595 251.332 248.428 383.671 245.42 242.471
threshold=-115.5642623901367 8.5174932479858416 1.3841449618339541 0.46428571641445165 1.0000000180025095e-35 80.500000000000014 743.50000000000011 8.5174932479858416 -13.41212749481201 -1.0000000180025095e-35 3.0201274156570439 -0.14453690499067304 -14.16388416290283 -5.4528582096099845 3.6754386425018315 7.3814969062805185 3.5584864616394047 2.6614506244659428 -12.030181407928465 44726.500000000007 0.8397013545036317 -6.6290323734283438 -8.0281982421874982 28.500000000000004 0.84255662560462963 2.5249279737472539 -0.027524130418896672 8.8405928611755389 86466.500000000015 -15.173716545104979
decision_type=2 2 2 2 2 2 2 2 2 2 2 2 2 2 2 2 2 2 2 2 2 2 2 2 2 2 2 2 2 2
left_child=1 3 4 -1 -3 -5 13 9 -9 -8 11 -11 -13 14 -2 17 -17 18 -16 20 -19 22 -21 -23 -22 -26 29 -28 -18 -20
right_child=6 2 -4 5 -6 -7 7 8 -10 10 -12 12 -14 -15 15 16 28 19 26 21 24 23 -24 -25 25 -27 27 -29 -30 -31
leaf_value=-0.038899983279812013 -0.02718145037185319 0.047887005644357133 -0.0085871577683878427 0.079345666330972162 0.27876501374920665 -0.018878329776766796 -0.053912089811623723 0.057456632891724729 -0.038599981239431876 -0.0011094518582351622 0.028955398962321816 -0.03523151897130565 0.054747248218137742 0.0027727675112830014 0.12383747056894946 -0.017056890358049297 -0.033759064486849732 -0.064286634365008533 0.043593752916246238 -0.041192901701514011 0.16596780749796003 -0.040236209917209949 0.042461122569863882 -0.010639671177618555 0.0086068255131253948 0.094718689009250345 -0.013958671150512674 0.013206510759308098 0.015685087917210631 0.008636726590982741
leaf_weight=1172.1626319792267 1371.940740385995 46.593103850522311 168.19691188452271 100.16969931793574 15.162347812671213 160.15750139483862 137.57738626538048 81.646937573452306 514.95161703133635 2694.8169349778764 2194.8618380440676 146.70317025249096 561.91426723953191 34900.475381655451 58.707076382925152 6051.7931767092596 350.94074534423271 104.6863428876095 655.81521364187938 152.83338098452805 38.347065411391668 1149.8509112738247 438.92815412240452 3880.2631799396695 441.89031009386963 128.98605481415871 3880.6739718946701 2637.3564895167656 2069.7895306144128 6610.2623706466402
leaf_count=761745 349119 8844 93884 6111 247 152494 399318 33681 254369 903353 615976 224552 128124 180339 794 736557 47090 47652 256333 31788 805 224745 28548 348896 8624 983 767717 7525 217279 312408
internal_value=0.000300892 -0.020367 0.0281075 -0.0282192 0.121207 0.0196997 0.000784481 0.0100382 -0.025086 0.0137101 0.0154186 0.00665905 0.0360029 -0.000118802 -0.00348002 -0.00234055 -0.009765 0.000778448 0.00537907 -0.0092696 0.023202 -0.01341 0.0206918 -0.0174385 0.0386366 0.0287167 0.00482983 -0.00296527 0.00846221 0.0118197
internal_weight=72918.5 1662.44 229.952 1432.49 61.7555 260.327 71256 6332.47 596.599 5735.87 5598.3 3403.43 708.617 64923.5 30023.1 28651.1 8472.52 20178.6 13842.8 6335.79 713.91 5621.88 591.762 5030.11 609.223 570.876 13784.1 6518.03 2420.73 7266.08
internal_count=7149900 1023325 102975 920350 9091 158605 6126575 2559373 288050 2271323 1872005 1256029 352676 3567202 3386863 3037744 1000926 2036818 1344777 692041 58064 633977 60336 573641 10412 9607 1343983 775242 264369 568741
is_linear=0
shrinkage=0.055


Tree=124
num_leaves=31
num_cat=0
split_feature=18 9 25 40 42 53 45 30 1 46 10 46 47 52 45 54 54 10 13 56 7 29 13 27 47 48 54 10 27 28
split_gain=184.923 180.812 226.176 186.718 202.467 174.854 159.243 205.535 177.658 249.808 208.199 277.08 163.217 153.661 160.708 206.445 269.164 206.62 204.245 194.866 181.761 199.119 187.071 201.17 152.68 149.633 308.865 238.032 211.528 212.71
threshold=1.0000000180025095e-35 4.9192335605621347 -16.182003021240231 3.4498615264892583 1.0000000180025095e-35 -100.89784622192381 0.7898579239845277 0.46428571641445165 0.61250001192092907 6.9254283905029306 6.2156071662902841 9.0808901786804217 -5.4528582096099845 0.80018499493598949 0.79947251081466686 601.50000000000011 584.50000000000011 9.3968939781188983 3.2769666910171513 -100.88403320312499 0.88693574070930492 0.46428571641445165 3.6762205362319951 0.6416267752647401 -8.5561718940734846 60.500000000000007 21.500000000000004 10.119646072387697 1127.0688476562502 12.500000000000002
decision_type=2 2 2 2 2 2 2 2 2 2 2 2 2 2 2 2 2 2 2 2 2 2 2 2 2 2 2 2 2 2
left_child=-1 2 -2 6 -5 -3 7 -4 13 -10 11 -11 -13 14 15 16 19 -18 -16 -8 21 -20 -22 -24 -12 26 -7 28 29 -28
right_child=1 5 3 4 -6 25 8 -9 9 10 24 12 -14 -15 18 -17 17 -19 20 -21 22 -23 23 -25 -26 -27 27 -29 -30 -31
leaf_value=-0.077297474444411776 -0.043001639071867541 -0.056412470227969101 -0.03402709982729249 -0.067117666903534504 0.066626565783272543 0.0058252206356239501 0.062985060214958408 0.076185540622587311 -0.050816019745626252 0.026255871196107932 -0.056907703445746409 -0.0092069086048460445 -0.083716566361117309 -0.0011370172266750701 -0.047151656928889715 -0.050164418664871646 -0.027612955462234651 0.47998888525696881 0.046544261332133116 -0.021140731230596118 0.069713310782560045 0.29086562834475571 0.051387130927255859 -0.049198453217391157 0.0042370946019239146 0.0074504604104736836 -0.050649523727777652 -0.052078393745026257 0.049858494975512223 -0.0035877024429077017
leaf_weight=86.372180581252906 415.21912241483369 145.10857292271248 755.59811058169726 36.726806641658186 204.73343047173694 18280.675124609945 136.67715433024568 50.214870907133445 468.37105650390731 149.92548922669084 126.67800785403233 131.39256484422367 279.23900889631477 17425.499281561475 70.711805861756147 178.01654149785463 3.0064369646424884 1.6778283601452129 26.020780734499567 197.88216160514276 279.64346003728861 14.372833827423163 119.94027346073563 110.99912066260731 1992.5615949284111 15846.019493686857 291.39333431485284 309.47947521885362 214.6124425050657 14774.435449566539
leaf_count=60426 530214 440932 897031 12123 1311 34021 14345 4980 36143 1021 2598 835 1170 663786 52890 192909 713 50 12409 16010 64419 1135 33858 55463 5660 3871126 9418 4348 4111 125140
internal_value=0.00089795 0.000995707 -0.00301788 -0.00227915 0.0453347 0.00286129 -0.00279966 -0.0267317 -0.00190553 -0.0139758 -0.00745427 -0.0371025 -0.0602728 0.000144568 0.0196716 -0.00299132 0.0221316 0.30815 0.0384012 0.0136485 0.0497063 0.155941 0.039871 0.00302342 0.000456806 0.00303995 0.000975736 -0.00471079 -0.00373472 -0.00451444
internal_weight=73123.2 73036.8 23175.1 22759.9 241.46 49861.7 22518.4 805.813 21712.6 3148.17 2679.8 560.557 410.632 18564.4 1138.95 517.26 339.244 4.68427 621.688 334.559 550.976 40.3936 510.583 230.939 2119.24 49716.6 33870.6 15589.9 15280.4 15065.8
internal_count=7150595 7090169 2601073 2070859 13434 4489096 2057425 902011 1155414 47427 11284 3026 2005 1107987 444201 224027 31118 763 220174 30355 167284 13544 153740 89321 8258 4048164 177038 143017 138669 134558
is_linear=0
shrinkage=0.055


Tree=125
num_leaves=31
num_cat=0
split_feature=47 47 50 13 6 33 25 40 7 14 33 32 53 50 56 16 53 52 26 16 10 50 33 16 47 14 50 6 54 35
split_gain=238.725 199.461 203.877 371.33 274.749 198.934 327.238 325.191 238.745 197.031 195.902 191.049 190.38 181.136 170.211 170.072 287.102 219.357 327.983 261.281 255.931 245.577 250.11 237.277 233.537 204.103 347.366 434.172 298.95 207.676
threshold=-113.37771987915038 -111.99468994140624 -112.96678161621092 3.5408543348312382 -0.021474258974194523 7.8242459297180185 -7.5359222888946524 2.0126758813858037 1.3841449618339541 6.2662508487701425 6.2215714454650888 2.7403194904327397 -0.045409947633743279 -111.113956451416 -100.87524414062499 2169981.0000000005 -100.86783599853514 0.76930174231529247 417.50000000000006 2097887.0000000005 8.0041980743408221 -8.0594902038574201 6.2156071662902841 2097573.5000000005 -11.746516227722166 6.1664671897888192 -10.338613986968992 -0.018560681492090222 66.500000000000014 2.1383330821990971
decision_type=2 2 2 2 2 2 2 2 2 2 2 2 2 2 2 2 2 2 2 2 2 2 2 2 2 2 2 2 2 2
left_child=5 2 4 -4 -2 -1 7 -7 12 -5 -11 -10 -9 -3 -14 16 -15 18 19 -18 -21 -20 -23 -19 -25 26 27 -26 -29 -28
right_child=1 13 3 9 -6 6 -8 8 11 10 -12 -13 14 15 -16 -17 17 23 21 20 -22 22 -24 24 25 -27 29 28 -30 -31
leaf_value=-0.024114493842294919 0.061120153569924868 -0.039542234731931435 -0.055380857924935023 -0.044849618374277117 0.39770113471982094 0.32562989458071534 0.21044547670074396 -0.050152937159318907 -0.041907772908932335 0.083222449878042851 -0.0037058961891236011 0.085821469428894973 0.16891626082182074 -0.040139466645105794 -0.046684690022814265 0.0047380605557471927 0.048259654867321651 0.00032261448172171263 -0.032615848985703973 0.093644781735665969 0.37850581404772649 -0.014355196153347408 0.066432029861716563 -0.040917359275546232 0.022765480901108342 6.6074324756442026e-05 -0.021631568018469827 -0.034892934522840167 0.45410540375330216 -0.086819936266395781
leaf_weight=1972.2395395771237 195.89744100254757 335.35219166068418 171.91053084804298 66.728808701096568 2.880270094741717 4.3633903229492708 20.094490604111343 22.665879897976993 263.53843322430475 241.34215048294573 114.44237463224272 36.063896923384164 48.03456422596355 559.59005457817693 11.653315137315074 21519.814953075213 217.53425245376275 39809.020999844259 299.54596208303701 37.782434695014672 10.711926362426309 204.92070211283863 257.51592262939812 703.72152047738928 79.69528031743539 3718.3549321953833 1614.1996189365454 4.3296681311912826 8.4413221063587098 158.77678595740872
leaf_count=1191919 84114 634141 71161 18789 566 1132 1681 12228 152081 25606 23017 4473 1414 1214442 914 1575581 57682 1367168 467301 7324 731 22317 21956 125939 4675 42224 14305 62 457 3662
internal_value=0.000216935 0.000797029 0.0281345 0.0117514 0.0756357 -0.0169011 0.0179716 0.00539901 -0.00241956 0.0393942 0.0555971 -0.0253763 0.0777691 0.000483204 0.126468 0.000680004 -0.0011517 -0.000684521 0.024381 0.0763493 0.186065 0.005858 0.030862 -0.0012461 -0.0111707 -0.00738845 -0.0222079 0.079067 0.32515 -0.0276972
internal_weight=72711.2 70332.5 793.202 594.424 198.778 2378.65 406.414 386.319 381.956 422.513 355.785 299.602 82.3538 69539.3 59.6879 69204 47684.1 47124.6 1028.01 266.029 48.4944 761.983 462.437 46096.5 6287.52 5583.8 1865.44 92.4663 12.771 1772.98
internal_count=7149062 5783220 223253 138573 84680 1365842 173923 172242 171110 67412 48623 156554 14556 5559967 2328 4925826 3350245 2135803 577311 65737 8055 511574 44273 1558492 191324 65385 23161 5194 519 17967
is_linear=0
shrinkage=0.055


Tree=126
num_leaves=31
num_cat=0
split_feature=18 4 41 26 47 45 7 8 42 24 52 49 45 25 50 43 9 10 48 47 53 10 22 7 38 45 29 1 56 56
split_gain=179.658 177.775 179.336 396.846 234.241 297.86 223.152 281.366 214.666 187.071 334.017 175.262 169.878 298.318 235.365 195.111 183.327 188.236 170.696 238.199 288.485 338.727 360.957 309.995 266.204 265.604 388.709 309.784 242.447 260.141
threshold=1.0000000180025095e-35 1.0000000180025095e-35 -1.0000000180025095e-35 190.50000000000003 -2.7768907546997066 0.83686283230781566 2.16655445098877 2.6735538244247441 -1.0000000180025095e-35 -0.022009613923728463 0.83749964833259594 13.174286842346193 0.88482505083084118 -8.0861721038818342 -114.30960083007811 -1.0000000180025095e-35 4.7505102157592782 9.1078610420227069 60.500000000000007 -5.4528582096099845 -0.037664175033569329 7.1712725162506112 0.89587974548339855 2.2652914524078374 1.0000000180025095e-35 0.79503777623176586 0.46428571641445165 0.15476191043853763 -100.89770507812499 -100.85864257812499
decision_type=2 2 2 2 2 2 2 2 2 2 2 2 2 2 2 2 2 2 2 2 2 2 2 2 2 2 2 2 2 2
left_child=-1 2 3 -2 9 6 11 -8 -7 -5 -11 -6 14 16 -4 -16 -14 -18 -17 25 21 24 23 -23 -21 26 -20 -28 -22 -30
right_child=1 -3 12 4 5 8 7 -9 -10 10 -12 -13 13 -15 15 18 17 -19 19 20 28 22 -24 -25 -26 -27 27 -29 29 -31
leaf_value=-0.077611265398320556 0.045610455753572747 0.010283870754771761 -0.030822686468653479 -0.053804681016970994 -0.047613084489527474 0.018261719544380418 0.2075651809798256 -0.04832156965786312 -0.10187688602943033 -0.054296998636028819 0.087163888017082622 0.086722015824980472 -0.041511411632266904 0.0076384928154072636 -0.044774619659424572 -6.7579827243365305e-05 -0.014494841867548671 0.027120382369308901 -0.029786588554583219 0.034510470305574949 0.038913436589796034 0.14411753321428886 -0.0011755082920715809 0.033318643340608002 -0.062701052512080205 0.0060045327798217626 0.1164675227975418 -0.053740935853691656 -0.044153419242428493 0.012831559997049807
leaf_weight=83.608949071800453 246.36948443214351 5469.1523322319408 671.45147610134154 838.80053694826347 61.33610343971668 90.068943838283303 43.872442210842564 15.480826044513377 82.414021847653203 114.5593370599745 82.426790199329844 47.866981260944158 689.09236501822306 2626.0688941376284 265.69850368941115 38500.685169431898 3892.1945711365406 354.50432278562221 1197.8760021609414 382.46244455990382 491.49777516536415 228.31863186473493 126.28170028759632 119.06511678450624 104.38755258703895 14961.191434823966 99.548779328921228 43.320338589226594 374.27025316958316 666.89486037090683
leaf_count=60262 71274 99209 861986 2271045 22482 960 3993 5058 1286 389636 5337 55 73372 3940 29020 172720 207440 7954 1128188 12693 2179 6308 4121 4992 7605 1655355 7193 27104 3939 2900
internal_value=0.000656716 0.000751815 -2.21592e-05 -0.0180538 -0.0295697 0.00985862 0.0609647 0.142255 -0.0403946 -0.0425367 0.00558823 0.0124888 0.00042403 -0.00732862 0.0014313 0.00181018 -0.0152915 -0.0109931 0.0020301 0.00632594 0.0221414 0.0456932 0.0785615 0.107153 0.0132414 0.00390111 -0.0195058 0.0647854 0.00728106 -0.0077661
internal_weight=72970.8 72887.2 67418 1623.2 1376.83 341.039 168.556 59.3533 172.483 1035.79 196.986 109.203 65794.8 7561.86 58233 57561.5 4935.79 4246.7 57295.8 18795.1 2493.18 960.515 473.665 347.384 486.85 16301.9 1340.75 142.869 1532.66 1041.17
internal_count=7149606 7089344 6990135 2771126 2699852 33834 31588 9051 2246 2666018 394973 22537 4219009 292706 3926303 3064317 288766 215394 3035297 2862577 44737 35719 15421 11300 20298 2817840 1162485 34297 9018 6839
is_linear=0
shrinkage=0.055


Tree=127
num_leaves=31
num_cat=0
split_feature=42 50 57 56 9 43 13 26 53 41 6 51 30 56 28 33 47 39 23 35 40 13 8 33 2 52 25 45 48 14
split_gain=185.104 352.835 165.291 326.335 331.92 269.83 235.038 210.671 207.611 165.433 282.56 262.554 215.663 232.094 159.173 155.793 252.278 188.257 183.179 154.595 151.099 225.572 205.918 317.43 233.458 205.381 257.877 238.456 276.965 363.341
threshold=-1.0000000180025095e-35 -4.4401073455810538 6.5000000000000009 -0.020263671874999997 4.8107581138610849 -1.0000000180025095e-35 3.7256208658218388 124.50000000000001 -1.0000000180025095e-35 -1.0000000180025095e-35 -2.794185876846313 346.50000000000006 0.46428571641445165 -0.021240234374999997 533.50000000000011 9.365270137786867 -8.5561718940734846 1.0000000180025095e-35 2.5000000000000004 3.0201274156570439 2.8029010295867924 3.979637980461121 2.5249279737472539 9.2104907035827654 0.58571431040763866 0.83927860856056224 -11.234835624694822 0.77031469345092785 77.500000000000014 6.7244331836700448
decision_type=2 2 2 2 2 2 2 2 2 2 2 2 2 2 2 2 2 2 2 2 2 2 2 2 2 2 2 2 2 2
left_child=1 -1 -2 5 6 7 -5 -4 9 10 11 -7 13 19 -8 20 -17 18 -18 -12 25 22 23 24 -22 27 -27 -11 29 -29
right_child=2 -3 3 4 -6 8 14 -9 -10 15 12 -13 -14 -15 -16 16 17 -19 -20 -21 21 -23 -24 -25 -26 26 -28 28 -30 -31
leaf_value=-0.048658095011979534 0.012905209399931413 0.011508051066193408 0.04090073567466649 -0.061838301305437257 -0.0068702325804184212 0.081929059416771796 -0.073015253476028122 -0.078314467121670367 0.023493254401949517 -0.043342073843606374 -0.049810906392434344 -0.051165962466720831 0.047698439527110344 0.1762411784902887 0.012487357794418424 -0.064283873318724288 0.01144508761643801 0.093786540690054931 -0.048399207126537315 0.10274715707693811 -0.0020016705986115602 -0.075488804702824028 0.0062983674426213658 0.31380210915249257 -0.054260003092049404 -0.044523010595837499 -0.0054588331486541122 -0.0089317828702222494 0.016114720664988272 0.023359438616425039
leaf_weight=654.28845064571942 2915.5009531424148 530.52119553764351 53.146890793243074 622.99043301711936 5530.2164466197937 131.65452264690248 79.670889016415458 211.81797807849944 1213.801528919561 317.04205191048095 784.98364280654641 62.651281500817277 84.96013542291621 9.6405329983754182 292.08071182644926 280.66827587748412 405.81838919669099 51.09496024622058 243.65006826793251 16.096324387101049 9247.0570038211081 103.92956737418717 26198.31767231827 4.5495527910679803 261.05577496101614 530.83596988001955 11189.68817962028 5141.6003973490879 3980.0585673254827 1320.5998115257244
leaf_count=1401007 28458 19446 7823 53410 181928 31598 14155 36457 1368 331710 1324531 220422 18216 32 560 88052 3574 291 3457 10774 848135 12655 1268367 559 11380 41377 64202 44042 1072048 8747
internal_value=-0.00026762 -0.0217824 9.14736e-05 -0.000455849 -0.0121493 0.00077876 -0.041317 -0.0540875 0.00101921 0.000565408 -0.020618 0.0388074 -0.0336534 -0.0424189 -0.00656271 0.000956642 -0.0207208 -0.00293618 -0.0112039 -0.0461272 0.00132327 0.0035415 0.00378203 -0.00314774 -0.00346425 -0.00221082 -0.00724633 0.00327537 0.00471081 -0.00231987
internal_weight=72470 1184.81 71285.2 68369.7 6524.96 61844.7 994.742 264.965 61579.8 60366 1089.99 194.306 895.681 810.721 371.752 59276 981.232 700.563 649.468 801.08 58294.7 35814.9 35711 9512.66 9508.11 22479.8 11720.5 10759.3 10442.3 6462.2
internal_count=7148781 1420453 5728328 5699870 250053 5449817 68125 44280 5405537 5404169 1605573 252020 1353553 1335337 14715 3798596 95374 7322 7031 1335305 3703222 2141096 2128441 860074 859515 1562126 105579 1456547 1124837 52789
is_linear=0
shrinkage=0.055


Tree=128
num_leaves=31
num_cat=0
split_feature=45 13 12 42 16 56 47 35 10 53 35 22 55 30 45 51 57 26 44 47 8 56 52 53 47 51 15 32 53 54
split_gain=214.864 187.891 203.78 222.035 256.932 218.946 323.346 324.442 213.37 216.924 210.015 212.611 212.303 200.561 359.472 290.643 202.333 198.729 193.618 186.997 183.189 179.373 293.176 298.182 315.181 352.647 508.406 238.646 237.289 255.529
threshold=0.75984573364257824 2.9700856208801274 1.0000000180025095e-35 1.0000000180025095e-35 2061703.5000000002 -100.88110351562499 -4.3634471893310538 0.89587974548339855 6.112574815750123 -0.075195103883743272 1.7005987167358401 4.5053346157073983 0.84838867187500011 0.92857143282890331 0.8680039942264558 52.500000000000007 191.50000000000003 47.500000000000007 1.5000000000000002 -109.30053329467772 3.3497501611709599 -100.91284179687499 0.8152005970478059 -0.07617092132568358 -6.215181589126586 43.500000000000007 7.5472378730773935 2.2499048709869389 -0.075195103883743272 46.500000000000007
decision_type=2 2 2 2 2 2 2 2 2 2 2 2 2 2 2 2 2 2 2 2 2 2 2 2 2 2 2 2 2 2
left_child=-1 13 3 4 5 6 18 -8 9 19 -11 12 -12 -2 15 -15 -16 -6 21 -7 -17 -3 23 -23 27 -26 -27 28 29 -25
right_child=1 2 -4 -5 17 8 7 -9 -10 10 11 -13 -14 14 16 20 -18 -19 -20 -21 -22 22 -24 24 25 26 -28 -29 -30 -31
leaf_value=-0.038937547899639206 -0.010475960108502973 0.0051738295964762326 -0.022183899107615895 0.0071510635570706639 0.034872937309753708 -0.04784537729860109 -0.058242905166967618 0.0092234486444352538 -0.0052254899414271236 0.02844791740992219 -0.023674815189894154 -0.10098175732602196 0.013889907078969204 0.028691840078548116 0.0053601080921145379 0.17288601152697847 -0.093758320632512965 0.0022653422564754876 -0.060570734555145049 0.096136049228783632 -0.045464595571412143 -0.034603699911433729 -0.035294283278613892 0.41392963704639379 0.046403050308191474 -0.040841236103897192 0.40377837486403356 0.052602937713285072 -0.034574044479063475 -0.032538905141592731
leaf_weight=425.42019888787763 7373.7119739036571 789.48303658233635 1118.3188868008219 15543.13443215155 572.35006155551673 30.23662803555635 233.19601108454663 2270.9102843239234 8960.2667064370326 997.73582195556082 690.33587593282573 58.917602200308465 1312.3807195787813 248.28781503054779 233.38489187388041 76.482601780247933 79.744900979974773 27389.118403406399 354.28895248201297 142.61134336650866 11.431960372938191 466.12459337338805 2266.8817683170128 2.6088120900094491 127.21507473825477 10.729066641782994 16.990467012175941 175.41143796255346 328.45114440191537 6.5582812417269452
leaf_count=734150 954602 184634 148407 443144 50046 69399 4747 23158 577556 21472 35360 4844 28796 504 9351 3152 5278 2414948 547599 41957 1232 565369 155811 16 619 1382 461 28682 86906 4516
internal_value=-0.000193741 3.8232e-05 0.00103505 0.00145062 -0.000427007 -0.00531785 -0.0130303 0.00283707 -0.000855543 0.0112481 0.00780179 -0.00223463 0.000914645 -0.00789226 0.0213036 0.0603965 -0.0209593 0.00293891 -0.0217665 0.0703121 0.143574 -0.0184175 -0.0238934 -0.00104975 0.0224483 0.0898621 0.251742 0.00141852 -0.0255542 0.195765
internal_weight=72312.7 71887.3 63864.3 62745.9 47202.8 19241.3 7048.85 2504.11 12192.5 3232.22 3059.37 2061.63 2002.72 8023.04 649.332 336.202 313.13 27961.5 4544.74 172.848 87.9146 4190.45 3400.97 1134.09 667.964 154.935 27.7195 513.03 337.618 9.16709
internal_count=7148098 6413948 5439829 5291422 4848278 2383284 1603900 27905 779384 201828 90472 69000 64156 974119 19517 4888 14629 2464994 1575995 111356 4384 1028396 843762 687951 122582 2462 1843 120120 91438 4532
is_linear=0
shrinkage=0.055


Tree=129
num_leaves=31
num_cat=0
split_feature=26 50 35 53 54 41 26 53 24 8 40 45 47 50 7 8 13 24 13 28 54 26 46 44 47 54 30 54 47 31
split_gain=174.556 232.487 224.282 262.99 233.279 336.853 309.878 230.316 291.827 405.452 238.629 327.107 238.995 231.223 223.71 211.798 222.198 195.907 240.225 236.98 280.586 204.785 229.67 198.164 196.657 220.356 305.554 299.882 237.619 201.941
threshold=2650.5000000000005 -1.0000000180025095e-35 1.7005987167358401 -0.018086224794387814 269.50000000000006 1.0000000180025095e-35 1033.5000000000002 -0.07421779632568358 -0.02863331604748964 2.3502402305603032 2.8617925643920903 0.80223923921585094 -107.70070266723631 -11.099377632141112 0.3176588118076325 4.5798392295837411 3.8176519870758061 -0.025851494632661339 3.1567740440368657 28.500000000000004 159.50000000000003 1138.0000000000002 -2.6974036693572994 2.5000000000000004 -19.038624763488766 73.500000000000014 0.46428571641445165 122.50000000000001 -110.11229324340819 1.2424533367156985
decision_type=2 2 2 2 2 2 2 2 2 2 2 2 2 2 2 2 2 2 2 2 2 2 2 2 2 2 2 2 2 2
left_child=1 2 4 17 7 6 -6 8 -1 13 -9 12 -12 -10 -13 16 -2 19 -19 20 -4 23 -23 -22 25 26 -21 28 -27 -26
right_child=15 -3 3 -5 5 -7 -8 10 9 -11 11 14 -14 -15 -16 -17 -18 18 -20 24 21 22 -24 -25 29 27 -28 -29 -30 -31
leaf_value=-0.0057628162904332005 -0.0067271634559097227 0.02147058837152916 -0.033644590188246379 0.0099856945183313083 0.0259182075852952 0.046760092890435305 -0.039865046946874698 -0.0026523062621966152 0.38229663107196182 0.056199741127711721 0.26856927834638217 -0.045766489459600941 0.06399218367676944 -0.035508976046316407 0.015952677687521188 0.0048592921791179525 0.0037813523199637078 -0.054619053407540155 -0.011083897785126959 -0.065971428984874125 -0.016604622695736763 0.014965218449512294 0.13454687109209926 0.054023345883184783 0.010479095796335281 0.0042720388450779257 0.062951947348574566 0.024684453860944488 0.16852430581411162 -0.009897018870613148
leaf_weight=86.293050831918663 22565.844315314738 2122.7377958902944 1280.5290179851363 4537.1370792695088 573.04613109873026 1063.0083431358507 341.43817951213714 5973.3858418811942 18.046653552664797 65.950548565597273 15.888144277851096 185.2098168895609 140.44144840087392 3.8819638175627906 2729.5975380094751 11460.676582896762 8330.4984316455448 437.91076343511668 2891.18671096865 127.99054260298726 967.35462562813336 183.57877190755971 61.838394104735926 132.19716303655878 3182.7607789797621 37.003090487560257 90.704813093121629 310.00960681041761 92.658898527370184 2727.584504385959
leaf_count=20755 2264782 8454 89530 9153 385180 258624 488113 107924 2347 3556 548 1433 2221 299 35063 669889 689278 86239 399938 4487 673407 219552 7039 66704 277319 2365 375 138155 2308 233853
internal_value=0.000756748 0.00393788 0.0026172 -0.0013525 0.00866402 0.0257813 0.0012737 0.00498022 0.0667323 0.134397 0.00375483 0.0162008 0.0924631 0.315474 0.0119593 -0.00152503 -0.00389363 -0.00546262 -0.0168839 -0.00132022 -0.0152708 0.00228249 0.0471813 -0.00790704 0.00426316 0.0326583 -0.012288 0.0549016 0.123549 0.00107524
internal_weight=72736.4 30379.4 28256.6 17060.4 11196.2 1977.49 914.484 9218.7 174.172 87.8792 9044.52 3071.14 156.33 21.9286 2914.81 42357 30896.3 12523.3 3329.1 9194.21 2625.5 1344.97 245.417 1099.55 6568.71 658.367 218.695 439.672 129.662 5910.35
internal_count=7148890 3524941 3516487 2210424 1306063 1131917 873293 174146 26957 6202 147189 39265 2769 2646 36496 3623949 2954060 2201271 486177 1715094 1056232 966702 226591 740111 658862 147690 4862 142828 4673 511172
is_linear=0
shrinkage=0.055


Tree=130
num_leaves=31
num_cat=0
split_feature=29 53 45 1 0 25 14 7 40 15 40 22 53 22 15 3 8 8 40 52 14 25 42 25 32 51 15 25 21 46
split_gain=182.755 244.815 227.393 413.137 215.999 243.224 281.997 272.999 221.99 211.355 222.094 236.829 205.665 236.02 248.915 338.038 414.072 307.004 256.881 225.014 215.626 195.474 193.193 337.73 316.607 302.484 442.493 280.672 259.397 300.403
threshold=0.26785714924335485 -100.88599777221678 0.78244695067405712 0.11805555596947671 0.41428571939468389 -11.234835624694822 7.1681945323944101 2.16655445098877 3.4811217784881596 8.0483088493347186 2.8029010295867924 0.89587974548339855 -0.052734136581420891 2.0126758217811589 6.7159891128540048 0.65108695626258861 4.182021141052247 5.8763332366943368 3.0201274156570439 0.8308255970478059 6.1169946193695077 -5.0478961467742911 1.0000000180025095e-35 -13.083751678466795 2.0126758813858037 52.500000000000007 7.4710783958435067 -8.7352323532104474 1.0000000180025095e-35 0.77630621194839489
decision_type=2 2 2 2 2 2 2 2 2 2 2 2 2 2 2 2 2 2 2 2 2 2 2 2 2 2 2 2 2 2
left_child=1 -1 3 -2 5 7 8 -4 9 21 11 -11 13 14 18 17 -17 -16 -6 -14 -19 -7 -3 -24 25 -25 -27 -26 -28 -30
right_child=2 22 4 -5 12 6 -8 -9 -10 10 -12 -13 19 -15 15 16 -18 20 -20 -21 -22 -23 23 24 27 26 28 -29 29 -31
leaf_value=-0.041550782106638803 0.094548317935919654 0.0020211480893555138 0.12644661786409656 -0.051700012694642403 -0.065186975778104936 -0.020441692184907666 0.0027459635064379846 -0.037404756566278577 0.055572990334676518 0.043697732733584807 -0.018320152581235545 -0.060877121621475239 -0.020885020860218567 -0.012335297739911461 -0.015959804484926881 0.084928560557917157 -0.010334205868836934 0.19488439664436016 0.037057221916689753 0.00096192914872751016 0.012247874057408502 0.036972986760019408 -0.04942327063384451 0.010729766456089251 -0.045771385966829434 0.020325845820202314 0.040713333208079516 0.011927741096085749 0.03362445218861073 0.15389994285668551
leaf_weight=358.21264594557579 178.90113672194275 29761.284596490557 26.893340377115237 81.807108925480861 152.30136630708148 5726.132596407595 6372.4723125078453 1051.6459906724485 134.59658804627543 514.17890745658951 528.10777415200573 70.528406186233042 1545.2045345802908 584.81603945262759 405.45854124608013 573.56323980095476 179.94544492841669 33.827256553260668 136.42167334592523 17811.088035715773 40.845469392115774 180.73555264223251 247.5924706241276 2906.2729157948052 426.92234498770267 1199.1255158627391 287.14608541298367 618.92297708078695 96.665553638267738 194.33076776031521
leaf_count=1206629 15719 4036481 290 54808 94106 217018 165102 511635 2367 7007 13485 3396 49910 193338 92992 52674 24382 836 47599 120566 4196 495 172296 5810 9671 30980 7310 3245 3759 1705
internal_value=0.000606794 0.00337827 -0.00214699 0.048548 -0.0025201 -0.0076785 -0.00566773 -0.0327545 -0.0131587 -0.0145152 0.00744521 0.0306745 0.00099102 0.0172873 0.02867 0.0394003 0.0622607 0.00325169 -0.0170681 -0.000787047 0.102022 -0.0186552 0.00383435 0.0128536 0.0155857 0.0216916 0.0395365 -0.0117312 0.0788653 0.115189
internal_weight=72425.9 36096.5 36329.5 260.708 36068.8 14605.3 13526.8 1078.54 7154.28 7019.68 1112.82 584.707 21463.5 2107.18 1522.36 1233.64 753.509 480.131 288.723 19356.3 74.6727 5906.87 35738.3 5976.98 5729.39 4683.54 1777.27 1045.85 578.142 290.996
internal_count=7149807 5477886 1671921 70527 1601394 920795 408870 511925 243768 241401 23888 10403 680599 510123 316785 175080 77056 98024 141705 170476 5032 217513 4271257 234776 62480 49564 43754 12916 12774 5464
is_linear=0
shrinkage=0.055


Tree=131
num_leaves=31
num_cat=0
split_feature=1 0 15 15 16 53 48 45 52 8 54 26 22 24 16 50 1 47 47 47 50 54 52 53 53 24 40 47 13 47
split_gain=191.402 247.617 185.471 239.754 221.697 200.806 172.371 201.21 246.168 209.088 169.08 168.857 191.912 608.894 314.316 238.615 264.539 281.714 215.216 228.879 224.395 289.994 224.059 207.991 226.395 253.503 204.404 309.576 308.78 222.161
threshold=0.53571429848670971 0.58571431040763866 6.7159891128540048 7.2200078964233407 2058730.5000000002 -0.07714709639549254 8.5000000000000018 0.82626932859420787 0.81815075874328624 5.747798204421998 275.50000000000006 243.00000000000003 1.7005987167358401 -0.51572048664093006 2179361.5000000005 -111.113956451416 0.38750000298023229 -116.35697937011717 -30.868220329284664 -109.30053329467772 -109.87533950805663 80.500000000000014 0.83225381374359142 -100.86661529541014 -100.8599281311035 -0.016201525926589962 3.0201274156570439 -115.96810150146483 3.8393945693969731 -117.27382278442381
decision_type=2 2 2 2 2 2 2 2 2 2 2 2 2 2 2 2 2 2 2 2 2 2 2 2 2 2 2 2 2 2
left_child=11 6 -3 -4 -5 -6 -2 8 -8 -9 -10 -1 15 14 -14 16 -13 -18 19 20 21 22 -17 -15 25 -25 28 -28 29 -22
right_child=1 2 3 4 5 -7 7 9 10 -11 -12 12 13 23 -16 18 17 -19 -20 -21 26 -23 -24 24 -26 -27 27 -29 -30 -31
leaf_value=0.011937967709657726 -0.00041773477026279615 -0.014054446509868326 0.028104284064330021 0.017310149232619865 0.083662598894937726 -0.019190461657161532 -0.0229498886703134 -0.032262598740288202 0.06675732811934551 0.016837901226819437 -0.065117514981331864 -0.041539442315275177 -0.043498274189196315 -0.058355593413119154 -0.0032818717771220425 0.20638933447337737 0.11726254129206368 -0.050347506014954545 0.0021953289716871117 0.03542204693793221 0.005719406787181012 -0.048986645060896138 0.037776838181580154 0.058341337661455828 0.00088021960380684676 0.4075928175364249 -0.039492248052771399 0.040058312403210915 0.026188806509434951 -0.0592291176768142
leaf_weight=4504.220646546346 1699.0366975056531 1552.9331955485395 1256.1236392856954 1117.5881228558937 54.944924661016557 1421.7236958097346 326.10696407117939 2676.4087884338369 213.0842584878701 287.72452441111091 29.921577735483879 640.73396742975456 1620.8184259464433 173.84281117370483 922.20121431414009 44.389145328605082 66.802697103506944 48.687862808408681 38234.442390251017 1243.7874593245069 242.46496942940576 39.321142098749988 51.456542903732043 48.8544255537563 12352.082031853912 2.7201071563686119 190.2168885950523 612.58503850011766 350.2795282320003 455.01498657241609
leaf_count=515200 2923 57866 21615 15645 8295 21055 37742 138522 1170 4938 2304 893764 599414 583714 237867 1207 37178 79586 2725099 205639 75160 43058 1766 39904 520351 2857 65061 58698 47788 102484
internal_value=0.000517892 -0.00629583 0.0019627 0.00843258 -0.00112808 -0.015094 -0.0148181 -0.0217324 0.00816189 -0.0274761 0.049534 0.00169008 0.000884114 -0.00443186 -0.0289492 0.00278825 -0.0277273 0.0474453 0.00334807 0.016971 0.00535396 0.0724494 0.122228 0.000534796 0.00138335 0.111156 0.000271227 0.0210817 -0.0156983 -0.0367711
internal_weight=72480.5 10635.6 5403.31 3850.38 2594.26 1476.67 5232.28 3533.25 569.113 2964.13 243.006 61844.9 57340.7 15120.5 2543.02 42220.2 756.225 115.491 41464 3229.52 1985.73 135.167 95.8457 12577.5 12403.7 51.5745 1850.56 802.802 1047.76 697.48
internal_count=7147870 312075 124476 66610 44995 29350 187599 184676 41216 143460 3474 6835795 6320595 1984107 837281 4336488 1010528 116764 3325960 600861 395222 46031 2973 1146826 563112 42761 349191 123759 225432 177644
is_linear=0
shrinkage=0.055


Tree=132
num_leaves=31
num_cat=0
split_feature=43 42 50 3 45 51 47 2 52 39 46 9 9 50 16 15 26 32 45 56 54 47 31 54 47 10 40 32 10 16
split_gain=162.11 198.764 188.998 184.633 183.308 237.98 246.642 231.905 270.868 348.076 271.389 195.211 287.142 213.405 193.953 220.867 213.257 245.513 204.838 179.172 176.406 215.56 312.524 251.999 234.147 285.062 213.612 176.5 175.725 172.587
threshold=-1.0000000180025095e-35 1.0000000180025095e-35 -117.00613021850585 0.5313725769519807 0.84833604097366344 52.500000000000007 -10.069900035858153 0.30384616553783422 0.84720683097839367 1.0000000180025095e-35 6.3100476264953622 4.4013888835906991 4.4742159843444833 -16.858004570007321 1289847.5000000002 8.5570869445800799 902.50000000000011 3.9019217491149907 0.83825194835662853 -100.90551757812499 80.500000000000014 -12.803324222564695 3.3140207529067998 147.50000000000003 -19.901064872741696 7.1712725162506112 2.0126758813858037 3.5114340782165532 7.8242459297180185 2302184.5000000005
decision_type=2 2 2 2 2 2 2 2 2 2 2 2 2 2 2 2 2 2 2 2 2 2 2 2 2 2 2 2 2 2
left_child=3 2 -2 -1 5 6 -3 8 10 -10 14 13 28 19 15 16 -7 -18 -16 -6 -14 22 24 26 -22 -26 -23 -24 -13 -4
right_child=1 4 29 -5 11 7 -8 -9 9 -11 -12 12 20 -15 18 -17 17 -19 -20 -21 21 23 27 -25 25 -27 -28 -29 -30 -31
leaf_value=0.033565185351698466 -0.040235069456927675 -0.043010203230608536 -0.0030911113628206079 -0.058646014992134073 0.11843485916988244 0.049553937233697276 0.013962009236033197 0.14065368156076558 0.025198363125367239 0.27936187576211186 -0.041267298887872721 0.03547504771173287 0.0057052335966947133 -0.03300233414211317 0.11161130844732287 0.10935242446398534 -0.03792916053788737 0.20117011384746164 -0.012501316727383487 -0.0038221487649933352 -0.023075145278135551 0.089647465686630193 0.27020924893285386 -0.0017724154922462698 -0.036262025685000615 0.077814647027536932 -0.058676370509523117 0.045683033889592203 0.15028548060898722 0.0047489321180417092
leaf_weight=82.355241533412482 379.58836349819467 262.10239987936802 42925.087401237113 273.27557294609142 48.562387931524427 185.15913575499144 1646.5365021450561 59.134183635294903 38.53181586129358 24.737302545458078 155.65472008257348 149.57994058915938 11627.813666862523 803.49756236447138 159.67411492802785 66.103372783356463 256.50011548333714 8.7367928119492699 51.985348564659944 111.34595295074541 445.96798463774758 26.597431471571326 15.535151515359756 628.76918102550553 95.905686454440001 193.2288825615542 576.30228350678226 27.169380894643837 52.774166924427846 10583.983871241573
leaf_count=112836 726569 2845 4668861 91856 5628 4780 3825 2467 479 186 7021 3742 61262 11917 4681 1763 37769 227 3599 58733 311349 52 2922 8275 10121 7629 5934 10646 760 979740
internal_value=-0.000340024 -0.000154765 -0.00181634 -0.0371229 0.00489797 0.0174928 0.00604641 0.0390676 0.0320194 0.137755 0.0237178 0.00241287 0.00408195 -0.0214614 0.0377961 0.0192587 0.00498047 -0.0264769 0.0815432 0.0357712 0.00310409 -0.0119242 0.0107029 -0.0261989 0.00183747 0.0400023 -0.0514494 0.147122 0.0683196 -0.00154007
internal_weight=71962.2 71606.6 53888.7 355.631 17717.9 2914.86 1908.64 1006.22 947.083 63.2691 883.814 14803 13839.6 963.406 728.159 516.499 450.396 265.237 211.659 159.908 13637.3 2009.48 777.807 1231.67 735.103 289.135 602.9 42.7045 202.354 53509.1
internal_count=7148474 6943782 6375170 204692 568612 69642 6670 62972 60505 665 59840 498970 422692 76278 52819 44539 42776 37996 8280 64361 418190 356928 342667 14261 329099 17750 5986 13568 4502 5648601
is_linear=0
shrinkage=0.055


Tree=133
num_leaves=31
num_cat=0
split_feature=25 55 13 56 40 29 53 53 33 22 54 50 15 35 55 33 50 13 51 50 57 56 35 49 13 52 50 47 48 40
split_gain=182.961 195.136 360.334 234.095 211.321 247.753 229.546 221.782 218.468 233.103 318.934 305.341 220.239 214.392 411.595 304.048 226.168 338.053 203.39 280.748 206.203 194.679 192.994 184.354 235.264 204.198 235.43 274.365 248.144 214.728
threshold=-7.1833729743957511 0.89282226562500011 3.113268375396729 -0.033935546874999993 3.0201274156570439 0.21111111342906955 -100.88693618774413 -100.87888336181639 4.9558024406433114 0.89587974548339855 59.500000000000007 -109.38974761962889 8.4043602943420428 1.2424533367156985 0.87866210937500011 5.7153477668762216 -5.5100338459014884 3.8393945693969731 60.500000000000007 -9.7968654632568342 116.50000000000001 -100.90502929687499 2.2242581844329838 8.8405928611755389 3.5694335699081425 0.82545420527458202 -7.1302528381347647 -6.7392220497131339 8.5000000000000018 2.9700856208801274
decision_type=2 2 2 2 2 2 2 2 2 2 2 2 2 2 2 2 2 2 2 2 2 2 2 2 2 2 2 2 2 2
left_child=1 4 -3 -4 5 7 -7 -1 23 13 12 -12 21 14 -10 -16 17 -15 20 -20 -19 -11 -23 24 -8 26 27 -25 -28 -27
right_child=-2 2 3 -5 -6 6 8 -9 9 10 11 -13 -14 16 15 -17 -18 18 19 -21 -22 22 -24 25 -26 29 28 -29 -30 -31
leaf_value=-0.045173688810454887 0.0056669094023336069 -0.051889303028265832 -0.097582025985573001 -0.0039321596949489701 0.0042541129424228464 0.053461412283178585 -0.052762323647346773 0.0021410071549406622 0.017090312577080345 0.03299469536426778 0.04908680278107757 -0.04565292049792713 -0.1081775608700495 -0.039185591032681828 0.02154954046096412 -0.080645159777416792 0.0033114082545310469 0.03264189746425087 -0.024677916583752162 0.092542032307685776 -0.067959468113180002 -0.020089082023696577 0.014240226974902499 0.037429091465843924 -0.014639689109967473 -0.011987950832945184 -0.10674990959730675 0.21072902490020212 0.015000887193729015 -0.078905019931157644
leaf_weight=299.58150834678599 13349.791020195073 609.50227823632304 77.736656371991558 3383.1598415805784 18151.113903469457 179.06854133427987 831.59706497787556 18636.931904837871 3367.317092383797 409.3199777858681 108.72702515847777 1169.2183122542701 54.980728441092651 1153.1284201130329 135.96768674503255 236.13520021448494 2490.2615170319477 111.3036133274436 96.351623328722781 159.09586522010068 127.11147436752799 1416.5083568363043 756.02015404295526 139.48928197476198 1194.4813589175974 3099.4812496106024 54.396481396164745 30.523662641120609 338.59334597777342 147.44890696290531
leaf_count=953641 905328 57827 7493 108222 1910618 130014 170853 2176166 141877 1597 65925 117108 532 147844 5330 12826 7483 452 31775 3482 1737 8315 3815 3384 160929 13598 220 119 1392 946
internal_value=-0.000146039 -0.00146248 -0.0130742 -0.00617341 -0.000600361 -0.00299873 -0.00765521 0.00138075 -0.00829104 -0.00398026 -0.0149401 -0.0374326 -0.00398887 0.00147291 0.0110098 -0.0435123 -0.00714982 -0.0229294 0.0150397 0.0487032 -0.0212881 -0.00156536 -0.00813753 -0.01699 -0.0303784 -0.00983969 0.0206119 0.0736744 -0.00298089 -0.0151434
internal_weight=72314.3 58964.6 4070.4 3460.9 54894.2 36743 17806.5 18936.5 17627.5 11791.4 3914.77 1277.95 2636.83 7876.67 3739.42 372.103 4137.25 1646.99 493.863 255.447 238.415 2581.85 2172.53 5836.01 2026.08 3809.93 563.003 170.013 392.99 3246.93
internal_count=7150848 6245520 173542 115715 6071978 4161360 1031553 3129807 901539 550098 197292 183033 14259 352806 160033 18156 192773 185290 37446 35257 2189 13727 12130 351441 331782 19659 5115 3503 1612 14544
is_linear=0
shrinkage=0.055


Tree=134
num_leaves=31
num_cat=0
split_feature=57 18 25 52 16 16 9 49 42 16 8 16 50 50 50 3 52 40 56 56 29 33 5 50 52 43 56 33 25 54
split_gain=185.426 153.035 145.717 202.405 146.814 207.75 281.004 291.351 274.929 266.341 262.047 340.909 350.114 268.495 261.234 253.752 266.069 255.505 246.97 232.217 231.886 221.593 217.825 215.204 246.403 207.738 248.078 193.324 182.504 181.502
threshold=3.5000000000000004 1.0000000180025095e-35 -5.0478961467742911 0.80891749262809765 2169981.0000000005 2096704.5000000002 4.9334011077880868 1.9495016336441042 -1.0000000180025095e-35 2061703.5000000002 2.9174053668975835 2097892.5000000005 -10.338613986968992 -11.600292682647703 -10.338613986968992 0.65108695626258861 0.8308255970478059 2.5249279737472539 -0.018310546874999997 -100.92993164062499 0.11805555596947671 8.300509452819826 1.0000000180025095e-35 -16.292879104614254 0.82773867249488842 -1.0000000180025095e-35 -0.020263671874999997 7.8242459297180185 -7.7946922779083243 128.50000000000003
decision_type=2 2 2 2 2 2 2 2 2 2 2 2 2 2 2 2 2 2 2 2 2 2 2 2 2 2 2 2 2 2
left_child=-1 -2 4 -4 5 8 7 23 18 25 11 -8 13 -13 -12 22 17 -17 -3 -14 -15 -19 -11 -7 -25 26 -10 -18 -21 -24
right_child=1 2 3 -5 -6 6 10 -9 9 15 14 12 19 20 -16 16 27 21 -20 28 -22 -23 29 24 -26 -27 -28 -29 -30 -31
leaf_value=0.017739092252858191 -0.075181352358226317 -0.046926701142796561 -0.024132284076128985 0.028834454841840208 0.0030431373362345597 -0.052609075850365693 -0.052684945402729853 -0.037274431740328025 -0.075777057127050601 -0.069499033990415224 -0.038165250615336564 0.021852017776969108 0.11778866785124867 0.21995380851798088 0.0087429881801745195 -0.059724233824344379 0.001337034050609247 0.075189532663540545 0.073876097744884656 -0.068340456394069965 -0.047609108582214656 -0.032548140885252749 0.013522592737747219 0.089778617645774911 -0.063419047819513977 -0.0014335111640019927 0.068649417854868264 0.038753933746089264 0.0011895171676228411 -0.052706927341725114
leaf_weight=1728.4069157976774 77.839159502502298 585.52327162758229 272.03545935367583 1035.9373073829192 21470.053084163737 71.05720442684833 667.20306866967439 1681.8157288921429 205.90895096577151 151.37849091829412 399.85532031373441 124.19796589388352 29.000982737772574 41.719322294891754 3177.1892274901329 51.542945580098603 1370.3873075920055 529.3413674555195 51.600781864672172 210.00434146534099 10.413332817915942 61.935457000865426 673.48755240286118 142.65477214470229 36.58706685902871 36010.765664529776 39.292786188263563 596.09755624676473 243.20358024597226 148.49009044998093
leaf_count=14395 60344 810404 17607 3597 2209737 127839 104211 73457 44051 70620 199453 66759 330 3523 46170 21752 16594 53875 3310 8255 1219 8698 5632 66791 3806 2988017 1881 5512 6302 104627
internal_value=-3.13811e-05 -0.000470353 -0.000382023 0.0177684 -0.000728447 -0.00244017 -0.0113057 -0.0290419 -0.000941889 -0.000366395 -0.00429366 -0.0251309 0.00297223 0.0681932 0.00345346 0.0139288 0.022857 0.0534427 -0.0366438 -0.0213324 0.16702 0.0637259 -0.00999967 0.0259207 0.0576353 -0.00178071 -0.0517238 0.0127487 -0.031423 0.00131191
internal_weight=71894.9 70166.5 70088.7 1307.97 68780.7 47310.7 6834.9 1932.11 40475.8 39838.6 4902.79 1325.74 658.54 176.331 3577.04 3582.66 2609.3 642.82 637.124 482.209 52.1327 591.277 973.356 250.299 179.242 36256 245.202 1966.48 453.208 821.978
internal_count=7148768 7134373 7074029 21204 7052825 4843088 708115 271893 4134973 3321259 436222 190599 86388 71501 245623 287310 106431 84325 813714 14887 4742 62573 180879 198436 70597 3033949 45932 22106 14557 110259
is_linear=0
shrinkage=0.055


Tree=135
num_leaves=31
num_cat=0
split_feature=7 6 57 7 50 15 8 16 15 8 16 36 48 10 13 53 57 16 38 16 28 55 32 44 15 48 15 32 2 55
split_gain=210.497 303.95 242.908 242.96 255.746 243.345 236.09 274.707 272.116 288.654 228.313 224.77 325.947 303.892 211.367 351.598 271.773 251.226 236.194 213.106 259.247 276.387 246.498 235.965 202.825 244.588 199.238 238.714 195.68 195.027
threshold=2.7383713722229008 -3.2409358024597164 221.50000000000003 2.8187351226806645 -107.71329879760741 4.1971738338470468 5.6920459270477304 2302480.5000000005 6.8611876964569101 4.1510088443756112 2302860.5000000005 1.0000000180025095e-35 17.500000000000004 8.2984070777893084 3.7726949453353886 -100.8599281311035 398.50000000000006 2302196.0000000005 1.0000000180025095e-35 2097577.5000000005 8288.0000000000018 0.86694335937500011 3.2769666910171513 1.5000000000000002 7.8985967636108407 44.500000000000007 6.9300057888031015 2.1383330821990971 0.17424242943525317 0.90551757812500011
decision_type=2 2 2 2 2 2 2 2 2 2 2 2 2 2 2 2 2 2 2 2 2 2 2 2 2 2 2 2 2 2
left_child=1 -1 29 -4 -5 -6 7 8 9 -7 -9 -3 -13 14 15 17 -16 -14 -17 20 21 23 24 -18 25 -22 27 -21 -11 -2
right_child=2 11 3 4 5 6 -8 10 -10 28 -12 12 13 -15 16 18 19 -19 -20 26 22 -23 -24 -25 -26 -27 -28 -29 -30 -31
leaf_value=0.049805247735880208 0.0028700831994230417 0.0027639237285746244 -0.04327401076693442 -0.049318091926654269 0.049101118161391968 -0.036157346456181266 -0.045660355863424935 0.092416175569052184 -0.0033862002987333057 0.03118079670620227 0.010463606504903166 0.0038072703378697905 -0.00094164349325369585 -0.063255506105393988 -0.04244958218556396 -0.050559199149915406 -0.069225172674580698 0.17504676819299014 -0.0091644843535918473 -0.018880809653035249 0.057854404084757685 0.25027203915250579 0.23091059711875461 0.046369268779228111 0.078110342314536216 -0.060503287265510165 -0.047765561108027911 0.18378007707890121 -0.046033996554755728 -0.030698143326385565
leaf_weight=388.14359019133553 9989.3391631692211 42619.303016026264 641.84907428959195 440.06502503102092 226.06855001991062 1784.5183597100222 474.27486490662704 108.32014930055448 5730.5208187383614 372.15551133209374 1134.6409497958011 3604.9793161641137 57.224539601484139 421.83771733830508 298.51802301453426 919.42092493779637 142.99610222614137 37.885955702571664 764.44332493505499 45.512529859952338 113.01403724755801 6.3614466711878768 18.473505160996865 79.291275426170614 260.0986209932089 90.631113583236584 221.33343427447107 22.842171992888325 129.93784148713166 547.50373614062119
leaf_count=6508 984078 2767053 92721 864516 38640 458016 77239 21437 792829 58393 195318 9126 178817 117580 2014 106373 59282 30994 69633 16435 531 7 749 25188 16599 34027 66656 3205 11162 40991
internal_value=-0.000320771 0.00163492 -0.00486171 -0.01056 -0.00852127 -0.00669497 -0.00801531 -0.00606364 -0.0097951 -0.0258141 0.0179472 0.00125394 -0.00779945 -0.0197431 -0.0136869 -0.0259763 0.00317754 0.0744023 -0.0318495 0.0169339 0.0330729 -0.0149501 0.0557633 -0.0278789 0.0463976 0.00499238 -0.0225588 0.0567533 0.0109413 0.00111212
internal_weight=71691.5 50112.3 21579.2 11042.4 10400.5 9960.44 9734.37 9260.09 8017.13 2286.61 1242.96 49724.2 7104.86 3499.88 3078.05 1778.97 1299.07 95.1105 1683.86 1000.55 710.866 228.649 482.217 222.287 463.744 203.645 289.688 68.3547 502.093 10536.8
internal_count=7146117 3510777 3635340 2610271 2517550 1653034 1614394 1537155 1320400 527571 216755 3504269 737216 728090 610510 385817 224693 209811 176006 222679 136383 84477 51906 84470 51157 34558 86296 19640 69555 1025069
is_linear=0
shrinkage=0.055


Tree=136
num_leaves=31
num_cat=0
split_feature=26 23 27 55 41 51 45 50 10 30 53 40 57 47 45 10 10 50 54 53 7 24 51 28 32 32 53 8 14 27
split_gain=202.344 333.76 377.135 205.871 206.479 471.504 229.007 238.122 221.564 245.962 201.699 185.181 177.247 174.076 171.872 259.991 324.748 237.22 178.63 283.257 281.719 253.375 262.042 249.034 213.48 209.869 189.985 189.745 186.065 183.013
threshold=2650.5000000000005 6.5000000000000009 1169.2308349609377 0.89282226562500011 1.0000000180025095e-35 305.50000000000006 0.77654924988746654 -8.7836008071899396 6.2156071662902841 0.6904762089252473 -1.0000000180025095e-35 3.3497501611709599 6.5000000000000009 -6.7392220497131339 0.7748224437236787 9.2098903656005877 9.2104907035827654 -12.980443000793455 263.50000000000006 -0.046523362398147576 2.2017004489898686 -0.02883198298513889 221.50000000000003 31.500000000000004 2.8029010295867924 2.6020033359527592 -0.057616949081420891 3.5114340782165532 6.440148353576661 48.115919113159187
decision_type=2 2 2 2 2 2 2 2 2 2 2 2 2 2 2 2 2 2 2 2 2 2 2 2 2 2 2 2 2 2
left_child=1 2 10 4 5 6 7 -2 9 -8 14 -10 -5 -3 15 -1 17 -17 23 20 25 28 -23 -16 -22 26 -20 -24 -21 -25
right_child=3 13 -4 12 -6 -7 8 -9 11 -11 -12 -13 -14 -15 18 16 -18 -19 19 21 24 22 27 29 -26 -27 -28 -29 -30 -31
leaf_value=-0.040996789508026842 -0.052464890141910053 0.038682755796827402 -0.046389664991782167 0.0052602234673340244 0.0018373213775222407 -0.035467974574721471 0.0079617412652195092 0.050217865238859259 -0.010375634209125956 -0.083197916110300585 0.020537675063089272 0.036467872415898633 -0.026989110817949399 -0.069753786498241294 -0.014963048672827104 0.3495867574099697 -0.010622484520315171 -0.03457462935107293 -0.012025166880651321 -0.066230291063852101 0.026639035297236685 0.03331227383684246 0.17304747186345659 0.0023320042376983375 -0.060130241752421321 0.038676646169762068 -0.075858708721174284 -0.042834581879744225 0.038271450716665711 0.047687560038082291
leaf_weight=505.09156695085767 77.470966127180873 1002.4599546246172 466.42690499780656 722.80549113400048 23516.916096633795 1509.5818529584976 4133.5367477905675 411.7501583977064 9390.7401524696324 86.536258226144128 1891.876922938045 257.61296194095485 1780.4247539511416 42.401448424905539 2654.5385413628755 11.810628160219496 44.191748305434885 5.6680257691295983 871.73504482271528 59.908270639803959 1596.3308052499706 118.85197541723028 104.25762959491112 19721.968517954534 85.986567941374233 198.38691782944807 163.9555097752891 11.900359500781631 248.42789663519943 267.86446035229892
leaf_count=728342 94039 55804 662016 4074 790757 2245739 118515 19391 306105 1318 2225 8513 35751 252 163234 7711 56395 4139 625142 5343 792860 1701 4168 225952 72140 73478 29468 2008 10099 2373
internal_value=6.41267e-05 0.00350574 0.00240353 -0.00240699 -0.00143379 -0.00628098 -0.00320094 0.0335912 -0.00451046 0.00599619 0.0032083 -0.00910666 -0.0176852 0.0339711 0.00197543 -0.0278555 0.0747767 0.245029 0.00262832 0.0142586 0.00742575 0.0505316 0.0929488 0.000848624 0.022039 -0.0125039 -0.0224463 0.150075 0.0172344 0.00295154
internal_weight=71961.4 30074 29029.2 41887.4 39384.1 15867.2 14357.6 489.221 13868.4 4220.07 28562.8 9648.35 2503.23 1044.86 26670.9 566.762 61.6704 17.4787 26104.1 3459.74 2916.39 543.346 235.01 22644.4 1682.32 1234.08 1035.69 116.158 308.336 19989.8
internal_count=7149052 3524850 3468794 3624202 3584377 2793620 547881 113430 434451 119833 2806778 314618 39825 56056 2804553 796587 68245 11850 2007966 1616407 1593088 23319 7877 391559 865000 728088 654610 6176 15442 228325
is_linear=0
shrinkage=0.055


Tree=137
num_leaves=31
num_cat=0
split_feature=47 35 14 53 26 45 45 9 7 50 26 7 8 49 15 13 24 1 39 51 47 47 14 9 7 40 47 28 33 51
split_gain=157.479 218.268 277.736 224.864 205.009 196.896 283.773 366.543 242.137 210.887 208.401 338.311 237.561 232.678 301.243 396.717 369.519 197.914 220.993 219.415 192.762 199.41 308.655 278.189 257.644 257.595 216.863 203.375 201.378 531.423
threshold=-5.4528582096099845 1.7005987167358401 6.0532643795013437 -100.86661529541014 515.00000000000011 0.83140075206756603 0.8301387131214143 4.7505102157592782 2.3659464120864873 -10.534414768218992 1033.5000000000002 1.7064117193222048 1.7005987167358401 7.1610362529754648 8.1985020637512225 2.7403194904327397 -0.022009613923728463 0.73214286565780651 1.0000000180025095e-35 69.500000000000014 -121.66288375854491 -30.868220329284664 6.1495356559753427 4.8107581138610849 1.9255461692810061 2.0126758813858037 -21.970129966735836 5.5000000000000009 8.9359483718872088 221.50000000000003
decision_type=2 2 2 2 2 2 2 2 2 2 2 2 2 2 2 2 2 2 2 2 2 2 2 2 2 2 2 2 2 2
left_child=1 2 -1 -4 -2 6 10 9 -7 -8 11 -5 -13 14 15 16 -12 18 19 -15 -3 22 25 24 28 -22 -25 -24 -23 -30
right_child=4 20 3 5 -6 8 7 -9 -10 -11 13 12 -14 17 -16 -17 -18 -19 -20 -21 21 23 27 26 -26 -27 -28 -29 29 -31
leaf_value=-0.0089188334911787324 0.015600969136702529 -0.057214326916956687 -0.049182803470208029 -0.00030598578549459227 0.0011924999846068709 -0.0077915369202788643 0.26266835357651341 0.043446166344815011 0.013693291715588333 -0.0445546020713335 -0.0049852314930984732 -0.057415556723995433 0.085783376008208428 0.034452811997280688 0.051365643769311173 -0.038638753978618399 0.21996187538428985 0.12804527118623171 -0.075547905517349995 -0.056894121915489461 0.170853486934746 -0.045504781140748088 -0.010360803601238901 -0.053541104282244401 -0.0096435914471423821 -0.061898410236660602 -0.0037211068550657123 0.018477530941329774 -0.037631195022151037 0.29485340714421282
leaf_weight=4201.7387208431792 3296.3400347248207 213.90474179826197 198.6630318229254 343.55803614958859 31403.962782953215 2959.4643230819711 35.721285748753871 201.00106106228486 3410.1968468002815 6.5267277253878992 56.724586190357513 35.10047939447395 382.02217678014858 853.81995435373392 182.02655220255838 759.64156143325818 30.956615056107694 48.470170714892447 64.695671460518497 83.15541436674539 10.459046412208407 1277.6828839925074 1031.0859953402723 263.92551183441537 2065.2962939158606 261.21951185337093 15516.281838974966 2589.0956753782484 53.210242184497474 14.566831354157328
leaf_count=1005176 18766 219323 588563 45562 175351 45462 1708 8971 410236 383 27674 16677 41253 4704 29922 368488 5868 311 2063 7636 1870 311142 794154 257704 401019 154998 1797461 383823 3682 18398
internal_value=-0.000100773 -0.00258915 0.00287716 0.00801432 0.00256328 0.00924172 0.0206388 0.0770701 0.00371275 0.215514 0.0156788 0.0402139 0.073196 0.00662886 -0.011927 -0.0257454 0.0820163 0.0247877 0.0191799 0.0260869 -0.00583963 -0.00535126 0.00599469 -0.00765314 -0.0218852 -0.0500123 -0.00457105 0.0102609 -0.0405709 0.0491752
internal_weight=71850.5 37150.2 13853.5 9651.74 34700.3 9453.08 3083.42 243.249 6369.66 42.248 2840.17 760.681 417.123 2079.49 1029.35 847.323 87.6812 1050.14 1001.67 936.975 23296.7 23082.8 3891.86 19191 3410.76 271.679 15780.2 3620.18 1345.46 67.7771
internal_count=7148348 6954231 2610657 1605481 194117 1016918 561220 11062 455698 2091 550158 103492 57930 446666 431952 402030 33542 14714 14403 12340 4343574 4124251 1334845 2789406 734241 156868 2055165 1177977 333222 22080
is_linear=0
shrinkage=0.055


Tree=138
num_leaves=31
num_cat=0
split_feature=0 54 1 30 27 52 25 6 28 9 32 30 57 1 31 3 9 27 10 4 43 0 15 25 56 47 26 9 16 50
split_gain=173.684 265.022 238.027 230.177 237.074 222.476 227.462 186.486 294.392 184.997 184.578 180.066 172.599 268.186 211.24 184.375 170.613 169.96 189.97 165.757 161.092 158.269 153.822 288.18 221.305 218.654 206.636 205.496 185.888 257.187
threshold=0.64583334326744091 318.50000000000006 0.53571429848670971 0.92857143282890331 1213.1057128906252 0.78877171874046337 -10.12188148498535 -7.4195799827575675 6.5000000000000009 1.0000000180025095e-35 3.4175922870635991 0.77500000596046459 350.50000000000006 0.38750000298023229 0.89587974548339855 0.75735294818878185 4.7060663700103769 19.978932380676273 11.418565273284914 1.0000000180025095e-35 1.0000000180025095e-35 0.38750000298023229 8.0483088493347186 -16.182003021240231 -0.041748046874999993 -116.35697937011717 218.00000000000003 4.8282039165496835 86463.000000000015 -5.5100338459014884
decision_type=2 2 2 2 2 2 2 2 2 2 2 2 2 2 2 2 2 2 2 2 2 2 2 2 2 2 2 2 2 2
left_child=2 11 3 4 7 -5 -7 12 17 -3 -4 20 13 -1 -14 -15 -13 -9 21 22 -2 -19 26 -24 25 -25 -10 -26 -29 -30
right_child=1 9 10 5 -6 6 -8 8 19 -11 -12 16 14 15 -16 -17 -18 18 -20 -21 -22 -23 23 24 27 -27 -28 28 29 -31
leaf_value=-0.012311080159445377 0.0042183203667644715 0.092745884386099098 -0.014650929287628777 0.099365960560434216 -0.036821579527632375 -0.044698940722481012 0.020860008137727131 0.01338870073481248 0.015001041519529757 0.023170189090925174 0.037264698214207109 -0.084086974985081595 0.085946282085579404 -0.038245959796096435 -0.051070334397230778 0.071140499598716531 -0.010363504277861096 -0.066137462736200747 0.092149742960845771 0.051736010102685526 0.048847582475007943 -0.016330502244979381 0.18602469920470904 -0.064736989066980874 -0.074477512813781996 0.012555855162477862 -0.0031066462499162208 0.020824374367316132 -0.06390292254827179 0.0011169944415454981
leaf_weight=560.95478029395599 15028.313199293276 134.57128183496388 5113.6001644433927 93.266454969314509 549.25402631582983 173.5940296937697 1562.4228856699046 215.4048963896239 2010.9045948237399 712.44408725318499 211.21656849583815 98.074949020621716 195.20878681550676 53.699865037895506 37.533144227942103 249.58721722560585 1239.8993039264751 477.97756093268254 26.708142216055421 178.03020014625508 243.76944743534841 328.40773723832899 22.028764575930836 108.11023603788271 143.91721245330336 5457.0953238331567 35101.66527681538 477.35609378491063 283.61623206044897 507.36296935472637
leaf_count=397586 166685 18416 186311 7115 725568 26917 3257 12629 60418 175296 3879 3527 27382 47381 24410 61724 16545 339470 4793 543 2235 50472 3699 39378 1945 486390 4248358 2004 4141 885
internal_value=1.58552e-05 0.00478559 -0.00152244 -0.000317418 -0.0010635 0.0187963 0.0141949 -0.000636628 -0.00117987 0.0347036 -0.0125586 0.00324996 0.021719 0.0102376 0.0632409 0.0514664 -0.0160605 -0.0299144 -0.041124 -0.00049632 0.00494644 -0.0460788 -0.000712962 0.00676274 0.00606399 0.0109976 -0.00212361 -0.0133479 -0.00614634 -0.0224517
internal_weight=71596 17457.1 54138.9 48814.1 46984.8 1829.28 1736.02 46435.6 45338.6 847.015 5324.82 16610.1 1096.98 864.242 232.742 303.287 1337.97 1048.5 833.093 44290.1 15272.1 806.385 44112.1 6999.49 6977.46 5565.21 37112.6 1412.25 1268.34 790.979
internal_count=7149359 382704 6766655 6576465 6539176 37289 30174 5813608 5255125 193712 190190 188992 558483 506691 51792 109105 20072 407364 394735 4847761 168920 389942 4847218 538442 534743 525768 4308776 8975 7030 5026
is_linear=0
shrinkage=0.055


Tree=139
num_leaves=31
num_cat=0
split_feature=26 23 27 53 8 8 15 55 30 40 50 15 8 9 55 49 50 7 52 48 40 40 9 53 49 46 56 23 16 49
split_gain=172.907 230.326 335.072 175.036 173.714 209.733 194.183 224.356 181.722 178.356 366.071 326.077 457.62 231.702 165.446 164.476 174.545 162.416 199.372 286.925 179.086 245.252 242.541 282.164 334.138 220.055 219.075 281.126 245.875 192.389
threshold=2650.5000000000005 6.5000000000000009 1169.2308349609377 -1.0000000180025095e-35 3.7256208658218388 3.5408543348312382 5.2012517452239999 0.91381835937500011 0.30952382087707525 3.3497501611709599 -11.421372413635252 6.4731185436248788 3.8815107345581059 4.6007614135742196 0.88842773437500011 5.067498207092286 -9.2080621719360334 1.7064117193222048 0.78953051567077648 52.500000000000007 2.2499048709869389 2.8029010295867924 4.8282039165496835 -0.051757574081420891 2.2566730976104741 5.3157377243042001 -100.90649414062499 3.5000000000000004 4140.5000000000009 13.174286842346193
decision_type=2 2 2 2 2 2 2 2 2 2 2 2 2 2 2 2 2 2 2 2 2 2 2 2 2 2 2 2 2 2
left_child=1 2 3 -1 5 6 7 -2 -7 17 11 12 -11 -13 -12 -3 -17 18 19 -6 22 25 -19 -24 -25 26 27 -22 -28 -23
right_child=4 15 -4 -5 9 8 -8 -9 -10 10 14 13 -14 -15 -16 16 -18 20 -20 -21 21 29 23 24 -26 -27 28 -29 -30 -31
leaf_value=0.0017153186348947392 -0.033779916149181299 0.049422351085823962 -0.045397959228685399 0.019013805486277922 0.080660734223684624 -0.037856752045671065 -0.0030281683858553051 0.074907128271696807 0.0004065355566633295 0.65409229644242273 0.016380840503927033 0.2363295682096779 0.1290274724500563 0.014987566325132647 -0.11570441601973028 -0.054261397160886113 0.023020019844652708 0.069673264343287231 0.0052473383390139183 -0.02113204073390575 -0.025196625868074918 -0.0064832514492745453 -0.061692507081119063 0.10575967543929096 0.0052822267928109958 -0.023391577167113615 0.075052949920115394 0.1376332316016354 -0.016675626750516793 0.010441159944161022
leaf_weight=26639.778001302409 974.30375081870807 537.64449350881478 436.90062978065907 1890.4640822382753 245.04244660033146 1084.6042357414299 18562.380059884759 56.392452043801313 572.70568926713895 2.3653917211959223 448.3865868346038 12.565181318008397 28.798790225868288 81.49184042883644 25.644954116432928 109.53010026668926 383.05355869411142 209.48798024809366 5649.4678570574615 123.33054864811129 51.038504642419866 5177.3843913539276 155.88337460444382 108.24707948042487 869.18847627211653 3043.0400181546865 98.075189974177192 75.607536944149615 616.06335363350809 3337.0746104462014
leaf_count=2804922 192993 49675 661581 2288 2921 140244 1959657 443 17018 706 8032 1079 2305 20884 243 4855 1600 12479 102415 179551 51926 559845 81398 7193 5071 35783 12690 26516 193990 8803
internal_value=-0.000142341 0.00304043 0.00212904 0.00286468 -0.00243702 -0.00591479 -0.00432222 -0.0275004 -0.0246729 0.00119372 0.0306282 0.112317 0.253804 0.0549933 0.00810197 0.0285321 0.00546328 0.000293504 0.00782482 0.0467541 -0.00300644 -0.00507448 0.016036 0.00585894 0.0168913 -0.0165183 0.00834937 0.0735479 -0.00364398 0.000152173
internal_weight=71605.9 29997.4 28967.1 28530.2 41608.6 21250.4 19593.1 1030.7 1657.31 20358.2 599.253 125.221 31.1642 94.057 474.032 1030.23 492.584 19758.9 6017.84 368.373 13741.1 12398.3 1342.81 1133.32 977.436 3883.82 840.785 126.646 714.139 8514.46
internal_count=7149106 3524921 3468791 2807210 3624185 2310355 2153093 193436 157262 1313830 33249 24974 3011 21963 8275 56130 6455 1280581 284887 182472 995694 889553 106141 93662 12264 320905 285122 78442 206680 568648
is_linear=0
shrinkage=0.055


Tree=140
num_leaves=31
num_cat=0
split_feature=47 18 10 10 26 15 27 29 31 49 57 50 46 21 51 46 6 7 35 6 16 30 35 10 48 10 53 55 55 31
split_gain=161.147 154.278 154.208 217.55 138.357 169.768 161.598 145.322 183.489 348.943 386.728 299.665 291.33 290.314 265.567 247.833 239.625 358.803 391.796 414.02 257.005 274.749 280.208 248.905 229.409 310.837 315.656 311.666 485.954 273.151
threshold=-121.66288375854491 1.0000000180025095e-35 8.5174932479858416 8.6995978355407733 99.500000000000014 7.3749423027038583 2930.156372070313 0.18333333730697635 2.8617925643920903 6.6213276386260995 278.50000000000006 -5.5100338459014884 3.8876070976257329 1.0000000180025095e-35 34.500000000000007 6.3100476264953622 -0.027874349616467949 0.75636866688728344 0.54930613934993755 -0.035000072792172425 84436.000000000015 1.0000000180025095e-35 2.1383330821990971 6.4002559185028085 17.500000000000004 7.0950558185577401 -0.018086224794387814 0.87084960937500011 0.87719726562500011 2.5249279737472539
decision_type=2 2 2 2 2 2 2 2 2 2 2 2 2 2 2 2 2 2 2 2 2 2 2 2 2 2 2 2 2 2
left_child=2 -2 -1 -4 5 -3 7 -6 9 10 -9 13 -10 14 -12 -11 17 18 19 -16 21 22 23 -19 -17 26 -26 -28 -29 -27
right_child=1 4 3 -5 6 -7 -8 8 12 15 11 -13 -14 -15 16 24 -18 20 -20 -21 -22 -23 -24 -25 25 29 27 28 -30 -31
leaf_value=-0.052609091687920793 -0.0766430882064352 0.02151914518980937 0.14755516533413224 -0.050479482043188327 0.0034493528678373854 -0.012625262763275052 -0.057509488487387586 0.0043905774372102937 0.03231703179577896 0.016297448344393655 -0.064434124172757609 -0.0050168141672775881 -0.00024616191076821335 -0.057044923018621282 0.081779923717848493 0.002329121293454528 -0.042233003045719732 0.24500896137654929 0.033925695001604597 0.51964934354724479 -0.023720623619502633 -0.05266845510104342 0.026002041623418171 -0.038232064456516543 -0.011382232713168584 -0.0034019189577155769 -0.098528875779173158 0.04954859752815842 -0.055115999061898679 0.036038240285136004
leaf_weight=291.08395920889234 72.620819805539213 1912.3207480572746 26.105746919223748 32.456487635401572 30311.63346733783 568.23546490275476 140.06322565632581 2280.2456474284227 1186.5442280270145 2505.0630850182351 334.15583833910569 1690.7074854092571 2747.2319214537638 1058.0041836187884 19.746789120312318 15496.883190119639 472.24035230801746 38.845765486716118 95.093108956018114 6.9315404705157553 661.21326916023827 54.774867504725989 86.626859410076577 10.380448307609184 4086.6672794534461 4097.8512687859838 252.09334410680458 179.466472662054 491.8196821892634 605.20520764355751
leaf_count=307983 58944 227262 1538 32520 4669344 68777 173165 376306 114800 46625 5992 25370 24142 362839 4187 28853 103724 9400 22041 329 315671 30804 23921 7196 51948 46071 1449 336 1919 4174
internal_value=0.000671705 0.00085518 -0.0363113 0.0424628 0.000939376 0.0136878 0.000479507 0.000601786 -0.00164276 -0.00292551 -0.0140763 -0.0233691 0.00960442 -0.0342742 -0.0206178 -0.000183966 -0.0103041 0.00531932 0.0916589 0.25961 -0.00748584 0.0479932 0.0890081 0.187263 -0.0018246 -0.00844948 -0.0179751 -0.0469353 -0.0269748 0.00170626
internal_weight=71812.3 71462.7 349.646 58.5622 71390 2480.56 68909.5 68769.4 38457.8 34524 6808.97 4528.72 3933.78 2838.01 1780.01 27715 1445.85 973.613 121.771 26.6783 851.841 190.628 135.853 49.2262 25210 9713.1 5010.05 923.379 671.286 4703.06
internal_count=7147630 6805589 342041 34058 6746645 296039 6450606 6277441 1608097 1469155 1287780 911474 138942 886104 523265 181375 517273 413549 26557 4516 386992 71321 40517 16596 134750 105897 55652 3704 2255 50245
is_linear=0
shrinkage=0.055


Tree=141
num_leaves=31
num_cat=0
split_feature=47 12 13 51 19 13 38 10 16 56 42 50 9 32 46 16 45 52 35 16 48 25 2 56 56 7 31 14 51 51
split_gain=159.134 141.188 251.866 203.425 174.966 163.254 212.083 191.743 188.321 223.677 379.185 364.623 372.73 232.971 197.57 185.411 176.3 177.784 225.288 298.732 320.163 255.493 301.857 331.855 777.286 381.386 242.761 234.899 338.417 233.68
threshold=-124.74536895751952 1.0000000180025095e-35 3.113268375396729 8.5000000000000018 5.5000000000000009 3.113268375396729 1.0000000180025095e-35 12.102104663848879 86456.500000000015 -100.86743164062499 1.0000000180025095e-35 -13.991179466247557 4.8150444030761728 3.4811217784881596 11.676811695098879 86466.500000000015 0.77306020259857189 0.83150741457939159 2.0126758813858037 2303425.5000000005 102.50000000000001 -6.8392834663391104 0.11437908560037614 -100.90258789062499 -100.90649414062499 1.1365862488746645 3.3140207529067998 4.7916412353515634 34.500000000000007 8.5000000000000018
decision_type=2 2 2 2 2 2 2 2 2 2 2 2 2 2 2 2 2 2 2 2 2 2 2 2 2 2 2 2 2 2
left_child=-1 5 -3 -4 -5 6 -2 8 9 10 14 12 -12 -14 -7 -10 -17 18 19 20 27 22 -22 24 -24 -26 29 28 -18 -21
right_child=1 2 3 4 -6 7 -8 -9 15 -11 11 -13 13 -15 -16 16 17 -19 -20 26 21 -23 23 -25 25 -27 -28 -29 -30 -31
leaf_value=-0.056677998782307761 -0.00043906146110870951 0.026348902428834333 0.00073043276851980437 -0.056577923204994607 0.10726146681957159 -0.032037885457109595 -0.016785594777327172 -0.054668433149136782 0.02132223295128292 0.001876428897039863 0.16477473095251996 -0.0017029333952196777 -0.05568227572592542 0.11032486947746889 0.0025004498313299442 -0.027749378052138219 -0.018115647383685211 0.00061033531567122315 -0.00050378027519981682 0.014368258010995194 0.0094659644966875508 0.076127680625748775 -0.050755479307611803 0.036543213469140641 0.55685805119140552 0.17210162731124579 0.04610193408034792 0.0058746051486396602 0.14716751863241029 -0.056163052333262187
leaf_weight=144.93351886699384 7293.5611204150737 290.23582371408702 363.42768812878057 581.72734713705358 15.924884062540512 2484.6670480752327 3574.3316937795789 178.1941539637337 1650.5907173827654 6848.7747411488999 79.730174446944147 1605.3865738891764 62.875066499822424 36.054704034744645 626.35965887420753 567.38204412603955 64.638926190942584 30640.444507738895 5630.1623133516659 208.70720779307885 1556.5045319708443 332.43089631713883 41.329968119513069 1009.3834190064917 6.2045394159431444 63.730599316197186 138.35464078086807 4666.7010913908889 81.037575594411464 428.96416812424286
leaf_count=170894 898803 33198 791 147340 1624 847977 460465 35694 179129 296847 4302 14315 13694 796 4216 854944 514 388404 1331854 454 819048 60569 47586 263301 1596 11935 11588 78888 2344 165909
internal_value=-7.53188e-05 4.39934e-05 -0.0182304 -0.0317596 -0.0513586 0.000372524 -0.00582051 0.00151352 0.00168832 -0.00454133 -0.0135133 0.00669012 0.0801008 0.00721561 -0.0250912 0.00324238 0.0025833 0.00296992 0.00804931 0.0136471 0.0168774 0.0309344 0.0251911 0.0468932 0.135178 0.241115 -0.0188127 0.00806347 0.0756613 -0.0331463
internal_weight=71272.8 71127.8 1251.32 961.08 597.652 69876.5 10867.9 59008.6 58830.4 11743.8 4895.07 1784.05 178.66 98.9298 3111.03 47086.6 45436 44868.6 14228.1 8597.99 7821.96 3009.58 2677.15 1120.65 111.265 69.9351 776.026 4812.38 145.677 637.671
internal_count=7149019 6978125 182953 149755 148964 6795172 1359268 5435904 5400210 1182147 885300 33107 18792 14490 852193 4218063 4038934 3183990 2795586 1463732 1285781 1204035 1143466 324418 61117 13531 177951 81746 2858 166363
is_linear=0
shrinkage=0.055


Tree=142
num_leaves=31
num_cat=0
split_feature=8 8 42 50 35 40 46 15 56 39 50 15 57 8 51 54 30 13 15 15 35 50 48 56 52 53 52 52 48 57
split_gain=158.793 191.897 272.675 203.077 263.471 187.21 219.107 238.767 275.586 342.944 421.222 206.326 303.293 205.385 202.544 240.926 198.218 205.919 190.385 179.389 177.277 238.399 408.769 269.951 188.812 182.086 232.551 279.773 298.756 258.634
threshold=3.9981586933135991 3.9019217491149907 1.0000000180025095e-35 -8.5586323738098127 1.9088562130928042 2.8029010295867924 11.676811695098879 6.6140549182891855 -100.89379882812499 1.0000000180025095e-35 -8.0594902038574201 8.2431507110595721 178.50000000000003 5.0968081951141366 172.50000000000003 403.50000000000006 0.63333335518836986 2.8029010295867924 4.1971738338470468 8.6331076622009295 1.7005987167358401 -11.421372413635252 829.50000000000011 -100.90844726562499 0.76930174231529247 -100.86132049560545 0.83927860856056224 0.8366849720478059 26.500000000000004 350.50000000000006
decision_type=2 2 2 2 2 2 2 2 2 2 2 2 2 2 2 2 2 2 2 2 2 2 2 2 2 2 2 2 2 2
left_child=1 20 -3 4 -4 18 7 8 16 -10 13 -9 -13 -11 -14 -16 17 -7 -2 -20 25 -22 -23 -24 -25 -1 27 -27 -29 -30
right_child=5 2 3 -5 -6 6 -8 11 9 10 -12 12 14 -15 15 -17 -18 -19 19 -21 21 22 23 24 -26 26 -28 28 29 -31
leaf_value=-0.03743120523293407 0.06768781792861818 -0.038585287563245599 0.12327112521725964 -0.012872887001416471 -0.020114263656770586 0.049739582447818183 0.015777964635545864 -0.0058981700089125837 0.019916582101524385 0.16733394142108882 -0.0013594605306772635 -0.044326019808039921 0.014169285203423533 -0.050168550913196136 0.086635051391216786 -0.049986096252876547 0.042323856117833354 -0.047980793880517798 -0.0027755656904155089 -0.075474943877726949 -0.017005313408626582 -0.0041886995911634192 -0.069793603955923836 0.083869943381784398 0.023601811385099127 0.0078064010536501244 -0.0016356600830705233 0.00022268461520979428 -0.021351683080540824 0.097591666738277932
leaf_weight=329.84128166118899 109.82316380901466 961.37856973290764 87.442800460885337 312.64938701933715 64.643559489530162 74.84236651251922 5531.9749789408379 6996.0166484495858 1256.08274531196 133.67856757161644 91.800312600942561 222.98211731798074 1279.5237271591468 12.289514209194747 239.77855501855811 43.05575159680302 143.62516171003517 366.86697764568089 9626.6230290190833 98.792238614081725 3847.298221990568 20239.974137245103 79.591022307493404 177.54698116347572 1204.9807830994541 6331.9856086865002 10548.818753409694 257.06502920965431 65.111350665290956 310.6066320065438
leaf_count=821976 9477 129252 3951 1123 5947 7223 11113 712458 100802 11189 789 11114 17797 3444 19689 75743 1181 90189 765337 12091 2506330 510776 25712 44508 46494 1060762 121270 843 7338 13657
internal_value=-0.000123528 -0.00211255 -0.0219286 0.0125722 0.0636255 0.00327515 0.00687366 0.00233294 0.0190685 0.0315729 0.0914726 -0.00163818 0.0150248 0.147967 0.0236098 0.0653302 -0.0128415 -0.0310518 -0.00272298 -0.00355246 -0.00145884 -0.00439633 -0.00215764 0.0258766 0.0316159 0.0027473 0.00351447 0.0113104 0.0460375 0.0769693
internal_weight=71046.7 44818.9 1426.11 464.736 152.086 26227.8 16392.5 10860.5 2079.19 1493.85 237.768 8781.36 1785.34 145.968 1562.36 282.834 585.335 441.709 9835.24 9725.42 43392.8 25549.4 21702.1 1462.12 1382.53 17843.4 17513.6 6964.77 632.783 375.718
internal_count=7149575 5299939 140273 11021 9898 1849636 1062731 1051618 214817 116224 15422 836801 124343 14633 113229 95432 98593 97412 786905 777428 5159666 3133820 627490 116714 91002 2025846 1203870 1082600 21838 20995
is_linear=0
shrinkage=0.055


Tree=143
num_leaves=31
num_cat=0
split_feature=50 25 12 13 51 52 13 55 50 19 19 55 14 40 9 8 50 47 14 24 56 56 53 23 31 22 32 10 40 8
split_gain=151.124 199.614 169.85 276.727 173.878 160.285 142.434 183.727 136.039 133.742 156.18 133.303 145.254 135.506 216.506 182.295 312.954 441.313 359.578 365.945 359.152 349.246 326.44 271.617 350.327 262.16 315.599 207.376 176.961 176.87
threshold=-1.0000000180025095e-35 -9.0304989814758283 1.0000000180025095e-35 2.8029010295867924 78.500000000000014 0.85210400819778453 3.9415346384048466 0.83862304687500011 -121.81373214721678 5.5000000000000009 2.5000000000000004 0.90454101562500011 7.2587642669677743 2.8029010295867924 4.9600613117218026 3.9981586933135991 -10.92155885696411 -13.513373374938963 6.4777410030364999 -0.035825770348310464 -100.89477539062499 -0.015380859374999998 -0.024376481771469113 6.5000000000000009 2.6735538244247441 1.4978661537170412 3.9019217491149907 8.2984070777893084 3.4175922870635991 4.0517470836639413
decision_type=2 2 2 2 2 2 2 2 2 2 2 2 2 2 2 2 2 2 2 2 2 2 2 2 2 2 2 2 2 2
left_child=2 -2 6 4 -4 9 8 -8 -1 10 -5 13 -13 14 -10 16 18 27 19 -15 -21 25 -22 24 -23 26 -20 -18 -19 -17
right_child=1 -3 3 5 -6 -7 7 -9 11 -11 -12 12 -14 15 -16 29 17 28 21 20 22 23 -24 -25 -26 -27 -28 -29 -30 -31
leaf_value=-0.053923078103337699 -0.008785890514470639 0.018823079958566927 -0.015550117464714453 0.0032975331547478036 0.10866620625080496 -0.060213137979317717 -0.071476723431608408 0.0034174599664147892 -0.0093111783073403023 0.13308908043001438 -0.054346761010029422 -0.0079430606599104406 -0.054103994058591447 -0.011586696629751652 0.0012568149923712852 0.033568404001877251 0.036298019413792036 -0.00088710070264203726 -0.044280653848708933 -0.054039807736843894 0.12412226130384409 -0.037963784886167751 -0.037215248193700222 0.13273479432236607 0.10355241337010901 -0.0053703483404645494 0.079190713640463664 -0.019867330885759631 0.043305082935924673 0.0057883825256598289
leaf_weight=136.52695291803684 1121.5033657887325 2672.5816025840977 60.976424929729546 371.46982461898733 69.258790855699772 370.90743414118333 188.44884144300158 202.23027368104522 9502.074688552224 13.133221499821955 224.81375681976351 956.75423345055606 258.70787576720613 462.20241615139093 15301.674042670136 723.52175923974573 1489.166652740063 18656.137540433458 1873.2749141649037 57.673939543066808 199.47370728772512 165.38180022804954 44.151496968308493 60.570416369766463 71.772917404145119 986.11564447073761 60.348894332564669 226.14263141898482 273.18793076903239 14472.556931520092
leaf_count=331055 2909 11135 467 82257 14658 4731 50999 12435 1186911 2018 83367 30791 15411 272826 1580523 39879 45361 452605 1164745 77444 43094 31027 415 1135 4750 636538 9176 10383 5293 944930
internal_value=-1.20012e-05 0.0106613 -0.000612866 -0.0218957 0.0520832 -0.0319382 -0.00025511 -0.0331554 -5.77967e-05 -0.0143793 -0.018707 5.7984e-05 -0.0179497 0.000398031 -0.00279274 0.00238557 -0.000537852 0.00218579 -0.0146472 0.0191936 0.06583 -0.022695 0.0947231 0.0336449 0.00611874 -0.0284876 -0.0402328 0.0288571 -0.000238052 0.00712166
internal_weight=71272.7 3794.08 67478.7 1110.56 130.235 980.324 66368.1 390.679 65977.4 609.417 596.284 65840.9 1215.46 64625.4 24803.7 39821.7 24625.6 20644.6 3980.97 763.502 301.299 3217.46 243.625 297.725 237.155 2919.74 1933.62 1715.31 18929.3 15196.1
internal_count=7149268 14044 7135224 187498 15125 172373 6947726 63434 6884292 167642 165624 6553237 46202 6507035 2767434 3739601 2754792 513642 2241150 393779 120953 1847371 43509 36912 35777 1810459 1173921 55744 457898 984809
is_linear=0
shrinkage=0.055


Tree=144
num_leaves=31
num_cat=0
split_feature=0 30 45 22 27 57 53 19 28 43 1 51 32 32 51 24 56 7 29 50 54 30 9 54 13 50 53 27 9 57
split_gain=146.74 273.539 312.381 248.698 217.057 194.307 201.475 193.777 283.225 188.402 178.634 175.742 171.325 270.241 169.974 168.066 167.173 162.599 171.999 160.711 193.656 160.195 258.923 196.114 221.48 170.096 305.67 252.574 168.493 166.972
threshold=0.58571431040763866 0.92857143282890331 0.8354698419570924 4.1190040111541757 0.047453967854380615 48.500000000000007 -0.034009397029876702 1.5000000000000002 9584.0000000000018 1.0000000180025095e-35 0.53571429848670971 60.500000000000007 1.8688348531723025 1.4978661537170412 17.500000000000004 -0.019351040944457051 -100.91333007812499 0.027899049222469333 0.26785714924335485 -113.95423126220702 122.50000000000001 0.63333335518836986 4.6544785499572763 568.50000000000011 3.5114340782165532 -6.1563501358032218 -0.056640416383743279 1229.9812622070315 4.9959597587585458 266.50000000000006
decision_type=2 2 2 2 2 2 2 2 2 2 2 2 2 2 2 2 2 2 2 2 2 2 2 2 2 2 2 2 2 2
left_child=1 3 11 10 5 -4 16 8 -5 21 19 -3 13 -10 -12 17 -7 -16 -19 20 -1 23 -23 25 -25 29 28 -28 -27 -2
right_child=9 2 4 7 -6 6 -8 -9 12 -11 14 -13 -14 -15 15 -17 -18 18 -20 -21 -22 22 -24 24 -26 26 27 -29 -30 -31
leaf_value=0.0067323304354934945 3.7514642366197112e-06 0.033193345894571694 -0.07429384120952881 -0.010155915416345042 -0.029759509552397288 0.015735254367503369 0.02716144986599733 -0.024891141384385824 0.026235761208345879 0.044233579117023449 -0.0015685978916932565 0.10396177035535094 -0.059769422179209025 0.18917105458888089 0.028969930971529119 0.028240142725015262 -0.058966386330477863 0.0016168396675973824 -0.042850452397377177 -0.00012119266451675139 -0.054432323298226254 -0.065150813746075772 -0.0036203394953536979 -0.059238480434863974 0.053473173777515974 0.084471567434504471 0.0051367744878390601 0.069264606462335107 -0.021574576071012059 -0.030593253547078311
leaf_weight=274.54488340944954 2449.0164150332639 440.49407243725727 67.579712571576238 547.00135919087916 418.84579144495365 191.75207995361416 1375.4875424879137 2424.5115945637153 71.285435143276118 342.70165649910632 2025.1492910034431 138.80824532432598 20.81844677510162 51.897761325762986 130.47500694730843 164.24552808638691 164.10636088295723 328.2485342491309 1314.1695226183328 42802.782879439837 356.41143680272216 218.43724236621347 2802.6648749966189 55.861001995162951 427.99643814060983 226.21421172772534 10468.612247913927 184.19433201686479 54.16593893233221 686.96382225515117
leaf_count=62454 132552 1180 209 135427 52334 640 2084 530088 12765 4955 4069 3940 5691 2358 2264 1784 798 27166 109847 4757584 1040998 12927 66097 42799 69204 441 20129 641 338 45814
internal_value=-0.0001649 -0.00161219 0.0151148 -0.00253985 0.00567522 0.0139851 0.017635 -0.0175797 0.00806833 0.00414054 -0.00154948 0.0508949 0.0753123 0.0995826 -0.0127212 -0.0243463 -0.0190536 -0.0292838 -0.0339854 -0.000528986 -0.0279744 0.00334635 -0.00816953 0.00573895 0.0399879 0.00454729 0.00778553 0.00627756 0.0639657 -0.00673682
internal_weight=71225.4 53308.6 2797.07 50511.5 2217.77 1798.93 1731.35 3115.51 691.003 17916.8 47396 579.302 144.002 123.183 3962.29 1937.14 355.858 1772.89 1642.42 43433.7 630.956 17574.1 3021.1 14553 483.857 14069.2 10933.2 10652.8 280.38 3135.98
internal_count=7149577 6753680 61185 6692495 56065 3731 3522 686329 156241 395897 6006166 5120 20814 15123 145130 141061 1438 139277 137013 5861036 1103452 390942 79024 311918 112003 199915 21549 20770 779 178366
is_linear=0
shrinkage=0.055


Tree=145
num_leaves=31
num_cat=0
split_feature=13 26 22 50 31 51 10 53 10 9 47 47 45 54 52 56 13 51 50 13 8 39 8 53 33 52 51 53 9 3
split_gain=151.837 206.064 294.733 271.77 275.059 254.999 285.747 256.555 261.001 263.876 210.41 211.755 198.355 232.296 375.479 302.765 292.488 276.428 240.908 240.781 318.629 235.597 228.396 203.129 273.152 267.338 441.12 256.361 227.709 196.276
threshold=3.4811217784881596 1230.5000000000002 5.9864487648010263 -18.875291824340817 1.0000000180025095e-35 60.500000000000007 5.5234570503234872 -0.049800932407379143 6.6739296913146982 4.9710285663604745 -9.630940914154051 -9.4285411834716779 0.88482505083084118 990.50000000000011 0.80346569418907177 -100.86743164062499 3.3140207529067998 8.5000000000000018 -1.0000000180025095e-35 3.2769666910171513 2.3502402305603032 1.0000000180025095e-35 1.8688348531723025 -0.0395309031009674 6.908255100250245 0.8366849720478059 34.500000000000007 -0.041010797023773186 4.9311423301696786 0.97916665673255932
decision_type=2 2 2 2 2 2 2 2 2 2 2 2 2 2 2 2 2 2 2 2 2 2 2 2 2 2 2 2 2 2
left_child=1 3 12 -1 5 -5 -7 10 9 -9 -8 -12 13 14 15 16 19 -15 -19 22 -21 -16 -3 24 29 -26 27 -27 -28 -23
right_child=-2 2 -4 4 -6 6 7 8 -10 -11 11 -13 -14 17 21 -17 -18 18 -20 20 -22 23 -24 -25 25 26 28 -29 -30 -31
leaf_value=-0.032433290644539162 0.0018551276261289695 -0.059770384948585435 -0.088306991801203966 0.0083495813099025654 -0.0016516028344937439 -0.023496522223273499 0.050431135868724344 0.11787074101605162 0.0011715562624090212 -0.013009591197654657 0.28961470023957697 0.10708829114754564 -0.02091267229560222 0.022166283746135849 -0.0078174034978390292 -0.002411144405337037 -0.020764911816160629 -0.058509288580190423 0.1552286412117504 0.32278315841954192 -0.044797237511932285 -0.068652199887144313 0.088638129780141142 0.00053449815862473054 0.0098175930816930893 -0.093746554583799199 -0.042816922247150939 0.11291112663868795 0.17923254990676998 0.024507446542276587
leaf_weight=582.55089698754819 45376.848574940617 31.887814762179914 128.42433423254624 1970.7558763878696 4867.8774584953826 159.84157262324152 137.567213664468 152.09236584603786 310.24761001118168 64.939636945578968 23.406992239200918 103.2744535754282 2391.1753467008602 198.41721006040461 10895.573539699508 361.60071713619254 90.657116138812853 553.92551889451352 11.740674203108936 21.501621794493989 8.2457729374145838 85.239079450650024 270.78643896776339 1596.2295069192187 139.78171419002319 40.106687580118887 13.603257380658759 25.432162292767316 135.69978332304163 277.88524946699908
leaf_count=661601 4097831 19834 24776 11309 298453 40858 77617 1200 5933 1428 1439 22941 62831 823 494270 71041 27207 1099289 1527 2117 3273 21717 40685 16298 17403 258 1817 30 3588 19266
internal_value=-5.67399e-05 -0.00343862 -0.0068696 0.00364153 0.00635835 0.0196819 0.0429903 0.0564799 0.0337718 0.0792981 0.100323 0.15053 -0.00623419 -0.00384967 -0.00223149 0.0346103 0.0659107 -0.0332795 -0.0527519 0.0895061 0.229108 -0.00443225 0.0722855 0.0114895 0.0356806 0.0696572 0.107482 -0.0112345 0.158269 0.0020039
internal_weight=71027.3 25650.5 17277.9 8372.55 7790 2922.13 951.37 791.528 527.28 217.032 264.249 126.681 17149.5 14758.3 13994.2 784.679 423.079 764.083 565.666 332.422 29.7474 13209.6 302.674 2313.98 717.748 354.624 214.842 65.5388 149.303 363.124
internal_count=7148660 3050829 1928050 1122779 461178 162725 151416 110558 8561 2628 101997 24380 1903274 1840443 738804 164157 93116 1101639 1100816 65909 5390 574647 60519 80377 64079 23096 5693 288 5405 40983
is_linear=0
shrinkage=0.055


Tree=146
num_leaves=31
num_cat=0
split_feature=18 35 40 53 47 52 50 33 45 7 30 50 8 15 57 13 7 48 33 56 25 50 49 22 14 8 15 15 11 14
split_gain=138.179 108.633 210.256 191.787 186.49 172.543 239.597 303.343 276.693 264.473 224.591 204.388 368.539 252.21 199.868 190.691 182.537 180.181 228.469 210.014 244.814 351.907 237.074 217.686 196.173 216.228 180.595 183.889 217.758 235.831
threshold=1.0000000180025095e-35 1.7005987167358401 3.2384861707687382 -0.055663824081420891 -121.66288375854491 0.84025418758392345 -12.490390777587889 5.3008110523223886 0.84403023123741161 2.7043696641922002 0.92857143282890331 -13.846276283264158 3.6242519617080693 7.5079643726348886 314.50000000000006 2.8029010295867924 1.8328581452369692 35.500000000000007 9.2103905677795428 -100.90502929687499 -6.9803636074066153 -4.4401073455810538 13.174286842346193 1.8688347935676577 5.6472105979919442 3.9981586933135991 8.4737639427185076 6.8139936923980722 1.0000000180025095e-35 6.5124878883361825
decision_type=2 2 2 2 2 2 2 2 2 2 2 2 2 2 2 2 2 2 2 2 2 2 2 2 2 2 2 2 2 2
left_child=-1 2 5 -4 -3 10 7 11 14 16 -2 -7 -13 -14 -8 -12 -9 -10 19 20 21 -19 23 26 -23 -26 27 28 -21 -30
right_child=1 4 3 -5 -6 6 8 9 17 -11 15 12 13 -15 -16 -17 -18 18 -20 22 -22 24 -24 -25 25 -27 -28 -29 29 -31
leaf_value=-0.075395859445822999 0.0060605154345130712 -0.056820846872668238 -0.031927882897321826 0.033011852447251355 -0.00085992542179284554 -0.034856530328255045 0.0029724952986417371 0.037848344761091099 0.0016089008655674616 0.074126634467536826 0.11646753544041233 -0.066159878510153022 0.02008062361008742 0.18576369731337286 -0.063057120362297173 0.023250439526003499 -0.038492752922894578 -0.045380332254197638 0.060707592319359016 -0.013036026337778147 0.081374077337259709 0.13524586693184734 -0.076351097901268442 -0.04920739856083732 -0.037846221135173976 0.052942072623536361 0.054046245822534277 -0.035857309639018738 -0.054787985840225886 0.084625668892550063
leaf_weight=67.429466657791636 11060.136770661153 175.88910496198514 152.72758707945104 1118.8260040477398 43605.381696730008 359.95209127757698 212.32149986177683 259.44613907195162 9709.4148926203488 389.53112811344181 94.437792573677143 62.423346163814131 62.428395115566673 47.174017736630049 392.43622192878684 210.17354286283808 142.87504039463965 329.86349456162861 116.25874890037812 576.94463563486352 112.06653021133388 43.870704177126754 236.98788123950362 520.47755195961508 128.3380823264597 192.01150562337716 124.59519120218465 626.53858296231192 43.913817736232886 154.11605865287129
leaf_count=60350 2362886 219204 88438 16423 4241107 29144 516 5243 20198 29257 3229 2344 983 415 6136 14438 6756 12880 951 6660 450 174 1685 8345 1069 407 519 7036 708 1146
internal_value=0.00053295 0.00061008 0.00332026 0.0251174 -0.00109121 0.00225815 -0.00164658 0.0206395 -0.00383555 0.0421182 0.00735677 -0.0114262 0.0371998 0.0963858 -0.0400408 0.0535644 0.0105979 -0.00212541 -0.0134198 -0.0163026 0.00779557 -0.00458143 -0.0248082 -0.0186682 0.0324831 0.0165479 -0.00812612 -0.0138258 0.00410163 0.0531223
internal_weight=71329 71261.6 27480.3 1271.55 43781.3 26208.7 14844 1323.83 13520.2 791.852 11364.7 531.978 172.026 109.602 604.758 304.611 402.321 12915.4 3205.98 3089.72 806.15 694.084 2283.57 2046.59 364.22 320.35 1526.11 1401.51 774.975 198.03
internal_count=7149097 7088747 2628436 104861 4460311 2523575 143022 74142 68880 41256 2380553 32886 3742 1398 6652 17667 11999 62228 42030 41079 14980 14530 26099 24414 1650 1476 16069 15550 8514 1854
is_linear=0
shrinkage=0.055


Tree=147
num_leaves=31
num_cat=0
split_feature=18 7 6 22 23 53 15 13 10 54 49 53 35 16 53 16 48 10 46 7 7 45 22 52 8 16 56 6 10 53
split_gain=134.801 133.488 260.511 257.451 306.999 226.027 466.14 304.032 212.294 243.133 228.955 211.933 211.638 313.341 248.009 244.021 273.005 277.569 206.349 202.647 273.447 201.512 200.923 189.59 224.491 186.398 234.426 232.784 331.002 188.474
threshold=1.0000000180025095e-35 2.7383713722229008 -3.2409358024597164 2.6020033359527592 2.5000000000000004 -0.047699332237243645 7.8463945388793954 2.9700856208801274 6.2176032066345224 53.500000000000007 7.1610362529754648 -0.018086224794387814 1.2424533367156985 2303426.5000000005 -0.024376481771469113 2097893.5000000005 204.50000000000003 6.5517940521240243 9.0808901786804217 3.0927088260650639 3.0138765573501591 0.81898552179336559 3.0677825212478642 0.85962533950805675 3.4498615264892583 1289833.5000000002 -100.87622070312499 -7.4195799827575675 6.4002559185028085 -0.057616949081420891
decision_type=2 2 2 2 2 2 2 2 2 2 2 2 2 2 2 2 2 2 2 2 2 2 2 2 2 2 2 2 2 2
left_child=-1 2 -2 12 11 21 7 -7 10 -10 -9 -5 13 15 23 25 -17 -18 -12 20 -19 -6 -13 -14 -25 29 27 -27 -29 -3
right_child=1 3 -4 4 5 6 -8 8 9 -11 18 22 14 -15 -16 16 17 19 -20 -21 -22 -23 -24 24 -26 26 -28 28 -30 -31
leaf_value=-0.075362051872811475 0.046513968930493359 -0.030564414414121589 0.0014176229544228575 -0.045034177491362966 -0.043930172323101833 -0.073762528418404583 -0.085924769826669065 0.062621819431675066 0.0016347713636205359 -0.061983107692904243 -0.10527672859756493 0.082718570559893595 -0.0076329367633658366 -0.037519024187392634 0.0059245817598926349 0.011928667809357172 -0.0030246397609990931 0.028845800596734233 0.013989431981897272 0.060631135098845795 0.25207445939030804 0.03304469080824804 -0.01695957070541692 -0.071472284705197717 -0.014823839056183034 0.10598119303291906 -0.033737437694729346 0.035863208558178906 -0.049710069548113946 0.018129337300156628
leaf_weight=66.470336782746017 385.57126688521384 267.93698948033489 49363.328798226394 1252.2760163340827 117.29163125412015 167.55188344760973 233.12971960996219 295.8298864600074 807.15986976321437 229.43325442052446 45.699568450509105 68.553316346136853 5775.7604868387934 422.55024859039258 3987.743965104044 1308.4854179853683 184.51058883964288 29.620095543919888 321.45447411935311 436.6179012454013 37.471805612363823 658.3607631269042 358.41616751358379 317.68741262098774 625.33288873103447 65.529260853145388 749.90370874951623 320.00496614493386 231.04171505915656 2038.4413417220094
leaf_count=60414 6471 257285 3469665 723239 117096 5238 4011 4770 3501 9130 571 181 1656846 94513 20214 23235 96963 8533 619 127681 2198 117198 2330 11013 8803 9804 143546 37373 56437 70356
internal_value=0.00013462 0.000210492 0.00177177 -0.00342646 -0.0150161 -0.00408763 -0.0134541 -0.0042001 0.00285393 -0.012676 0.0270485 -0.0336647 -0.000280263 0.0078999 -0.00493637 0.011315 0.0267649 0.0546829 -0.00207057 0.0756433 0.162358 0.021198 -0.000183247 -0.0113822 -0.034184 0.00289092 -0.0131768 0.0119001 -0.000140149 0.0124186
internal_weight=71169.2 71102.7 49748.9 21353.8 4555.16 2875.91 2100.26 1867.13 1699.58 1036.59 662.984 1679.25 16798.6 6092.11 10706.5 5669.56 1996.71 688.22 367.154 503.71 67.0919 775.652 426.969 6718.78 943.02 3672.86 1366.48 616.576 551.047 2306.38
internal_count=7149234 7088820 3476136 3612684 987884 262134 27840 23829 18591 12631 5960 725750 2624800 927924 1696876 833411 258610 235375 1190 138412 10731 234294 2511 1676662 19816 574801 247160 103614 93810 327641
is_linear=0
shrinkage=0.055


Tree=148
num_leaves=31
num_cat=0
split_feature=41 3 16 28 46 56 19 16 7 50 13 49 57 25 15 32 48 10 54 32 15 5 56 15 22 7 7 15 15 13
split_gain=186.251 313.947 612.527 254.971 266.858 181.141 230.862 196.154 169.836 153.484 151.334 384.455 314.973 278.006 277.661 244.421 225.162 344.872 373.426 445.809 365.672 316.334 293.87 426.841 242.522 240.459 233.094 239.623 261.222 244.369
threshold=1.0000000180025095e-35 0.34057971835136419 2097577.5000000005 16.500000000000004 9.0808901786804217 -100.89526367187499 3.5000000000000004 2301565.5000000005 1.7997018098831179 -17.062172889709469 3.7012257575988774 4.2575199604034433 163.50000000000003 -11.234835624694822 5.4094088077545175 2.6735538244247441 69.500000000000014 7.8268392086029062 66.500000000000014 2.0126758813858037 6.1452574729919442 1.0000000180025095e-35 -100.89575195312499 7.6678597927093515 3.0201274156570439 0.44221755862236029 1.3089352846145632 6.7411100864410409 7.3168804645538339 3.1567740440368657
decision_type=2 2 2 2 2 2 2 2 2 2 2 2 2 2 2 2 2 2 2 2 2 2 2 2 2 2 2 2 2 2
left_child=1 10 -3 9 8 6 -6 -7 -5 -4 16 12 14 15 -12 -13 -1 18 19 25 21 -19 23 -22 -24 -18 -27 -28 29 -29
right_child=-2 2 3 4 5 7 -8 -9 -10 -11 11 13 -14 -15 -16 -17 17 20 -20 -21 22 -23 24 -25 -26 26 27 28 -30 -31
leaf_value=-0.0019196071939655646 0.002323006698523299 -0.053344891101068263 -0.051067057471915693 -0.0099859913271412044 0.073043690578049381 -0.10784987805775176 -0.082144099312614738 0.0027817715501136865 -0.052081179725799127 0.049237753292457297 0.097900218825868676 -0.056264286245765655 -0.04315609493694042 0.0013942190591068233 -0.010469784638024743 0.044861652845973286 -0.065736630026658305 -0.0053307841276349494 -0.014421587725564991 -0.044133549118901924 -0.050789244302007854 0.12124237864613201 -0.013215181847672399 0.15388568097359967 0.068124957973005398 0.095370360992712525 -0.0071814306640430288 -0.0546447268255855 0.018625758951427658 0.11452220968019636
leaf_weight=9587.1294427062985 43507.870409974559 1067.9514777529293 48.990292531085288 622.38853479631871 195.18336768228619 46.286956892334274 29.641570386193052 882.27755920459458 542.66533013802109 346.09582117767422 81.700892414330156 437.64271789163104 1314.475067702755 7801.9390076672789 404.43973758080028 82.52118308943318 58.280661317912745 79.161269967597036 1584.5848062158984 230.54860970920708 41.740570171497893 233.30522882903824 519.68568218520522 94.367489749438391 135.61515899881488 218.10302043004776 304.99046024463314 26.266968852898572 298.87610417502583 215.9576094414515
leaf_count=71431 1786317 1482476 136951 480642 1911 943 2751 3122 493046 80228 6707 19731 859600 88269 82669 2209 1475 43206 1143514 6890 63540 49256 165888 22731 31474 2117 10832 1247 5784 3280
internal_value=8.2828e-05 -0.00345692 -0.0181649 -0.00424666 -0.0112224 0.00752203 0.0512413 -0.00328107 -0.0297321 0.0363173 -0.00111191 -0.00620437 -0.02921 -0.00121219 0.00855415 -0.0399468 0.00267143 0.0135511 0.00367951 0.0248535 0.0396861 0.089597 0.0195413 0.091542 0.00400664 0.0391559 0.0451809 0.0317589 0.0535724 0.0954435
internal_weight=71040.7 27532.8 3781.48 2713.53 2318.44 1153.39 224.825 928.565 1165.05 395.086 23751.3 10122.7 1800.62 8322.1 486.141 520.164 13628.6 4041.48 2937.61 1353.02 1103.88 312.466 791.409 136.108 655.301 1122.47 1064.19 846.091 541.101 242.225
internal_count=7150237 5363920 2682070 1199594 982415 8727 4662 4065 973688 217179 2681850 1059185 948976 110209 89376 21940 1622665 1551234 1175139 31625 376095 92462 283633 86271 197362 24735 23260 21143 10311 4527
is_linear=0
shrinkage=0.055


Tree=149
num_leaves=31
num_cat=0
split_feature=41 45 28 32 3 31 16 16 55 51 48 45 14 14 24 54 16 6 52 19 10 40 22 16 27 50 45 47 26 56
split_gain=124.66 254.76 248.751 289.38 285.639 211.487 170.557 189.099 193.38 154.017 125.944 286.805 225.509 351.603 391.668 513.24 307.397 303.337 220.498 240.864 251.405 228.817 362.228 268.149 227.852 367.538 230.204 239.11 280.373 276.57
threshold=-1.0000000180025095e-35 0.80706140398979198 4192.5000000000009 1.2424533367156985 0.86190477013587963 3.9219243526458745 1178216.0000000002 2097894.5000000005 0.84838867187500011 230.50000000000003 69.500000000000014 0.7644108533859254 6.8018388748168954 6.7861523628234872 -0.069958820939064012 66.500000000000014 1287652.0000000002 -0.027477012947201725 0.84127944707870495 5.5000000000000009 6.2176032066345224 3.0201274156570439 3.6242519617080693 86469.500000000015 594.69995117187511 -13.682094097137449 0.79416638612747203 -6.7392220497131339 202.50000000000003 -100.92211914062499
decision_type=2 2 2 2 2 2 2 2 2 2 2 2 2 2 2 2 2 2 2 2 2 2 2 2 2 2 2 2 2 2
left_child=1 -1 3 6 5 -4 -3 8 9 -8 -2 -12 13 18 -15 -16 17 -17 24 20 21 22 -20 -23 26 -26 27 28 -13 -30
right_child=10 2 4 -5 -6 -7 7 -9 -10 -11 11 12 -14 14 15 16 -18 -19 19 -21 -22 23 -24 -25 25 -27 -28 -29 29 -31
leaf_value=-0.055035066172345409 -0.0010898592284754728 -0.05100935455135952 -0.057764675265773092 -0.038654718100879726 0.083094876932586006 0.14341913060268732 0.12038831743300363 0.015785092309079724 -0.051200706531967899 -0.042777958495335729 -0.05508942556573708 0.10364932092566942 -0.0011194280184790093 0.024998861166841919 -0.060543739534206886 0.42638311795868045 0.074472110589571011 -0.026921056258784208 -0.010871433186515549 0.079051652077607615 -0.01824696218636079 0.14002567056396512 0.060980423084022975 0.0063868034353446188 -0.050518948596203948 0.022020687779869517 0.022706084643641929 0.049179578182089095 0.19781471043867319 -0.052706407794959678
leaf_weight=367.42055263688599 49087.01164736705 51.824767464324395 386.93199709696273 192.61354177762041 50.803893747346592 11.803212160706606 175.84851060855362 232.45455105430301 24.118355984803202 16.898482444248657 240.0424440610368 37.309170718239329 9925.9293740998655 137.95254280536756 17.629369299393147 26.034258006322492 20.555275777027418 4.5492754767547003 1024.29714337935 101.80453848169418 1862.0195313542135 81.520435404905584 262.39878139056236 96.666890419284755 389.57217821873564 450.46439178314176 5090.4009852447271 137.85411150187429 8.9382551063463307 415.62172316454235
leaf_count=2025032 226813 52776 365691 186685 1804 921 13356 98944 19102 45916 570648 5298 1661691 22195 414 1112 3296 1865 32675 2371 71518 905 7621 2776 662366 37303 617156 11223 5971 394437
internal_value=7.72044e-05 -0.0155265 -0.00264527 0.0179681 -0.0343049 -0.0501069 0.0398978 0.050829 0.0871898 0.105363 0.000417872 0.0040574 0.00477758 0.0105333 0.0806825 0.183121 0.265032 0.364646 0.00903742 -0.00225523 -0.00485815 0.0121646 0.00396081 0.0696795 0.0149639 -0.0117199 0.0189101 -0.0132316 -0.0321866 -0.0451911
internal_weight=70929.3 1510.72 1143.3 693.758 449.539 398.735 501.145 449.32 216.865 192.747 69418.6 20331.6 20091.5 10165.6 206.721 68.7682 51.1388 30.5835 9958.87 3428.71 3326.9 1464.88 1286.7 178.187 6530.16 840.037 5690.12 599.723 461.869 424.56
internal_count=7149881 2810227 785195 416779 368416 366612 230094 177318 78374 59272 4339654 4112841 3542193 1880502 28882 6687 6273 2977 1851620 117866 115495 43977 40296 3681 1733754 699669 1034085 416929 405706 400408
is_linear=0
shrinkage=0.055


Tree=150
num_leaves=31
num_cat=0
split_feature=41 49 6 48 33 45 48 14 31 40 3 14 14 15 49 0 29 46 15 15 33 23 40 49 47 53 57 56 38 45
split_gain=146.655 248.595 251.143 218.832 179.922 174.508 231.65 183.884 214.478 191.783 174.397 385.335 219.741 283.87 248.552 290.861 245.986 320.803 336.299 350.086 338.082 336.683 394.339 260.649 257.749 455.767 231.481 228.606 212.677 216.681
threshold=1.0000000180025095e-35 10.34040689468384 -4.535280466079711 239.50000000000003 9.9060311317443865 0.8090726137161256 136.50000000000003 6.2156071662902841 1.2424533367156985 2.8029010295867924 0.34057971835136419 6.4060542583465585 6.2156071662902841 4.3630783557891855 -0.051374942064285271 0.84523808956146251 0.21111111342906955 2.4451482295989995 6.4731185436248788 5.8957784175872812 5.9851877689361581 5.5000000000000009 2.8029010295867924 4.5091140270233163 -11.560973167419432 -0.0395309031009674 61.500000000000007 -100.88598632812499 1.0000000180025095e-35 0.85855859518051159
decision_type=2 2 2 2 2 2 2 2 2 2 2 2 2 2 2 2 2 2 2 2 2 2 2 2 2 2 2 2 2 2
left_child=1 4 -3 -4 10 6 7 9 -9 -2 12 28 13 -1 15 -14 -16 18 19 -18 -21 -20 -23 -19 -22 27 -15 -26 29 -12
right_child=5 2 3 -5 -6 -7 -8 8 -10 -11 11 -13 14 26 16 -17 17 23 21 20 24 22 -24 -25 25 -27 -28 -29 -30 -31
leaf_value=0.040905763984465514 0.0026172461532112984 -0.047336068163854848 0.0045753353427832773 -0.081092142475963594 -0.076549366181212261 0.0010764330003301438 0.048320432908903997 -0.087599620912895956 0.0050523445542105484 0.10122959862341782 -0.033949253890471605 -0.043181083961826676 -0.040219451095267519 0.0087699977981188278 0.012039069473639556 0.038104055740671536 0.0065377099833705517 -0.058392866255061994 -0.026395507615693252 -0.06128021712005699 0.051523611383737983 0.20966612694925135 0.0064035097253320912 -0.0094236619711349032 -0.02851278670690113 0.092662903588164466 -0.027385022360391361 0.37650736439805599 0.028585562065085397 0.040963952508495639
leaf_weight=239.64746267051123 210.78025806711958 292.0484230027505 11288.58652722781 85.93623330189439 110.07311769118678 42236.472444186336 550.98028415741283 115.48981684668979 201.41168359712901 78.363653337146388 555.98150924646325 1194.0534552010977 817.7312708781119 660.42393087925302 4140.7562817719445 169.55268311399414 195.71408357682594 364.86210412736546 481.02911209263766 27.455694746367953 71.426161534807761 37.899620042928291 89.310775495509006 2994.3246974546382 3.9826872866069598 66.396501321636606 2784.836839374213 33.118882533999567 490.75631950831303 142.9879419516692
leaf_count=38956 2990 8966 35552 2702 74621 1686086 87704 4297 4707 553 785863 1532094 867049 27204 646458 28828 18619 61738 86827 6291 6961 1952 7970 55860 1493 244 752986 486 293091 20150
internal_value=-0.000332732 -0.00348756 0.00259062 0.00389276 -0.00801158 0.00165506 0.0226818 -0.000831984 -0.0295494 0.0306096 -0.00750238 -0.0211772 -0.00502172 -0.0164114 -0.000594531 -0.0266442 0.00244281 -0.00666273 0.0205099 0.059472 0.109271 -0.00526787 0.0726003 -0.0148214 0.136999 0.190895 -0.0204518 0.334807 0.00099499 -0.0184422
internal_weight=70732.4 27338.9 11666.6 11374.5 15672.3 43393.5 1157.03 606.045 316.902 289.144 15562.2 2383.78 13178.5 3684.91 9493.56 987.284 8506.28 4365.52 1006.33 398.094 202.38 608.24 127.21 3359.19 174.924 103.498 3445.26 37.1016 1189.73 698.969
internal_count=7149298 5362961 47220 38254 5315741 1786337 100251 12547 9004 3543 5241120 2631198 2609922 819146 1790776 895877 894899 248441 130843 34094 15475 96749 9922 117598 9184 2223 780190 1979 1099104 806013
is_linear=0
shrinkage=0.055


Tree=151
num_leaves=31
num_cat=0
split_feature=57 25 15 8 24 25 40 7 57 53 13 30 9 50 50 50 15 15 13 6 47 46 32 51 15 13 46 45 55 50
split_gain=136.544 133.525 148.68 180.289 204.291 208.493 210.861 190.654 237.377 181.209 181.278 172.739 247.665 163.801 192.238 144.964 251.956 288.581 167.38 149.136 140.488 159.068 143 160.829 208.011 155.586 232.277 161.566 137.623 133.95
threshold=3.5000000000000004 -7.1833729743957511 5.1269311904907235 4.6298508644104013 -0.016353682614862915 -9.9694399833679181 3.0201274156570439 2.8187351226806645 254.50000000000003 -0.07226467132568358 3.7256208658218388 0.38750000298023229 4.7781505584716806 -11.935257434844969 -9.2080621719360334 -17.062172889709469 6.7667672634124765 6.7159891128540048 3.113268375396729 -0.02474158629775047 -1.0000000180025095e-35 -0.049548774957656853 3.1984648704528813 52.500000000000007 6.1452574729919442 3.860674381256104 0.29746460914611822 0.80410629510879528 0.87915039062500011 -5.5100338459014884
decision_type=2 2 2 2 2 2 2 2 2 2 2 2 2 2 2 2 2 2 2 2 2 2 2 2 2 2 2 2 2 2
left_child=-1 2 3 4 5 6 -2 8 11 10 -8 12 -7 -9 -15 16 17 18 -3 -20 22 -22 25 -24 -25 -17 -27 -28 -5 -11
right_child=1 15 -4 28 -6 7 9 13 -10 29 -12 -13 -14 14 -16 20 -18 -19 19 -21 21 -23 23 24 -26 26 27 -29 -30 -31
leaf_value=0.015881905060501755 -0.06130183993147531 -0.055068374343062908 -0.00052159085637343337 0.046165011388993968 -0.084707175603722137 -0.08281345175261226 -0.04567849833675882 -0.056559262399596376 -0.045840979125633237 -0.060086316552950901 0.13783139449630749 -0.051888134470917703 0.0424291214760582 0.083085831078694397 0.0080615981141307896 0.0030342312096714066 -0.035159971330474903 0.25902181742329655 0.079704958262520539 -0.052213796837997442 -0.043316876562439578 0.025680030315764626 0.0073533973085952858 -0.066405217324704585 0.086119205543896418 -0.070034979323081406 -0.087159116573777826 -0.0021595042119652939 -0.087470529426302734 0.026849305571537068
leaf_weight=1677.0394326595415 455.15196493343865 37.579698021374497 53781.975463024399 207.12799189968791 129.11659241979214 50.543032068759203 21.725484656544722 60.565992125524645 447.0363545102573 127.33199308954499 42.505578160715231 105.90440875384957 346.8179878241499 163.36728612802835 270.57025509128289 9106.5057794509485 102.61387845754871 16.470123674393108 211.0333334795032 25.978527877919987 105.07941159603797 1299.1260111425363 429.76652822812321 27.715364771403983 186.63747104029608 204.56375720823416 66.958130437731597 1134.0034566062823 21.543964591422991 86.29071519804711
leaf_count=14371 288545 34443 5581319 20190 29059 354 72330 34288 115552 59752 11669 361 718 6332 5849 544560 117220 3540 53752 23531 3743 6904 1721 4586 11623 79994 11436 7969 2748 346
internal_value=0.000398341 2.237e-05 -0.00113582 -0.0141375 -0.0187673 -0.0146729 -0.0384569 -0.00251529 -0.0169044 -0.000612577 0.0769449 0.00899726 0.0256675 0.0250291 0.0369312 0.0050561 0.0377103 0.0635606 0.0474143 0.0644655 0.00401803 0.0203815 0.00195019 0.0270031 0.065334 0.000402978 -0.0165954 -0.00724027 0.0319725 -0.0251586
internal_weight=70948.6 69271.6 56317.6 2535.6 2306.93 2177.81 733.006 1444.81 950.302 277.854 64.2311 503.265 397.361 494.504 433.938 12954 393.676 291.062 274.592 237.012 12560.4 1404.21 11156.2 644.119 214.353 10512 1405.53 1200.96 228.672 213.623
internal_count=7148805 7134434 6229412 648093 625155 596096 432642 163454 116985 144097 83999 1433 1072 46469 12181 905022 232486 115266 111726 77283 672536 10647 661889 17930 16209 643959 99399 19405 22938 60098
is_linear=0
shrinkage=0.055


Tree=152
num_leaves=31
num_cat=0
split_feature=9 53 49 45 53 52 7 51 51 16 14 50 53 53 6 8 46 9 52 15 26 31 30 9 15 15 50 24 15 4
split_gain=121.593 188.218 175.476 230.915 225.469 192.112 298.98 323.716 384.727 274.045 229.888 185.206 245.05 212.954 179.999 172.075 171.204 253.133 161.791 153.772 198.759 210.121 183.88 195.237 206.985 191.298 196.392 284.104 177.84 175.524
threshold=4.9143621921539316 -100.86783599853514 7.1610362529754648 0.79947251081466686 -100.89001846313475 0.8112943470478059 0.15316530317068103 520.50000000000011 554.50000000000011 44730.500000000007 8.2687320709228533 -1.0000000180025095e-35 -0.043944358825683587 -0.058593511581420891 -3.2409358024597164 3.3140207529067998 4.9480912685394296 4.4299719333648691 1.0000000180025095e-35 7.5264482498168954 1167.0000000000002 1.2424533367156985 0.18333333730697635 4.68446969985962 4.0163424015045175 6.2156071662902841 -9.983909606933592 -0.069958820939064012 6.5330615043640146 1.0000000180025095e-35
decision_type=2 2 2 2 2 2 2 2 2 2 2 2 2 2 2 2 2 2 2 2 2 2 2 2 2 2 2 2 2 2
left_child=2 -2 3 -1 -4 6 7 9 -9 -5 19 12 13 -8 -6 -15 17 -16 -3 20 21 28 29 25 -25 -24 27 -27 -7 -22
right_child=1 18 4 5 14 10 11 8 -10 -11 -12 -13 -14 15 16 -17 -18 -19 -20 -21 22 -23 23 24 -26 26 -28 -29 -30 -31
leaf_value=-0.038980258493216083 -0.027384984312025348 0.024518950563945142 0.083074476709643269 0.17042710750894857 -0.027412751470075998 0.021337113703563657 -0.0043698504656250166 0.48931409727484149 0.0728913542967735 -0.039717685681070827 0.02823132189145237 0.21382081329358774 -0.045945356512917347 0.079843912600108674 -0.078178415185317277 -0.0094622643487059059 -2.6312520378480112e-05 0.042299032695644667 0.0016932083889480655 0.00070498751824403917 -0.047119287663599761 -0.032020373112213472 -0.036341291680389451 0.083477834122984679 -0.054072255394578411 -0.044185689334542519 0.01740011921937442 0.2032269044963213 -0.02547343136195454 0.021717356580292658
leaf_weight=738.99824210385486 656.90264462303458 953.28732293275243 94.252139110096323 24.046423211570072 689.44587997883355 817.63328744472165 541.95845350085074 7.5564936531482116 19.139217377269233 49.172842924719589 417.03588824508188 7.6740556886961704 241.59593349192619 210.24823341910815 53.994237692131719 92.261199150736502 12698.226774288545 523.65998627178487 47655.680206748009 1544.5107944370247 1370.8700959523921 625.25759161313908 87.864972517163551 33.612335721481941 244.34957798583855 17.386441258870036 118.95863495428057 44.80152502367855 345.2018005551945 119.14361206682224
leaf_count=1131205 1598348 627212 6356 1360 23664 53942 633898 429 7441 6993 25401 368 19352 29056 1154 20856 63955 2362 2348680 138996 247489 65873 16228 553 32464 12366 2963 1971 25745 4109
internal_value=0.000234041 0.00174686 -0.00318772 -0.00984753 0.000470979 -0.00673757 0.0133134 0.102009 0.249359 0.0357799 -0.0108816 0.00478355 0.0023334 0.0163347 -0.000116046 0.0528958 0.00131132 0.0304636 0.00214333 -0.0139428 -0.0198505 -0.006441 -0.0315769 -0.00424968 -0.036258 0.0288817 0.0606444 0.135915 0.00739126 -0.0415608
internal_weight=71044.7 49265.9 21778.9 7719.28 14059.6 6980.28 1193.65 99.915 26.6957 73.2193 5786.63 1093.74 1086.06 844.468 13965.3 302.509 13275.9 577.654 48609 5369.59 3825.08 1788.09 2036.99 546.973 277.962 269.012 181.147 62.188 1162.84 1490.01
internal_count=7150789 4574240 2576549 2479058 97491 1347853 719753 16223 7870 8353 628100 703530 703162 683810 91135 49912 67471 3516 2975892 602699 463703 145560 318143 66545 33017 33528 17300 14337 79687 251598
is_linear=0
shrinkage=0.055


Tree=153
num_leaves=31
num_cat=0
split_feature=7 6 23 22 26 2 53 33 14 16 57 24 10 16 16 13 14 52 50 24 1 10 13 46 56 49 15 2 53 53
split_gain=139.367 272.605 259.161 284.537 225.113 234.965 218.054 204.09 372.965 222.862 255.147 186.633 185.262 182.72 206.196 186.58 181.638 181.061 272.503 196.808 180.149 175.58 258.255 168.603 212.499 183.867 254.937 179.349 189.136 221.452
threshold=2.7383713722229008 -3.2409358024597164 4.5000000000000009 2.6020033359527592 4076.5000000000005 0.060661764815449722 -0.050780296325683587 7.7557561397552499 7.2587642669677743 4148.0000000000009 242.50000000000003 -2.496627569198608 9.1044793128967303 2097892.5000000005 2303435.5000000005 3.113268375396729 6.0856370925903329 0.8152005970478059 -8.9931249618530256 -0.02380428463220596 0.64583334326744091 8.9875092506408709 3.9219243526458745 11.676811695098879 -100.88940429687499 6.6213276386260995 7.1627848148345956 0.11437908560037614 -0.051757574081420891 -0.06640386581420897
decision_type=2 2 2 2 2 2 2 2 2 2 2 2 2 2 2 2 2 2 2 2 2 2 2 2 2 2 2 2 2 2
left_child=1 -1 3 7 5 -4 16 9 -9 10 -2 -3 21 15 17 -11 -7 23 19 -19 -20 -6 -23 24 -15 26 -26 28 29 -28
right_child=2 11 4 -5 12 6 -8 8 -10 13 -12 -13 -14 14 -16 -17 -18 18 20 -21 -22 22 -24 -25 25 -27 27 -29 -30 -31
leaf_value=0.046242231722571032 0.041772675285678205 -0.089762139117485179 -0.0077197172592855636 -0.027567928167062418 -0.0038607102035492038 -0.023907796730517773 0.0099531162133246597 -0.0047987270314876632 0.061175564894540881 -0.051664357555655391 -0.049498422534616199 0.0011635811891364471 -0.042817526762584289 -0.057520556518123045 -0.056486199935893065 -0.01535648060520152 0.050281261562886384 -0.055877765724562246 0.015754557881309153 0.068017573548016505 -0.049154649609768786 0.029686230029785855 0.40128863718182511 0.11941350378003535 -0.0082693065162877163 -0.037430590771462914 0.065745954261754336 0.024520932783771668 -0.048901613110015417 0.20363191914687429
leaf_weight=401.88389243162965 454.25190320011825 63.382898602634668 1617.7000627579728 2259.4906295721812 5534.214541550924 111.30551964681217 2915.2918872043374 852.51175160246203 367.04620066781717 501.3130469270709 111.58254831193153 49135.816583786836 375.09795179334651 89.686726258874842 182.37871280789477 2838.8082348306925 782.79733717070849 388.29330751644375 989.67198515441123 38.795226616501168 143.76112391812057 23.920219763593199 2.816029973277181 50.155469390199869 165.18200574668663 92.400219783128705 82.495587424338737 121.25587224290939 17.023164622572949 67.688526969366649
leaf_count=6546 43625 12718 324876 813081 424552 24535 25685 198127 39241 248624 67226 3493993 48924 120795 63951 719256 89467 97594 6701 867 1336 1020 92 336 160447 3964 48917 53074 4322 6335
internal_value=-0.000186487 0.00140822 -0.0039211 -0.0104658 0.00173334 0.00982495 0.0172758 -0.00533569 0.015226 -0.00930309 0.0234981 0.00103733 -0.00566653 -0.0125379 -0.00105331 -0.0208749 0.040964 0.00356256 -0.00679594 -0.0439667 0.00734195 -0.00312441 0.125882 0.0270087 0.0188435 0.0317943 0.0461486 0.0769198 0.113103 0.13245
internal_weight=70778 49601.1 21176.9 9813.79 11363.1 5427.09 3809.39 7554.3 1219.56 6334.74 565.834 49199.2 5936.05 5768.91 2428.79 3340.12 894.103 2246.41 1560.52 427.089 1133.43 5560.95 26.7362 685.888 635.732 546.045 453.645 288.463 167.207 150.184
internal_count=7150227 3513257 3636970 2697819 939151 464563 139687 1884738 237368 1647370 110851 3506711 474588 1536519 568639 967880 114002 504688 106498 98461 8037 425664 1112 398190 397854 277059 273095 112648 59574 55252
is_linear=0
shrinkage=0.055


Tree=154
num_leaves=31
num_cat=0
split_feature=18 42 31 10 14 10 54 45 51 14 14 45 28 8 50 2 51 14 56 57 15 49 15 50 8 15 7 32 8 15
split_gain=118.725 108.497 208.134 271.921 361.168 256.44 212.062 199.399 267.853 322.074 252.442 198.166 194.563 187.622 279.843 196.404 341.991 241.719 230.637 184.373 256.692 239.355 202.118 224.726 200.983 312.041 336.513 243.481 238.342 251.588
threshold=1.0000000180025095e-35 1.0000000180025095e-35 2.0126758813858037 7.8268392086029062 7.362962245941163 7.0048813819885263 27.500000000000004 0.86011385917663585 52.500000000000007 6.6535077095031747 6.3341670036315927 0.88482505083084118 15073.000000000002 4.5379471778869638 -17.448170661926266 0.240384615957737 112.50000000000001 6.8453476428985605 -100.89916992187499 191.50000000000003 7.5665695667266855 8.8405928611755389 4.1971738338470468 -8.7836008071899396 3.3497501611709599 8.1985020637512225 1.9506646990776064 2.5249279737472539 3.9981586933135991 6.4417433738708505
decision_type=2 2 2 2 2 2 2 2 2 2 2 2 2 2 2 2 2 2 2 2 2 2 2 2 2 2 2 2 2 2
left_child=-1 11 7 4 6 -6 -4 8 9 10 -3 19 -5 14 -10 17 18 -16 -17 20 -2 24 23 -23 -21 28 -27 -28 -26 -30
right_child=1 2 3 12 5 -7 -8 -9 13 -11 -12 -13 -14 -15 15 16 -18 -19 -20 21 -22 22 -24 -25 25 26 27 -29 29 -31
leaf_value=-0.074429041937698129 0.0094342041302202199 -0.0021710808680123748 -0.012386309866152068 -0.018483957509240315 -0.0041866719270332187 0.025497160494328014 -0.070075245222724333 0.0025581351473523885 -0.056260122850827182 0.020018672092957133 -0.068975310442238966 -0.012498424965614315 -0.086410770496236827 0.06626960634904791 0.041472891366745576 0.19317368338147348 -0.050539904145124763 -0.029673919713498174 0.019165575888043341 -0.0012500894461280189 -0.0067099511013063275 0.13180751847515679 0.0021237638295234858 -0.011689915417226728 -0.031928503598900398 0.02926933852825947 -0.046693092645345484 0.025764693167751169 0.012927537642189671 -0.016865813468929399
leaf_weight=60.081513769153389 10435.745924202292 617.61249620118542 516.89670203422429 395.66119696433816 2585.8367061783138 1328.9725820623134 305.02042476656061 8062.5159568610325 113.9801063914565 1877.4252500743023 231.8690540807147 4417.0827924015466 186.00068746929173 444.09303529167664 513.71196329439408 71.490963748801732 35.524233642659965 196.09916671639076 34.683064612268936 10086.825704673473 4164.6912905848258 71.413027674672776 14447.413320591557 56.797406362762558 2306.0084500036355 990.01035389053141 409.9142528727134 208.02475440745548 1078.2310132904713 4122.1136519289284
leaf_count=60434 443556 2067 1904 21616 94345 28692 37900 317827 46056 5606 1488 142251 3233 19152 17425 617 3892 13013 479 3346777 128058 180 92366 218 760059 111958 131861 31436 240279 1044812
internal_value=-0.00017787 -0.000109135 0.00364098 -0.00543525 -0.00105945 0.00590986 -0.0340894 0.00759853 0.0174079 0.00731862 -0.0207024 -0.00135367 -0.0407566 0.0368313 0.0230191 0.0338976 0.0919472 0.0217471 0.13975 -0.000334907 0.00482846 -0.00256722 0.00274631 0.0701852 -0.0066004 -0.0125177 0.0094474 -0.0222897 -0.017226 -0.010682
internal_weight=70371.7 70311.7 17517.4 5318.39 4736.73 3914.81 821.917 12199 4136.49 2726.91 849.482 52794.3 581.662 1409.58 965.489 851.509 141.698 709.811 106.174 48377.2 14600.4 33776.8 14575.6 128.21 19201.1 9114.3 1607.95 617.939 7506.35 5200.34
internal_count=7149557 7089123 615312 187690 162841 123037 39804 427622 109795 9161 3555 6473811 24849 100634 81482 35426 4988 30438 1096 6331560 571614 5759946 92764 398 5667182 2320405 275255 163297 2045150 1285091
is_linear=0
shrinkage=0.055


Tree=155
num_leaves=31
num_cat=0
split_feature=43 51 49 35 45 1 24 55 42 15 14 56 56 13 9 24 15 50 53 9 53 16 46 49 15 47 46 2 25 15
split_gain=136.652 147.613 218.774 199.692 197.124 204.05 228.313 156.485 188.586 333.47 279.938 268.46 260.849 259.088 231.645 224.97 264.27 302.038 312.781 490.006 801.399 648.818 381.132 486.898 260.466 392.356 462.219 470.691 409.313 308.514
threshold=1.0000000180025095e-35 60.500000000000007 0.57103204727172863 2.6020033359527592 0.77031469345092785 0.46428571641445165 -0.016201525926589962 0.90698242187500011 1.0000000180025095e-35 7.4521124362945566 6.3162615299224862 -100.90649414062499 -100.91186523437499 3.8176519870758061 4.7505102157592782 -0.01976748742163181 7.2967522144317636 -12.980443000793455 -0.055663824081420891 4.951829433441163 -0.06542873382568358 2097887.0000000005 3.3111827373504643 4.0306344032287607 7.2007980346679696 -7.4845633506774893 4.3538458347320566 0.19090909510850909 -12.030181407928465 7.2200078964233407
decision_type=2 2 2 2 2 2 2 2 2 2 2 2 2 2 2 2 2 2 2 2 2 2 2 2 2 2 2 2 2 2
left_child=1 2 -1 4 5 -3 -7 8 15 10 -10 14 -12 -13 -11 16 24 -18 19 20 -19 -22 -23 -24 -6 26 28 29 -26 -28
right_child=-2 3 -4 -5 7 6 -8 -9 9 11 12 13 -14 -15 -16 -17 17 18 -20 -21 21 22 23 -25 25 -27 27 -29 -30 -31
leaf_value=-0.038031027625750967 0.018250541099287948 -0.044907320206700942 -0.0013677231011802328 -0.041985424626912821 0.0080584061316526148 -0.034813788569073092 0.34539826806228152 -0.053265463441693035 -0.040156265710817624 0.12923628294988337 -0.032610944828997249 0.036264462946474854 0.019344137597442752 -0.036361760927996617 0.046331459900382455 -0.025366844788388347 -0.027389650046810116 0.0041303309159919435 -0.0059930136538674794 -0.0067990976341628815 -0.049137080094346683 0.06677102203084069 0.56380634249909189 0.2026047327165241 0.08366090045440859 -0.061022725677161813 0.33380075318669022 -0.053998305356300652 -0.034681247807571917 0.12717075731933192
leaf_weight=492.20128641842894 1230.8813710651302 335.58218872094403 50377.880812980518 276.0039194208548 7192.6217640905725 8.5723615155548014 3.8943876098946921 130.84321195278608 350.13972695474149 139.48986947217054 335.01885951423901 607.76201101589686 2092.6794931250115 191.73043535456236 384.88084027918376 798.37891763654989 1354.3596585725354 212.06016817894852 2721.398353545701 451.38579815659796 33.973216700986086 44.34361260561127 11.372919257439206 88.390618582336174 182.53305597170765 84.473292634882455 29.128089298901614 28.330301478257752 163.26194055179985 99.279105788937159
leaf_count=29601 48045 1227673 255344 158704 2660699 34385 1388 29296 64225 5919 36805 46208 274095 21188 21770 326672 1234273 149381 95143 222595 11498 7021 709 2701 60027 8943 2153 2407 102543 8538
internal_value=0.000122976 -0.000200657 -0.00172617 0.00402726 0.00474126 -0.0359583 0.148831 0.00555022 0.00600255 0.016323 0.00547225 0.0389845 0.0121221 0.0187298 0.0693976 0.00286093 0.00464517 -0.00533207 0.00307921 0.0322799 0.0770074 0.161307 0.210904 0.268725 0.0109509 0.0460252 0.0644434 0.1413 0.0280895 0.184797
internal_weight=70452.9 69222 50870.1 18351.9 18075.9 348.049 12.4667 17727.8 17597 4101.7 2777.84 1323.86 2427.7 799.492 524.371 13495.3 12696.9 4917.28 3562.92 841.526 390.141 178.08 144.107 99.7635 7779.63 587.006 502.532 156.737 345.795 128.407
internal_count=7149949 7101904 284945 6816959 6658255 1263446 35773 5394809 5365513 470210 375125 95085 310900 67396 27689 4895303 4568631 1723321 489048 393905 171310 21929 10431 3410 2845310 184611 175668 13098 162570 10691
is_linear=0
shrinkage=0.055


Tree=156
num_leaves=31
num_cat=0
split_feature=0 30 10 15 25 56 52 15 55 42 30 57 13 13 50 16 9 47 13 26 55 56 54 6 48 50 54 19 15 46
split_gain=123.306 262.885 224.273 206.956 177.425 227.849 229.786 203.555 241.794 178.503 244.099 255.659 208.559 182.122 177.672 172.701 144.687 178.189 224.135 210.86 189.947 156.711 325.517 300.736 301.201 185.617 184.415 234.41 179.439 281.874
threshold=0.81666666269302379 0.92857143282890331 7.3142197132110605 7.5264482498168954 -15.596865177154539 -0.028076171874999997 0.82372909784317028 6.6663203239440927 0.86596679687500011 1.0000000180025095e-35 0.92857143282890331 41.500000000000007 4.0163424015045175 2.9700856208801274 -116.61404800415038 4138.5000000000009 4.9143621921539316 -107.70070266723631 3.2384861707687382 876.00000000000011 0.89038085937500011 -100.87084960937499 1616.5000000000002 -0.023896501399576661 26.500000000000004 -19.134430885314938 1427.5000000000002 1.5000000000000002 7.8985967636108407 4.3538458347320566
decision_type=2 2 2 2 2 2 2 2 2 2 2 2 2 2 2 2 2 2 2 2 2 2 2 2 2 2 2 2 2 2
left_child=4 -2 3 -3 5 -1 7 -7 -9 10 12 -12 14 -13 -6 -11 -16 18 19 -18 21 23 25 26 -25 -23 28 -28 -19 -30
right_child=1 2 -4 -5 9 6 -8 8 -10 15 11 13 -14 -15 16 -17 17 20 -20 -21 -22 22 -24 24 -26 -27 27 -29 29 -31
leaf_value=-0.050344563470719556 0.0091667744300655257 -0.025383383575579881 0.0095756233331095193 -0.10668939639582979 -0.05469238336478513 -0.039099917594943419 -0.044830697325299915 -0.053241916463258335 0.071030801713172803 0.066931093216658535 -0.097092167605772384 0.056744639962168941 -0.062936248479748783 0.012376372606488398 -0.0076045400146267372 0.004085358119992933 -0.057382459526636488 -0.0023892033555762211 0.003925265661297409 0.057009026486179067 -0.029828939513877467 -0.050585062296871493 0.048617801386921233 -0.0054030807737959867 -0.037398301805173978 0.0022949634708413396 0.043781284509599568 -0.038220659124347869 -0.024157162358429463 0.025423956174406501
leaf_weight=492.2423471420625 8393.5417065171423 527.39977168622863 468.66118560249015 112.00438679665967 193.80379558187997 108.42438923424197 222.25771312964207 54.740670993029198 241.35257423049916 128.46164278725337 51.610838237451389 351.95001581666293 170.28414163284469 1317.2577664763594 12288.526053588903 15189.740689198086 50.138358892214455 6370.9548872209907 1374.2497212883391 482.92122237176227 699.34481714524736 198.74148336815415 453.60069184422173 2158.2961235947805 1512.0962932432994 13914.192661915273 120.77394230688151 666.38910747452428 426.41470961957384 1777.893846648898
leaf_count=1072348 144041 16930 9662 4791 427630 163079 135355 53881 63958 425 562 1673 38883 8434 1706337 210434 12110 447136 255541 84435 3283 30520 150395 12865 710550 120842 108950 1077434 55541 19080
internal_value=1.43385e-05 0.00584077 -0.0192816 -0.0403431 -0.000893366 -0.0225428 -0.000482914 0.0241333 0.0475531 -0.00048706 -0.00224708 0.0180339 -0.00306339 0.0218729 -0.00281722 0.00463406 -0.00257422 -0.000526853 0.0157223 0.0458164 -0.00162461 -0.000904667 0.00301505 -0.00528514 -0.0186171 0.00153264 -5.1389e-05 -0.0254422 0.00229282 0.0157997
internal_weight=70518.3 9501.61 1108.07 639.404 61016.7 1119.02 626.775 404.518 296.093 59897.6 44579.4 1720.82 42858.6 1669.21 42688.3 15318.2 42494.5 30206 1907.31 533.06 28298.7 27599.4 14566.5 13032.8 3670.39 14112.9 9362.43 787.163 8575.26 2204.31
internal_count=7147105 175424 31383 21721 6971681 1488621 416273 280918 117839 5483060 5272201 10669 5261532 10107 5222649 210859 4795019 3088682 352086 96545 2736596 2733313 301757 2431556 723415 151362 1708141 1186384 521757 74621
is_linear=0
shrinkage=0.055


Tree=157
num_leaves=31
num_cat=0
split_feature=18 0 1 14 30 15 56 56 53 50 54 38 32 48 40 51 32 55 52 7 10 31 8 16 33 35 14 35 25 7
split_gain=121.792 110.504 189.642 199.353 157.515 154.251 152.878 165.356 147.615 233.545 262.452 145.88 366.954 305.88 216.781 159.066 154.275 172.83 212.936 183.671 146.136 144.675 173.305 142.085 132.496 131.961 162.027 234.315 175.085 148.403
threshold=1.0000000180025095e-35 0.64583334326744091 0.53571429848670971 8.0393190383911151 0.6904762089252473 8.1555056571960467 -100.92309570312499 -0.023193359374999997 -0.055663824081420891 -9.4077792167663556 80.500000000000014 1.0000000180025095e-35 1.7005987167358401 35.500000000000007 2.8617925643920903 8.5000000000000018 2.0126758813858037 0.85668945312500011 0.83358508348464977 2.8187351226806645 4.8080360889434823 1.8688348531723025 5.349482774734498 86466.500000000015 8.527292728424074 1.2424533367156985 7.4590506553649911 2.1383330821990971 -11.313452720642088 2.2017004489898686
decision_type=2 2 2 2 2 2 2 2 2 2 2 2 2 2 2 2 2 2 2 2 2 2 2 2 2 2 2 2 2 2
left_child=-1 2 4 11 -2 8 -6 -8 9 -3 -11 14 15 -14 16 -13 17 18 -4 -19 -16 -7 -23 -12 -20 -22 27 -27 -29 -30
right_child=1 5 3 -5 6 21 7 -9 -10 10 23 12 13 -15 20 -17 -18 19 24 -21 25 22 -24 -25 -26 26 -28 28 29 -31
leaf_value=-0.074694034788432395 3.7305991528824733e-05 -0.00172713246285213 -0.0017163281779630298 0.03182490643152619 -0.06047055039888579 -0.0025252545309050346 0.023509941185960618 -0.036822059620378121 0.0048058455557870028 -0.0572473814944221 -0.027384536002095561 -0.015904720308400452 0.016278642034506512 -0.071622959579088541 -0.048659837909687184 -0.065072428680637534 -0.054903923983148618 0.02289569099814226 -0.071555326901043576 -0.056602708209399583 0.031983829853247221 -0.07014096651824954 0.010130162344605249 0.072764468577308283 0.022295108152075596 -0.077038616453064021 0.037487181153049824 0.061694185313014981 0.0013246811761297422 -0.090687095833662981
leaf_weight=59.640376307288534 46116.051327235808 482.3438563321688 417.04797215590952 316.12971202287372 71.625612274947343 1082.4280028441026 1766.3552346299075 144.55057833563842 14892.119497146592 57.222638849692885 44.758740519457206 296.60651468764991 683.65636088237807 139.9601905841846 119.06316516247171 626.02207256257316 301.99303353916184 524.33498796366621 322.58382744895061 100.52802789618363 645.41720003588489 232.85308674153566 121.92904779217497 448.93780234377846 50.469859791643103 141.23824456753573 228.02517127188548 110.33186977489459 266.56355978505235 61.149278036049509
leaf_count=60427 6471817 231844 25444 6190 1969 20607 32845 9679 113452 542 1730 585 1469 23400 5293 46976 13108 946 4884 21825 13765 7126 1188 5792 439 7626 3878 9734 2393 1865
internal_value=0.000767158 0.000835983 -0.000402431 -0.0102194 0.000690691 0.00464739 0.0158509 0.0188619 0.00620559 0.0262594 0.0505574 -0.0128882 -0.0257138 0.00099915 -0.00604943 -0.0494369 -0.0195341 -0.0118184 -0.0288366 0.00975818 0.00869588 -0.0125803 -0.0427965 0.0635014 -0.0587315 0.0135474 -0.00129801 -0.0167553 0.00333184 -0.016949
internal_weight=70871.9 70812.3 53449.7 5351.12 48098.6 17362.6 1982.53 1910.91 15925.4 1033.26 550.919 5034.99 1746.25 823.617 3288.75 922.629 1716.96 1414.96 790.102 624.863 1571.79 1437.21 354.782 493.697 373.054 1452.73 807.308 579.283 438.045 327.713
internal_count=7148838 7088411 6706130 189820 6516310 382281 44493 42524 353360 239908 8064 183630 72430 24869 111200 47561 66646 53538 30767 22771 44554 28921 8314 7522 5323 39261 25496 21618 13992 4258
is_linear=0
shrinkage=0.055


Tree=158
num_leaves=31
num_cat=0
split_feature=43 25 52 50 13 29 55 7 16 0 8 45 31 47 45 6 24 55 33 7 48 28 13 39 16 55 28 55 45 13
split_gain=118.61 107.857 136.024 135.773 112.86 108.252 170.302 216.579 165.781 160.228 274.437 193.864 190.509 201.487 206.026 201.359 180.055 174.633 172.312 222.096 171.602 158.511 197.447 233.913 229.737 207.899 190.919 170.24 199.457 166.798
threshold=1.0000000180025095e-35 -5.0478961467742911 0.80891749262809765 -6.1563501358032218 3.6762205362319951 0.26785714924335485 0.89282226562500011 1.9815530180931094 1289831.5000000002 0.41428571939468389 2.0126758813858037 0.78737759590148937 2.8029010295867924 -2.7768907546997066 0.80803039669990551 -0.017689828760921952 -0.017478512600064274 0.84252929687500011 9.2104907035827654 2.2017004489898686 26.500000000000004 44.500000000000007 2.8617925643920903 1.0000000180025095e-35 2301072.0000000005 0.87475585937500011 24145.000000000004 0.89282226562500011 0.87128770351409923 3.8393945693969731
decision_type=2 2 2 2 2 2 2 2 2 2 2 2 2 2 2 2 2 2 2 2 2 2 2 2 2 2 2 2 2 2
left_child=1 5 3 -3 -5 6 -1 8 -8 10 12 -12 15 14 -14 17 -17 -7 -11 20 -20 -13 23 -23 27 -25 29 28 -24 -26
right_child=-2 2 -4 4 -6 9 7 -9 -10 18 11 21 13 -15 -16 16 -18 -19 19 -21 -22 22 24 25 26 -27 -28 -29 -30 -31
leaf_value=0.0023281175014490392 0.016993442652837351 -0.066662870461139265 0.025220776101711657 0.034233004330060754 -0.078529544870787532 -0.052836560074672773 -0.041885187033895301 -0.041709018973125012 0.029457010991155937 -0.00055257493746762123 0.042365206970731546 -0.028874790718659577 0.08807408960595571 0.085000172748641356 -0.039021482038468634 0.088727103346483399 -0.014207624713325264 -0.017603600625554279 0.02608891792399513 -0.019836901837480148 0.10302471236968028 0.0010799843871317993 -0.0083821301439701637 0.064408415161623406 0.0064688616897835135 -0.11308724391515144 -0.020361046925771918 0.026279910410602774 -0.033879637159498009 0.043190114791999329
leaf_weight=32520.878482627682 1215.4483583255787 103.24704969276354 974.36370791452646 133.11203925345762 28.422734511215822 977.50872907085068 135.48339671827853 598.70478905289201 325.67952254693955 19899.745484528932 262.74145442838199 777.14595845326039 43.967704838531063 84.712913163857593 177.96567643605522 67.546401029827393 172.78758458893026 763.44515273588149 257.18672232259996 181.98864392644464 132.17473157673157 749.95776388352533 5618.1583873157688 343.76608734136971 1156.9480221027661 16.702582912577782 491.67511497793748 354.14609643124277 1108.2646122911974 549.6375772540523
leaf_count=5394968 48020 16027 3595 1082 731 151561 352 43619 359 657809 65077 318278 5297 190 24618 810 6882 99554 379 12738 1723 18619 213294 3511 26430 142 17276 883 6884 8804
internal_value=-2.9723e-06 -0.000303542 0.0157438 -0.0189514 0.0126299 -0.000598105 0.00161976 -0.0200243 0.0082732 -0.00277648 -0.00737506 -0.00388932 -0.0247413 0.0153982 -0.0124565 -0.0309768 0.0159411 -0.0374808 0.000305938 0.0299528 0.053181 -0.00499615 -0.00319693 0.0186696 -0.0058224 0.0547494 0.00969405 -0.0106431 -0.0126052 0.0183872
internal_weight=70223.5 69008.1 1239.15 264.782 161.535 67768.9 33580.7 1059.87 461.163 34188.2 13717.1 11429.1 2287.93 306.646 221.933 1981.29 240.334 1740.95 20471.1 571.35 389.361 11166.4 10389.3 1110.43 9278.83 360.469 2198.26 7080.57 6726.42 1706.59
internal_count=7149512 7101492 21435 17840 1813 7080057 5439298 44330 711 1640759 968110 679198 288912 30105 29915 258807 7692 251115 672649 14840 2102 614121 295843 22272 273571 3653 52510 221061 220178 35234
is_linear=0
shrinkage=0.055


Tree=159
num_leaves=31
num_cat=0
split_feature=26 7 6 53 54 40 7 47 55 40 16 16 28 40 35 51 56 26 50 6 13 56 11 15 54 52 52 38 16 40
split_gain=141.722 143.978 255.277 225.515 202.823 220.247 279.95 216.572 184.773 210.003 245.676 183.831 180.824 229.247 285.095 231.356 178.099 174.005 247.074 189.797 189.537 168.967 165.249 215.228 161.654 190.062 419.004 312.393 164.659 155.457
threshold=47.500000000000007 2.7383713722229008 -3.2409358024597164 -0.036130279302597039 66.500000000000014 3.2384861707687382 5.140606403350831 -115.19446182250975 0.89184570312500011 2.6020033359527592 2097893.5000000005 2303435.5000000005 20.500000000000004 2.8029010295867924 1.4978661537170412 1002.5000000000001 -100.91918945312499 3418.5000000000005 -16.460186004638668 -0.288949504494667 2.4414010047912602 -0.026123046874999997 1.0000000180025095e-35 8.5570869445800799 73.500000000000014 0.79724785685539257 0.79334145784378063 1.0000000180025095e-35 2179361.5000000005 3.4175922870635991
decision_type=2 2 2 2 2 2 2 2 2 2 2 2 2 2 2 2 2 2 2 2 2 2 2 2 2 2 2 2 2 2
left_child=-1 2 21 4 12 6 8 -8 9 10 -6 -12 -3 15 -15 -14 -16 18 -9 -20 -19 -2 23 24 -22 26 -26 -28 -29 -5
right_child=1 3 -4 29 5 -7 7 17 -10 -11 11 -13 13 14 16 -17 -18 20 19 -21 22 -23 -24 -25 25 -27 27 28 -30 -31
leaf_value=0.016580264808260702 0.0636737384517327 -0.05586056565483985 0.00055902241612393962 -0.00042805056296141145 -0.051549648677151963 -0.03735877418861467 -0.038763063859788359 -0.017680776634911046 0.082820429953892508 -0.040683817087796281 0.052298484607203537 -0.062777076057891998 -0.06044889157896538 0.048298192169300251 0.051152001969683517 0.067294425601602703 -0.031197471204653195 0.090446524756888511 0.03709750647349843 -0.015088032448702424 0.047006203828454891 -0.058600626223787866 0.020893326170550598 0.044451486725949743 -0.019943361572752109 -0.04537869899992554 0.035855367196527745 -0.018730727527726011 0.42860735803864469 0.060558868588919908
leaf_weight=1457.926489056219 283.46685396807879 496.139127026403 48470.40694691355 11485.346182427929 150.93941415835798 640.51365957241069 324.66751450915581 437.03002141462821 43.073556024217396 1023.6745774250339 248.43452973728199 45.93646358713886 428.20698288091808 251.10443745891826 87.493973799457308 43.465310792344098 573.13120487038395 56.037434858775669 1329.5106402741185 247.53084633694743 80.536866484930215 34.828746631377726 436.49031793945323 143.03793293146737 234.28991884204515 790.93749985235263 23.899275636125822 2.529987924895976 9.1138156500601308 122.83999307826161
leaf_count=194424 5120 65685 3501619 135178 91726 398615 625722 677829 2655 502675 76476 20934 5900 1989 784 2607 9401 15862 145039 62466 2965 263 98260 22486 273846 195322 6369 2539 752 835
internal_value=-0.000358642 -0.000720111 0.000883979 -0.00468075 -0.0116917 -0.0069286 -0.0034351 0.00400478 -0.0236319 -0.0270236 0.0044813 0.0335924 -0.027516 -0.017186 -0.00102058 -0.0480948 -0.0199887 0.00771378 0.0187618 0.0288847 -0.00482656 0.0495948 -0.00818209 -0.0181062 -0.0261061 -0.0318515 0.00790368 0.171285 0.354982 0.00024312
internal_weight=70002.5 68544.6 48788.7 19755.9 8147.73 6268.18 5627.67 4115.61 1512.06 1468.98 445.31 294.371 1879.54 1383.4 911.73 471.672 660.625 3790.94 2014.07 1577.04 1776.87 318.296 1720.84 1284.35 1141.31 1060.77 269.833 35.5431 11.6438 11608.2
internal_count=7146343 6951919 3507002 3444917 3308904 3222538 2823923 2129457 694466 691811 189136 97410 86366 20681 12174 8507 10185 1503735 885334 207505 618401 5383 602539 504279 481793 478828 283506 9660 3291 136013
is_linear=0
shrinkage=0.055


Tree=160
num_leaves=31
num_cat=0
split_feature=57 55 26 7 45 52 50 16 23 8 14 33 16 31 52 22 26 24 2 45 8 14 47 0 15 8 29 55 22 0
split_gain=111.423 180.187 136.19 119.078 231.106 165.764 301.12 190.977 157.735 230.843 292.266 204.232 221.951 199.753 210.851 199.339 183.383 188.138 180.14 188.94 167.655 198.573 196.423 166.682 162.673 157.365 159.561 155.941 189.409 188.198
threshold=6.5000000000000009 0.90454101562500011 8319.5000000000018 2.7383713722229008 0.78818944096565258 0.80018499493598949 -109.87533950805663 86457.500000000015 4.5000000000000009 2.5249279737472539 6.0173752307891855 7.7557561397552499 86466.500000000015 3.1567740440368657 0.86869439482688915 3.7256208658218388 15844.000000000002 -5.9735591411590567 0.10555555671453477 0.82142454385757457 3.1567740440368657 5.7021131515502939 -12.803324222564695 0.46428571641445165 8.4737639427185076 5.2230513095855722 0.46428571641445165 0.88208007812500011 4.0517470836639413 0.23611111193895343
decision_type=2 2 2 2 2 2 2 2 2 2 2 2 2 2 2 2 2 2 2 2 2 2 2 2 2 2 2 2 2 2
left_child=-1 3 -3 -2 -5 6 -6 -8 9 10 18 25 -13 24 -15 20 -10 -18 -7 -20 -14 -22 -23 -24 -12 -11 -27 28 -19 -29
right_child=1 2 -4 4 5 8 7 -9 16 11 13 12 15 14 -16 -17 17 27 19 -21 21 22 23 -25 -26 26 -28 29 -30 -31
leaf_value=0.0111384969759586 0.001731339673868062 -0.011349139846846884 -0.059837058609817327 -0.043852358410744176 -0.049252008820342953 -0.063984878601114126 -0.034322532810180315 0.025432061208007523 0.0058494766232313781 -0.0050268469128411531 -0.047447281684022076 -0.052302432098648849 0.078615229357469812 -0.058072649759666299 0.12122955650469017 -0.067204346233275786 0.11827722026553407 -0.014472433225114005 0.15160007065054776 0.016178645471949523 0.24263675714153632 -0.059581977500261264 -0.02518560770910502 0.053995678554822402 0.029281905671256363 -0.060629887301754108 -0.005457146080642049 0.079130595120842626 -0.085319952863784285 -0.0016812788503405441
leaf_weight=2793.3500900910585 47816.5009628806 641.77934127442131 237.77997855162539 413.02398645658104 210.12077567673077 70.652636687846098 175.1088582118191 1639.5005131541548 6245.651509845291 3993.4880926336082 1333.5231947984175 106.81382207193019 215.74410490015362 29.952850531870354 42.754463452089112 53.467394852817961 28.886970674222539 2331.5130208145201 29.696145104058814 325.38260379911299 6.8624237007825277 83.795120188849978 109.82190472108778 272.15742770295765 85.909121062933991 329.8371218035245 303.25330076319369 104.42364640138112 115.36853761680686 427.76682935166173
leaf_count=28795 3510957 38337 4232 706576 674346 32600 136308 581824 216937 514148 391286 13114 12633 15956 143 12890 3237 94987 1168 37512 341 31151 2119 1578 7152 44919 26308 379 7314 1901
internal_value=0.000383405 -6.06197e-05 -0.0247215 0.000265425 -0.00340694 -0.00250077 0.0123396 0.0195873 -0.00430896 -0.0102957 -0.026691 -0.00453366 0.0201925 -0.0381313 0.0483796 0.0309108 0.000477111 -0.0106691 0.0133829 0.0294521 0.0389612 0.0202269 0.0144079 0.0311992 -0.0427169 -0.00908613 -0.0344517 -0.0121156 -0.01798 0.0147641
internal_weight=70573.9 67780.5 879.559 66901 19084.5 18671.5 2024.73 1814.61 16646.7 7393.11 1917.87 5475.24 848.662 1492.14 72.7073 741.848 9253.61 3007.96 425.731 355.079 688.381 472.637 465.774 381.979 1419.43 4626.58 633.09 2979.07 2446.88 532.19
internal_count=7151148 7122353 42569 7079784 3568827 2862251 1392478 718132 1469773 1145018 485817 659201 73826 414537 16099 60712 324755 107818 71280 38680 47822 35189 34848 3697 398438 585375 71227 104581 102301 2280
is_linear=0
shrinkage=0.055


Tree=161
num_leaves=31
num_cat=0
split_feature=16 46 9 54 46 26 10 52 50 16 16 54 49 38 37 56 56 26 45 45 15 13 28 22 7 52 40 9 26 50
split_gain=120.605 194.833 378.022 210.836 189.077 190.136 166.57 158.806 163.216 158.382 190.644 203.582 233.768 168.637 164.857 153.927 210.146 152.698 181.948 261.426 349.372 253.986 230.329 179.428 154.451 150.682 148.38 285.933 229.051 214.3
threshold=4140.5000000000009 3.8876070976257329 4.9211070537567148 80.500000000000014 1.4241235852241518 1155.0000000000002 7.3814969062805185 0.84127944707870495 -8.9931249618530256 86456.500000000015 86466.500000000015 338.50000000000006 3.3098324537277226 1.0000000180025095e-35 1.0000000180025095e-35 -100.87377929687499 -100.91821289062499 590.00000000000011 0.83414188027381908 0.8354698419570924 7.0812880992889413 3.7494349479675297 5058.0000000000009 4.0517470836639413 2.4816190004348759 0.82425761222839367 2.8617925643920903 4.9720337390899667 2650.5000000000005 -11.099377632141112
decision_type=2 2 2 2 2 2 2 2 2 2 2 2 2 2 2 2 2 2 2 2 2 2 2 2 2 2 2 2 2 2
left_child=1 2 -1 7 -5 -6 15 8 25 17 11 -11 -13 14 -14 16 -3 -2 22 20 21 -20 -19 -24 -23 -4 27 28 -12 -28
right_child=9 6 3 4 5 -7 -8 -9 -10 10 26 12 13 -15 -16 -17 -18 18 19 -21 -22 24 23 -25 -26 -27 29 -29 -30 -31
leaf_value=-0.054978514989557047 0.011802153120053166 0.028122180407614456 0.019824306783371607 -0.039258455019267502 0.15322726392979083 -0.046892431207542197 -0.035452365086587667 0.037854369818242931 0.010007409781875538 0.0093686312263554523 -0.00012504194193150829 -0.013137443687254306 0.025461772698992583 -0.055007301609162521 0.13021134765588799 0.015130153512712144 -0.055295875897266387 -0.058015850822338927 -0.0054881436964607988 -0.0066739377791527627 -0.038905684564243162 0.035755938373822786 -0.018880829407796694 0.05793815892352136 0.26688420343486968 0.14665240152937609 -0.0087474700126352421 0.0021688929176233093 -0.016017154614282266 0.0049420279820684455
leaf_weight=119.73911259329361 1202.807734213864 144.21852330290312 36.786577488099283 124.93891618002817 33.029853415751859 20.043255980597678 298.96931929234415 281.93227051240683 49.811197311239084 1616.576633805842 4700.8458910875543 103.09035473801123 68.060053894940211 20.603803032718133 151.64877449531559 1711.8124757523801 233.1935574140789 466.17957787087835 22.794380656145222 7417.6542431950766 48.034225412156957 13.377040365521678 1109.6915040270178 95.407442674304548 35.209432994073723 149.86118867085315 4037.3807207801838 15111.749994150052 6583.7872280754309 23982.884050803539
leaf_count=87204 161335 3486 1660 144159 1193 27100 6821 2851 407 33748 636541 164941 5035 6601 8352 7315 14601 346624 2756 267997 4559 421 376298 30344 618 1985 2098004 1530501 691912 484049
internal_value=0.000138085 0.0105528 0.0336641 0.0491885 -0.00244973 0.0801209 0.00260089 0.0667747 0.0997589 -0.000362343 0.000788802 0.0176191 0.0557666 0.0849907 0.0990512 0.00811798 -0.0234688 -0.00659321 -0.00900114 -0.00535209 0.0737248 0.147102 -0.0253924 -0.0125848 0.212523 0.122825 0.000181045 -0.00277771 -0.00939996 0.00296833
internal_weight=69992.1 3204.34 816.142 696.403 178.012 53.0731 2388.19 518.391 236.459 66787.8 56376.6 1959.98 343.403 240.313 219.709 2089.22 377.412 10411.2 9208.35 7537.07 119.415 71.3809 1671.28 1205.1 48.5865 186.648 54416.6 26396.4 11284.6 28020.3
internal_count=7149418 298782 266559 179355 172452 28293 32223 6903 4052 6850636 5659684 218677 184929 19988 13387 25402 18087 1190952 1029617 276351 8354 3795 753266 406642 1039 3645 5441007 2858954 1328453 2582053
is_linear=0
shrinkage=0.055


Tree=162
num_leaves=31
num_cat=0
split_feature=4 13 25 13 32 22 51 28 10 10 45 41 52 49 56 48 7 15 47 51 16 15 16 13 47 15 56 7 6 55
split_gain=123.184 171.992 144.226 164.39 161.416 122.893 117.612 155.527 131.599 174.453 145.436 107.7 190.654 163.572 282.659 235.96 259.467 300.959 288.951 272.026 252.598 247.957 234.33 227.35 228.362 215.449 253.851 361.391 231.289 311.598
threshold=1.0000000180025095e-35 3.3497501611709599 -16.752871513366696 2.8029010295867924 2.0126758813858037 6.7171852588653573 17.500000000000004 5.5000000000000009 6.9092540740966806 9.2104907035827654 0.83414188027381908 1.0000000180025095e-35 0.82773867249488842 3.4313178062438969 -100.89672851562499 69.500000000000014 1.7997018098831179 7.2967522144317636 -7.1839671134948722 313.50000000000006 86469.500000000015 7.6873095035552987 2097887.0000000005 3.7494349479675297 -7.7831926345825186 5.5965666770935067 -100.89575195312499 0.28422088921070104 -2.5829187631607051 0.82788085937500011
decision_type=2 2 2 2 2 2 2 2 2 2 2 2 2 2 2 2 2 2 2 2 2 2 2 2 2 2 2 2 2 2
left_child=5 2 3 -2 -4 11 7 -3 10 -10 -8 13 -13 14 -1 -15 20 18 19 -18 -17 -19 -16 -22 -25 -24 27 -27 29 -28
right_child=1 6 4 -5 -6 -7 8 -9 9 -11 -12 12 -14 15 22 16 17 21 -20 -21 23 -23 25 24 -26 26 28 -29 -30 -31
leaf_value=-0.04702889717189894 0.1077253805206785 -0.066600318252262258 -0.0066724832514411334 -0.04939373096780611 -0.068167888298164253 -0.071309805880853963 -0.069595306220385997 0.0091410419065532152 -0.01283931971031229 0.060367760637174854 0.041986043023557094 0.010511028017004931 -8.3553320388368699e-05 -0.0037431016290893101 -0.019371044273192042 0.063091983567863524 0.047850599920315734 -0.062962535709335826 -0.044737520548778338 -0.055189439453705018 0.032834311765331067 -0.0045130118913411848 0.040597935202311933 -0.066322316129132627 0.026090164934159908 0.30965205193465162 0.06431740686718411 -0.042244222445278215 -0.022038414975056594 -0.019304596069884859
leaf_weight=610.13759935860799 57.220627645216155 79.960820136751863 1011.4517203804717 26.236414635652181 143.27303317063343 68.697304079745663 32.318283374828752 2387.5672835136647 419.14770155070437 123.26755424951989 947.96031188691268 6044.4515226772637 34106.30985808972 16277.127742856104 2212.0066683966743 466.00876024904392 714.40541507027228 274.24974090173964 152.44262774265007 82.662461160754901 623.6052643940402 1031.3030843008528 435.16326525280783 171.01260670448573 145.81748399289063 13.558232056113413 266.09464937218218 14.832878706552945 984.67540684401501 264.5742802427103
leaf_count=2138951 5179 1175 9019 15543 2277 27421 2609 3769 20521 3424 35767 1087682 634452 129943 1438491 41988 81758 71440 14289 94360 78175 107457 160098 42655 5233 2619 151073 27788 547735 166864
internal_value=0.00032702 0.00844452 -0.00943535 0.0583318 -0.0145636 -0.000326938 0.0139976 0.00655691 0.0259943 0.00419692 0.0379729 -0.000246302 0.00151251 -0.00310045 -0.0122086 -0.000904772 0.0117008 0.000125318 0.0236167 0.0368871 0.0301946 -0.0169845 -0.0070893 0.0136457 -0.024046 0.00665341 -0.00301538 0.147008 -0.00630041 0.0228352
internal_weight=70187.5 5228.4 1238.18 83.457 1154.72 64959.1 3990.22 2467.53 1522.69 542.415 980.279 64890.4 40150.8 24739.7 4801.04 19938.6 3661.51 2255.06 949.511 797.068 1406.44 1305.55 4190.91 940.435 316.83 1978.9 1543.74 28.3911 1515.34 530.669
internal_count=7149755 99283 32018 20722 11296 7050472 67265 4944 62321 23945 38376 7023051 1722134 5300917 4633619 667298 537355 369304 190407 176118 168051 178897 2494668 126063 47888 1056177 896079 30407 865672 317937
is_linear=0
shrinkage=0.055


Tree=163
num_leaves=31
num_cat=0
split_feature=16 16 9 8 50 33 15 25 43 57 15 29 51 49 16 33 26 49 23 46 24 54 55 57 28 46 48 47 2 52
split_gain=109.577 201.484 267.758 213.751 224.876 222.181 162.18 153.769 175.934 172.065 149.788 186.538 208.51 175.05 148.501 194.611 172.628 197.379 288.572 199.068 195.072 188.78 225.008 249.193 199.597 185.961 211.647 184.9 260.372 175.063
threshold=2169981.0000000005 2097573.5000000005 4.9289126396179208 2.9174053668975835 -11.600292682647703 7.3135535717010507 7.7086350917816171 -5.0478961467742911 -1.0000000180025095e-35 242.50000000000003 8.4737639427185076 0.30952382087707525 103.50000000000001 2.2566730976104741 2095130.5000000002 6.1147823333740243 4076.5000000000005 8.8405928611755389 6.5000000000000009 3.8876070976257329 -5.3269250392913809 34.500000000000007 0.89038085937500011 200.50000000000003 137.00000000000003 3.1732517480850224 26.500000000000004 -5.4528582096099845 0.240384615957737 0.80690991878509533
decision_type=2 2 2 2 2 2 2 2 2 2 2 2 2 2 2 2 2 2 2 2 2 2 2 2 2 2 2 2 2 2
left_child=1 7 6 5 -5 -4 -3 8 9 -1 14 13 -13 -12 16 -16 17 18 19 25 -19 22 -18 -24 -23 26 -10 28 29 -21
right_child=-2 2 3 4 -6 -7 -8 -9 10 -11 11 12 -14 -15 15 -17 21 20 -20 27 -22 24 23 -25 -26 -27 -28 -29 -30 -31
leaf_value=0.023637000532116356 0.0031426130618592112 -0.017339393067285953 -0.029555116684657715 -0.045959057629506153 0.0073125040853103083 0.046234257586817123 -0.05344009977770682 0.024081758165373356 -0.04494871356530817 -0.07355542812731207 -0.034508853348097002 -0.018959455276705214 0.049174626976580947 0.041319826268716997 -0.0064101523498852116 0.020652522707461062 0.0035603285635544013 -0.039314029541444806 0.040148397057848 0.0062764345653831301 0.0090458609111385285 -0.047427958182875665 -0.013625374592325551 -0.096632427132295334 -0.010395834788391877 0.02846773619154562 0.00036911500254901936 -0.0048177334409857048 0.0065229313035308342 -0.048640868178213136
leaf_weight=75.048636677209288 21839.112634888144 1173.4430180618692 1223.7264124022604 253.94711387267125 3224.4213855589169 124.85444997956984 555.12374973553233 772.92724694992648 325.12537862934732 183.31550813691865 100.1753923085289 610.59654500016768 169.37943964350052 799.72890585000459 1320.3340188628845 2042.1074511396382 6662.3775207684357 255.2924850886011 437.48406261489436 206.6159448385788 8365.1220973386808 465.7156682700479 1216.8128037339338 115.55392327532172 6947.0865162778264 662.45086297149101 5597.6710937867465 2669.2593016979408 494.36387968794588 1125.5620793772614
leaf_count=14420 2248322 179465 170768 168646 56475 10750 70459 13406 7271 118397 67317 4771 26399 16600 143252 170326 31735 9432 37510 20770 17496 328157 6772 902 865984 27582 2281909 9145 5311 19701
internal_value=-8.86011e-05 -0.00155356 -0.0105119 -0.00384881 0.00336289 -0.0223935 -0.0290537 -0.000141444 -0.000602697 -0.0454106 -0.000311919 0.0157432 -0.00394449 0.0327347 -0.00100703 0.010032 -0.00205251 0.0013 -0.00340995 -0.00514699 0.00759173 -0.00643351 -0.000569896 -0.0211588 -0.0127528 0.000945357 -0.00215437 -0.0140619 -0.0275211 -0.0401318
internal_weight=70014.7 48175.6 6555.52 4826.95 3478.37 1348.58 1728.57 41620.1 40847.2 258.364 40588.8 1679.88 779.976 899.904 38908.9 3362.44 35546.5 20138.9 11518.5 11081 8620.41 15407.5 7994.74 1332.37 7412.8 6585.25 5922.8 4495.8 1826.54 1332.18
internal_count=7149450 4901128 656563 406639 225121 181518 249924 4244565 4231159 132817 4098342 115087 31170 83917 3983255 313578 3669677 2436127 2409199 2371689 26928 1233550 39409 7674 1194141 2316762 2289180 54927 45782 40471
is_linear=0
shrinkage=0.055


Tree=164
num_leaves=31
num_cat=0
split_feature=55 25 8 57 13 32 50 8 57 29 25 9 23 1 27 48 42 14 51 33 49 52 13 19 49 50 25 10 54 33
split_gain=138.282 209.284 207.406 195.057 191.908 193.955 151.39 128.059 124.43 160.312 151.731 143.543 123.877 147.092 123.362 139.23 199.178 349.757 180.04 210.621 204.752 224.87 333.025 231.203 332.402 218.245 230.696 226.995 199.87 199.729
threshold=0.89282226562500011 -8.0523972511291486 1.4978661537170412 32.500000000000007 3.0677825212478642 1.8688348531723025 -2.7780261039733882 3.3497501611709599 32.500000000000007 0.81666666269302379 -13.313959598541258 4.9946331977844247 3.5000000000000004 0.30952382087707525 1437.9467773437502 60.500000000000007 -1.0000000180025095e-35 5.3636341094970712 112.50000000000001 6.0001573562622079 8.8405928611755389 0.85210400819778453 2.9700856208801274 1.5000000000000002 2.7065967321395878 -5.5100338459014884 -8.7352323532104474 6.9092540740966806 179.50000000000003 7.9736719131469735
decision_type=2 2 2 2 2 2 2 2 2 2 2 2 2 2 2 2 2 2 2 2 2 2 2 2 2 2 2 2 2 2
left_child=8 4 3 -3 7 -6 -7 -2 9 -1 -11 -12 -8 -14 15 18 17 -17 20 -20 21 23 -23 24 -10 27 -27 -26 -28 -25
right_child=1 2 -4 -5 5 6 12 -9 14 10 11 -13 13 -15 -16 16 -18 -19 19 -21 -22 22 -24 29 25 26 28 -29 -30 -31
leaf_value=0.010694484833058729 -0.080289586811694444 -0.0023316975378288446 0.015999784853823584 -0.13173552064891059 -0.002109565666818566 -0.058689647634663104 0.0072759273050914614 -0.019508652602311632 -0.053425439803709313 0.033186756081063223 -0.085384231235977381 -0.013372356873737286 0.0033413989296630139 -0.12219834258082544 -0.029891964309721204 0.086323302825127873 0.0051154984270919144 -0.05561248114197432 0.069206761192685262 -0.056316175324864624 0.0011400819365331284 -0.035568196904695169 0.0084522695320446064 -0.019630620896589936 0.097663201337620423 -0.043410108574735214 0.00095304726322742721 -0.035610345956707722 0.058858766759350013 0.0077447658183179826
leaf_weight=5998.9973793221579 214.00639231048262 90.887671451084316 1268.130159502849 52.738639267163308 2008.7192208949255 384.95043671847816 305.91556420922279 209.29434469326952 219.78168081862532 109.49054086325486 127.32885308598634 234.38915238319896 55.44119369238615 51.985924124717712 403.39007835408847 57.439307783630284 18704.62788063331 337.16069132792654 200.1841432623296 46.341863744364673 25828.253904153426 593.31199180579279 3961.2106650544738 6500.1715588016377 169.96757647237973 202.11197399316006 498.92798452958232 46.787603576754918 277.509272969015 917.55049015521945
leaf_count=90736 40663 143 1573 247 76023 43763 442 11347 15607 8669 502 494 73 243 634073 92313 4654483 1229682 11813 9053 75059 2493 11389 119543 348 1127 911 385 836 15331
internal_value=0.000375478 -0.00879223 0.0088512 -0.0526812 -0.0165048 -0.0112494 -0.0340915 -0.050816 0.00102647 0.00826371 -0.02247 -0.0395399 -0.0107554 -0.0601423 0.000231697 0.000441734 0.00429594 -0.0341302 -0.00142397 0.0449606 -0.00172126 -0.00724002 0.00268506 -0.0123564 0.00799411 0.0194629 0.00825344 0.0687412 0.0218935 -0.0162414
internal_weight=70077 4642.07 1411.76 143.626 3230.31 2807.01 798.293 423.301 65434.9 6470.21 471.209 361.718 413.343 107.427 58964.7 58561.3 19099.2 394.6 39462.1 246.526 39215.6 13387.3 4554.52 8832.81 1415.09 1195.3 978.549 216.755 776.437 7417.72
internal_count=7149364 174517 1963 390 172554 120544 44521 52010 6974847 100401 9665 996 758 316 6874446 6240373 5976478 1321995 263895 20866 243029 167970 13882 154088 19214 3607 2874 733 1747 134874
is_linear=0
shrinkage=0.055


Tree=165
num_leaves=31
num_cat=0
split_feature=42 51 45 25 26 27 15 51 56 3 56 26 10 10 51 53 26 56 14 14 3 14 32 54 7 56 13 13 14 40
split_gain=115.875 169.189 273.608 195.169 168.079 156.386 154.733 256.572 187.726 212.268 165.897 222.125 167.348 263.111 260.763 234.702 232.879 274.69 233.592 198.944 166.63 164.529 161.159 167.79 162.169 231.785 160.054 154.914 152.921 211.945
threshold=1.0000000180025095e-35 52.500000000000007 0.84833604097366344 -13.977248668670653 47.500000000000007 89.24811172485353 7.5079643726348886 69.500000000000014 -100.90649414062499 0.75735294818878185 -100.91284179687499 139.00000000000003 8.2984070777893084 7.6011524200439462 95.500000000000014 -0.028314471244812008 3048.5000000000005 -100.90649414062499 7.362962245941163 6.8018388748168954 0.846052646636963 5.0906732082366952 1.4978661537170412 7.5000000000000009 1.3473489880561831 -0.023193359374999997 3.4811217784881596 3.3842465877532963 6.8314139842987069 3.0201274156570439
decision_type=2 2 2 2 2 2 2 2 2 2 2 2 2 2 2 2 2 2 2 2 2 2 2 2 2 2 2 2 2 2
left_child=4 -2 28 -4 5 -1 10 -8 9 -9 11 -5 13 16 15 19 20 18 -18 -15 -12 -13 24 -24 -10 -26 -20 -17 -3 -30
right_child=1 2 3 6 -6 -7 7 8 22 -11 12 21 -14 14 -16 27 17 -19 26 -21 -22 -23 23 -25 25 -27 -28 -29 29 -31
leaf_value=0.031630531796168093 0.00054169181247714542 0.054661451243492934 -0.034648693464960058 0.059087623501047501 -0.0016686754759523879 -0.015040291048357239 -0.04269260211422965 -0.057466863341011164 0.098492300996935581 0.081863614299930748 -0.030586078141112853 0.11449249597684218 -0.053099204745109652 0.00072403377792937598 0.0083590782589106401 -0.063266710115104083 -0.054548080513236064 -0.039561414967212966 0.13997281870400025 0.18062962520233525 0.030117017015728432 -0.054308189667622429 0.051515354705166598 -0.05547909080056846 -0.063334913267070955 0.056905183564052476 -0.049346966791769704 0.06938367631565448 -0.047869534528439318 0.034930800077682449
leaf_weight=843.03251358408306 12543.350319035701 619.67479351960719 327.07307835651591 68.239569686804316 51176.53504130189 288.56683518062346 130.53492597443983 33.161795803360292 96.281996998935938 331.17390364444145 162.7069924750831 13.80279838707065 120.91340977796062 23.293616999173537 257.72766950415098 32.119954570196569 38.240884300234029 551.38148938512313 63.555218694164068 87.953732257941738 751.92997405552887 342.53985609829397 60.319707245565951 135.04130458060536 72.247406344307819 125.68439227979979 14.118022748676593 93.421620007604361 122.87857465127308 344.68002364562199
leaf_count=12220 37740 31697 431572 669 6387749 134990 907 3253 156 5621 5220 30 3687 175 5890 275 1468 9407 345 289 11258 19810 125 3231 2676 512 392 192 13574 25436
internal_value=9.36842e-05 0.00395829 0.012485 0.00571474 -0.00120423 0.0197153 0.00941831 0.0279513 0.0389361 0.0685755 0.00241988 -0.0288511 0.00851396 0.0122207 0.0470199 0.0880565 0.00122846 -0.0233788 0.0520514 0.144611 0.0192108 -0.046276 0.0164086 -0.0219823 0.0418418 0.012537 0.104658 0.0343216 0.0368408 0.0128939
internal_weight=69872.2 17564 5020.7 3933.46 52308.1 1131.6 3606.39 984.445 853.911 364.336 2621.94 424.582 2197.36 2076.45 494.517 236.789 1581.93 667.296 115.914 111.247 914.637 356.343 489.575 195.361 294.214 197.932 77.6732 125.542 1087.23 467.559
internal_count=7150566 615607 577867 507160 6534959 147210 75588 16481 15574 8874 59107 20509 38598 34911 6821 931 28090 11612 2205 464 16478 19840 6700 3356 3344 3188 737 467 70707 39010
is_linear=0
shrinkage=0.055


Tree=166
num_leaves=31
num_cat=0
split_feature=45 50 16 15 18 48 14 14 8 13 27 10 13 33 16 33 2 8 29 26 24 22 16 52 53 29 15 8 50 14
split_gain=108.164 146.945 108.161 120.331 103.861 91.9407 195.755 229.231 350.628 194.641 194.355 185.895 176.838 287.889 417.386 404.839 291.182 249.29 225.606 219.146 193.237 391.227 187.126 179.499 171.093 265.083 170.089 312.593 300.801 251.176
threshold=0.76337647438049328 -2.7780261039733882 2095130.5000000002 7.7974965572357187 1.0000000180025095e-35 69.500000000000014 6.8018388748168954 6.7861523628234872 1.0000000180025095e-35 3.5408543348312382 1437.9467773437502 10.829699516296388 3.7954261302948002 6.4861316680908212 4145.5000000000009 5.5234570503234872 0.14835165441036227 2.0126758813858037 0.84523808956146251 3113.5000000000005 -0.023243140429258343 3.5114340782165532 2096642.0000000002 0.79272326827049266 -0.024376481771469113 0.92857143282890331 7.2967522144317636 4.182021141052247 -7.1302528381347647 7.1681945323944101
decision_type=2 2 2 2 2 2 2 2 2 2 2 2 2 2 2 2 2 2 2 2 2 2 2 2 2 2 2 2 2 2
left_child=1 -1 3 -3 -2 -6 7 10 9 -9 11 -7 18 14 -14 19 17 -17 26 24 23 -22 -20 -15 25 -16 27 28 -8 -29
right_child=4 2 -4 -5 5 6 12 8 -10 -11 -12 -13 13 20 15 16 -18 -19 22 -21 21 -23 -24 -25 -26 -27 -28 29 -30 -31
leaf_value=-0.045663946171332306 -0.073820185072842257 0.010684152544594847 -0.054957993257823849 0.14954320763078199 -0.0007910339475878719 0.009580080587433891 -0.0239938568648662 -0.030089908969101603 0.037097786989237456 0.31806526889510783 -0.041201644467924299 -0.063490706013226234 0.12747650996015064 0.02986023537901079 -0.062651199600095145 -0.04104286545927234 -0.034234232622569985 0.05708079511762186 0.02619951613042798 -0.057819870272685966 -0.019163252854992818 0.15007762892927129 -0.044304404091079892 -0.029845385607265292 0.054591065092830668 0.056761887193625599 -0.022767835502714089 0.056638649761514691 0.014878651210959999 -0.0047235976525828961
leaf_weight=320.97881566333035 51.926815706276102 54.704994589304079 30.59428659293917 24.533091645851528 49006.075891573884 9869.7630627816598 1966.1576869238615 5.1658184999359973 205.5031039887217 17.438514869652863 235.90712998431809 101.52810814885379 103.99723642100616 178.95699273232276 153.82765817996369 82.717980385945339 146.99821842673191 845.89368678345818 880.95840637422589 251.5303525250547 111.94013731729501 59.621173799569078 126.06232231416652 899.60758714937765 142.15364026557654 82.411284773759689 2253.8694024600245 408.04123253454054 863.05185437910768 393.15496326422908
leaf_count=902251 36602 2221 2705 337 307402 2769967 1035295 2749 43338 1475 377810 50510 12643 158159 94719 36545 27918 137007 76039 72928 30952 7078 15024 135248 521 5363 599427 78424 31622 96580
internal_value=0.000267966 -0.0270468 0.02698 0.060001 0.000439354 0.000500237 0.00360373 0.00886487 0.0628046 0.247462 0.00762928 0.00880462 -0.00191517 0.009079 0.023076 0.016356 0.0367995 0.0481672 -0.0067995 -0.0185666 -0.0111926 0.042236 0.0171983 -0.0198469 0.00794006 -0.0206812 -0.0109175 -0.00353932 -0.0121304 0.026685
internal_weight=69875.1 430.811 109.832 79.2381 69444.3 69392.3 20386.3 10435.3 228.107 22.6043 10207.2 9971.29 9950.95 3059.66 1809.53 1705.53 1075.61 928.612 6891.3 629.923 1250.13 171.561 1007.02 1078.56 378.393 236.239 5884.28 3630.41 2829.21 801.196
internal_count=7148859 907514 5263 2558 6241345 6204743 5897341 3245849 47562 4224 3198287 2820477 2651492 719081 387644 375001 201470 173552 1932411 173531 331437 38030 91063 293407 100603 100082 1841348 1241921 1066917 175004
is_linear=0
shrinkage=0.055


Tree=167
num_leaves=31
num_cat=0
split_feature=26 23 27 47 15 35 16 40 10 10 51 16 33 8 14 14 40 33 8 7 15 40 45 45 50 50 16 16 8 13
split_gain=112.943 228.061 392.199 193.279 166.891 169.515 178.09 218.689 199.305 153.374 137.199 266.388 211.117 260.106 228.28 228.633 227.286 219.706 281.168 213.934 244.723 189.56 147.344 265.55 148.58 160.176 141.626 243.844 192.99 150.84
threshold=4076.5000000000005 6.5000000000000009 1169.2308349609377 -1.0000000180025095e-35 5.2755572795867929 2.3502402305603032 4138.5000000000009 2.1383330821990971 1.0000000180025095e-35 7.6016521453857431 305.50000000000006 759.50000000000011 6.908255100250245 3.7726949453353886 6.7062506675720224 6.4777410030364999 2.0126758813858037 7.0950558185577401 4.3241107463836679 1.0000000180025095e-35 8.0844082832336444 3.2769666910171513 0.78244695067405712 0.765498846769333 -9.4077792167663556 -8.9931249618530256 2303114.5000000005 2303425.5000000005 1.0000000180025095e-35 3.8815107345581059
decision_type=2 2 2 2 2 2 2 2 2 2 2 2 2 2 2 2 2 2 2 2 2 2 2 2 2 2 2 2 2 2
left_child=1 2 3 -1 5 6 7 -2 -8 -7 22 -12 26 19 15 16 -15 18 21 20 -14 -16 23 -6 -25 -26 -13 28 29 -28
right_child=4 -3 -4 -5 10 9 8 -9 -10 -11 11 12 13 14 17 -17 -18 -19 -20 -21 -22 -23 -24 24 25 -27 27 -29 -30 -31
leaf_value=0.00093613155073221503 -0.072857516978975773 0.024996238908041923 -0.052312160823762985 0.016183875511761502 -0.06407480303887933 0.027025459285350179 0.027143917428259504 0.14719523789283717 -0.067535780155073402 -0.070206122856824191 0.053283546529146235 -0.045379796340258322 -0.046639796370595538 0.19302182581333127 0.020285061124378525 0.12583340800632148 -0.052988963030364863 -0.055947243140698072 -0.05050480989453169 -0.039080122841257788 0.20150174937762855 0.2409475533680342 -0.0010206434959275769 -0.04968532911961733 0.1894927988485122 0.04805188631682511 -0.021001764640809575 -0.055146102779093625 0.033006364101272161 0.40943135146087728
leaf_weight=34293.773142799299 19.967303480735609 1283.8750192472944 400.79641381443798 2708.8540701753227 71.494914070153754 238.51006806595615 76.580981785054973 26.589176374081944 435.02274563926494 56.508005902092918 155.16169797171187 914.72257367244947 19.944805564804483 9.1515478929177316 22.105731051255134 110.6412981366193 52.642118496924013 109.87664740874425 36.216215901495161 409.04599690257601 20.370802941681177 22.912150702552026 27926.388596417324 38.332171771926369 22.150626321221353 326.4670358574258 2.9419842593670174 111.50801035788027 117.24442153824748 2.6844559519267932
leaf_count=3737805 3982 67386 768823 19568 38580 27436 8408 1574 94303 15168 39872 920379 16309 1940 10037 26231 48973 96237 28913 440049 1660 2442 481722 40197 1290 10799 3918 122121 72226 498
internal_value=0.000260796 0.00224897 0.00146493 0.00205441 -0.00219226 -0.0261128 -0.0438101 0.0549052 -0.0532378 0.00754199 -0.001519 -0.0150084 -0.0205308 0.000933027 0.0352609 0.0801911 -0.00483337 -0.00628952 0.0602266 -0.0269216 0.0871408 0.145452 -0.00051039 0.0302476 0.0482702 0.0595911 -0.0356533 0.00246197 0.0548546 0.280382
internal_weight=70042.5 38687.3 37403.4 37002.6 31355.2 853.178 558.16 46.5565 511.604 295.018 30502 2117.17 1962.01 812.907 363.546 172.435 61.7937 191.111 81.2341 449.362 40.3156 45.0179 28384.8 458.445 386.95 348.618 1149.1 234.379 122.871 5.62644
internal_count=7148846 4593582 4526196 3757373 2555264 150871 108267 5556 102711 42604 2404393 1831805 1791933 672791 214773 77144 50913 137629 41392 458018 17969 12479 572588 90866 52286 12089 1119142 198763 76642 4416
is_linear=0
shrinkage=0.055


Tree=168
num_leaves=31
num_cat=0
split_feature=52 45 21 54 6 33 50 2 8 52 35 56 50 16 52 28 56 14 56 57 45 8 0 22 52 27 10 28 49 2
split_gain=122.438 267.442 244.516 196.779 155.52 153.807 148.805 271.885 166.39 224.947 147.008 168.588 207.517 364.863 242.829 304.378 272.254 240.674 210.106 222.139 199.352 183.752 179.464 167.474 201.708 166.018 192.576 153.812 195.481 217.831
threshold=0.83150741457939159 0.83414188027381908 1.0000000180025095e-35 46.500000000000007 -0.014062796253710983 9.2104907035827654 -111.113956451416 0.41428571939468389 4.3757371902465829 0.82709938287734996 1.2424533367156985 -100.90649414062499 -7.8226706981658927 2303382.5000000005 0.82948249578475963 24145.000000000004 -100.90307617187499 7.3842997550964364 -100.86743164062499 154.50000000000003 0.77031469345092785 5.349482774734498 0.46428571641445165 1.4978661537170412 0.81959712505340587 670.30813598632824 9.1044793128967303 7086.0000000000009 2.2566730976104741 0.10555555671453477
decision_type=2 2 2 2 2 2 2 2 2 2 2 2 2 2 2 2 2 2 2 2 2 2 2 2 2 2 2 2 2 2
left_child=4 2 -2 -4 5 6 7 8 -1 -10 11 23 13 14 15 17 22 20 -18 -20 -13 25 -16 -8 -25 26 -22 -12 -29 -30
right_child=1 -3 3 -5 -6 -7 10 -9 9 -11 27 12 -14 -15 16 -17 18 -19 19 -21 21 -23 -24 24 -26 -27 -28 28 29 -31
leaf_value=-0.055074375548048074 -0.052647463022145922 -0.00083253680924746769 -0.068672799936306705 0.020474386762604373 -0.043636013622156841 -0.028683089054214687 -0.043892778902949812 0.062528289287601888 -0.025045620976377195 0.14010857816327385 -0.0031066689742115417 -0.052220160189859928 0.0057477157459251181 -0.039107028884240697 -0.026233769398940926 -0.035691308772816198 -0.01755503452870456 -0.046500076656695283 -0.060372593364177947 0.12813550015822942 0.047803764940967469 -0.030739173611030558 0.35973622940678412 -0.042961172774800362 0.047411477822420008 -0.015407954300685438 -0.057492953974933876 -0.03462606508568726 0.025002658973028273 -0.0012661317272258121
leaf_weight=390.39448705013274 577.24831505031761 47750.618681041524 89.950460609223228 349.76428763555305 203.790991415186 419.84106488776524 316.56855428892413 92.47764014713357 92.544584171677343 28.623338979410619 7463.1540079582574 73.376203867833283 4352.61364344501 248.5681613799843 3.8576581894449165 223.85706152765852 64.136737336644728 112.19207880623071 19.23065682851302 119.92022741691471 1965.7271797553367 110.26637170221147 11.391571974323597 116.69796597606546 189.15640279559739 145.01314478027962 49.944508327003859 271.09712670756744 2137.9030809997366 1721.6492850828963
leaf_count=1218401 23350 735747 1062 17537 67826 168415 281704 59625 238848 9288 2157273 243759 88328 112746 827 103017 4230 63008 2051 2361 382097 26948 207 217189 16125 123992 22106 337944 287893 136044
internal_value=8.20909e-05 -0.00142845 -0.029268 0.00167089 0.00359885 0.00407338 0.00475705 -0.0220234 -0.0377655 0.0179749 0.00558289 0.0112545 0.0135386 0.0242864 0.02978 0.0251303 0.0849722 0.030734 0.0639988 0.100893 0.0345213 0.0374326 0.279728 -0.0161575 0.0127936 0.0409745 0.0450589 0.00160628 0.010115 0.0132983
internal_weight=69711.6 48767.6 1016.96 439.715 20944 20740.2 20320.4 604.04 511.562 121.168 19716.3 8122.52 7500.1 3147.48 2898.91 2680.38 218.537 2456.52 203.288 139.151 2344.33 2270.95 15.2492 622.423 305.854 2160.68 2015.67 11593.8 4130.65 3859.55
internal_count=7149948 777696 41949 18599 6372252 6304426 6136011 1526162 1466537 248136 4609849 1690695 1175677 1087349 974603 964927 9676 861910 8642 4412 798902 555143 1034 515018 233314 528195 404203 2919154 761881 423937
is_linear=0
shrinkage=0.055


Tree=169
num_leaves=31
num_cat=0
split_feature=18 16 53 45 8 52 49 9 52 52 53 8 47 26 9 48 14 53 7 15 16 16 55 6 7 53 46 45 33 22
split_gain=102.137 101.154 124.393 150.864 173.324 135.178 118.824 300.82 180.312 166.625 217.657 153.913 135.161 132.993 145.231 233.832 175.155 143.715 170.731 161.506 131.316 113.3 142.258 220.618 228.768 221.359 216.204 193.061 162.126 154.611
threshold=1.0000000180025095e-35 4140.5000000000009 -0.08169305324554442 0.80410629510879528 2.6020033359527592 0.79123175144195568 5.067498207092286 4.9474411010742196 0.82425761222839367 0.84127944707870495 -0.031346410512924187 2.4414010047912602 -15.869991302490233 900.50000000000011 4.9804074764251718 26.500000000000004 5.2755572795867929 -0.07128810882568358 2.7043696641922002 7.1819720268249521 4139.5000000000009 86456.500000000015 0.84448242187500011 -0.027874349616467949 2.7383713722229008 -0.028314471244812008 2.5391945838928227 0.85702317953109752 5.9851877689361581 2.9174053668975835
decision_type=2 2 2 2 2 2 2 2 2 2 2 2 2 2 2 2 2 2 2 2 2 2 2 2 2 2 2 2 2 2
left_child=-1 2 -2 4 -4 -6 7 -5 -9 10 11 -10 -8 -14 17 16 -16 -15 19 -19 -20 22 23 24 29 -25 28 -24 -26 -3
right_child=1 21 3 6 5 -7 12 8 9 -11 -12 -13 13 14 15 -17 -18 18 20 -21 -22 -23 27 25 26 -27 -28 -29 -30 -31
leaf_value=-0.073254861139560076 -0.059679507660670449 -0.0028111489932197953 -0.06200796149572816 -0.05483763277392556 -0.01429877592130571 0.10411046951774122 -0.069343193769934725 -0.030278303502258054 0.16199244098225543 0.030265655904258823 -0.058387884904078445 0.051181299545041838 0.042949426797324497 0.10411884065561215 -0.066779960852310319 -0.073519243823310432 0.0084142610904924531 -0.039139711722350048 0.043684258874802921 0.018333833296060722 -0.089328524322779018 0.00081384196541399326 0.027272660374096945 -0.043394548352606019 -0.043230818606928248 -0.0025336607412794004 -0.045669034340049944 -0.0031824564970070854 0.027517354176048836 0.028075254582731992
leaf_weight=52.16386169710313 71.064578534012981 2194.7898020008579 27.354709504888888 103.81590766000227 35.754117530723306 130.3897080146271 71.716784996388014 78.065355398401152 97.441158350946353 275.12855582544216 20.968728662555804 70.472759055723145 242.01059240668837 46.141295971829095 104.55500087095425 167.57812378973904 643.1129734365386 282.73541279308847 390.80164224770124 299.9356512654922 19.219507598027121 56211.450161058994 738.15752593202706 1052.8172677033363 140.80799556321472 647.01824744742044 646.37058508876362 4117.9847522637319 293.89895845924002 626.01251462177606
leaf_count=60348 171358 223838 6265 27198 4982 4825 4325 28638 4891 7181 822 8811 344 531 418 4085 1404 1635 1785 948 237 5621847 38802 330982 116579 3435 46729 187035 185135 52939
internal_value=0.000232947 0.000293069 0.00987139 0.0115554 0.0579677 0.0789555 0.00837915 0.0290942 0.0455227 0.0584624 0.0976943 0.11831 0.00242828 0.00492429 0.00011732 -0.0158115 -0.00247478 0.0141597 0.00947744 -0.00965037 0.0364483 -0.000164255 -0.00541945 -0.011388 -0.00417061 -0.0278945 -0.0256206 0.00147016 0.00436998 0.00408093
internal_weight=69899.7 69847.6 3178.26 3107.2 193.499 166.144 2913.7 645.892 542.077 464.011 188.883 167.914 2267.81 2196.09 1954.08 915.246 747.668 1038.83 992.692 582.671 410.021 66669.3 10457.9 5601.72 3901.88 1699.84 1081.08 4856.14 434.707 2820.8
internal_count=7148352 7088004 280683 109325 16072 9807 93253 77541 50343 21705 14524 13702 15712 11387 11043 5907 1822 5136 4605 2583 2022 6807321 1185474 959637 625220 334417 348443 225837 301714 276777
is_linear=0
shrinkage=0.055


Tree=170
num_leaves=31
num_cat=0
split_feature=29 33 26 50 28 54 15 15 47 14 47 49 52 10 48 0 51 31 39 13 40 10 10 15 54 8 8 8 7 51
split_gain=145.12 220.304 193.927 212.258 201.214 193.606 208.183 244.195 177.82 177.01 222.491 378.361 184.546 185.114 260.773 213.614 184.895 232.653 171.37 261.192 198.84 178.301 215.962 170.593 181.836 170.024 169.155 218.109 164.662 159.403
threshold=0.18333333730697635 9.2104907035827654 1167.0000000000002 -10.92155885696411 6084.5000000000009 66.500000000000014 7.0374670028686532 5.4743669033050546 -120.31378173828124 6.6535077095031747 -10.446536064147947 6.172173500061036 0.75120395421981823 8.5174932479858416 136.50000000000003 0.46428571641445165 34.500000000000007 1.7005987167358401 1.0000000180025095e-35 3.7494349479675297 2.8617925643920903 7.8242459297180185 7.8268392086029062 8.6331076622009295 269.50000000000006 6.5264937877655038 4.6298508644104013 2.1383330821990971 1.8328581452369692 43.500000000000007
decision_type=2 2 2 2 2 2 2 2 2 2 2 2 2 2 2 2 2 2 2 2 2 2 2 2 2 2 2 2 2 2
left_child=1 8 -2 4 5 6 7 -4 -1 10 26 -12 -13 16 -15 -16 -14 25 -6 -20 21 -21 -23 -10 -25 -18 27 -5 -9 -28
right_child=2 -3 3 9 18 -7 -8 28 23 -11 11 12 13 14 15 -17 17 -19 19 20 -22 22 -24 24 -26 -27 29 -29 -30 -31
leaf_value=-0.045898424758052045 0.0039611012507954086 -0.037770065940565721 -0.063314603010649742 0.053960671478139516 -0.04190209439729304 -0.029909529333100957 -0.025620012405474599 -0.029719744529464454 0.0035198879718370858 -0.00056748027517679778 -0.055483132957243934 0.063786083753520156 -0.0096013443958118186 0.0035939488523877238 -0.048169085886352124 0.16444924636588512 -0.046992372634163053 0.096561951352513969 -0.044770196062053083 0.063124496320245985 -0.017468345176273749 0.39584018848479524 -0.030494410176706798 -0.096015292727081716 0.017370960153726373 0.037310414269057741 0.011665272468642704 -0.030132658037413735 0.069018247703553359 0.10486450859552787
leaf_weight=219.79452481435146 9736.4078687693691 404.58871627615008 57.592502138408236 139.42977191754653 1231.3491236626123 439.76307930900111 227.79744713777472 57.348366444159183 29902.552140149404 18583.478098612373 580.67448902875003 97.811891211626062 4620.1838496277633 898.51251958860666 16.661444544108235 50.690141903352924 914.06787930724386 34.317649661978066 180.37464856462429 89.087892989329703 78.266565773723414 6.5154197544434265 4.2522853317896079 101.48681788175054 69.291630499943494 74.905828946648398 110.62673928543518 258.54346617092597 330.6393126014591 109.35276607336709
leaf_count=262663 660539 138370 6835 9606 291065 587886 16870 869 4746126 221772 63478 2125 11041 3065 1015 168 14219 120 25810 2993 9349 130 731 3680 27780 382 750 19294 14962 6272
internal_value=-0.000529587 0.00229783 -0.00275919 -0.00500089 -0.0196684 -0.00171507 0.0167826 0.0385042 0.00283911 -0.00350077 -0.0103911 -0.0130806 -0.00937096 -0.010501 0.0117029 0.112158 -0.0143082 -0.0354095 -0.0321937 0.00126985 0.0478415 0.0974233 0.271195 0.00320288 -0.0508245 -0.0404516 0.0211776 -0.000366619 0.0542314 0.0592959
internal_weight=69626.4 30697.7 38928.7 29192.2 2702.99 1113.14 673.378 445.58 30293.1 26489.3 7905.78 7287.83 6707.15 6609.34 965.864 67.3516 5643.48 1023.29 1589.85 358.497 178.122 99.8556 10.7677 30073.3 170.778 988.974 617.953 397.973 387.988 219.98
internal_count=7149965 5178619 1971346 1310807 957500 627422 39536 22666 5040249 353307 131535 95613 32135 30010 4248 1183 25762 14721 330078 39013 13203 3854 861 4777586 31460 14601 35922 28900 15831 7022
is_linear=0
shrinkage=0.055


Tree=171
num_leaves=31
num_cat=0
split_feature=57 56 9 10 50 55 36 43 27 55 3 14 45 13 8 10 48 14 56 27 57 45 14 13 54 57 40 8 31 44
split_gain=97.1762 246.02 157.439 283.962 181.926 158.136 146.809 198.133 163.364 173.335 166.953 237.072 220.284 192.258 203.873 201.162 188.362 164.297 166.675 163.854 181.739 174.37 161.704 156.216 152.561 149.865 195.225 147.899 146.097 144.532
threshold=14.500000000000002 -0.020263671874999997 4.8401389122009286 8.5156917572021502 -112.258487701416 0.86108398437500011 1.0000000180025095e-35 -1.0000000180025095e-35 23.757309913635257 0.87622070312500011 0.97916665673255932 6.4777410030364999 0.78244695067405712 3.6762205362319951 1.2424533367156985 8.9247875213623065 221.50000000000003 6.5799450874328622 -0.026123046874999997 465.79299926757818 58.500000000000007 0.8397013545036317 6.2998676300048837 3.2384861707687382 115.50000000000001 64.500000000000014 2.9700856208801274 2.1383330821990971 2.4414010047912602 1.5000000000000002
decision_type=2 2 2 2 2 2 2 2 2 2 2 2 2 2 2 2 2 2 2 2 2 2 2 2 2 2 2 2 2 2
left_child=-1 6 3 4 -3 -5 7 -2 10 19 11 22 -12 14 -14 -15 23 24 25 21 -21 28 -8 -16 -13 27 -27 -19 -10 -4
right_child=1 2 29 5 -6 -7 8 -9 9 -11 12 17 13 15 16 -17 -18 18 -20 20 -22 -23 -24 -25 -26 26 -28 -29 -30 -31
leaf_value=0.0074352623303933895 -0.045087424417122414 0.054523709429991941 -0.016553745977442077 0.086174154249782184 -0.058233312007229941 -0.01717805297164007 -0.028128343303105 0.0018927034724270143 -0.03784464334168313 -0.058237537947492687 0.13806772383174867 0.05750066675901782 -0.072156698826959853 0.011002017181184341 0.019917755304897134 -0.066834313744414633 -0.061091813910767449 0.088489267147077444 -0.083007454881704718 0.052037702589183686 -0.032247678468224163 0.05815983994986347 -0.081507966156601261 -0.017608419641412573 -0.061395142343010412 -0.04462278541429178 -0.0020015658309417671 -0.0066054077927818096 0.081428644870362402 0.0049200739715283487
leaf_weight=5130.4853820724529 268.01212446807767 42.684475214733538 2326.5429931616527 73.722788021150336 615.70879244514435 100.77104424168647 1014.6166250602746 50993.703847298471 123.19704742529575 85.932407542841247 28.878162509859976 184.58413249417936 173.7277549778737 2249.428426786857 541.26266507705441 100.17510168546141 188.09996650242465 85.689967276557581 90.586196803807979 104.74597696155251 257.91313634894505 414.15834201036341 204.96915995305426 865.2607726595088 35.151276471749952 446.89148276712876 1160.4059619213203 107.45166221412364 36.05162774123346 1594.846628951258
leaf_count=67187 170183 25042 93365 1275 35157 5451 260195 5411305 99954 31144 9394 1424 10862 37493 3202 4319 25972 101 597 8914 178085 27161 91783 7056 43404 159111 266980 286 7417 65084
internal_value=0.000153762 -0.000425821 -0.0124606 -0.0341085 -0.0505673 0.0276719 0.000532568 0.0016427 -0.0061601 0.0144171 -0.00898039 -0.0181413 -0.00161023 -0.002756 -0.0164304 0.0075486 -0.0101527 -0.00695411 -0.0122094 0.0213609 -0.00752711 0.0395386 -0.0373957 -0.00314808 0.037538 -0.00842731 -0.0139536 0.036753 -0.00918603 -0.0078251
internal_weight=69645.7 64515.2 4754.28 832.887 658.393 174.494 59760.9 51261.7 8499.18 1022 7477.18 3330.35 4146.83 4117.95 1768.35 2349.6 1594.62 2110.76 1891.03 936.066 362.659 573.407 1219.59 1406.52 219.735 1800.44 1607.3 193.142 159.249 3921.39
internal_count=7148903 7081716 225374 66925 60199 6726 6856342 5581488 1274854 352675 922179 823881 98298 88904 47092 41812 36230 471903 427075 321531 186999 134532 351978 10258 44828 426478 426091 387 107371 158449
is_linear=0
shrinkage=0.055


Tree=172
num_leaves=31
num_cat=0
split_feature=57 56 53 7 29 4 46 51 55 15 55 2 8 27 27 35 23 44 14 54 15 2 26 15 35 47 51 56 57 16
split_gain=99.2949 137.067 160.088 145.256 264.69 172.083 156.925 217.622 145.123 133.614 126.692 125.802 111.095 147.882 128.439 124.196 110.668 168.587 142.657 133.964 141.217 127.731 133.063 106.384 120.632 249.314 165.989 105.557 116.071 151.459
threshold=6.5000000000000009 -0.020263671874999997 -1.0000000180025095e-35 2.04039478302002 0.6904762089252473 1.0000000180025095e-35 4.0997047424316415 34.500000000000007 0.89038085937500011 7.7273149490356454 0.90356445312500011 0.11437908560037614 2.0126758813858037 465.79299926757818 1366.611999511719 1.4978661537170412 5.5000000000000009 1.5000000000000002 7.5112512111663827 27.500000000000004 6.5330615043640146 0.58571431040763866 996.50000000000011 5.5353620052337655 1.9088562130928042 -10.650115013122557 26.500000000000004 -0.015380859374999998 18.500000000000004 2303426.5000000005
decision_type=2 2 2 2 2 2 2 2 2 2 2 2 2 2 2 2 2 2 2 2 2 2 2 2 2 2 2 2 2 2
left_child=11 2 -2 6 10 -6 -3 -8 -7 -9 16 -1 13 15 -15 -13 17 18 27 21 -21 22 -18 -19 25 -25 -26 28 -5 -30
right_child=1 3 -4 4 5 8 7 9 -10 -11 -12 12 -14 14 -16 -17 19 23 -20 20 -22 -23 -24 24 26 -27 -28 -29 29 -31
leaf_value=-0.043468668927355326 0.00050157130379426321 0.041945192247339315 0.020875784897367064 0.021717633094306965 -0.074276167853479971 -0.075598710074213801 0.0024168799168868284 -0.092275261404653988 0.021962065172427409 0.0067820570979209857 -0.046118343379026004 -0.028501684742045133 0.0061285696489983364 0.08578028089961677 -0.051897878894495909 0.031067338259487272 0.024953105577930117 -0.05021195438314794 -0.091635998377648201 -0.055521482959413483 0.052833215827142031 0.038269824536778907 -0.044836495485240942 0.07991092879629591 0.016072028041186792 -0.0083197413845606718 -0.072733917262604378 -0.03742731321078531 -0.035677978718803405 0.041170239055303141
leaf_weight=119.42954210395692 59367.902391861688 265.1414203205677 1184.9934930465242 289.51176208067045 331.76567513927148 63.146083671577799 2298.080924693495 119.25495111942291 138.1775531112944 60.647221989929676 245.50293949400657 137.44360233008047 1928.848419830334 178.84315279164002 19.733697570365621 412.92556075123139 117.66941814316669 77.196600377632421 81.655777076714003 37.553468185426027 280.58364544097276 139.03727038012585 253.21547433751402 190.90046623859962 212.67059367569163 189.97440330171958 85.116200449527241 532.22662654050509 415.55612038561958 90.719938381836982
leaf_count=4214 6863843 516 1448 4963 33529 5148 3337 658 5908 134 22282 649 16434 3187 3267 1009 271 23901 11531 8543 7570 193 1540 18175 409 582 18131 38307 47087 3494
internal_value=0.000509995 8.61772e-05 0.000901976 -0.0074907 -0.0144866 -0.0502165 0.00213854 -0.00219662 -0.0097288 -0.0596014 -0.00853787 0.0106535 0.0131438 0.0310506 0.0711598 0.0160685 -0.00538415 -0.0119171 -0.0231258 0.0116696 0.0393816 -0.0058343 -0.0226572 0.00900181 0.0160552 0.0363653 -0.0100932 -0.0185854 -0.00582886 -0.0216395
internal_weight=69865.4 67068.2 60552.9 6515.3 3772.18 533.089 2743.12 2477.98 201.324 179.902 3239.09 2797.22 2677.79 748.946 198.577 550.369 2993.59 2165.53 1409.67 828.059 318.137 509.922 370.885 755.858 678.662 380.875 297.787 1328.01 795.788 506.276
internal_count=7150260 7121500 6865291 256209 251564 44585 4645 4129 11056 792 206979 28760 24546 8112 6454 1658 184697 166580 105382 18117 16113 2004 1811 61198 37297 18757 18540 93851 55544 50581
is_linear=0
shrinkage=0.055


Tree=173
num_leaves=31
num_cat=0
split_feature=25 36 7 27 13 53 27 50 47 56 14 25 44 13 25 23 48 25 28 54 15 22 9 32 56 16 47 45 45 47
split_gain=100.522 208.395 262.982 292.18 282.15 247.879 172.858 250.159 203.024 169.303 158.011 191.365 179.703 155.075 185.745 368.696 235.735 191.002 173.077 159.221 205.185 158.37 153.892 153.766 152.668 180.888 163.002 146.745 281.654 174.401
threshold=-10.878357887268065 1.0000000180025095e-35 3.0138765573501591 26.6976432800293 3.5694335699081425 -0.091948926448822008 41.395067214965827 -6.1563501358032218 -4.3634471893310538 -100.90649414062499 6.8453476428985605 -13.52804660797119 2.5000000000000004 3.9019217491149907 -16.280002593994137 1.0000000180025095e-35 102.50000000000001 -14.158114433288572 1.5000000000000002 653.50000000000011 7.7974965572357187 3.5694335699081425 1.0000000180025095e-35 2.5249279737472539 -0.023193359374999997 2058731.5000000002 -4.3634471893310538 0.84691032767295849 0.85552051663398754 -9.630940914154051
decision_type=2 2 2 2 2 2 2 2 2 2 2 2 2 2 2 2 2 2 2 2 2 2 2 2 2 2 2 2 2 2
left_child=1 2 27 5 10 -4 7 -3 -9 -6 11 -5 -12 14 -11 16 -16 -18 -15 20 21 23 -10 -17 25 -8 -26 -1 29 -29
right_child=-2 6 3 4 9 -7 24 8 22 13 12 -13 -14 18 15 19 17 -19 -20 -21 -22 -23 -24 -25 26 -27 -28 28 -30 -31
leaf_value=-0.061088506835869742 0.001489918341550761 -0.066513222249789075 0.033149639818549494 -0.039005159468948419 -0.051332127484149316 -0.055149093306342753 -0.036016946312713752 0.049884495349199552 0.066416769143827215 -0.024156706450185687 -0.059508622862483561 0.0052724968842413674 0.02058985930738878 0.0118294359087652 -0.056212973703810974 0.027306677503361704 0.12593411319977244 -0.051408792566975718 -0.064504156441098581 0.044490744043827177 -0.048585916015352712 -0.042336371285894195 -0.052405431305912978 -0.064177146855254968 0.048183854293704802 0.025086789034715336 -0.081883851332920296 -0.04799609157630344 0.017308483633085313 0.16565677012690272
leaf_weight=44.748514037338282 62234.53339430668 180.90440645070703 107.3075833078392 496.19184118805515 154.00478099190877 728.19870649579389 222.26921581661554 195.33817475393153 36.877514370557037 333.33721950186191 529.57699933321692 716.17387838590821 98.101265577685808 178.31144767157093 27.314152425091379 767.56363790869 171.11461236430114 17.804111775527417 173.48748772823092 321.70199337755912 202.54772366963152 135.72434674286706 156.52341100423655 55.184138976710528 583.70829781565044 407.77604400696873 26.236189715564251 11.564206370596365 344.51007034880604 63.880845311301528
leaf_count=13397 4560519 43474 56600 565837 142615 41937 135882 1541 96 382503 433631 103455 60270 89609 1913 60925 25897 2924 52064 107960 24669 17948 881 10751 49610 156646 126 1354 4220 188
internal_value=0.000765418 -0.00525307 -0.0104313 -0.0139712 -0.00825855 -0.0436788 0.0109794 -0.0140168 0.0109474 0.00363235 -0.0246259 -0.012935 -0.0469261 0.00728288 0.0131273 0.0204919 0.0867413 0.108326 -0.0261904 0.0105714 0.00102232 0.0117034 -0.0286457 0.02082 0.0224726 0.00341658 0.0419688 0.0290098 0.039216 0.13196
internal_weight=69722.5 7487.98 5678.35 5213.65 4378.14 835.506 1809.63 569.644 388.739 2538.1 1840.04 1212.37 627.678 2384.09 2032.29 1698.95 216.233 188.919 351.799 1482.72 1161.02 958.472 193.401 822.748 1239.99 630.045 609.944 464.704 419.955 75.4451
internal_count=7149442 2588923 2200667 2181508 2082971 98537 388256 45992 2518 919778 1163193 669292 493901 777163 635490 252987 30734 28821 141673 222253 114293 89624 977 71676 342264 292528 49736 19159 5762 1542
is_linear=0
shrinkage=0.055


Tree=174
num_leaves=31
num_cat=0
split_feature=55 27 16 29 28 8 55 40 8 10 57 44 47 48 46 51 53 52 51 1 25 31 16 53 52 16 56 16 14 10
split_gain=99.8579 147.297 148.57 164.2 188.787 141.45 125.843 118.589 234.841 199.657 112.101 135.545 110.21 164.316 297.43 117.976 114.63 109.665 102.105 118.593 129.956 97.4041 97.3634 159.497 160.083 188.216 230.496 220.904 211.251 216.026
threshold=0.89282226562500011 103.20537567138673 1288225.0000000002 0.30952382087707525 6668.0000000000009 1.2424533367156985 0.92065429687500011 3.3497501611709599 1.7005987167358401 8.6131396293640154 3.5000000000000004 2.5000000000000004 -15.702696800231932 434.50000000000006 4.629059076309205 1577.5000000000002 -0.07617092132568358 0.86338922381401073 330.50000000000006 0.77500000596046459 -8.2851638793945295 1.2424533367156985 2169981.0000000005 -100.86783599853514 0.76930174231529247 2096704.5000000002 -100.87084960937499 2061703.5000000002 6.1664671897888192 8.9247875213623065
decision_type=2 2 2 2 2 2 2 2 2 2 2 2 2 2 2 2 2 2 2 2 2 2 2 2 2 2 2 2 2 2
left_child=7 2 3 4 -2 21 -3 10 -9 12 11 -1 15 -14 -15 -10 -16 -17 19 -7 -21 -5 23 -12 -25 27 28 -26 -27 -30
right_child=1 6 -4 5 -6 18 -8 8 9 -11 22 -13 13 14 16 17 -18 -19 -20 20 -22 -23 -24 24 25 26 -28 -29 29 -31
leaf_value=0.015008091937239395 -0.022516423201250614 -0.043776588264674843 0.0054146579698386779 -0.0063718430189469944 -0.1200749807316108 -0.0019406942356704358 0.03898923847063776 -0.069798385882114802 -0.061202113993447833 -0.043937002298042351 -0.032506163580302928 0.11829467097053699 0.025214832455773363 0.068248300566190509 0.53943098647840848 -0.043650929685353966 -0.011065824770257426 0.13020826106466563 0.051782561927898603 -0.11235512077492996 -0.0071174833756066837 -0.1082549062650732 0.0032037261035780707 0.020936655074292886 -0.0013896996821762375 -0.021200902505300826 -0.021926775545538447 0.013826780258146102 0.0058983921890992932 0.11817726728290698
leaf_weight=843.72001078251924 187.47084641939909 481.44967873574751 2241.8676303006068 49.089076791336993 85.475654269568622 1182.4344203123474 58.837679712385579 87.106850020063575 77.547501722427114 127.42396564760202 488.34681724314578 35.458521131324233 1150.0217078603873 106.34132470702752 1.0127937506003948 16.674580294869884 1.1699567535761151 19.043706333119189 88.460208220159984 60.101465362880845 79.657281275838614 64.520903768760036 20513.447155781541 973.33865787855757 31192.382133487608 1046.9203338834232 2836.2258331322573 3175.2206348058062 2306.6618685088779 48.055047332218237
leaf_count=5786 926 158481 5630 210 443 2704 4173 24231 29176 17313 1581658 134 19035 17600 205 26212 172 127 850 361 126 562 2213716 738130 1820970 63247 126351 162912 123785 2181
internal_value=0.000191295 -0.00765432 -0.00402665 -0.0157862 -0.0546782 -0.00866593 -0.0344885 0.000744186 0.0155737 0.0207494 0.000372287 0.0198192 0.0268956 0.031576 0.0949056 -0.0242463 0.442061 0.0536509 -0.00380168 -0.00770157 -0.0546912 -0.0663572 9.75215e-05 -0.00141738 -0.00104837 -0.00157788 -0.0103631 1.79567e-05 -0.00070353 0.00843533
internal_weight=69625.5 4579.36 4039.08 1797.21 272.947 1524.26 540.287 65046.1 1586.34 1499.24 63459.8 879.179 1371.81 1258.55 108.524 113.266 2.18275 35.7183 1410.65 1322.19 139.759 113.61 62580.6 42067.2 41578.8 40605.5 6237.86 34367.6 3401.64 2354.72
internal_count=7147407 174466 11812 6182 1369 4813 162654 6972941 134071 109840 6838870 5920 92527 37012 17977 55515 377 26339 4041 3191 487 772 6832950 4619234 3037576 2299446 315564 1983882 189213 125966
is_linear=0
shrinkage=0.055


Tree=175
num_leaves=31
num_cat=0
split_feature=16 10 35 53 50 46 7 9 26 48 8 54 0 13 8 7 56 23 52 6 1 57 56 50 51 28 51 53 50 55
split_gain=125.595 131.904 207.715 149.784 152.23 286.438 171.139 143.326 130.13 144.009 129.865 124.535 120.939 161.491 132.435 144.61 133.798 129.66 120.314 120.187 119.188 117.793 107.848 107.041 104.845 159.212 107.478 102.521 121.487 116.405
threshold=4140.5000000000009 7.3814969062805185 1.7005987167358401 -0.07617092132568358 -4.4401073455810538 9.0808901786804217 2.0738475322723393 4.6214168071746835 15844.000000000002 8.5000000000000018 5.5073599815368661 7.5000000000000009 1.0000000180025095e-35 3.7494349479675297 3.0677825212478642 2.7383713722229008 -0.029052734374999997 3.5000000000000004 0.84127944707870495 -0.072087384760379777 1.0000000180025095e-35 230.50000000000003 -0.038818359374999993 -9.2080621719360334 205.50000000000003 6850.0000000000009 17.500000000000004 -1.0000000180025095e-35 -1.0000000180025095e-35 0.89282226562500011
decision_type=2 2 2 2 2 2 2 2 2 2 2 2 2 2 2 2 2 2 2 2 2 2 2 2 2 2 2 2 2 2
left_child=1 3 11 -1 6 -6 19 -8 -7 -10 12 -3 14 17 15 18 -17 21 23 -5 -16 22 -14 -9 26 -26 -21 29 -29 -2
right_child=27 2 -4 4 5 8 7 10 9 -11 -12 -13 13 -15 20 16 -18 -19 -20 24 -22 -23 -24 -25 25 -27 -28 28 -30 -31
leaf_value=-0.061371520232833911 -0.00098732857606921055 0.0087514218689557308 0.045880684736398787 0.036508219204596883 -0.077434054079539544 0.021427056418881596 -0.061448736624011742 0.1957730305741118 -0.0027511244576166891 -0.11330684108607937 -0.073692664304590816 -0.066974264351877838 0.10216492659786199 0.058261425255559857 0.050099468108137965 -0.056928954289317601 0.082388028103715163 -0.039875171665432058 0.044568733271721762 -0.0025026696550467195 -0.063678247896297516 -0.063606489513688969 0.01489655319734404 0.064041772009169537 -0.064755894488082763 0.066978788935655731 -0.076731634583032463 0.0015658766758616743 0.024746987054054245 -0.011816792828346998
leaf_weight=72.097477942777914 59568.61205974788 95.229270051466301 104.47376718422311 178.21682668837093 122.68472253413165 708.98398483055644 37.984061965738874 70.876484607295424 150.23871085327119 41.833319219527766 24.469548480301455 199.50735245812939 61.16491734849842 295.29535584017867 212.39600059264558 28.249429712732308 52.930977788419113 128.23508538048918 44.647054848745029 119.02271653077332 27.589891570631153 31.200403601753351 127.58598988255835 33.554817669537442 36.980779589004669 78.259280753092753 112.70365343437152 2307.0636572777294 967.4838566314429 3156.9594095448047
leaf_count=161881 6679878 191 10014 3887 1428 928 7556 2299 231 207 2282 44189 798 5787 10488 6922 1323 5427 444 304 3366 5382 5849 320 6510 7212 3305 3495 1236 165781
internal_value=-0.000521773 0.0101171 -0.0192891 0.0143408 0.0164527 -0.000313186 0.0265123 0.0381268 0.0105567 -0.029094 0.0417041 -0.0427695 0.0445575 0.0287057 0.0657188 0.0952838 0.0334178 0.00316959 0.126795 0.000386737 0.0359864 0.0285939 0.0450827 0.158307 -0.0184219 0.02377 -0.0394632 -0.00103775 0.00844216 -0.00153327
internal_weight=69196.5 3196.41 399.21 2797.2 2725.1 1023.74 1701.36 1176.18 901.056 192.072 1138.2 294.737 1113.73 643.482 470.245 230.259 81.1804 348.186 149.078 525.183 239.986 219.951 188.751 104.431 346.966 115.24 231.726 66000.1 3274.55 62725.6
internal_count=7148920 298530 54394 244136 82255 2794 79461 58243 1366 438 50687 44380 48405 23243 25162 11308 8245 17456 3063 21218 13854 12029 6647 2619 17331 13722 3609 6850390 4731 6845659
is_linear=0
shrinkage=0.055


Tree=176
num_leaves=31
num_cat=0
split_feature=18 16 2 48 10 8 31 32 14 49 50 46 9 53 53 56 56 32 13 15 10 56 7 16 26 56 10 8 51 2
split_gain=87.984 77.1964 138.966 177.327 267.571 199.252 171.883 154.977 239.411 250.168 186.421 185.34 255.804 216.413 174.769 169.202 157.773 155.204 142.284 142.181 122.293 147.401 121.238 120.895 230.95 159.961 193.302 224.816 175.621 223.917
threshold=1.0000000180025095e-35 44726.500000000007 0.13809524476528171 26.500000000000004 5.9952068328857431 3.7954261302948002 2.9174053668975835 1.2424533367156985 6.4777410030364999 0.57103204727172863 -10.154263019561766 5.777264118194581 4.9311423301696786 -0.034009397029876702 -0.037664175033569329 -100.84155273437499 -100.89721679687499 2.8617925643920903 3.4811217784881596 7.5472378730773935 5.8493206501007089 -0.016845703124999997 2.4816190004348759 86456.500000000015 590.00000000000011 -0.073974609374999986 6.6739296913146982 4.3502571582794198 1430.5000000000002 0.29285715520381933
decision_type=2 2 2 2 2 2 2 2 2 2 2 2 2 2 2 2 2 2 2 2 2 2 2 2 2 2 2 2 2 2
left_child=-1 2 7 19 5 -5 -6 8 16 -10 -11 13 15 14 -9 -13 22 -14 -12 -4 21 -7 -2 24 -3 26 27 -26 29 -28
right_child=1 23 3 4 6 20 -8 11 9 10 18 12 17 -15 -16 -17 -18 -19 -20 -21 -22 -23 -24 -25 25 -27 28 -29 -30 -31
leaf_value=-0.070443968968416745 -0.064794110364030238 0.01879354989540824 -0.0040003253056327577 -0.034712308729996394 -0.055874538064510045 -0.042506748161405705 0.055836559200260365 0.020066680756057057 -0.058018247814745752 0.14259573920609364 -0.07322004172148712 -0.064917765014695483 -0.094296887870560883 -0.029833197555436081 0.10265258441145003 0.04721482860684012 0.024440853572740479 0.015872305356132699 0.066528837404198016 0.025491621494366918 0.11752519647396652 0.080334115866270178 0.017260388873837084 0.0011569666268165307 0.0080507502599087011 -0.0016372032085133191 -0.050454509612192035 -0.032162691703829849 0.051602127981099373 -0.0034154160001525339
leaf_weight=47.495512402354507 113.62924839510379 989.17038164275618 1298.0646732109162 117.14531579264258 477.23708259612613 53.597132435530511 41.633052037510424 316.33172103847755 39.551521398037949 102.90768447162009 20.706281330280035 51.379768441631313 165.96351087419134 186.64382426154043 99.258832766558044 142.8384860290098 1011.7893599817835 48.30733192709522 188.97521370994036 792.68045083046309 59.248465669337747 55.156765233710757 97.588122233570175 56171.450300588433 1191.4757078232924 3713.48963667731 1033.1795112421514 643.74390609234797 67.402057405102823 435.21525121197556
leaf_count=60432 69509 119190 3594 24215 66191 7674 2262 184782 36127 7646 993 1716 3669 5801 2602 352 132509 401 1981 1277 887 382 38662 5621712 200798 124514 239737 87943 89142 12191
internal_value=0.000733511 0.000787043 0.00704966 -0.00123001 -0.0230999 0.0194823 -0.0464637 0.0163029 0.0270611 0.0667107 0.0831575 -0.000513865 -0.0289127 0.0188282 0.0407772 0.0166657 0.0154197 -0.0696637 0.0513446 0.00721533 0.0571823 0.0205871 -0.0273603 0.000252284 -0.00603874 -0.00951674 -0.0181815 -0.00610407 -0.032547 -0.0365716
internal_weight=69773.3 69725.8 5480.63 2894.76 804.018 285.148 518.87 2585.87 1575.15 352.141 312.589 1010.72 408.489 602.234 415.591 194.218 1223.01 214.271 209.681 2090.75 168.002 108.754 211.217 64245.1 8073.68 7084.51 3371.02 1835.22 1535.8 1468.39
internal_count=7148891 7088459 593232 106482 101611 33158 68453 486750 287427 46747 10620 199323 6138 193185 187384 2068 240680 4070 2974 4871 8943 8056 108171 6495227 873515 754325 629811 288741 341070 251928
is_linear=0
shrinkage=0.055


Tree=177
num_leaves=31
num_cat=0
split_feature=47 42 50 56 15 40 13 51 38 45 27 16 49 45 4 28 14 15 31 45 33 15 54 44 50 51 53 54 16 25
split_gain=118.996 104.939 202.982 183.112 146.012 123.632 111.909 167.2 285.07 342.776 249.312 238.892 188.658 184.237 164.754 196.417 176.569 248.141 207.113 206.6 486.58 198.406 208.79 161.965 188.238 190.013 205.168 193.276 230.124 216.611
threshold=-124.74536895751952 -1.0000000180025095e-35 -4.4401073455810538 -0.016845703124999997 8.2431507110595721 3.113268375396729 3.4811217784881596 121.50000000000001 1.0000000180025095e-35 0.80223923921585094 958.36163330078136 2302184.5000000005 8.8405928611755389 0.8060494363307954 1.0000000180025095e-35 5.5000000000000009 7.0224223136901864 8.6331076622009295 1.2424533367156985 0.78818944096565258 6.8029501438140878 5.4743669033050546 318.50000000000006 1.0000000180025095e-35 -19.666589736938473 26.500000000000004 -0.031346410512924187 21.500000000000004 2302196.0000000005 -9.4656548500061017
decision_type=2 2 2 2 2 2 2 2 2 2 2 2 2 2 2 2 2 2 2 2 2 2 2 2 2 2 2 2 2 2
left_child=-1 2 3 -2 5 -4 -3 14 12 -10 11 -11 -9 -13 16 -16 17 18 23 20 -18 -20 -23 24 -8 -26 -27 28 -28 -29
right_child=1 6 4 -5 -6 -7 7 8 9 10 -12 13 -14 -15 15 -17 19 -19 21 -21 -22 22 -24 -25 25 26 27 29 -30 -31
leaf_value=-0.056580479232316745 -0.052222144991444189 -0.0025997236564557443 0.0082072629705879051 0.073613125963601339 0.075165755318548147 -0.068633827170407211 0.087270700241782379 0.002968606498429074 -0.035392871300751833 0.027686226185683591 -0.042226714411472993 0.23485175565244967 -0.058024950320814186 0.067669809208831186 -0.05235547475273588 0.015680198427807886 -0.045424705433230218 -0.080539619699703843 -0.086167072011057333 0.0031777611304548647 0.092943662661108747 -0.008928327213872083 -0.058497620292317261 0.003800878627819677 -0.0026552484886121996 -0.039679788798272914 -0.07208746254298222 0.044607175063342649 0.016066220521769602 -0.066397847435002572
leaf_weight=107.18330178626638 450.60642320075021 24606.939582196537 342.49179396223735 33.564461570538697 75.131243686020753 72.500104816568637 58.066174929626868 3890.100601380298 267.44546077217819 2160.6131736521293 134.23639617410845 18.298000235579821 154.69217647364712 229.25572110244684 129.38315769625478 2948.9016713704477 112.31415843002469 121.79369867563946 111.15118216011615 13442.920961240001 222.81318198208464 3141.8817538154108 275.3161456920061 9686.6955431608185 4881.9458015578311 1016.0651505114074 183.60459686606191 311.15771956276149 167.74820342333987 59.326466854661703
leaf_count=170667 1383995 2391449 13642 3678 1301 4547 3287 1787053 525978 343205 184782 3048 14380 22286 4180 6296 9177 1955 1727 84766 6878 17195 15364 81999 14401 47955 1073 1370 472 644
internal_value=1.92071e-05 0.000110814 -0.0177658 -0.0428355 0.00718196 -0.00587433 0.000366982 0.00203662 0.00992122 0.0233615 0.0295995 0.0336824 0.000567162 0.084432 0.000569661 0.0127403 -0.000540722 -0.00383892 -0.00334921 0.00425008 0.046585 -0.0154252 -0.0130016 -0.000741604 -0.00732865 -0.00822367 -0.0238134 -0.00136049 -0.0303649 0.0261842
internal_weight=69414.1 69307 974.294 484.171 490.123 414.992 68332.7 43725.7 6854.64 2809.85 2542.4 2408.17 4044.79 247.554 36871.1 3078.28 33792.8 20014.8 19893 13778 335.127 3528.35 3417.2 16364.6 6677.91 6619.85 1737.9 721.837 351.353 370.484
internal_count=7148750 6978083 1407163 1387673 19490 18189 5570920 3179471 2880732 1079299 553321 368539 1801433 25334 298739 10476 288263 187442 185487 100821 16055 34286 32559 151201 69202 65915 51514 3559 1545 2014
is_linear=0
shrinkage=0.055


Tree=178
num_leaves=31
num_cat=0
split_feature=43 57 9 40 9 8 35 15 55 30 47 31 6 40 57 54 54 53 16 16 9 7 15 8 33 25 26 15 31 45
split_gain=191.104 181.768 96.3446 191.462 182.349 209.404 155.001 221.93 167.943 150.715 241.392 174.283 163.453 154.724 144.59 141.202 138.064 157.915 152.114 264.133 214.022 223.373 154.493 149.877 157.505 149.34 145.71 136.811 247.042 184.403
threshold=-1.0000000180025095e-35 242.50000000000003 4.7661561965942392 3.3842465877532963 4.7146430015563974 4.4716224670410165 2.1383330821990971 6.0294818878173837 0.89672851562500011 0.63333335518836986 -2.7768907546997066 1.4978661537170412 -0.02474158629775047 3.2384861707687382 6.5000000000000009 14.500000000000002 115.50000000000001 -0.077942371368408189 2301875.5000000005 2303425.5000000005 4.6676189899444589 2.0738475322723393 7.8218436241149911 2.6735538244247441 6.909752845764161 -10.405081272125242 15844.000000000002 7.6061387062072763 0.89587974548339855 0.80509158968925487
decision_type=2 2 2 2 2 2 2 2 2 2 2 2 2 2 2 2 2 2 2 2 2 2 2 2 2 2 2 2 2 2
left_child=1 -1 3 4 6 -6 7 9 16 11 12 13 -11 -2 15 -8 25 26 20 23 22 -22 -19 24 -20 -9 -18 -16 -29 -30
right_child=2 -3 -4 -5 5 -7 14 8 -10 10 -12 -13 -14 -15 27 -17 17 18 19 -21 21 -23 -24 -25 -26 -27 -28 28 29 -31
leaf_value=0.022454800241286401 -0.021472742535152505 -0.073065418213068695 0.0013189627610042879 0.047312570547613203 -0.039592120097201713 0.0087010134219397614 -0.0017579437249998536 -0.05222924645075331 -0.069144067931692157 -0.014521125635444117 -0.11439220639521305 -0.072009705299619628 0.10893384442747665 0.050546113962970297 -0.02011833949415668 0.080232758744589266 -0.060192434239756211 0.02218494046727016 0.14899360198152925 -0.035236929787538618 -0.064641608234247222 0.11986577529896993 -0.064459160963044299 -0.056536457196866875 -0.049043830760735416 0.0086349958571835528 0.034232762265976692 -0.02755357066836955 0.093047034473396878 0.010563395635891426
leaf_weight=83.228060917224866 784.6490248205946 196.28107253619783 58412.691668106156 207.61180676256481 884.70762145917251 388.69956508926407 170.93511510133976 123.64817572125685 72.688588511580747 50.213604701559234 23.183122234928305 181.02428905971828 81.488180387605098 97.097421908565593 2668.8096032902049 95.933361338480609 100.29190528601157 493.16001860614961 125.14526458073669 42.796592922859418 20.725862529845472 108.39493580755516 66.255476834932779 11.311826674955226 11.047819984061787 2351.9742583458865 88.694875488654361 552.68725273661948 86.934131123301995 776.98293565066888
leaf_count=15447 182910 189169 5351394 17260 126243 26306 692 10755 3949 7086 145 55886 98 7716 530994 2279 230468 65915 5952 10211 2730 5837 9670 1947 2333 17351 61987 114262 45729 46481
internal_value=0.000255902 -0.0447281 0.00044114 -0.00436416 -0.00541202 -0.0248746 -0.00270198 0.00407567 0.0109127 -0.0161902 0.033748 -0.023592 0.063055 -0.0133018 -0.0102255 0.0286494 0.0126501 0.0291332 0.0389044 0.081911 0.0265131 0.0889438 0.011443 0.115941 0.131761 0.00549591 -0.0161369 -0.0127968 0.00101879 0.0193512
internal_weight=69359.3 279.509 69079.8 10667.1 10459.5 1273.41 9186.07 4833.79 3616.14 1217.66 154.885 1062.77 131.702 881.746 4352.28 266.868 3543.45 1067.82 878.838 190.302 688.536 129.121 559.415 147.505 136.193 2475.62 188.987 4085.41 1416.6 863.917
internal_count=7149202 204616 6944586 1593192 1575932 152549 1423383 682946 429105 253841 7329 246512 7184 190626 740437 2971 425156 397050 104595 20443 84152 8567 75585 10232 8285 28106 292455 737466 206472 92210
is_linear=0
shrinkage=0.055


Tree=179
num_leaves=31
num_cat=0
split_feature=13 30 45 57 12 28 51 25 24 15 50 19 45 31 51 7 45 0 33 26 29 57 3 7 13 49 2 12 51 28
split_gain=121.032 203.13 207.083 190.118 174.066 180.419 168.812 146.976 165.561 152.841 201.394 193.153 197.693 179.277 163.798 248.611 178.714 180.851 204.568 171.34 182.806 175.636 187.338 155.869 168.693 154.846 153.314 145.701 189.748 179.426
threshold=2.9700856208801274 0.92857143282890331 0.86638504266738903 191.50000000000003 1.0000000180025095e-35 1857.0000000000002 43.500000000000007 -16.643458366394039 -12.280482292175291 5.6507318019866952 -7.5409164428710929 3.5000000000000004 0.86011385917663585 1.8688348531723025 52.500000000000007 1.2660310268402102 0.83273649215698253 0.38750000298023229 6.909752845764161 3167.5000000000005 0.53571429848670971 187.50000000000003 0.19523809850215915 1.7997018098831179 2.8029010295867924 0.7600487768650056 0.19090909510850909 1.0000000180025095e-35 17.500000000000004 101.00000000000001
decision_type=2 2 2 2 2 2 2 2 2 2 2 2 2 2 2 2 2 2 2 2 2 2 2 2 2 2 2 2 2 2
left_child=1 4 6 -4 7 -6 -3 8 -1 11 -11 13 26 -9 19 -16 -17 18 25 -12 21 22 -21 24 -23 -18 -13 -2 -29 -30
right_child=27 2 3 -5 5 -7 -8 9 -10 10 14 12 -14 -15 15 16 17 -19 -20 20 -22 23 -24 -25 -26 -27 -28 28 29 -31
leaf_value=-0.029143683807278057 0.0011453593346118231 0.020831287924241711 0.017616483394558811 -0.07696662495516958 -0.080112749770763728 0.062037345850831288 0.10224435217974266 0.0024540071346465268 0.077595403071176225 -0.033234063599672736 -0.0031222767425220961 0.016253351656496565 -0.0044736541229334287 -0.049343267116576432 -0.072634641493411312 -0.055967661748824817 -0.046967247290740581 -0.010869763779957879 -0.058373697988476594 -0.057835579276364707 -0.090505543792555515 0.018105006704741532 0.016604779688015062 -0.071672172326612188 -0.10220851105669791 0.090202887773523935 0.12964353219248836 0.00049712489049954329 0.008103853396752618 -0.069330412711001418
leaf_weight=67.118292539286813 60677.969983503433 195.46384202089394 226.39554788732858 84.099850242146204 27.46578452927497 171.14916403089956 125.91436729415 1191.220711984839 111.6726864496095 1569.2563168393517 1561.8867529214476 61.250254477695307 141.1189308996727 238.340088022278 77.379183132143226 60.026714427163824 24.317225646937004 138.05715343283373 33.605421870379359 129.8963035675697 133.14882616695832 156.51848943940422 417.81724865036085 293.61341473145148 40.133743498867261 270.41559539394802 88.732373372994516 599.50513978607978 125.8597650809661 308.77480932305025
leaf_count=194592 5928513 399 9505 5466 15624 7646 4103 150794 60053 505651 5048 21489 5979 39110 6804 13171 399 1636 860 455 718 474 737 2260 304 1913 2073 2008 67238 94955
internal_value=-1.26823e-05 -0.00654235 0.0232069 -0.00881578 -0.0092408 0.0408953 0.0538062 -0.0107329 0.0378227 -0.0120705 -0.0170129 0.00203008 0.0424682 -0.00632365 -0.00934603 0.0164829 0.0301425 0.0417013 0.0636374 -0.0150721 -0.030928 -0.0228883 -0.00141306 -0.0466235 -0.00837461 0.0782908 0.0853553 0.000795738 -0.019625 -0.0470702
internal_weight=69348.1 7636.01 631.874 310.495 7004.14 198.615 321.378 6805.53 178.791 6626.73 4906.07 1720.66 291.102 1429.56 3336.82 603.801 526.422 466.395 328.338 2733.01 1171.13 1037.98 547.714 490.266 196.652 294.733 149.983 61712.1 1034.14 434.635
internal_count=7149977 1057263 19473 14971 1037790 23270 4502 1014520 254645 759875 540430 219445 29541 189904 34779 24783 17979 4808 3172 9996 4948 4230 1192 3038 778 2312 23562 6092714 164201 162193
is_linear=0
shrinkage=0.055


Tree=180
num_leaves=31
num_cat=0
split_feature=12 13 49 52 35 50 54 8 18 48 49 6 52 13 54 54 46 6 28 45 47 6 52 51 10 35 22 16 14 29
split_gain=106.792 154.417 158.423 159.391 178.24 155.134 110.302 104.509 90.1162 87.9973 254.405 313.186 178.904 249.441 181.779 443.752 190.914 218.903 171.203 165.796 198.4 178.777 221.07 166.396 219.177 159.184 154.149 219.522 301.976 308.171
threshold=1.0000000180025095e-35 3.113268375396729 6.6213276386260995 0.84720683097839367 0.89587974548339855 -2.7780261039733882 269.50000000000006 1.4978661537170412 1.0000000180025095e-35 60.500000000000007 8.8405928611755389 -4.6694464683532706 0.85210400819778453 2.9700856208801274 53.500000000000007 80.500000000000014 4.3538458347320566 -3.0747269392013545 24145.000000000004 0.82381221652030956 -16.908660888671871 -4.1631238460540763 0.82316759228706371 60.500000000000007 6.4002559185028085 1.7005987167358401 4.2121002674102792 1289847.5000000002 7.1037330627441415 0.38750000298023229
decision_type=2 2 2 2 2 2 2 2 2 2 2 2 2 2 2 2 2 2 2 2 2 2 2 2 2 2 2 2 2 2
left_child=8 7 -3 4 -4 -5 -6 -2 -1 10 12 -12 26 25 16 18 17 -15 -16 20 -13 -21 -23 -22 -25 -14 -10 28 -28 -30
right_child=1 2 3 5 6 -7 -8 -9 9 -11 11 19 13 14 15 -17 -18 -19 -20 21 23 22 -24 24 -26 -27 27 -29 29 -31
leaf_value=-0.072128505717198116 -0.042527564748525211 -0.065735026988514189 -0.07802224117877242 -0.084618865453865169 0.053681297009400615 -0.0097949766330583388 -0.034724319244778805 0.035763498757490686 -0.014183753299424168 0.0035533602907718903 -0.036856798277548376 0.084778149527029764 -0.062817033765426536 -0.05214089636795393 0.04969917161168555 -0.042909508926793107 -0.0036830796390078229 0.035124639705459482 0.14472998245601859 0.044694142672527887 0.0098751189488937748 -0.092987519433661639 0.0011227606304412654 0.16935457570708809 -0.04732527113211369 -0.0093602051008653316 -0.080549785951804592 0.028023745919103036 0.060747399636994291 -0.088704245073981974
leaf_weight=46.56697813597566 61.804130264006744 235.03198867136052 45.528122933355917 129.36400086856156 196.5916928153456 226.93132060696371 50.427397624975129 226.68321056786954 7919.9684858613509 21141.326247323304 612.76733750435233 110.98160910354636 257.70786002089153 93.515674768510507 209.52993368706666 130.10793498474231 3217.8001365656673 767.68410781282 79.549541140790097 279.43863660073839 3310.0540366762725 70.70714667707216 28441.187045283092 38.279413136289804 18.263365367398364 476.03056080071838 159.89377968333793 637.55588852710571 145.73624182865024 52.880804816279124
leaf_count=59347 18034 146462 1366 1662 1076 513 2615 16143 151903 6623590 12666 1079 1412 1332 854 1271 8885 1485 141 536 11921 649 62270 549 951 1682 5307 10516 1959 1053
internal_value=0.000268207 -0.0161552 -0.0275239 -0.0132857 0.0166518 -0.0377572 0.035303 0.018552 0.000551617 0.00060655 -0.000718372 0.00193513 -0.00688397 0.00118964 0.00604797 0.0403157 0.00248132 0.0254024 0.0778661 0.00267737 0.014012 0.00130611 0.000873112 0.0115569 0.101208 -0.0284337 -0.0116196 0.00873791 -0.0254727 0.0197555
internal_weight=69389.9 1172.36 883.875 648.843 292.547 356.295 247.019 288.487 68217.5 68171 47029.6 32881.7 14148 5231.93 4498.19 419.187 4079 861.2 289.079 32268.9 3477.58 28791.3 28511.9 3366.6 56.5428 733.738 8916.04 996.067 358.511 198.617
internal_count=7149229 187871 153694 7232 5057 2175 3691 34177 6961358 6902011 278421 90621 187800 17062 13968 2266 11702 2817 995 77955 14500 63455 62919 13421 1500 3094 170738 18835 8319 3012
is_linear=0
shrinkage=0.055


Tree=181
num_leaves=31
num_cat=0
split_feature=47 42 57 26 49 15 31 6 53 15 6 16 48 22 13 48 15 35 7 7 35 16 40 44 10 46 49 40 15 49
split_gain=88.4129 142.265 182.314 134.805 215.742 215.973 330.382 256.371 225.322 213.415 207.773 206.755 213.069 173.771 159.777 158.258 138.876 136.358 194.705 134.061 214.23 147.317 133.499 150.215 133.151 199.14 292.473 274.162 212.676 205.592
threshold=-5.4528582096099845 -1.0000000180025095e-35 28.500000000000004 1642.0000000000002 6.6213276386260995 7.6678597927093515 1.7005987167358401 -0.288949504494667 -0.07128810882568358 7.9829282760620126 -0.021474258974194523 2303453.5000000005 623.50000000000011 5.1029059886932382 3.7494349479675297 178.50000000000003 7.1020877361297616 1.8317808508872988 2.6242921352386479 2.0122486352920537 2.2242581844329838 2095130.5000000002 3.1567740440368657 1.5000000000000002 6.908255100250245 2.6699898242950444 5.3943264484405526 2.9174053668975835 4.6395599842071542 3.8467589616775517
decision_type=2 2 2 2 2 2 2 2 2 2 2 2 2 2 2 2 2 2 2 2 2 2 2 2 2 2 2 2 2 2
left_child=1 2 -1 -2 5 6 11 -8 9 10 -7 12 13 -5 -15 17 -14 18 -10 20 22 -21 23 -9 -3 28 27 29 -26 -27
right_child=3 24 -4 4 -6 8 7 19 15 -11 -12 -13 16 14 -16 -17 -18 -19 -20 21 -22 -23 -24 -25 25 26 -28 -29 -30 -31
leaf_value=0.072206916846664027 0.0074969105288386724 0.001730854808094606 -0.043465290573889405 -0.042810314807463098 -0.0019231962098719268 0.098885203554485976 -0.068123141126585393 -0.075111125582612681 0.077622965316668485 -0.051556114592466409 0.325939811432159 0.08372191528415146 -0.015898634248213767 -0.068503076126359766 0.083029912290654553 -0.062517524129188248 0.1595382154279478 0.0096540977314350865 -0.069614714027944946 0.085107240068098666 -0.071341377029644187 -0.028761738128370389 0.086774572486915211 0.04632611781928056 -0.036960896739937257 0.013534142512608278 -0.0063835992083065641 -0.065988916708015169 0.0050560627123544871 -0.044293804503058427
leaf_weight=41.153291063474171 9137.8273984337211 17027.887268935836 417.34668003359184 657.09406905167634 22599.457673162862 67.743176512674836 63.13491969345705 42.951923387441639 257.89996496288222 16.458686884614508 12.808941333249093 51.136759455668653 23.552911352273441 26.073550817593059 63.111679453348188 49.199986161267589 24.961951053130178 295.34134913688467 26.422137316098087 259.36978254385031 59.547316456966655 37.026501298234507 103.04379016866005 81.234690702869557 382.43442265318572 398.26265089381195 9956.716509117854 498.82581462845701 6133.4398964469956 341.05336110856297
leaf_count=2282 64351 2603355 1379903 29359 59514 4114 2408 1768 744 6031 890 971 5455 1281 474 2786 2474 2059 445 3730 2552 1243 717 862 171631 110537 180550 122769 2319912 63794
internal_value=-0.00021432 -0.00214577 -0.032416 0.00178778 -0.000315403 0.0160332 0.00402169 0.0334914 0.0405299 0.116571 0.151929 -0.0185582 -0.0256212 -0.033034 0.037444 0.0279724 0.0808397 0.0361219 0.0629735 0.0449778 0.0176976 0.0706413 0.0420645 0.00304362 -0.00174164 -0.0050798 -0.00952769 -0.034684 0.00256352 -0.0132608
internal_weight=69152.5 35197.1 458.5 33955.4 24817.6 2218.11 1492.24 646.309 725.874 97.0108 80.5521 845.931 794.794 746.279 89.1852 628.863 48.5149 579.663 284.322 583.174 286.778 296.396 227.23 124.187 34738.6 17710.7 11194.9 1238.14 6515.87 739.316
internal_count=7148961 6954733 1382185 194228 129877 70363 53294 13280 17069 11035 5004 40014 39043 31114 1755 6034 7929 3248 1189 10872 5899 4973 3347 2630 5572548 2969193 477650 297100 2491543 174331
is_linear=0
shrinkage=0.055


Tree=182
num_leaves=31
num_cat=0
split_feature=45 56 53 33 10 50 52 23 50 26 22 45 47 19 32 54 10 35 21 8 16 46 10 40 3 15 19 14 50 50
split_gain=101.108 136.682 178.693 142.299 140.956 143.105 97.5938 213.778 171.501 229.913 198.494 170.914 148.749 145.173 317.336 136.347 136.307 130.776 124.763 124.178 111.963 136.366 131.958 125.619 212.912 208.103 234.715 276.714 217.493 374.763
threshold=0.77031469345092785 -100.87084960937499 -100.8599281311035 8.0065340995788592 6.8040599822998056 -6.1563501358032218 0.76930174231529247 1.0000000180025095e-35 -18.613493919372555 581.50000000000011 4.135134458541871 0.77568918466568004 -8.3437852859497053 1.5000000000000002 1.2424533367156985 1786.5000000000002 8.5156917572021502 2.3502402305603032 1.0000000180025095e-35 2.5249279737472539 4140.5000000000009 3.8876070976257329 7.3814969062805185 2.8029010295867924 0.79583334922790538 5.8957784175872812 4.5000000000000009 4.6298508644104013 -12.490390777587889 -14.16388416290283
decision_type=2 2 2 2 2 2 2 2 2 2 2 2 2 2 2 2 2 2 2 2 2 2 2 2 2 2 2 2 2 2
left_child=1 -1 3 -3 5 -4 7 -2 10 12 -9 -8 -10 -11 16 20 17 18 -15 -19 21 -13 -23 24 -22 -26 28 -28 29 -27
right_child=6 2 4 -5 -6 -7 11 8 9 13 -12 15 -14 14 -16 -17 -18 19 -20 -21 23 22 -24 -25 25 26 27 -29 -30 -31
leaf_value=-0.051026800953627563 -0.047932982173475649 -0.041527457730547557 -0.052271005501312133 0.18427931416235224 -0.051282369289054809 0.04600459171051207 -0.062176939051237064 -0.048116682421893334 0.074153354570209398 0.04920937716279019 0.061768396607526282 0.030940081750509031 -0.058199958131468783 0.025152188765671921 -0.050682253323580027 -0.05183314856810093 -0.038632187835520491 -0.053547048741879766 -0.059600219712650608 0.074739045099221288 -0.0093661626432816319 0.0091011691389657496 -0.03079830990687445 0.0020163598819214717 -0.015614349161735555 0.0029652666686617569 0.23231299673827738 -0.034865621901973697 0.0033711248515691686 0.066742186395017541
leaf_weight=263.67269061692969 155.77102493065286 10.104610764385145 58.587305007109535 21.365066640079021 150.85060413044448 148.70375157839226 126.53412866074359 204.05540536442913 324.7316185754753 264.01950201415912 60.595461063635412 766.44150419471407 24.229610696522286 287.15467845653529 238.69152994169235 144.80281145196932 91.45193369685785 21.812462563428198 59.166252800298935 222.57425481705468 9486.840528378154 2059.5733545733237 280.47688301885501 40927.280712958876 1852.0875295285477 694.50920359529118 7.0325611974913036 573.05720688046495 9537.1900162016609 461.08480548641091
leaf_count=1064158 512619 19563 89113 3053 120924 3504 46594 799070 60287 91955 78657 119128 16329 131144 322633 130107 89626 41836 108588 85282 734201 16342 3777 2029044 129146 191103 46 20321 73374 17834
internal_value=0.000605781 -0.0208471 -3.49761e-05 0.116022 -0.0116899 0.0176517 0.000810773 0.0129101 0.0182982 0.025349 -0.0222782 0.000456483 0.0642713 0.0136639 0.00326184 0.000579787 0.0223686 0.0320576 0.0100307 0.062445 0.000697546 0.0108843 0.00426337 0.000198689 -0.00309101 0.00144657 0.00425529 -0.029669 0.00610871 0.0285903
internal_weight=69524.4 653.284 389.611 31.4697 358.142 207.291 68871.2 1954.25 1798.48 1533.83 264.651 66916.9 348.961 1184.87 920.851 66790.4 682.16 590.708 346.321 244.387 66645.6 3106.49 2340.05 63539.1 22611.8 13125 11272.9 580.09 10692.8 1155.59
internal_count=7149358 1300315 236157 22616 213541 92617 5849043 2338026 1825407 947680 877727 3511017 76616 871064 779109 3464423 456476 366850 239732 127118 3334316 139247 20119 3195069 1166025 431824 302678 20367 282311 208937
is_linear=0
shrinkage=0.055


Tree=183
num_leaves=31
num_cat=0
split_feature=50 16 16 9 9 55 47 15 25 52 14 11 31 7 35 53 40 47 45 2 52 41 3 3 8 48 48 32 35 8
split_gain=138.881 124.89 127.37 221.015 208.753 258.385 146.833 134.427 159.025 138.45 185.029 130.968 142.255 128.76 124.981 271.485 205.317 176.366 175.64 222.414 174.399 169.101 469.984 288.186 180.081 170.027 314.176 199.493 191.825 244.797
threshold=-120.4408721923828 2169981.0000000005 2097573.5000000005 4.9394338130950937 4.9489963054656991 1.0000000180025095e-35 -113.02919769287108 7.7086350917816171 -6.5060317516326895 0.75120395421981823 6.1169946193695077 1.0000000180025095e-35 2.1383330821990971 5.7326612472534189 1.7005987167358401 -0.08398342132568358 3.2384861707687382 -123.52161407470702 0.8133610486984254 0.27922078967094427 0.8132474720478059 1.0000000180025095e-35 0.34057971835136419 0.29583333432674414 4.424828529357911 52.500000000000007 17.500000000000004 2.5249279737472539 2.2242581844329838 4.8940944671630868
decision_type=2 2 2 2 2 2 2 2 2 2 2 2 2 2 2 2 2 2 2 2 2 2 2 2 2 2 2 2 2 2
left_child=-1 2 14 7 5 -5 13 8 9 -4 -11 -8 -13 -6 15 -2 17 -17 19 20 -19 22 23 24 -16 26 27 -23 29 -27
right_child=1 -3 3 4 6 -7 11 -9 -10 10 -12 12 -14 -15 21 16 -18 18 -20 -21 -22 25 -24 -25 -26 28 -28 -29 -30 -31
leaf_value=-0.053995724760782078 -0.044891451084232863 0.0040038526427577702 0.059252383556813483 0.071185057097303911 0.067469728725038036 -0.081014992931536481 -0.0047093667574463188 -0.044241927643764854 -0.077160307337635042 -0.048910058277545361 0.0013895695327097429 -0.092418107627473683 0.039043894184082377 -0.049535136682679982 -0.01097533891843808 0.09984912769865438 0.027951310867597844 0.014324272400495787 0.0012167166384222984 0.11214970175746182 0.21938127184881134 0.0071323947728694223 -0.054096527779206455 0.093430904418562832 0.0075119231582237902 -0.00025531794665525665 -0.016001268027504185 -0.015557547438617857 0.014081564122049552 -0.067837940769698069
leaf_weight=136.41687689583341 324.68133749464141 21853.167628191681 82.291027499683878 206.74344892240697 138.54793178107138 35.815492723202624 4034.2173493566461 642.9921836635167 103.33868341344896 302.66685911050808 786.46759433002808 95.445754127326836 29.947887809887106 31.606459340646325 5779.723618960541 52.255355073495593 1135.4474390514224 802.10841930910829 11221.57729306878 78.450916460358712 7.7824357740428232 6643.3153075073533 625.58073706282448 84.385548672886216 2195.9772030396616 1874.3008433230862 3822.4591400660865 1418.1958925934159 4661.649230949617 172.48548457534707
leaf_count=459747 714795 2103763 84024 9225 14745 2128 289734 72245 8083 28877 55487 14505 1109 41329 727665 5136 37079 103891 361834 919 269 12590 983286 96467 152541 222609 23036 3143 500254 19209
internal_value=0.000453447 0.000564609 -0.00102159 -0.0081764 -0.00159537 0.0475293 -0.00439904 -0.023822 -0.0133895 -0.00745989 -0.0127482 -0.00646895 -0.0607277 0.0449423 0.000114603 0.00441599 0.00563633 0.00354239 0.00308578 0.026557 0.0176287 -0.00203387 -0.0083672 -0.0047866 -0.00588366 0.000926281 -0.00302526 0.00313357 0.00792346 -0.00610203
internal_weight=69380 69243.6 47390.5 6490.08 4572.32 242.559 4329.77 1917.76 1274.76 1171.43 1089.13 4159.61 125.394 170.154 40900.4 13622.3 13297.6 12162.2 12109.9 888.342 809.891 27278.1 8685.67 8060.09 7975.7 18592.4 11884 8061.51 6708.44 2046.79
internal_count=7149724 6689977 4586214 621491 372775 11353 361422 248716 176471 168388 84364 305348 15614 56074 3964723 1223923 509128 472049 466913 105079 104160 2740800 1959959 976673 880206 780841 38769 15733 742072 241818
is_linear=0
shrinkage=0.055


Tree=184
num_leaves=31
num_cat=0
split_feature=10 54 14 10 31 48 7 14 15 29 33 7 45 47 51 45 48 56 53 46 15 45 25 15 0 47 15 52 52 15
split_gain=92.8018 318.858 209.312 177.501 187.321 204.62 220.84 207.634 202.4 194.963 170.883 210.477 217.938 169.505 164.857 182.557 209.151 161.973 161.943 172.315 162.785 159.835 211.064 182.458 220.078 167.799 158.192 156.616 235.969 181.761
threshold=5.3057861328125009 212.50000000000003 4.6298508644104013 6.2176032066345224 1.7005987167358401 60.500000000000007 0.21831405907869342 7.2200078964233407 8.6133213043212908 0.18333333730697635 5.6818413734436044 0.15316530317068103 0.78244695067405712 -14.392982959747313 26.500000000000004 0.85119053721427929 8.5000000000000018 -0.040283203124999993 -0.07714709639549254 5.3157377243042001 7.6061387062072763 0.86481553316116344 -10.575509071350096 6.5603229999542245 0.64583334326744091 -2.7768907546997066 7.9534940719604501 0.84127944707870495 0.79843953251838695 7.7086350917816171
decision_type=2 2 2 2 2 2 2 2 2 2 2 2 2 2 2 2 2 2 2 2 2 2 2 2 2 2 2 2 2 2
left_child=1 2 17 4 5 8 -7 -8 14 -6 -11 -12 -13 -14 21 16 -16 -1 19 -3 -20 23 -23 24 25 -2 -21 28 -22 -30
right_child=3 18 -4 -5 9 6 7 -9 -10 10 11 12 13 -15 15 -17 -18 -19 20 26 27 22 -24 -25 -26 -27 -28 -29 29 -31
leaf_value=0.10318570927240343 -0.069163700698164729 -0.029000940490563887 -0.00099240444716438159 -0.00028724934924988943 -0.026269217328585708 -0.048935428044408952 0.029474336813934538 -0.04339068124134015 -0.089113849149994775 0.016432324353697635 0.045371525640561482 0.10028439133555006 -0.066689264653225153 -0.0099069010739679473 0.092555554244721075 0.0061801486729051612 -0.049073333939555742 -0.045729823751073373 -0.05927089773313899 0.042957699064131487 0.027187001633983968 -0.078857869183966769 0.0029664566730398887 0.024946671237573107 0.036869735016505187 0.0031185810781038936 -0.070441286408601728 0.05401867765460143 0.027284218839194976 -0.072218807807373733
leaf_weight=93.585622113139834 191.07454888817301 357.31797806555096 10474.642736195818 42942.218122309074 825.84386176455428 118.47165236588626 2727.0459415551104 119.36781050527316 62.282076310417324 1663.0556294632524 208.31271844438197 46.103688309078279 169.17316227618176 1869.8896317497529 29.472636062586389 655.04498716883245 425.3948689975432 25.313524896320814 546.89063056656414 258.33817652976632 155.905164195814 95.140408855455462 1993.6651328771841 2575.9266644755407 201.99267950208741 191.74730384325903 38.722483306653885 75.869547310208873 65.937729886092711 283.82074197248221
leaf_count=1173 1718 819869 183484 4487394 247193 39631 779911 51830 667 71302 1832 4840 88666 25740 126 3649 19164 416 218101 17598 19424 1173 3036 6530 265 402 4664 2897 6770 38638
internal_value=0.000538522 -0.00377823 -0.000152252 0.00147424 0.00681102 0.011323 0.0232624 0.0263479 0.00579685 -0.00204751 0.00303504 -0.00669425 -0.0119918 -0.0147695 0.00679565 -0.0124235 -0.0389901 0.0709157 -0.0252634 -0.00345026 -0.0378419 0.0108671 -0.00093987 0.018659 -0.00901284 -0.0333856 0.0272546 -0.0173559 -0.028489 -0.05334
internal_weight=69487.6 12376.3 10593.5 57111.2 14169 9386.63 2964.89 2846.41 6421.74 4782.38 3956.53 2293.48 2085.17 2039.06 6359.46 1109.91 454.868 118.899 1782.8 654.379 1128.42 5249.55 2088.81 3160.74 584.815 382.822 297.061 581.533 505.664 349.758
internal_count=7148103 1313034 185073 5835069 1347675 908102 871372 831741 36730 439573 192380 121078 119246 114406 36063 22939 19290 1589 1127961 842131 285830 13124 4209 8915 2385 2120 22262 67729 64832 45408
is_linear=0
shrinkage=0.055


Tree=185
num_leaves=31
num_cat=0
split_feature=53 55 27 8 55 22 57 40 7 46 22 16 13 15 0 22 40 8 10 47 48 46 15 0 0 49 8 42 26 6
split_gain=82.2251 116.672 132.23 140.345 128.55 111.836 111.366 115.453 108.73 154.018 118.925 130.217 143.448 109.43 105.891 176.489 104.381 169.055 134.149 114.067 172.842 248.917 119.461 102.521 174.206 140.186 139.822 104.152 99.8772 136.566
threshold=-1.0000000180025095e-35 0.89282226562500011 570.44406127929699 0.89587974548339855 0.90258789062500011 2.0126758217811589 3.5000000000000004 2.8617925643920903 1.8328581452369692 -2.1070542335510249 3.8815106153488164 2304099.5000000005 3.860674381256104 6.7159891128540048 0.73214286565780651 1.7005987167358401 3.3497501611709599 1.7005987167358401 9.1078610420227069 -15.702696800231932 434.50000000000006 4.629059076309205 5.349482774734498 0.41428571939468389 0.58571431040763866 8.8405928611755389 5.3205649852752694 -1.0000000180025095e-35 2003.5000000000002 -2.2072641849517818
decision_type=2 2 2 2 2 2 2 2 2 2 2 2 2 2 2 2 2 2 2 2 2 2 2 2 2 2 2 2 2 2
left_child=1 6 3 4 -3 -6 7 -1 13 -10 23 12 -12 -5 15 -15 -8 -18 19 22 -21 -22 -19 25 26 -11 27 -25 -2 -30
right_child=28 2 -4 8 5 -7 16 -9 9 10 11 -13 -14 14 -16 -17 17 18 -20 20 21 -23 -24 24 -26 -27 -28 -29 29 -31
leaf_value=-0.0065720550647946699 0.019046071369538946 -0.10078390450923982 -0.047561580931910249 0.024842139140509922 -0.09335412575520606 0.02627116254207772 -0.00038505459217271274 0.046547892090493141 0.023598675953985793 -0.07856467907769013 -0.096495104053394148 0.08065885388256562 0.010008415895600456 -0.013491701063304155 0.011460505005659797 -0.13980030795619713 -0.060949048040786505 0.072700547215020908 -0.062499627869664134 0.019589091501563349 0.064149532746491308 0.38649920110574087 -0.058473761207824611 0.046650134168340782 -0.011987624927121056 0.025535011701915345 0.029194273211160571 -0.11470493209339333 -0.070139959687099393 0.0031304833126411602
leaf_weight=202.64432948680042 1492.3354925294407 84.652187200388653 260.04621717769078 616.20085564255714 28.833449935489625 73.849658694700338 60125.075319634081 308.57602153814514 300.55263178447422 39.837299959472148 144.78361288177257 14.992274284362791 50.196605892371736 161.19506642781198 286.12193203344941 37.681141471490264 81.221629807801946 22.367693003361637 54.903142042869149 1181.2147556071995 121.15646015860875 3.0820055126423531 90.26079862106053 10.781553575216092 859.35855330545746 307.06472370651318 29.396561075584032 113.81268912440282 75.337277520913631 1820.1066164597869
leaf_count=2957 1875 3693 135347 779 1186 1074 6832091 2490 22017 587 1497 1 226 304 364 183 24187 5324 10517 20642 19096 410 53882 39 3885 662 79 1177 392 2655
internal_value=7.96831e-05 -0.000352033 -0.0102357 -0.00709307 -0.0526295 -0.0100946 0.000192169 0.0256318 -0.00413915 -0.0121984 -0.0191034 -0.0571627 -0.0695116 0.00954554 -0.0099443 -0.0402651 -2.07441e-05 0.0140288 0.0183553 0.0216943 0.0262912 0.0867897 -0.03044 -0.0130406 -0.0218487 0.0126341 -0.0747717 -0.0994812 0.00842877 4.13653e-05
internal_weight=68997.6 65609.9 3419.36 3159.31 187.335 102.683 62190.5 511.22 2971.98 1870.78 1570.22 209.972 194.98 1101.2 484.998 198.876 61679.3 1554.21 1472.98 1418.08 1305.45 124.238 112.628 1360.25 1013.35 346.902 153.991 124.594 3387.78 1895.44
internal_count=7149618 7144696 173100 37753 5953 2260 6971596 5447 31800 30170 8153 1724 1723 1630 851 487 6966149 134058 109871 99354 40148 19506 59206 6429 5180 1249 1295 1216 4922 3047
is_linear=0
shrinkage=0.055


Tree=186
num_leaves=31
num_cat=0
split_feature=52 10 51 28 8 50 16 52 25 2 8 52 22 8 10 50 47 51 52 51 50 13 31 7 31 32 19 26 24 31
split_gain=93.5392 248.723 311.401 223.141 435.133 250.276 225.194 185.377 160.592 177.897 156.845 213.386 151.973 147.377 146.864 231.793 506.745 216.164 280.195 215.652 218.629 243.792 213.245 194.964 192.011 250.346 226.769 213.824 220.316 191.257
threshold=0.83150741457939159 5.3057861328125009 60.500000000000007 24145.000000000004 1.2424533367156985 -2.7780261039733882 2303116.5000000005 0.83225381374359142 -13.728870391845701 0.91666665673255932 1.4978661537170412 0.81768107414245617 4.2413008213043222 2.0126758813858037 6.908255100250245 -6.7160089015960684 -7.4845633506774893 60.500000000000007 0.79412487149238598 17.500000000000004 -1.0000000180025095e-35 3.9219243526458745 1.0000000180025095e-35 2.2982133626937871 2.6020033359527592 1.8688348531723025 4.5000000000000009 618.00000000000011 -0.026960645802319046 2.6735538244247441
decision_type=2 2 2 2 2 2 2 2 2 2 2 2 2 2 2 2 2 2 2 2 2 2 2 2 2 2 2 2 2 2
left_child=1 2 10 -4 6 -6 -5 -2 9 -9 11 -1 13 -12 15 16 24 22 -19 -17 21 -21 -18 -22 25 -3 -27 -26 29 -29
right_child=7 14 3 4 5 -7 -8 8 -10 -11 12 -13 -14 -15 -16 19 17 18 -20 20 23 -23 -24 -25 27 26 -28 28 -30 -31
leaf_value=-0.014187100186603335 -0.040813348407007788 0.015867359370960694 -0.043661256741794607 -0.036989477443730039 -0.056094536089901559 0.10288615797746625 0.24775385130151434 -0.036197940233485083 -0.00034947085306704907 0.045541930111230242 -0.069036822800993936 0.065277899600653666 -0.090416751848983068 0.00090908683427305529 0.0024741489361388043 0.012529690426729793 0.069685599931128647 -0.04871932775867175 0.13270805389731477 -0.037879643002271028 -0.050629300035162993 0.045674678399399073 -0.039264762838942535 0.19079446968526256 -0.057809455804635375 -0.04686020506087691 0.079842385646804293 0.20284856746273244 -0.023537250525235209 0.066380896045702714
leaf_weight=173.18782940367146 346.88489662925713 2031.5077055800084 972.44698964229701 9.7578203098055365 127.33563142055937 33.854189897276228 27.376705410952127 645.95253814946045 47263.534553246383 87.580590455741913 90.346219303777616 239.26223675024812 55.742426598804741 2054.9136603591978 10923.19136147288 1694.9095744623328 177.98494557551021 26.671289810435155 210.10320130545551 751.84050383843169 13.395858567739195 118.4365249242237 73.494147914840141 22.081504038938874 45.278818499689805 348.84900932077744 44.003247229029512 33.213887538857307 66.523371091941954 238.747102989827
leaf_count=4760 29816 1179312 1046321 11822 85808 383 3390 260488 478460 8731 2213 1326 2175 21462 3381765 4605 1242 27385 10463 43838 1900 3336 1775 586 38938 344652 14128 10280 38203 89577
internal_value=0.000283699 0.00338628 -0.00934536 -0.0328523 0.019918 -0.0206135 0.177421 -0.00103885 -0.000747172 -0.0261963 0.00122785 0.0321403 -0.00462461 -0.00219032 0.00625258 0.0132434 0.0229174 0.0743477 0.111686 0.000961002 -0.0206371 -0.0263127 0.0377004 0.104642 0.0138589 0.00808653 -0.0318432 0.049752 0.0647724 0.0864085
internal_weight=68948.4 20604.5 3784.22 1170.77 198.324 161.19 37.1345 48344 47997.1 733.533 2613.45 412.45 2201 2145.26 16820.2 5897.04 3296.38 488.254 236.774 2600.66 905.754 870.277 251.479 35.4774 2808.12 2424.36 392.852 383.763 338.484 271.961
internal_count=7149140 6371645 1179660 1147724 101403 86191 15212 777495 747679 269219 31936 6086 25850 23675 5191985 1810220 1755955 40865 37848 54265 49660 47174 3017 2486 1715090 1538092 358780 176998 138060 99857
is_linear=0
shrinkage=0.055


Tree=187
num_leaves=31
num_cat=0
split_feature=13 30 45 31 16 30 1 27 22 8 15 22 10 23 16 11 15 10 8 48 39 15 39 52 54 7 40 8 15 50
split_gain=94.5959 137.638 227.36 209.257 209.065 140.167 135.569 153.304 136.071 183.294 195.836 163.495 155.086 163.947 136.297 130.182 222.372 290.673 146.904 300.684 130.144 126.835 126.166 125.575 200.104 180.469 148.176 127.052 150.774 166.585
threshold=2.9700856208801274 0.92857143282890331 0.87301197648048412 1.2424533367156985 44730.500000000007 0.13392857462167743 0.6904762089252473 1478.414733886719 1.0000000180025095e-35 2.5249279737472539 4.0163424015045175 3.9019216299057011 3.9510587453842168 1.0000000180025095e-35 2301617.5000000005 1.0000000180025095e-35 5.5353620052337655 7.6011524200439462 4.7664294242858896 17.500000000000004 1.0000000180025095e-35 6.8611876964569101 1.0000000180025095e-35 0.85415187478065502 7.5000000000000009 2.04039478302002 2.8617925643920903 2.6020033359527592 5.8507635593414316 -114.30960083007811
decision_type=2 2 2 2 2 2 2 2 2 2 2 2 2 2 2 2 2 2 2 2 2 2 2 2 2 2 2 2 2 2
left_child=1 3 -3 6 5 -5 8 -8 9 20 14 23 -13 -14 -11 18 17 -17 -6 -20 -1 22 -4 25 -25 26 -10 -27 -29 -30
right_child=-2 2 21 4 15 -7 7 -9 11 10 -12 12 13 -15 -16 16 -18 -19 19 -21 -22 -23 -24 24 -26 27 -28 28 29 -31
leaf_value=0.014684901056010885 0.00077384363446196471 0.043519184663929289 0.014874367786779261 -0.031842785926259179 -0.036543579893606244 0.044244452155328594 -0.074065775264104627 0.087293568463508511 -0.039102401603776468 -0.060681723835671851 -0.02781808477982553 0.036406805903641599 0.023600747300978938 -0.062411142867874102 0.11393144717633948 -0.02732716954595801 -0.018666890806792433 0.13020988273438328 0.049291103829037293 -0.075554136430248789 -0.072480407740749292 -0.11265382179934005 -0.10169765715742984 0.029517822355588301 -0.040616933542041801 0.016597347523453192 0.041054846146922029 -0.053544327966282904 0.32875669244540634 0.082527752526495982
leaf_weight=968.6427737753238 61538.568642543047 399.82182036462837 154.63584777978394 100.33017781925537 1759.8032123797229 239.75133486658706 120.52789015454982 16.448444514587209 124.13785151471893 14.801784714544736 1048.8540615995762 122.3144302835326 94.245678619880891 209.87630195625297 46.103990682393487 62.64442369346034 558.26938597699336 72.420407449519189 171.22351375529252 82.295858298581152 49.802668778100269 36.289648348261835 29.098999787551293 332.39816028418136 188.75084419632549 135.25251105524694 146.79310787051963 20.077143979279754 4.3040160732198265 270.55269541925918
leaf_count=158020 6091777 6257 7696 25217 321215 10996 6664 3751 30746 6591 146942 11672 12889 56065 2336 12787 65488 3551 195 16612 15872 2574 2984 604 3479 62710 15112 16770 7650 23886
internal_value=5.95681e-05 -0.00573564 0.0190011 -0.00795051 -0.0187463 0.0216612 0.000466584 -0.0522975 0.00244678 -0.00673621 -0.0221532 0.0142851 -0.0149113 -0.0358059 0.0701114 -0.0238539 -0.00326794 0.0587754 -0.0309175 0.00808716 0.0100892 -0.0255294 -0.00579282 0.0244906 0.00397168 0.0396065 0.00428456 0.0615474 0.0815405 0.0921883
internal_weight=69119 7580.47 619.846 6960.62 3046.74 340.082 3913.88 136.976 3776.91 2128.21 1109.76 1648.7 426.436 304.122 60.9058 2706.66 693.334 135.065 2013.32 253.519 1018.45 220.024 183.735 1222.27 521.149 701.117 270.931 430.186 294.934 274.857
internal_count=7149108 1057331 19511 1037820 456061 36213 581759 10415 571344 329761 155869 241583 80626 68954 8927 419848 81826 16338 338022 16807 173892 13254 10680 160957 4083 156874 45858 111016 48306 31536
is_linear=0
shrinkage=0.055


Tree=188
num_leaves=31
num_cat=0
split_feature=42 26 54 52 54 14 53 57 25 14 46 15 25 56 8 9 51 9 47 26 55 56 33 0 53 3 7 51 7 50
split_gain=113.148 123.144 119.345 121.672 174.346 120.424 119.328 115.513 139.862 185.946 128.19 168.904 273.147 128.772 121.319 173.058 146.719 187.964 130.033 127.308 119.227 112.704 112.573 109.186 178.803 176.886 179.898 192.691 164.101 114.109
threshold=1.0000000180025095e-35 47.500000000000007 1259.5000000000002 0.8191068470478059 762.50000000000011 6.688976764678956 -0.053709864616394036 3.5000000000000004 -13.728870391845701 8.4478430747985858 4.629059076309205 5.8066387176513681 -8.0523972511291486 -100.89965820312499 3.65057384967804 4.7060663700103769 69.500000000000014 4.9118294715881357 -10.446536064147947 1127.5000000000002 0.87622070312500011 -100.93188476562499 7.6063749790191659 0.46428571641445165 -0.049800932407379143 0.52402746677398693 2.0122486352920537 554.50000000000011 3.0138765573501591 -6.7160089015960684
decision_type=2 2 2 2 2 2 2 2 2 2 2 2 2 2 2 2 2 2 2 2 2 2 2 2 2 2 2 2 2 2
left_child=1 -1 3 4 -2 -6 22 -5 9 -9 11 12 -10 -14 23 -16 17 -17 20 -20 -19 -12 -4 25 28 -13 27 -27 -25 -28
right_child=2 -3 6 7 5 -7 -8 8 10 -11 21 14 13 -15 15 16 -18 18 19 -21 -22 -23 -24 24 -26 26 29 -29 -30 -31
leaf_value=0.017062752974665189 -0.066758534108279755 -0.0016459466011775922 0.035132251110985661 0.033884603672241886 0.05033428031662892 -0.065430425620038424 0.13570202646076024 -0.052932912193581219 -0.058836798143104919 0.071909140006218217 0.033696963627641609 0.066420369198345208 -0.028036484523636444 0.025794722494247021 -0.069683879673653498 -0.064881205747539042 0.049169775489040564 -0.068488795397961669 -0.023043114395879912 0.062036979197133343 0.03547134588461149 0.00023578917369406998 -0.061212907397330624 0.1475041822282262 0.0099268238158222999 -0.014842439926804228 -0.064062838026054239 0.055247508276294752 0.020591581267721554 -6.94780408326121e-05
leaf_weight=1082.224332455844 171.0220073623459 50447.258702150633 319.274108822985 372.83878684509546 90.380783791035356 33.241267833433085 27.288756306808864 241.9030078899068 232.01393517425458 37.80241680232939 307.45161309960531 95.324116713418334 184.92188824572804 457.12100964603633 45.352957369716023 77.39939343102742 811.82512623857838 67.547596644842997 64.518640406429768 248.17268213024363 57.483588816132396 11962.699392211347 36.770555906530717 58.979637724609347 386.58256551524391 326.93317354774626 222.68596784381225 179.92074820770358 63.118926323542837 133.85306107580254
leaf_count=147382 67136 6386107 115197 3689 14577 34313 275 226495 15145 9455 1555 620 2103 1012 2046 556 19426 524 181 309 120 48484 16098 415 3742 3187 20955 4189 2358 1036
internal_value=4.11232e-05 -0.00125141 0.00388708 0.00319464 -0.0315447 0.0178724 0.0340358 0.00381919 0.00311975 -0.0350939 0.00379922 0.0127448 -0.00836078 0.0101934 0.0192444 0.0309736 0.0346626 0.0115466 0.0256409 0.0443957 -0.0211666 0.00108761 0.0244723 0.00820738 0.0286698 -0.00274207 -0.0107165 0.0103344 0.0852877 -0.0403715
internal_weight=68843.9 51529.5 17314.4 16931.1 294.644 123.622 383.333 16636.5 16263.6 279.705 15983.9 3713.76 874.057 642.043 2839.7 1372.3 1326.95 515.122 437.723 312.691 125.031 12270.2 356.045 1467.4 508.681 958.717 863.393 506.854 122.099 356.539
internal_count=7148687 6533489 615198 483628 116026 48890 131570 367602 363913 235950 127963 77924 18260 3115 59664 23162 21116 1690 1134 490 644 50039 131295 36502 6515 29987 29367 7376 2773 21991
is_linear=0
shrinkage=0.055


Tree=189
num_leaves=31
num_cat=0
split_feature=42 15 14 10 47 22 50 1 10 13 15 51 14 49 35 4 48 49 13 54 51 47 54 46 46 1 9 15 15 15
split_gain=120.607 204.108 176.048 136.793 125.97 120.337 102.573 98.3305 188.8 134.359 121.623 181.191 112.111 114.24 110.912 100.008 124.56 168.838 140.28 118.427 200.821 301.931 196.043 185.653 230.316 195.09 221.572 155.78 136.992 165.033
threshold=-1.0000000180025095e-35 8.0844082832336444 6.5799450874328622 6.8911144733428964 -4.3634471893310538 2.9700856208801274 -121.07350921630858 0.61250001192092907 4.610145330429078 4.0517470836639413 5.5353620052337655 8.5000000000000018 8.1372499465942401 3.0254303216934209 0.89587974548339855 1.0000000180025095e-35 26.500000000000004 10.34040689468384 3.4811217784881596 46.500000000000007 103.50000000000001 -7.7831926345825186 115.50000000000001 3.8876070976257329 3.5485767126083378 0.6904762089252473 4.8085615634918222 8.0844082832336444 7.2789738178253183 6.7411100864410409
decision_type=2 2 2 2 2 2 2 2 2 2 2 2 2 2 2 2 2 2 2 2 2 2 2 2 2 2 2 2 2 2
left_child=1 4 3 -3 -1 -6 -2 9 -9 -8 11 -10 15 -14 -11 19 18 -18 -17 -12 23 -22 -23 24 -21 28 -27 -24 29 -25
right_child=6 2 -4 -5 5 -7 7 8 10 14 12 -13 13 -15 -16 16 17 -19 -20 20 21 22 27 25 -26 26 -28 -29 -30 -31
leaf_value=-0.053699010786140984 -0.05344389240293914 0.12876763899159077 -0.030152876056382168 -0.049867240353291112 0.0051588654047906015 -0.076410346213523286 0.00095767039702471192 -0.02891317146022172 0.0067506275931416004 -0.0084806752680835311 8.4802187880413842e-05 -0.049836328623993058 0.1012890187657047 0.015569178543486597 -0.09320761111889321 -0.041848211029602483 0.052692252020339322 -0.089408451350848531 0.01385153896370466 -0.012675434656281624 -0.026677043665471759 0.10236865550193719 -0.053427443438155454 -0.043717189277777735 0.13188366631899648 -0.0015126260634269559 -0.075880164908913431 0.084214006951551276 -0.037658108489749327 0.030557901652315145
leaf_weight=378.0224428218371 104.03750026511261 60.404387291081548 55.893645151678356 13.314503900414818 317.33375969529152 60.978696137610314 57682.875745565019 912.5506812683052 305.12564145145097 110.10310366965678 4690.351031229191 381.82271855013278 51.351208082949597 301.75608942575491 77.671666605123391 172.90549162880052 302.59231094206552 23.057229710771935 586.67506223113742 106.02837521313631 245.83138126737595 132.47751348901966 59.494504349134331 125.27504666706227 43.134434685038286 167.95612686569802 432.19365074178495 35.489051224349168 372.15832391458389 291.94212234939914
leaf_count=1261491 351024 33723 75012 29133 17008 5088 5070640 32913 444 13459 16764 43791 3832 1552 18722 516 18299 325 980 5697 129789 793 6398 1558 387 1134 4005 741 3161 1432
internal_value=-0.000406565 -0.0205107 0.0421399 0.0953859 -0.0314533 -0.00881416 -0.000142037 -5.60722e-05 -0.00516723 0.000804556 -0.00269753 -0.0248346 -0.0008154 0.0292753 -0.0450359 -0.0021977 0.0132539 0.0414311 0.000981693 -0.0047076 -0.0158522 0.0153586 0.0603858 -0.0254712 0.0320493 -0.0317386 -0.0552523 -0.000360372 -0.0136263 0.00800221
internal_weight=68600.8 885.947 129.613 73.7189 756.335 378.312 67714.9 67610.8 9740.17 57870.7 8827.62 686.948 8140.67 353.107 187.775 7787.56 1085.23 325.65 759.581 6702.33 2011.98 473.292 227.461 1538.69 149.163 1389.53 600.15 94.9836 789.375 417.217
internal_count=7149811 1421455 137868 62856 1283587 22096 5728356 5377332 274511 5102821 241598 44235 197363 5384 32181 191979 20120 18624 1496 171859 155095 137721 7932 17374 6084 11290 5139 7139 6151 2990
is_linear=0
shrinkage=0.055


Tree=190
num_leaves=31
num_cat=0
split_feature=27 23 28 15 27 33 8 16 56 28 27 50 47 51 54 21 24 54 56 14 8 6 27 29 13 30 10 15 15 15
split_gain=109.924 199.798 101.031 201.209 127.077 293.565 126.529 119.697 119.54 118.051 163.683 114.26 286.188 325.929 253.494 324.417 216.563 209.2 255.354 248.829 210.576 199.621 176.941 257.169 195.434 190.011 181.615 235.608 246.171 211.368
threshold=1493.3538818359377 6.5000000000000009 1.0000000180025095e-35 7.3559603691101083 231.7850036621094 7.3135535717010507 0.89587974548339855 2302480.5000000005 -0.028076171874999997 1.5000000000000002 1416.2465820312502 -16.292879104614254 -15.318758010864256 1843.5000000000002 294.50000000000006 1.0000000180025095e-35 -0.01976748742163181 166.50000000000003 -100.91723632812499 6.4945096969604501 5.4659459590911874 -0.024837171658873555 0.6416267752647401 0.21111111342906955 2.7403194904327397 0.46428571641445165 6.3860368728637704 5.9414854049682626 6.7667672634124765 5.7054464817047128
decision_type=2 2 2 2 2 2 2 2 2 2 2 2 2 2 2 2 2 2 2 2 2 2 2 2 2 2 2 2 2 2
left_child=2 -2 3 4 -1 6 -6 -5 -7 10 -4 12 16 14 -14 -16 17 20 19 21 22 -19 23 24 -11 -25 29 -28 -29 -26
right_child=1 -3 9 7 5 8 -8 -9 -10 11 -12 -13 13 -15 15 -17 -18 18 -20 -21 -22 -23 -24 25 26 -27 27 28 -30 -31
leaf_value=0.044814552998125638 -0.05184046097821074 0.015936901070003034 -0.02596034014378661 -0.048484097226254075 0.034381646922061956 -0.049712514516315046 -0.046754084111949368 0.032415447650768529 0.065888128755865208 -0.055773176242156212 0.14361739970840354 -0.00049112101531409414 0.050832995540905784 -0.052863745326100824 -0.04176676767424517 0.2341370597558913 -0.060003548338956929 0.055679817806991813 -0.029211029423573471 -0.049841911411593762 -0.064315212640586678 0.25420104554325262 -0.0058118175670259795 -0.052342992197054919 0.071024889070084182 0.052566706878916764 -0.0069281043293665965 0.11464402941305304 0.044652648407238704 -0.018456144963385525
leaf_weight=526.05122843750814 322.72918008193119 216.65593928033741 721.28984192945518 200.50924928427958 72.099639465847758 27.17469523562977 241.35138307674424 71.730492499764296 214.16163103901454 54.707121504834504 12.724743272668091 62787.697194934881 236.16905589461112 65.350622295139146 15.054790154491455 50.12881130392725 145.7260916777791 67.097147046783903 683.07982034848419 42.658050831109904 86.89794561326562 16.747457443915664 535.70900072130098 165.80528680957104 118.89703401597035 70.615956486060895 124.3079904864353 273.53383593772378 359.02196535579787 220.53176286507187
leaf_count=25103 665227 22078 244519 150563 72894 51297 320843 22671 25682 9020 7840 2903052 6689 254749 46516 24291 173129 109216 1577873 180297 12354 28290 111622 16512 6454 1070 11447 12111 30994 24755
internal_value=-0.000103208 -0.0247199 9.32598e-05 0.0149444 0.0255769 0.00709831 -0.0278445 -0.0269683 0.0521266 -0.000208413 -0.0220688 3.59152e-05 0.00995304 0.0554486 0.0794164 0.171979 0.00424305 0.00766384 -0.015876 0.0545024 0.0171609 0.107408 0.0209997 0.0313358 0.04204 -0.0205681 0.0471521 0.0620727 0.0755805 0.0134638
internal_weight=68746.2 539.385 68206.8 1353.08 1080.84 554.787 313.451 272.24 241.336 66853.8 734.015 66119.7 3332.04 366.703 301.353 65.1836 2965.34 2819.61 809.582 126.503 2010.03 83.8446 1923.13 1387.42 1151 236.421 1096.29 756.864 632.556 339.429
internal_count=7149158 687305 6461853 669053 495819 470716 393737 173234 76979 5792800 252359 5540441 2637389 332245 77496 70807 2305144 2132015 1895676 317803 236339 137506 223985 112363 94781 17582 85761 54552 43105 31209
is_linear=0
shrinkage=0.055


Tree=191
num_leaves=31
num_cat=0
split_feature=25 45 42 53 54 55 35 46 3 15 47 50 33 4 13 9 19 38 48 45 25 55 22 26 7 2 25 25 10 30
split_gain=94.4935 172.526 110.743 171.984 233.003 192.799 182.792 121.864 119.922 105.782 139.895 98.8572 98.1545 91.47 152.633 184.42 130.988 129.489 103.466 180.759 178.911 164.902 172.476 218.536 193.312 194.949 171.741 300.829 186.855 159.634
threshold=-5.0478961467742911 0.81118166446685802 -1.0000000180025095e-35 -0.034009397029876702 27.500000000000004 0.88159179687500011 1.8317808508872988 6.3100476264953622 0.86190477013587963 7.4908084869384775 -4.3634471893310538 -2.7780261039733882 4.6200466156005868 1.0000000180025095e-35 3.3497501611709599 4.8336880207061776 1.5000000000000002 1.0000000180025095e-35 69.500000000000014 0.76845166087150585 -14.444069862365721 0.90356445312500011 3.9981586933135991 99.500000000000014 0.3176588118076325 0.37980769574642187 -8.0861721038818342 -8.0831961631774885 0.89587974548339855 0.46428571641445165
decision_type=2 2 2 2 2 2 2 2 2 2 2 2 2 2 2 2 2 2 2 2 2 2 2 2 2 2 2 2 2 2
left_child=2 12 3 8 5 -5 7 -6 -1 -3 -11 -10 -2 18 15 17 -17 -15 20 -20 -4 22 -21 -24 -25 26 -26 -28 -29 -30
right_child=1 9 13 4 6 -7 -8 -9 11 10 -12 -13 -14 14 -16 16 -18 -19 19 21 -22 -23 23 24 25 -27 27 28 29 -31
leaf_value=-0.058179144730093862 -0.00040880302886084753 0.032478455350888967 -0.048311521441712899 -0.064261245676570586 -0.045682250278291446 0.031296735621686077 -0.03009897621056486 0.12062802173515559 -0.049133375757841505 -0.12481525093068124 0.011926106794114408 0.078316728585538273 -0.072127275370911834 -0.10155213426166657 0.012414186152898942 -0.035699796894401788 0.010916052407313009 -0.012921169055852553 -0.042815337171389849 0.0053388987704784787 -0.0018977593347282787 -0.051826900541327096 0.042648089603545367 0.030649056317696322 -0.063070141577620933 0.040677550672709589 0.27132429901645999 0.04924728045553476 -0.062849436215542051 0.023037385685378411
leaf_weight=344.20114040103681 168.46057941982144 841.55824999867764 247.72868461559847 155.53549320239154 12.851100030064115 102.11700210673735 45.835274770186516 89.053197123284917 28.987023581812537 25.635780349140987 83.859657791574136 35.828701022546738 82.864906283553864 97.26400556016597 3808.4235753466128 235.34853420297077 750.56527081812237 100.5821651732731 255.04622234696217 17034.990715304353 42648.19913035319 157.36383248544371 167.70879660907849 165.57687231935597 480.29187819780327 94.619286718323565 5.8592640354509049 83.932495590492181 245.25278814723151 85.685263108491199
leaf_count=1373854 8099 2702 17944 3793 3360 446 5114 498 27188 511 155 93 9884 5321 65045 9206 12859 3661 973540 3871221 238469 42229 30925 25800 288230 20825 1087 10258 95828 1253
internal_value=-7.5344e-05 0.0151754 -0.000348195 -0.0204446 0.00496132 -0.0265134 0.0589231 0.0984991 -0.0453811 0.0258676 -0.0241412 0.0218815 -0.0250009 -0.000101172 0.00705569 -0.0101635 -0.000335654 -0.0579226 -0.000681024 0.00272353 -0.0021714 0.00336201 0.00384891 -0.0151991 -0.0237007 -0.0328471 -0.0407501 -0.0148287 -0.022053 -0.0406
internal_weight=68681.2 1202.38 67478.8 814.409 405.392 257.652 147.74 101.904 409.017 951.054 109.495 64.8157 251.325 66664.4 4992.18 1183.76 985.914 197.846 61672.3 18776.3 42895.9 18521.3 18363.9 1328.93 1161.22 995.641 901.022 420.73 414.871 330.938
internal_count=7149398 21351 7128047 1414346 13211 4239 8972 3858 1401135 3368 666 27281 17983 5713701 96092 31047 22065 8982 5617609 5361196 256413 4387656 4345427 474206 443281 417481 396656 108426 107339 97081
is_linear=0
shrinkage=0.055


Tree=192
num_leaves=31
num_cat=0
split_feature=50 2 29 30 50 24 8 45 31 54 47 54 14 7 10 1 24 45 46 35 48 38 49 14 39 53 44 14 54 22
split_gain=100.952 112.189 82.4228 130.337 232.662 214.874 258.663 204.812 161.887 160.03 220.933 189.534 213.442 182.92 178.957 263.245 206.261 159.483 179.335 175.584 158.638 229.529 215.701 166.801 152.398 194.204 176.14 238.284 175.811 162.017
threshold=-119.32829666137694 0.91666665673255932 0.26785714924335485 0.46428571641445165 -4.4401073455810538 -0.035221204161643975 3.113268375396729 0.8060494363307954 1.7005987167358401 59.500000000000007 -5.4528582096099845 14.500000000000002 6.5460674762725839 0.63624310493469249 7.9571759700775155 0.46428571641445165 -0.09026604518294333 0.81552958488464367 11.676811695098879 1.2424533367156985 77.500000000000014 1.0000000180025095e-35 7.8624610900878915 6.974010944366456 1.0000000180025095e-35 -100.89001846313475 1.5000000000000002 6.3500125408172616 108.50000000000001 0.89587974548339855
decision_type=2 2 2 2 2 2 2 2 2 2 2 2 2 2 2 2 2 2 2 2 2 2 2 2 2 2 2 2 2 2
left_child=1 -1 -2 4 5 9 -7 8 -5 10 14 -12 -13 -11 15 16 -4 18 19 -6 21 -8 -23 -22 25 -15 27 28 -26 -28
right_child=2 -3 3 7 17 6 20 -9 -10 13 11 12 -14 24 -16 -17 -18 -19 -20 -21 23 22 -24 -25 26 -27 29 -29 -30 -31
leaf_value=-0.054399849067165752 0.002185687616778168 0.083778654809130174 0.011206931340080039 -0.027912315724114838 0.014073521367680359 -0.048090709150981605 -0.04508888246255497 0.0010896807811387197 0.053875278757233781 0.040211691448544785 0.03183286854801963 0.025834014750044654 -0.074133707102376808 0.064402167776678731 -0.051745568835597139 -0.038925007102716631 -0.041210547323533242 0.0023507622287100385 -0.13946332081802251 -0.05791305301000424 0.043055598452938347 -0.04766407076019135 0.026904491889327763 -0.02742144085854523 0.20907623718346255 -0.011498238318527899 0.066253945516531576 -0.062746209821978358 0.0027918381779362166 -0.02346360044719183
leaf_weight=163.4314662391771 34032.861869910077 15.396740429619966 1079.969864695533 87.495918014465133 215.62303296386017 910.00901413267002 603.63260645343144 14465.889244532682 372.34237294902778 353.07364446165593 498.63404609752433 120.53921488951892 129.57303286343813 102.17861087320216 477.72898216693284 834.01181433183956 282.19717165318434 10173.804170191761 37.115157439839095 187.72719779187173 270.612256084818 164.23141043872602 377.89377354903263 156.62181722436435 14.249796901487569 2118.5040051868409 276.23095128645582 118.28266758435529 36.026324622591346 74.935916859022655
leaf_count=569476 5030313 617 15929 14018 2043 77265 7036 452840 22016 29767 674 470 868 78180 10724 18082 2640 26507 224 3645 28055 3942 896 28874 565 632667 24965 38832 9707 17945
internal_value=0.000155783 -0.0405478 0.000264882 -0.00162781 -0.00457466 -0.0110777 -0.0248296 0.00224479 0.0381803 -0.00582254 -0.0140082 0.0123369 -0.0263932 0.00324207 -0.0213945 -0.0146898 0.000236716 0.000941491 -0.0312707 -0.0197293 -0.0112627 -0.0219049 0.00408554 0.0172007 -0.00158565 -0.00786906 0.0250812 -0.020721 0.0748825 0.0470484
internal_weight=68750.8 178.828 68572 34539.1 19613.4 8999.14 2483 14925.7 459.838 6516.14 3422.65 748.746 250.112 3093.48 2673.91 2196.18 1362.17 10614.3 440.465 403.35 1572.99 1145.76 542.125 427.234 2740.41 2220.68 519.726 168.559 50.2761 351.167
internal_count=7149782 570093 6579689 1549376 1060502 1028083 146068 488874 36034 882015 49387 2012 1338 832628 47375 36651 18569 32419 5912 5688 68803 11874 4838 56929 802861 710847 92014 49104 10272 42910
is_linear=0
shrinkage=0.055


Tree=193
num_leaves=31
num_cat=0
split_feature=10 54 55 46 14 8 52 14 57 53 45 47 56 7 9 51 13 32 51 56 51 50 15 48 57 54 33 56 49 50
split_gain=91.4871 223.031 153.92 169.123 183.748 159.077 152.088 151.143 201.05 137.816 217.653 219.091 155.761 150.023 137.763 135.024 270.185 151.923 141.443 143.35 133.786 224.893 345.765 308.561 279.881 276.452 243.046 225.264 223.021 219.326
threshold=5.3057861328125009 212.50000000000003 0.86938476562500011 -0.042873095721006386 4.6298508644104013 1.2424533367156985 0.82773867249488842 5.5073599815368661 410.50000000000006 -0.07714709639549254 0.80410629510879528 -21.62270355224609 -100.87377929687499 1.5652007460594179 4.999742031097413 43.500000000000007 2.5249279737472539 3.0677825212478642 34.500000000000007 -0.030029296874999997 86.500000000000014 -11.26065683364868 7.2967522144317636 110.50000000000001 83.500000000000014 87.500000000000014 6.6247234344482431 -100.91723632812499 3.8467589616775517 -10.92155885696411
decision_type=2 2 2 2 2 2 2 2 2 2 2 2 2 2 2 2 2 2 2 2 2 2 2 2 2 2 2 2 2 2
left_child=1 2 3 14 5 -5 20 8 -6 10 12 -12 -3 -13 -1 18 -17 -18 -4 -20 28 22 23 25 -25 -22 -23 -26 -2 -28
right_child=6 9 15 4 7 -7 -8 -9 -10 -11 11 13 -14 -15 -16 16 17 -19 19 -21 21 26 -24 24 27 -27 29 -29 -30 -31
leaf_value=-0.047177179342205861 -0.019640850341298911 -0.064892314121954731 -0.010707557330145044 0.16029862680080148 0.0010494814222854329 0.018237764803689979 -0.00052075182658890026 0.006824833485624981 -0.076144436874852284 -0.034048435213004484 -0.054357833684695309 -0.063390792563984721 0.015729259265226943 0.067361382411504356 -0.0019512167788852651 0.066622949137308957 -0.067576488114626854 0.026098287668004583 -0.07484188861078897 0.060949615364973286 0.13888556699392021 0.036365323677164607 -0.027341119695066148 0.043349273239614676 0.077770152894168221 -0.005748676948916117 0.078962953321801491 -0.012945584296404427 0.0053514839338059984 -0.0081698530635370119
leaf_weight=338.26742825830479 1241.3639862894361 189.26605435821784 2008.9140187416051 37.680604427665457 287.66374754071876 57.396452741100802 41802.347009666482 6327.7067326839842 153.0718144622515 1100.6005900411237 69.549761400019634 25.993793440970876 113.01900540142378 227.71468764211568 502.37767634054035 59.945793328366562 361.03888954173999 58.39724342451882 23.41999323683558 147.44625641673338 102.98718447072133 1733.2575217898639 843.16098917213822 475.79918997816822 84.424345279358022 62.863407577629914 92.887407467258527 1117.8856380940824 8092.6218646383732 809.81427588840597
leaf_count=45285 94756 487927 5519 66 1319 320 787743 48378 3711 285593 213311 20801 61929 58211 41362 2174 33781 2114 282 518 1554 486330 1487027 138292 271370 52283 29770 2087569 104978 295507
internal_value=0.000239865 -0.0041013 -0.00104819 0.00289081 0.00574653 0.0797347 0.00116971 0.00464912 -0.0263141 -0.0223754 -0.00173045 0.0294247 -0.0349839 0.0529989 -0.020321 -0.0124443 -0.0387178 -0.0543805 -0.00659085 0.0407385 0.00598947 0.0129434 0.00173785 0.0150723 0.00787853 0.0855001 0.0243415 -0.00627997 0.00201892 0.00118163
internal_weight=68548.9 12089.5 10363.3 7704.16 6863.52 95.0771 56459.4 6768.44 440.736 1726.14 625.543 323.258 302.285 253.708 840.645 2659.16 479.382 419.436 2179.78 170.866 14657.1 5323.08 2687.12 1843.96 1678.11 165.851 2635.96 1202.31 9333.99 902.702
internal_count=7149780 1312601 184829 140441 53794 386 5837179 53408 5030 1127772 842179 292323 549856 79012 86647 44388 38069 35895 6319 800 5049436 4849702 4038095 2551068 2497231 53837 811607 2358939 199734 325277
is_linear=0
shrinkage=0.055


Tree=194
num_leaves=31
num_cat=0
split_feature=8 15 31 56 9 15 44 50 25 47 2 35 9 15 40 30 54 50 15 48 52 31 47 9 30 19 53 48 13 54
split_gain=97.3077 144.609 140.824 111.489 167.265 227.574 129.741 164.137 142.803 139.727 138.403 117.472 164.126 161.24 283.818 156.21 152.997 154.832 188.182 163.215 151.528 134.368 172.307 134.48 126.518 126.401 122.834 187.092 154.781 170.557
threshold=4.9163179397583017 3.7726949453353886 3.7726949453353886 -100.90844726562499 4.8553836345672616 7.2789738178253183 2.5000000000000004 -6.1563501358032218 -9.6448721885681135 -112.38355255126952 0.16025641560554507 2.2769384384155278 4.9742705821990976 7.5665695667266855 2.9700856208801274 0.38750000298023229 179.50000000000003 -12.115076065063475 6.5868608951568612 52.500000000000007 0.76700702309608471 2.3502402305603032 -6.215181589126586 4.9658250808715829 0.53571429848670971 4.5000000000000009 -0.036130279302597039 460.50000000000006 2.9700856208801274 153.50000000000003
decision_type=2 2 2 2 2 2 2 2 2 2 2 2 2 2 2 2 2 2 2 2 2 2 2 2 2 2 2 2 2 2
left_child=-1 -2 3 4 5 -3 7 -6 9 -9 -10 12 13 16 15 -15 17 18 -5 21 -13 22 -19 -24 -18 -14 27 28 29 -22
right_child=1 2 -4 11 6 -7 -8 8 10 -11 -12 20 25 14 -16 -17 24 19 -20 -21 26 -23 23 -25 -26 -27 -28 -29 -30 -31
leaf_value=-0.00038806261694794011 0.084029768407993519 -0.084023782305370637 -0.08404548585146529 -0.061793933048654395 -0.064338508960816748 0.045647782268299034 0.021877325291258621 0.083362801407569839 -0.031819673967702591 -0.069834413903468825 0.036646054725365577 0.054104138052492805 0.0084543837533154267 -0.0042957982749904557 -0.083228092010744867 -0.079303769450889017 -0.056943974941576013 -0.051135997315238158 0.073330481284950427 -0.052867810633515422 -0.062809245532068375 0.047952983961408652 0.018175583307833414 -0.056259881618006623 0.099562102948547199 0.055190036001976528 0.017038384773465049 -0.06161279140982838 -0.00035671306719119584 0.13946881825192686
leaf_weight=57683.117374111927 64.941731217104461 43.877110236516273 48.861641218521982 33.328198677616456 277.27812680001171 254.55099296667049 170.09744881557617 16.09578916899045 150.363674275839 151.84977745411743 205.43594722660418 256.87691118759358 2189.5505705709611 960.95059755556031 189.93215801831684 87.11196503427891 167.02420438033187 159.55996218009386 185.04091339194929 139.82405428483617 13.813238824550352 213.26276106480509 717.42595241381241 76.854217439366039 12.642605798648217 185.63353332295355 3074.5006943631888 141.42378687937526 1134.4959038064881 42.88536244419447
leaf_count=6364724 2578 13191 4478 3427 128977 21892 21935 22 2206 1801 475 129561 120759 56496 17205 2741 94102 993 7015 3346 358 293 1071 224 1244 4336 13658 91264 37422 1268
internal_value=0.000528565 0.00517884 0.00468874 0.00511123 -0.0102126 0.0255121 -0.0212654 -0.0305056 -0.012155 -0.0531665 0.00767192 0.00706429 0.00147373 -0.00720152 -0.0222673 -0.0108772 0.00377109 0.00946721 0.0517858 0.00222595 0.0134305 0.0090238 0.000115209 0.0106664 -0.0435336 0.0122153 0.0110012 -0.00293894 0.00425549 0.0890923
internal_weight=69048.6 11365.5 11300.5 11251.7 1269.55 298.428 971.121 801.023 523.745 167.946 355.8 9982.14 5318.14 2942.96 1237.99 1048.06 1704.96 1525.3 218.369 1306.93 4664 1167.1 953.84 794.28 179.667 2375.18 4407.12 1332.62 1191.19 56.6986
internal_count=7149062 784338 781760 777282 190499 35083 155416 133481 4504 1823 2681 586783 313252 188157 76442 59237 111715 16369 10442 5927 273531 2581 2288 1295 95346 125095 143970 130312 39048 1626
is_linear=0
shrinkage=0.055


Tree=195
num_leaves=31
num_cat=0
split_feature=8 15 32 14 53 10 48 24 50 16 33 8 50 16 14 15 52 52 14 49 24 40 45 9 24 7 35 26 14 49
split_gain=85.7697 131.04 124.198 124.085 212.345 116.519 103.027 120.971 202.546 284.874 168.653 161.799 152.924 216.751 207.637 236.9 177.652 146.545 141.055 146.197 140.487 189.913 171.491 139.109 186.399 290.9 167.062 287.148 253.691 251.231
threshold=4.9163179397583017 3.7726949453353886 3.7726949453353886 5.4402484893798837 -0.018086224794387814 6.6864848136901864 60.500000000000007 -0.023243140429258343 -109.87533950805663 1287636.0000000002 6.2156071662902841 4.6298508644104013 -11.26065683364868 2169981.0000000005 6.1664671897888192 6.1452574729919442 0.84880247712135326 0.83749964833259594 5.2755572795867929 -0.023008244112133976 -0.024523652158677575 2.4414010047912602 0.76845166087150585 4.9231722354888925 -0.026960645802319046 2.2982133626937871 2.3502402305603032 4076.5000000000005 7.2200078964233407 3.5483832359313969
decision_type=2 2 2 2 2 2 2 2 2 2 2 2 2 2 2 2 2 2 2 2 2 2 2 2 2 2 2 2 2 2
left_child=6 -2 3 4 5 -3 -1 20 9 10 -9 12 13 -10 -15 17 -17 -16 19 -14 22 -22 -8 24 -24 -26 -25 29 -29 -28
right_child=1 2 -4 -5 -6 -7 7 8 11 -11 -12 -13 18 14 15 16 -18 -19 -20 -21 21 -23 23 26 25 -27 27 28 -30 -31
leaf_value=-0.0021466500847757632 0.079689968114847243 -0.024660164151116062 -0.064382239202236693 0.0061343187064747803 0.024472228956343444 -0.092309753612841355 -0.054644701927979163 -0.038870454425705872 -0.035977539691591301 -0.048701262547350709 0.20659494281653437 -0.071581907038200873 0.12777604884210234 -0.055777807878407963 0.15463494087063837 -0.054371911071262692 0.091231405858991491 -0.04590261402354491 0.018464460325964993 -0.053141307914902534 0.028920456407043674 -0.034964270082502878 -0.0075048090211261107 0.011108253366981556 0.0026225770360782542 0.14727687899050482 -0.0053519400087546536 -0.007761165212754796 -0.060671240070813731 0.037031914908051362
leaf_weight=39183.098591523056 65.023124142246161 330.72968024834336 74.321065047095544 10547.950494198902 224.72684058826781 98.027386564246626 153.29999666990261 8.5178046444725606 371.97802659177796 24.639491613061182 43.923824467238774 64.457916654411747 61.681759911081826 58.525181355451423 69.70329017781205 61.287404560686809 36.044867712756968 10.61758987806388 1648.9061706649345 13.956012683787774 176.00132208274681 639.27388044311283 4326.1271180694621 7113.8662396694672 137.24883156866917 55.75102338435363 1179.2871412084805 896.00075174615176 391.12657451549694 653.82029196812982
leaf_count=250425 2559 47292 6615 702009 360 25703 706090 16985 353834 58057 20100 26722 5359 69784 19150 78020 230 516 190870 5295 60145 300385 1560851 1686515 39955 5207 519221 261331 111643 18627
internal_value=0.000305416 0.00467494 0.00420722 0.00469083 -0.0184783 -0.0410128 -0.000558535 0.00286094 0.0141524 0.0991518 0.166812 0.0112186 0.0136547 -0.00999872 0.0308152 0.060088 0.00137208 0.126989 0.0220009 0.0931695 0.00107999 -0.0210806 0.00229867 0.00290868 -0.00512453 0.0470722 0.00645672 -0.00414918 -0.0240118 0.00982486
internal_weight=68719.9 11340.8 11275.8 11201.4 653.484 428.757 57379.1 18196 2474.24 77.0811 52.4416 2397.16 2332.7 608.156 236.178 177.653 97.3323 80.3209 1724.54 75.6378 15721.8 815.275 14906.5 14753.2 4519.13 193 10234.1 3120.23 1287.13 1833.11
internal_count=7149855 784538 781979 775364 73355 72995 6365317 6114892 844922 95142 37085 749780 723058 521534 167700 97916 78250 19666 201524 10654 5269970 360530 4909440 4203350 1606013 45162 2597337 910822 372974 537848
is_linear=0
shrinkage=0.055


Tree=196
num_leaves=31
num_cat=0
split_feature=8 15 26 50 54 47 50 31 14 47 33 15 53 8 40 54 54 46 16 46 54 8 14 45 40 13 13 50 50 57
split_gain=93.3246 138.673 124.762 124.597 145.797 123.758 306.877 234.75 330.094 248.244 225.633 206.14 273.861 183.378 228.804 183.284 204.574 217.65 179.109 178.824 173.462 172.121 165.757 164.997 261.836 163.613 166.229 275.258 370.928 159.534
threshold=4.0163424015045175 4.1971738338470468 312.50000000000006 -19.412789344787594 1205.5000000000002 -17.996795654296871 -11.789646148681639 2.6735538244247441 7.2775931358337411 -110.11229324340819 8.1216197013854998 6.7667672634124765 -0.052734136581420891 3.9019217491149907 2.6020033359527592 122.50000000000001 332.50000000000006 -0.049548774957656853 4139.5000000000009 11.676811695098879 7.5000000000000009 3.7726949453353886 6.2156071662902841 0.80706140398979198 2.9174053668975835 2.5249279737472539 3.860674381256104 -16.292879104614254 -16.460186004638668 227.50000000000003
decision_type=2 2 2 2 2 2 2 2 2 2 2 2 2 2 2 2 2 2 2 2 2 2 2 2 2 2 2 2 2 2
left_child=2 -2 3 -1 -5 7 18 8 9 10 -4 12 19 -13 -15 23 -17 22 -7 -8 -20 -9 -18 24 -11 -22 -27 28 -28 -16
right_child=1 -3 5 4 -6 6 11 21 -10 15 -12 13 -14 14 29 16 17 -19 20 -21 25 -23 -24 -25 -26 26 27 -29 -30 -31
leaf_value=-0.01740217910596218 0.045314152818292437 0.0024393088012486398 -0.021028295209749984 0.0086093004109998317 0.052949562915377203 0.02800963969773608 -0.04679013729327286 0.023434078452077602 -0.042291028886450921 -0.051550992762340292 0.036336802867059793 0.0024495209905531588 -0.0051580131389333478 -0.097383455556884574 0.013921841100467645 -0.0488050199340158 0.078827087651949845 -0.053757213190536023 0.0036118724683661782 0.0081220972849224884 0.037701029502675766 0.097547155640979988 -0.00029243650682560658 0.027944599506066675 0.15743460950552499 -0.048824014243843084 0.011713526315383369 -0.030719220693243728 0.30438605901974558 -0.034213443841994325
leaf_weight=504.74221070705153 225.33386019198952 24862.916716531457 1076.630021899944 3173.165957327572 236.76767603363714 184.75138716546508 804.60510227142368 454.38438931058408 450.43852588422487 21.704045073956422 251.85489662303098 19852.461422469514 11519.931948800524 103.96535883267461 376.07902709956397 195.04734340009236 160.66984729863862 91.509046738142388 415.06403119268361 228.74480009086255 81.982635531790947 116.65685243229927 155.00627881925084 1068.5566515742139 65.093729502998031 1242.7952644243137 44.425047911040565 210.2897031320399 13.835234813044734 455.97287521931321
leaf_count=440005 20756 1801060 760304 47842 49518 60569 347786 162970 323799 2552 92969 547146 95992 5175 936 110643 176079 363319 2051 1564 43391 13904 302840 52308 1379 1097139 74126 129064 4359 17643
internal_value=0.000161586 0.00283335 -0.00137746 0.00798348 0.0117611 -0.00230274 -0.00334771 0.00673056 0.00142517 0.00786401 -0.0100575 -0.00203513 -0.00759887 0.00132559 -0.0223987 0.0214002 -0.003193 0.0189828 -0.0232525 -0.0346541 -0.028026 0.0392898 0.0405783 0.0341781 0.105216 -0.0362532 -0.0403759 -0.00110184 0.0997802 -0.0125036
internal_weight=68645.4 25088.3 43557.1 3914.68 3409.93 39642.5 35534.9 4107.55 3536.51 3086.07 1328.48 33341.8 12553.3 20788.5 936.017 1757.59 602.233 407.185 2193.14 1033.35 2008.39 571.041 315.676 1155.35 86.7978 1593.33 1511.35 268.55 58.2603 832.052
internal_count=7149188 1821816 5327372 537365 97360 4790007 2426941 2363066 2186192 1862393 853273 1016242 445342 570900 23754 1009120 952881 842238 1410699 349350 1350130 176874 478919 56239 3931 1348079 1304688 207549 78485 18579
is_linear=0
shrinkage=0.055


Tree=197
num_leaves=31
num_cat=0
split_feature=43 3 43 51 53 15 1 45 47 14 10 1 10 16 30 52 31 52 40 56 51 45 15 52 0 16 33 14 31 45
split_gain=131.577 181.773 95.9591 141.464 134.312 94.8101 163.787 141.789 116.569 106.996 94.0927 164.856 187.744 169.329 179.104 164.74 194.614 213.999 265.342 262.554 231.918 267.619 179.928 169.839 217.135 166.318 151.936 151.336 169.584 146.625
threshold=-1.0000000180025095e-35 0.5313725769519807 1.0000000180025095e-35 52.500000000000007 -0.06542873382568358 8.6331076622009295 0.18333333730697635 0.85260611772537243 -2.7768907546997066 6.2662508487701425 6.2176032066345224 0.6904762089252473 4.8080360889434823 86455.500000000015 0.6904762089252473 0.8093412220478059 1.4978661537170412 0.80346569418907177 3.3140207529067998 -100.85522460937499 365.50000000000006 0.80803039669990551 6.9962239265441903 0.81568819284439098 0.84523808956146251 1178210.5000000002 9.0117139816284197 6.1664671897888192 1.0000000180025095e-35 0.77031469345092785
decision_type=2 2 2 2 2 2 2 2 2 2 2 2 2 2 2 2 2 2 2 2 2 2 2 2 2 2 2 2 2 2
left_child=1 -1 5 -4 -5 10 -7 9 -9 -8 11 26 -13 -14 -15 16 29 -18 20 -20 22 25 -19 24 27 -22 -2 -17 -29 -12
right_child=2 -3 3 4 -6 6 7 8 -10 -11 15 12 13 14 -16 23 17 18 19 -21 21 -23 -24 -25 -26 -27 -28 28 -30 -31
leaf_value=0.038764612698364134 0.0042794756982301278 -0.064660440557929716 0.025090069067688719 0.041683107660067054 -0.049709134561454947 -0.06826438588031207 -0.07847097038603118 -0.094160757382217103 0.0086787389292900911 0.042985645316644921 -0.043871198792499393 -0.040990098184890376 -0.047807958416307535 0.017876222220163916 -0.034827595180234754 -0.070447510396945745 0.010219153801967152 -0.070354726191192804 0.026676876116763625 0.27826392523556509 -0.038232312070432393 -0.00039429047540393117 0.033077679638909091 -0.0021056350961203155 0.040115370432418244 0.20457379180239407 -0.060911478146340903 0.016831598723256267 -0.034911003764583962 0.0027436483788281082
leaf_weight=65.351585964533115 23733.35818494677 195.60774666455927 948.00478658196516 64.617941402600991 159.93983599046987 162.48959490637026 20.395604222467227 64.610711121831628 62.507314551156014 171.93485045236594 212.38558544883062 517.42641987302159 201.90415732469046 881.67731439606359 245.17547043536797 223.68698595086425 1343.5246432635113 56.198508447076165 23.828955150494949 24.575237526802084 8.2503409204691689 43.549920078772629 300.84307561360401 34284.163356536854 145.35972385574496 56.73240528464521 103.65976609291465 263.73634326043612 672.01194320393734 3339.9896569001326
leaf_count=112566 2458131 92094 2936 26241 18838 32939 2867 3641 90 9252 609306 22082 9171 17538 8617 49196 932138 6720 3480 1474 6829 38394 9598 929873 9445 7695 25583 30224 136691 1535267
internal_value=9.21802e-05 -0.038518 0.00024243 0.0158071 -0.0230753 -3.04576e-05 -0.0242114 -0.00109687 -0.0451772 0.0284439 0.00014611 0.00275615 -0.0130557 -0.00206502 0.00630597 -0.00148905 0.00744876 0.0218489 0.0518574 0.168503 0.0380685 0.106605 0.0160506 -0.00284855 -0.0222864 0.173218 0.00398327 -0.0302484 -0.0203156 -0.000101055
internal_weight=68597.5 260.959 68336.5 1172.56 224.558 67164 481.938 319.448 127.118 192.33 66682 25683.2 1846.18 1328.76 1126.85 40998.8 5409.88 1857.5 513.978 48.4042 465.574 108.533 357.042 35589 1304.79 64.9827 23837 1159.44 935.748 3552.38
internal_count=7148916 204660 6944256 48015 45079 6896241 48789 15850 3731 12119 6847452 2541122 57408 35326 26155 4306330 3150901 1006328 74190 4954 69236 52918 16318 1155429 225556 14524 2483714 216111 166915 2144573
is_linear=0
shrinkage=0.055


Tree=198
num_leaves=31
num_cat=0
split_feature=42 52 54 45 8 10 40 53 30 0 46 6 54 48 28 48 53 16 55 40 6 54 33 54 8 10 28 40 51 8
split_gain=120.158 134.358 220.076 200.074 237.238 163.757 154.294 255.353 153.74 188.579 154.383 212.154 160.047 204.843 356.286 262.878 447.035 336.7 258.79 235.142 234.467 224.585 205.488 196.57 196.162 183.001 181.197 180.917 178.855 164.641
threshold=1.0000000180025095e-35 0.83150741457939159 269.50000000000006 0.83414188027381908 3.7726949453353886 4.6200466156005868 3.3497501611709599 -0.07617092132568358 0.92857143282890331 0.64583334326744091 9.0808901786804217 -5.5466401576995841 902.50000000000011 77.500000000000014 593.00000000000011 118.50000000000001 -0.042475819587707513 2096642.0000000002 0.82934570312500011 2.3502402305603032 -0.027148779481649395 861.50000000000011 7.3135535717010507 281.50000000000006 4.6298508644104013 11.418565273284914 13.500000000000002 3.3140207529067998 256.50000000000006 5.8763332366943368
decision_type=2 2 2 2 2 2 2 2 2 2 2 2 2 2 2 2 2 2 2 2 2 2 2 2 2 2 2 2 2 2
left_child=1 8 3 4 -3 -6 -4 -8 10 -10 11 -1 13 18 19 16 17 20 21 26 24 -13 -23 -17 -16 -21 -15 -20 29 -14
right_child=-2 2 6 -5 5 -7 7 -9 9 -11 -12 12 28 14 15 23 -18 -19 27 25 -22 22 -24 -25 -26 -27 -28 -29 -30 -31
leaf_value=0.015448166132245202 0.0041248416965548674 -0.063594045247166997 -0.040326549976756429 -0.0019946315201540541 0.04165653353335988 -0.027436420922518502 0.33042298506551809 -0.044980219280656243 0.041667364822234501 -0.044217676681013486 0.010578519628500536 -0.013204693683996321 -0.013308922385627772 0.083245378577101764 0.17826879796667314 0.016882501014190743 -0.020314633058779324 0.033030696387993136 0.024944081977498096 -0.04375977051121404 0.013888170161346691 -0.059656639006043517 0.15468672036415673 -0.014325155681471977 -0.043650629233132593 0.081697800771017959 -0.027383526913198553 0.17910434810426593 -0.042220645869620897 0.045317009913698712
leaf_weight=1972.9789664731325 17253.550445818662 347.58814315522068 605.87623175709086 30986.651627410418 155.12019056568533 289.91957082513727 4.2317042608628972 11.025461363224165 530.26777260396193 86.192063085105474 4387.2973744375449 4745.8376133947995 1471.4811085283322 93.470523355903424 143.03729074646617 2219.4914769825773 201.20995679558837 237.16504707699642 352.12378866874496 682.92387246225371 42.327188430592287 16.19797634387578 39.897543867729837 837.19488989095771 11.208921065477623 32.559767955543066 78.646727180425842 19.913976273033768 620.05321692712141 155.77653604873558
leaf_count=1340540 615341 15605 122601 372069 1072 5996 472 3161 25452 15030 31142 87381 497466 14869 7386 273377 4000 16987 1739 230040 9908 1475 424 421884 1169 2350 17857 34 2991233 20500
internal_value=0.000154277 -0.00117938 -0.00333172 -0.00269507 -0.0298936 -0.00315858 -0.0356234 0.114998 0.00249528 0.0294 0.00158421 -0.00124254 -0.00399191 -0.000939757 0.00752846 0.0150516 0.0471132 0.0782677 -0.00843461 -0.0236703 0.130673 -0.0118689 0.0929766 0.00832561 0.161278 -0.0375232 0.0333489 0.0354615 -0.0172066 -0.00757507
internal_weight=68631.2 51377.7 32400.4 31779.3 792.628 445.04 621.133 15.2572 18977.3 616.46 18360.8 13973.5 12000.5 9753.21 4579.24 3691.63 634.948 433.738 5173.97 887.601 196.573 4801.93 56.0955 3056.69 154.246 715.484 172.117 372.038 2247.31 1627.26
internal_count=7148560 6533219 520976 394742 22673 7068 126234 3633 6012243 40482 5971761 5940619 4600079 1090880 999827 734711 39450 35450 91053 265116 18463 89280 1899 695261 8555 232390 32726 1773 3509199 517966
is_linear=0
shrinkage=0.055


Tree=199
num_leaves=31
num_cat=0
split_feature=18 40 13 16 13 40 52 52 26 33 2 0 28 32 31 14 52 33 25 3 53 44 46 14 51 19 22 7 14 54
split_gain=83.4338 77.8737 157.155 137.429 152.543 134.325 208.939 202.348 291.069 179.079 173.011 206.77 189.419 160.647 159.584 186.087 186.202 156.284 340.794 137.286 168.767 135.095 226.77 156.169 149.399 308.14 178.591 161.649 146.547 133.593
threshold=1.0000000180025095e-35 2.8029010295867924 3.979637980461121 2303705.5000000005 2.7403194904327397 2.6020033359527592 0.84025418758392345 0.85415187478065502 1883.0000000000002 5.9851877689361581 0.26136364042758947 0.73214286565780651 6508.0000000000009 2.7403194904327397 2.7403194904327397 7.5382287502288827 0.82425761222839367 6.5560615062713632 -7.5359222888946524 0.846052646636963 -0.077942371368408189 1.5000000000000002 4.9480912685394296 6.1831169128417978 121.50000000000001 2.5000000000000004 3.8815106153488164 2.2017004489898686 6.0532643795013437 87.500000000000014
decision_type=2 2 2 2 2 2 2 2 2 2 2 2 2 2 2 2 2 2 2 2 2 2 2 2 2 2 2 2 2 2
left_child=-1 3 -3 5 -5 19 9 8 -8 21 12 17 -9 -10 15 -11 -17 18 -12 20 -2 22 23 28 26 -26 -24 -28 -7 -14
right_child=1 2 -4 4 -6 6 7 10 13 14 11 -13 29 -15 -16 16 -18 -19 -20 -21 -22 -23 24 -25 25 -27 27 -29 -30 -31
leaf_value=-0.070971842895645731 -0.036468154518479963 0.0019941356686903637 -0.062683425859234851 0.074692360223369655 -0.036113924166457083 -0.043723859403227441 0.0021802241901995195 -0.015292000327091724 -0.052016964434984228 0.01204724615014092 -0.078632726341932677 -0.0014560316588286455 0.017180042379901186 0.0039054702523618431 -0.070442112932384074 -0.058440399067605522 0.12478699035987048 -0.010776891792215715 0.0097900034343349381 0.0074807206470899577 -0.0011293554614568416 0.02206686281932678 -0.01100187618054768 -0.059129957212640687 0.14023619777197713 -0.050895890608678315 0.074318096545742285 -0.07811416071773869 0.020120986926048287 -0.053677250047238535
leaf_weight=44.64920468373748 435.34659570895201 42038.252234755986 108.95576296954823 35.777366138312573 534.59311562045514 210.3653827599428 651.41040373094438 1078.3974812463894 1010.9932740326294 2472.7088339172979 439.61127869339543 1190.8814612713759 1699.4084939602253 182.65835493025588 62.92279012218205 17.927028692152817 76.569462974261114 483.55961808660868 185.99007445358438 7332.7253229485123 5711.4476454436972 401.8027600798041 1251.800640192625 410.72303849354284 58.342660420919856 39.276399735379528 129.75002431627945 20.719869119537179 215.36289596625465 79.689410646689794
leaf_count=60456 914619 4079150 24585 2687 68921 129921 11517 7790 35624 575948 5364 4421 6290 3584 22434 12755 1948 3108 287 290328 323148 191121 10232 262225 2711 13615 384 357 81271 2469
internal_value=0.000300492 0.000352074 0.00181952 -0.00198874 -0.0285747 -0.00139673 -0.00553415 -0.0117892 -0.0273963 0.00262855 -0.00618475 -0.0173956 0.00285366 -0.0434788 0.0128661 0.015041 0.0888367 -0.0344262 -0.0524756 0.00240105 -0.00365983 -0.00721069 -0.0122822 -0.035135 0.000536625 0.0646025 -0.00413701 0.0514909 -0.0115681 0.0138647
internal_weight=68612.6 68568 42147.2 26420.8 570.37 25850.4 12370.9 7002.6 1845.06 5368.27 5157.54 2300.04 2857.5 1193.65 2630.13 2567.21 94.4965 1109.16 625.601 13479.5 6146.79 2738.14 2336.34 836.451 1499.89 97.6191 1402.27 150.47 425.728 1779.1
internal_count=7149270 7088814 4103735 2985079 71608 2913471 1385376 80454 50725 1304922 29729 13180 16549 39208 613085 590651 14703 8759 5651 1528095 1237767 691837 500716 473417 27299 16326 10973 741 211192 8759
is_linear=0
shrinkage=0.055


end of trees

feature_importances:
c1_score_gap=353
c2_score_gap=280
geo2_logp_item=256
geo2_nloc=251
c2_rank=250
c1_rank=249
log_desc_len=242
log_reviews=210
microcat=183
log_title_len=180
c0_score_gap=172
c3_score_gap=172
e5_cosine=170
log_params_len=161
c1_score=161
c3_rank=158
log_price=151
vid_filter_match=150
log_km=149
c2_score=149
c0_rank=138
rating=120
log_geo=114
geo2_km=112
geo2_ntrans=100
tip_filter_match=100
c0_score=98
n_keys=94
n_services=85
list_price=81
filter_cov=77
c3_score=71
experience=68
query_hist_rows=64
n_prices=59
query_loc_type=57
geo2_logp=57
title_cov=56
params_cov=54
service_cov=52
core_cov=42
query_words=40
title_jacc=39
tip_auto_filter_match=33
n_filters=31
exact_phrase_title=17
where_visit=17
category_match=15
message_forbidden=13
no_visit=12
phone_hidden=10
query_seen=9
where_online=8
where_home=6
same_loc=2
query_has_filter=2

parameters:
[boosting: gbdt]
[objective: binary]
[metric: binary_logloss]
[tree_learner: serial]
[device_type: cpu]
[data_sample_strategy: bagging]
[data: ]
[valid: ]
[num_iterations: 200]
[learning_rate: 0.055]
[num_leaves: 31]
[num_threads: 3]
[seed: 42]
[deterministic: 0]
[force_col_wise: 0]
[force_row_wise: 0]
[histogram_pool_size: -1]
[max_depth: -1]
[min_data_in_leaf: 90]
[min_sum_hessian_in_leaf: 0.001]
[bagging_fraction: 0.9]
[pos_bagging_fraction: 1]
[neg_bagging_fraction: 1]
[bagging_freq: 1]
[bagging_seed: 400]
[bagging_by_query: 0]
[feature_fraction: 0.9]
[feature_fraction_bynode: 1]
[feature_fraction_seed: 30056]
[extra_trees: 0]
[extra_seed: 12879]
[early_stopping_round: 0]
[early_stopping_min_delta: 0]
[first_metric_only: 0]
[max_delta_step: 0]
[lambda_l1: 0]
[lambda_l2: 5]
[linear_lambda: 0]
[min_gain_to_split: 0]
[drop_rate: 0.1]
[max_drop: 50]
[skip_drop: 0.5]
[xgboost_dart_mode: 0]
[uniform_drop: 0]
[drop_seed: 17869]
[top_rate: 0.2]
[other_rate: 0.1]
[min_data_per_group: 100]
[max_cat_threshold: 32]
[cat_l2: 10]
[cat_smooth: 10]
[max_cat_to_onehot: 4]
[top_k: 20]
[monotone_constraints: ]
[monotone_constraints_method: basic]
[monotone_penalty: 0]
[feature_contri: ]
[forcedsplits_filename: ]
[refit_decay_rate: 0.9]
[cegb_tradeoff: 1]
[cegb_penalty_split: 0]
[cegb_penalty_feature_lazy: ]
[cegb_penalty_feature_coupled: ]
[path_smooth: 0]
[interaction_constraints: ]
[verbosity: -1]
[saved_feature_importance_type: 0]
[use_quantized_grad: 0]
[num_grad_quant_bins: 4]
[quant_train_renew_leaf: 0]
[stochastic_rounding: 1]
[linear_tree: 0]
[max_bin: 127]
[max_bin_by_feature: ]
[min_data_in_bin: 3]
[bin_construct_sample_cnt: 200000]
[data_random_seed: 175]
[is_enable_sparse: 1]
[enable_bundle: 1]
[use_missing: 1]
[zero_as_missing: 0]
[feature_pre_filter: 1]
[pre_partition: 0]
[two_round: 0]
[header: 0]
[label_column: ]
[weight_column: ]
[group_column: ]
[ignore_column: ]
[categorical_feature: ]
[forcedbins_filename: ]
[precise_float_parser: 0]
[parser_config_file: ]
[objective_seed: 16083]
[num_class: 1]
[is_unbalance: 0]
[scale_pos_weight: 1]
[sigmoid: 1]
[boost_from_average: 1]
[reg_sqrt: 0]
[alpha: 0.9]
[fair_c: 1]
[poisson_max_delta_step: 0.7]
[tweedie_variance_power: 1.5]
[lambdarank_truncation_level: 30]
[lambdarank_norm: 1]
[label_gain: ]
[lambdarank_position_bias_regularization: 0]
[eval_at: ]
[multi_error_top_k: 1]
[auc_mu_weights: ]
[num_machines: 1]
[local_listen_port: 12400]
[time_out: 120]
[machine_list_filename: ]
[machines: ]
[gpu_platform_id: -1]
[gpu_device_id: -1]
[gpu_device_id_list: ]
[gpu_use_dp: 0]
[num_gpu: 1]

end of parameters

pandas_categorical:null
